gt_id,mt_id,mt_est,mt_err,mt_t,mt_p
ILMN_001,cg001,-13.710722,14.200954,-0.9654789,0.33430505
ILMN_001,cg002,-2.9135523,16.533636,-0.17621969,0.86012137
ILMN_001,cg003,-27.475657,15.298714,-1.7959455,0.07250321
ILMN_001,cg004,-7.9069223,17.14154,-0.46127257,0.6446031
ILMN_001,cg005,0.9517989,15.926174,0.059763186,0.95234424
ILMN_001,cg006,-18.12064,15.332933,-1.1818117,0.23728043
ILMN_001,cg007,-36.434677,13.536584,-2.691571,0.0071116686
ILMN_001,cg008,-1.7708225,15.634417,-0.11326438,0.909821
ILMN_001,cg009,9.255356,15.33261,0.60363865,0.5460839
ILMN_001,cg010,-25.314209,15.792124,-1.6029642,0.10894257
ILMN_001,cg011,11.465574,14.952638,0.7667928,0.4432047
ILMN_001,cg012,-3.9799137,16.542799,-0.24058285,0.80987847
ILMN_001,cg013,-3.4713688,15.334001,-0.22638376,0.82090294
ILMN_001,cg014,24.877712,13.585162,1.8312415,0.06706452
ILMN_001,cg015,13.919746,15.455421,0.9006384,0.36778063
ILMN_001,cg016,19.403522,15.278382,1.2699986,0.20408517
ILMN_001,cg017,-20.579145,14.4935055,-1.4198874,0.15564048
ILMN_001,cg018,-0.5843258,16.991587,-0.034389123,0.97256684
ILMN_001,cg019,-11.380039,13.7906685,-0.82519853,0.4092589
ILMN_001,cg020,30.04918,15.795831,1.9023488,0.05712557
ILMN_001,cg021,-10.675545,15.990869,-0.66760254,0.5043874
ILMN_001,cg022,11.866665,15.491362,0.7660182,0.44366544
ILMN_001,cg023,9.397613,14.501939,0.64802456,0.5169691
ILMN_001,cg024,-7.5524893,14.664258,-0.51502705,0.6065341
ILMN_001,cg025,8.899261,14.218974,0.62587225,0.5313988
ILMN_001,cg026,-10.43501,15.509379,-0.6728193,0.5010623
ILMN_001,cg027,-20.607231,14.087609,-1.4627912,0.14352453
ILMN_001,cg028,-12.752703,17.024517,-0.7490787,0.45380974
ILMN_001,cg029,-7.969187,18.000626,-0.44271722,0.6579703
ILMN_001,cg030,8.613813,14.817452,0.5813289,0.5610188
ILMN_001,cg031,-7.242983,15.860016,-0.45668194,0.6478997
ILMN_001,cg032,9.01062,14.910245,0.6043241,0.5456282
ILMN_001,cg033,-4.351635,14.840664,-0.29322374,0.7693511
ILMN_001,cg034,-55.239258,15.0153265,-3.6788583,0.00023430586
ILMN_001,cg035,10.914011,13.8828125,0.7861527,0.431778
ILMN_001,cg036,-26.713596,14.700393,-1.8172029,0.06918603
ILMN_001,cg037,-11.508737,14.793051,-0.77798265,0.4365793
ILMN_001,cg038,20.505909,15.781519,1.2993622,0.1938197
ILMN_001,cg039,-2.6740189,16.034815,-0.16676332,0.8675563
ILMN_001,cg040,-0.8289852,16.368063,-0.050646506,0.9596072
ILMN_001,cg041,10.168696,16.046402,0.6337057,0.5262729
ILMN_001,cg042,20.41959,14.099898,1.4482083,0.14755881
ILMN_001,cg043,11.5732975,15.947519,0.72571146,0.46801573
ILMN_001,cg044,17.702482,15.154976,1.168097,0.24276763
ILMN_001,cg045,20.331547,15.112224,1.345371,0.17850548
ILMN_001,cg046,7.2963705,13.325262,0.54755926,0.58399457
ILMN_001,cg047,27.169413,15.560105,1.7460943,0.08079457
ILMN_001,cg048,8.918214,14.571147,0.6120461,0.54050726
ILMN_001,cg049,41.400646,14.119578,2.9321446,0.0033662915
ILMN_001,cg050,-2.3698082,14.433039,-0.1641933,0.86957896
ILMN_001,cg051,0.95139885,15.637543,0.06084069,0.9514861
ILMN_001,cg052,-18.188112,14.504589,-1.2539557,0.20985812
ILMN_001,cg053,14.921512,15.72126,0.9491295,0.34255475
ILMN_001,cg054,-23.23528,15.661555,-1.4835869,0.13791853
ILMN_001,cg055,-1.023561,14.073176,-0.07273134,0.94201994
ILMN_001,cg056,-1.4959669,16.563805,-0.09031542,0.9280366
ILMN_001,cg057,-14.920731,18.176857,-0.82086414,0.41172367
ILMN_001,cg058,4.8601933,14.265346,0.3406993,0.73333
ILMN_001,cg059,22.659533,14.035507,1.6144434,0.106431246
ILMN_001,cg060,5.1334476,14.72039,0.34873042,0.7272917
ILMN_001,cg061,37.874443,13.290542,2.849729,0.0043756366
ILMN_001,cg062,3.8721647,15.794483,0.24515931,0.80633307
ILMN_001,cg063,3.593913,15.241126,0.23580365,0.81358504
ILMN_001,cg064,1.0980244,15.17664,0.07234964,0.9423237
ILMN_001,cg065,25.26112,15.4298935,1.6371545,0.1015982
ILMN_001,cg066,11.8086405,15.805209,0.747136,0.45498145
ILMN_001,cg067,-16.95251,14.420829,-1.1755574,0.23977178
ILMN_001,cg068,-38.99709,13.176364,-2.9596245,0.0030801296
ILMN_001,cg069,31.531298,14.675813,2.1485214,0.03167236
ILMN_001,cg070,-5.4540586,14.932392,-0.36525017,0.7149247
ILMN_001,cg071,-4.444187,14.436837,-0.30783662,0.75820667
ILMN_001,cg072,-3.751351,15.866498,-0.23643221,0.8130973
ILMN_001,cg073,21.022305,13.876595,1.5149469,0.12978584
ILMN_001,cg074,3.2753515,17.594017,0.1861628,0.8523171
ILMN_001,cg075,-21.965296,15.1673765,-1.4481934,0.14756298
ILMN_001,cg076,3.8166656,18.201809,0.20968606,0.83391273
ILMN_001,cg077,-15.233482,15.139544,-1.0062048,0.31431705
ILMN_001,cg078,-7.810829,16.370497,-0.47712842,0.6332707
ILMN_001,cg079,-19.99015,14.611724,-1.3680898,0.17128396
ILMN_001,cg080,-2.8560276,13.970563,-0.20443182,0.8380161
ILMN_001,cg081,-13.10378,15.9543915,-0.82132745,0.4114598
ILMN_001,cg082,-33.089493,13.989464,-2.3653152,0.018014729
ILMN_001,cg083,22.600737,15.018413,1.5048685,0.1323579
ILMN_001,cg084,-5.5815516,16.318184,-0.3420449,0.7323171
ILMN_001,cg085,-23.137756,15.869495,-1.458002,0.14484
ILMN_001,cg086,8.272526,15.550196,0.53198856,0.59473395
ILMN_001,cg087,-9.018104,14.7550745,-0.61118656,0.54107606
ILMN_001,cg088,5.5930767,14.573456,0.38378522,0.70113766
ILMN_001,cg089,-15.722698,15.955999,-0.98537844,0.3244382
ILMN_001,cg090,0.8320751,17.82855,0.046670936,0.96277547
ILMN_001,cg091,13.98082,14.463021,0.96665967,0.3337142
ILMN_001,cg092,10.482927,14.5816,0.71891475,0.47219348
ILMN_001,cg093,-5.122262,15.468402,-0.3311436,0.74053603
ILMN_001,cg094,-8.125167,16.687174,-0.4869109,0.62632143
ILMN_001,cg095,-6.38102,16.059196,-0.39734367,0.69111407
ILMN_001,cg096,29.982742,13.794235,2.1735704,0.029737413
ILMN_001,cg097,-33.837055,15.080501,-2.243762,0.024847746
ILMN_001,cg098,3.0915222,14.618155,0.21148512,0.83250874
ILMN_001,cg099,7.352829,14.746751,0.4986067,0.6180565
ILMN_001,cg100,-33.652103,16.271635,-2.0681453,0.038626373
ILMN_002,cg001,-8.452772,12.981668,-0.6511314,0.5149617
ILMN_002,cg002,-9.472555,14.972091,-0.63268083,0.5269421
ILMN_002,cg003,-10.852477,14.299389,-0.7589469,0.44788432
ILMN_002,cg004,-15.695065,15.448352,-1.0159701,0.30964363
ILMN_002,cg005,-23.455036,14.06127,-1.6680596,0.09530389
ILMN_002,cg006,8.992786,14.0881605,0.63832223,0.52326393
ILMN_002,cg007,-8.857374,13.176314,-0.6722194,0.50144404
ILMN_002,cg008,-14.905676,14.045552,-1.0612382,0.28858167
ILMN_002,cg009,16.050947,13.79363,1.1636493,0.24456614
ILMN_002,cg010,-2.3572054,14.749311,-0.159818,0.87302446
ILMN_002,cg011,-18.97326,13.392159,-1.416744,0.1565578
ILMN_002,cg012,26.483763,14.534412,1.822142,0.06843346
ILMN_002,cg013,1.739481,13.946743,0.1247231,0.90074277
ILMN_002,cg014,12.282615,12.664803,0.9698228,0.33213478
ILMN_002,cg015,25.879782,13.651846,1.8956983,0.05799997
ILMN_002,cg016,24.075367,13.679128,1.7600075,0.07840651
ILMN_002,cg017,-19.36966,13.156444,-1.4722565,0.14095163
ILMN_002,cg018,1.6961327,15.446553,0.109806545,0.9125628
ILMN_002,cg019,21.537815,12.224919,1.7617961,0.07810378
ILMN_002,cg020,-7.173889,14.877893,-0.48218447,0.6296749
ILMN_002,cg021,20.101685,14.305,1.4052209,0.15995562
ILMN_002,cg022,2.4712048,14.1692705,0.17440593,0.86154646
ILMN_002,cg023,6.55421,13.209588,0.49617067,0.619774
ILMN_002,cg024,13.013279,13.232423,0.98343885,0.32539153
ILMN_002,cg025,-4.5511556,12.965152,-0.35102987,0.7255659
ILMN_002,cg026,-10.336763,14.0878,-0.73373866,0.46310806
ILMN_002,cg027,4.6214123,13.084924,0.35318604,0.72394896
ILMN_002,cg028,-36.252674,14.626345,-2.4785874,0.013190389
ILMN_002,cg029,11.142119,16.318117,0.6828067,0.49472898
ILMN_002,cg030,4.094761,13.50761,0.30314472,0.76177955
ILMN_002,cg031,19.099472,14.175214,1.3473852,0.1778562
ILMN_002,cg032,-5.6316757,13.58442,-0.41456872,0.6784576
ILMN_002,cg033,19.67356,13.190223,1.4915259,0.13582349
ILMN_002,cg034,-6.8391867,15.497796,-0.4413006,0.6589954
ILMN_002,cg035,2.9876366,12.698819,0.23526885,0.81400007
ILMN_002,cg036,-13.906733,13.683921,-1.0162828,0.3094948
ILMN_002,cg037,-13.286407,13.395224,-0.9918765,0.32125783
ILMN_002,cg038,32.425777,13.804711,2.3488922,0.018829346
ILMN_002,cg039,5.562296,14.55983,0.38203028,0.7024389
ILMN_002,cg040,-7.976038,14.835361,-0.53763694,0.5908277
ILMN_002,cg041,-10.911581,14.563988,-0.74921656,0.4537267
ILMN_002,cg042,12.352768,12.9811535,0.95159245,0.34130377
ILMN_002,cg043,-2.5404005,14.577087,-0.17427354,0.86165047
ILMN_002,cg044,-27.697533,13.371728,-2.0713503,0.038326085
ILMN_002,cg045,27.594112,13.403529,2.0587199,0.039521098
ILMN_002,cg046,-4.0625663,12.139686,-0.33465168,0.73788786
ILMN_002,cg047,-17.635641,14.3749275,-1.2268333,0.21988523
ILMN_002,cg048,-23.427498,12.845276,-1.8238221,0.06817895
ILMN_002,cg049,7.3338127,13.943636,0.5259613,0.5989151
ILMN_002,cg050,11.825272,13.009733,0.90895575,0.36337352
ILMN_002,cg051,16.881435,13.998317,1.2059618,0.22783226
ILMN_002,cg052,11.983432,13.293845,0.9014271,0.3673613
ILMN_002,cg053,-18.403824,14.175326,-1.2982998,0.19418436
ILMN_002,cg054,-9.148764,14.51327,-0.6303723,0.528451
ILMN_002,cg055,-15.525654,12.5893345,-1.2332387,0.21748674
ILMN_002,cg056,2.603979,15.05589,0.17295417,0.86268747
ILMN_002,cg057,7.6223717,16.608618,0.45894077,0.6462767
ILMN_002,cg058,1.8478813,12.983234,0.14232828,0.88682073
ILMN_002,cg059,18.710655,12.823937,1.4590414,0.14455372
ILMN_002,cg060,30.49189,12.624513,2.4152925,0.015722573
ILMN_002,cg061,12.901236,12.967996,0.99485195,0.3198083
ILMN_002,cg062,22.7573,13.972127,1.6287642,0.10336298
ILMN_002,cg063,-12.238188,13.747357,-0.8902211,0.37334716
ILMN_002,cg064,-2.3609905,13.7946615,-0.17115247,0.8641039
ILMN_002,cg065,-11.406965,14.333094,-0.7958481,0.42612034
ILMN_002,cg066,-15.780583,14.268209,-1.105996,0.26872826
ILMN_002,cg067,-9.924137,13.225891,-0.7503568,0.45303982
ILMN_002,cg068,-18.275513,12.789812,-1.4289117,0.15302962
ILMN_002,cg069,20.211998,13.675473,1.4779743,0.13941467
ILMN_002,cg070,15.001028,13.414762,1.1182479,0.26346117
ILMN_002,cg071,-7.8241196,13.088428,-0.5977891,0.54998064
ILMN_002,cg072,12.826624,14.309805,0.8963521,0.37006474
ILMN_002,cg073,-11.661123,12.812348,-0.91014725,0.36274487
ILMN_002,cg074,-30.364433,15.363083,-1.9764544,0.048103333
ILMN_002,cg075,0.6015539,14.100424,0.042662118,0.9659709
ILMN_002,cg076,-13.840977,16.430342,-0.8424035,0.39956212
ILMN_002,cg077,-17.493855,13.674051,-1.2793468,0.20077497
ILMN_002,cg078,-0.7590809,14.920057,-0.05087654,0.9594239
ILMN_002,cg079,5.1391354,13.531032,0.37980366,0.7040912
ILMN_002,cg080,-1.3733921,12.705885,-0.10809103,0.9139235
ILMN_002,cg081,-15.56457,14.430011,-1.078625,0.28075498
ILMN_002,cg082,-21.529408,13.09082,-1.6446186,0.10004848
ILMN_002,cg083,-12.549454,13.86355,-0.9052121,0.36535305
ILMN_002,cg084,8.592514,14.800867,0.58054125,0.56154966
ILMN_002,cg085,18.421822,14.505707,1.2699707,0.20409513
ILMN_002,cg086,-16.820385,13.962785,-1.2046584,0.2283352
ILMN_002,cg087,-2.5332766,13.4641695,-0.18814948,0.8507595
ILMN_002,cg088,-10.960502,13.172299,-0.8320872,0.40535975
ILMN_002,cg089,-17.574306,14.42832,-1.2180425,0.22320783
ILMN_002,cg090,36.766117,15.276415,2.4067242,0.016096354
ILMN_002,cg091,2.1841087,13.278442,0.1644853,0.8693491
ILMN_002,cg092,6.5359745,13.296664,0.49154994,0.6230376
ILMN_002,cg093,3.2099094,14.072328,0.22810082,0.81956786
ILMN_002,cg094,24.760689,14.766044,1.6768668,0.093568504
ILMN_002,cg095,-11.555075,14.526136,-0.79546785,0.4263414
ILMN_002,cg096,-12.0011835,13.050293,-0.91961026,0.35777646
ILMN_002,cg097,-9.295598,14.3764925,-0.64658314,0.5179018
ILMN_002,cg098,8.920368,13.231758,0.67416346,0.5002074
ILMN_002,cg099,13.011419,13.30602,0.9778596,0.32814378
ILMN_002,cg100,-10.913994,15.382373,-0.709513,0.47800618
ILMN_003,cg001,10.093975,14.060832,0.71787894,0.47283196
ILMN_003,cg002,5.2071075,16.285057,0.31974757,0.7491597
ILMN_003,cg003,1.3520985,15.598817,0.086679555,0.9309262
ILMN_003,cg004,15.472303,16.781557,0.9219826,0.3565377
ILMN_003,cg005,27.517467,15.166145,1.8144009,0.06961602
ILMN_003,cg006,-11.138266,15.253667,-0.7302025,0.4652664
ILMN_003,cg007,4.577532,14.339818,0.31921828,0.749561
ILMN_003,cg008,-12.717842,15.298921,-0.8312901,0.40580976
ILMN_003,cg009,-26.878693,14.64682,-1.8351214,0.06648773
ILMN_003,cg010,-0.14804459,15.99556,-0.009255355,0.9926154
ILMN_003,cg011,-12.912888,14.710415,-0.8778058,0.3800491
ILMN_003,cg012,-32.703983,15.588174,-2.0979996,0.035905182
ILMN_003,cg013,8.758192,15.068317,0.58123225,0.5610839
ILMN_003,cg014,-8.649497,13.8120365,-0.6262289,0.53116477
ILMN_003,cg015,4.825468,15.35208,0.31432015,0.7532779
ILMN_003,cg016,-11.94305,15.220539,-0.7846667,0.43264902
ILMN_003,cg017,-6.4307976,14.565522,-0.4415082,0.6588451
ILMN_003,cg018,8.47023,16.702648,0.507119,0.61207134
ILMN_003,cg019,-10.804913,13.601091,-0.7944151,0.42695385
ILMN_003,cg020,3.050581,16.164997,0.18871522,0.85031605
ILMN_003,cg021,-1.4789562,15.837299,-0.09338437,0.9255982
ILMN_003,cg022,-7.990179,15.322108,-0.5214804,0.6020322
ILMN_003,cg023,-11.286451,14.263298,-0.79129326,0.42877287
ILMN_003,cg024,-16.51919,14.290489,-1.1559569,0.24769884
ILMN_003,cg025,-9.153858,14.010714,-0.653347,0.51353264
ILMN_003,cg026,27.486172,14.818891,1.8548063,0.063623905
ILMN_003,cg027,-0.48272705,14.205657,-0.033981327,0.97289205
ILMN_003,cg028,18.897959,16.652054,1.1348726,0.25642872
ILMN_003,cg029,-24.53275,17.409664,-1.4091455,0.15879214
ILMN_003,cg030,27.520344,14.086755,1.9536326,0.050744712
ILMN_003,cg031,-1.4794998,15.66752,-0.09443102,0.9247668
ILMN_003,cg032,4.041952,14.743613,0.27414936,0.7839699
ILMN_003,cg033,-34.218586,13.745842,-2.4893773,0.0127967
ILMN_003,cg034,2.291996,16.834774,0.13614653,0.89170545
ILMN_003,cg035,-0.2507193,13.77623,-0.018199414,0.9854798
ILMN_003,cg036,8.697176,14.946765,0.5818768,0.56064963
ILMN_003,cg037,17.061497,14.460342,1.1798819,0.23804718
ILMN_003,cg038,-37.121265,14.86348,-2.4974816,0.0125079155
ILMN_003,cg039,-6.3758526,15.782748,-0.40397608,0.6862303
ILMN_003,cg040,34.019573,15.335419,2.2183661,0.026529849
ILMN_003,cg041,1.3711166,15.88497,0.08631534,0.93121576
ILMN_003,cg042,-10.163325,14.132737,-0.71913356,0.47205865
ILMN_003,cg043,-2.5184574,15.8052635,-0.15934296,0.87339866
ILMN_003,cg044,13.846632,15.020488,0.92184967,0.35660702
ILMN_003,cg045,-21.245594,14.860198,-1.4296979,0.15280378
ILMN_003,cg046,-2.0600863,13.174299,-0.1563716,0.8757401
ILMN_003,cg047,16.63128,15.647171,1.0628937,0.28783017
ILMN_003,cg048,17.285154,14.194555,1.2177314,0.22332609
ILMN_003,cg049,9.179583,15.102486,0.6078193,0.5433073
ILMN_003,cg050,-8.969133,14.16962,-0.6329834,0.5267445
ILMN_003,cg051,-24.771645,14.976017,-1.6540877,0.09810972
ILMN_003,cg052,-9.585894,14.471011,-0.66242045,0.50770175
ILMN_003,cg053,23.247116,15.267855,1.5226184,0.12785417
ILMN_003,cg054,15.739696,15.63171,1.006908,0.31397897
ILMN_003,cg055,-5.2990956,13.851082,-0.3825763,0.70203394
ILMN_003,cg056,6.0070906,16.304792,0.36842483,0.7125565
ILMN_003,cg057,-16.752026,17.878351,-0.9370006,0.34875828
ILMN_003,cg058,9.888498,14.003766,0.70613134,0.48010647
ILMN_003,cg059,10.937262,14.130008,0.774045,0.43890417
ILMN_003,cg060,1.4110069,14.527957,0.09712356,0.9226283
ILMN_003,cg061,20.203579,13.894557,1.4540642,0.1459285
ILMN_003,cg062,-22.15981,15.232749,-1.4547479,0.14573908
ILMN_003,cg063,3.1691208,15.025396,0.21091762,0.83295155
ILMN_003,cg064,-1.9580984,14.958081,-0.13090572,0.8958499
ILMN_003,cg065,38.832058,14.561304,2.666798,0.0076577663
ILMN_003,cg066,-4.5208836,15.6596775,-0.28869584,0.77281415
ILMN_003,cg067,-12.083589,14.316505,-0.844032,0.39865154
ILMN_003,cg068,11.351639,14.071875,0.80668986,0.41984522
ILMN_003,cg069,-1.0847435,15.173998,-0.071486995,0.94301015
ILMN_003,cg070,-1.1191473,14.739657,-0.07592763,0.93947667
ILMN_003,cg071,23.971333,13.800011,1.7370517,0.08237803
ILMN_003,cg072,-2.218142,15.646111,-0.14176954,0.88726205
ILMN_003,cg073,-8.87322,13.95441,-0.6358721,0.5248598
ILMN_003,cg074,8.213817,17.307098,0.47459236,0.6350776
ILMN_003,cg075,13.771164,15.152479,0.908839,0.36343515
ILMN_003,cg076,-5.861332,17.929764,-0.32690513,0.74373966
ILMN_003,cg077,14.795013,14.9282465,0.9910751,0.32164896
ILMN_003,cg078,24.755653,15.759549,1.5708351,0.11622095
ILMN_003,cg079,0.010278702,14.693262,0.00069955207,0.99944186
ILMN_003,cg080,-16.866013,13.5511265,-1.2446207,0.21327126
ILMN_003,cg081,15.321449,15.679663,0.97715425,0.32849282
ILMN_003,cg082,4.916321,14.586317,0.33705017,0.7360791
ILMN_003,cg083,10.76151,15.080837,0.71358836,0.47548175
ILMN_003,cg084,11.203204,16.020779,0.6992921,0.48436952
ILMN_003,cg085,0.03939247,16.000347,0.0024619761,0.9980356
ILMN_003,cg086,7.645049,15.333946,0.49857023,0.61808217
ILMN_003,cg087,-8.239041,14.55279,-0.5661486,0.57129276
ILMN_003,cg088,-3.7213964,14.377955,-0.25882655,0.7957691
ILMN_003,cg089,25.696678,15.435177,1.6648127,0.09595013
ILMN_003,cg090,-3.3993664,17.56734,-0.19350488,0.8465636
ILMN_003,cg091,-11.386256,14.302465,-0.79610443,0.42597133
ILMN_003,cg092,6.366894,14.423475,0.44142577,0.6589048
ILMN_003,cg093,-5.0344305,15.247719,-0.33017597,0.74126697
ILMN_003,cg094,-16.325272,16.314714,-1.0006471,0.31699747
ILMN_003,cg095,1.0386353,15.8563795,0.06550267,0.94777375
ILMN_003,cg096,-2.7344341,14.272841,-0.19158302,0.84806883
ILMN_003,cg097,-4.5625916,15.643138,-0.29166728,0.770541
ILMN_003,cg098,-22.855804,14.017111,-1.6305646,0.10298228
ILMN_003,cg099,8.781483,14.517871,0.604874,0.5452627
ILMN_003,cg100,-25.085773,16.355501,-1.533782,0.12508333
ILMN_004,cg001,7.73995,13.816152,0.5602103,0.57533604
ILMN_004,cg002,12.06153,15.885471,0.7592806,0.4476847
ILMN_004,cg003,-9.332498,15.233366,-0.6126353,0.5401175
ILMN_004,cg004,20.735535,16.32123,1.270464,0.20391941
ILMN_004,cg005,2.4209847,15.388675,0.1573225,0.8749907
ILMN_004,cg006,-12.707171,14.925018,-0.85140073,0.3945468
ILMN_004,cg007,2.1871252,14.071597,0.15542835,0.8764836
ILMN_004,cg008,18.516758,14.863693,1.245771,0.21284842
ILMN_004,cg009,25.964779,14.376131,1.8061033,0.07090217
ILMN_004,cg010,9.733652,15.617341,0.62325925,0.5331142
ILMN_004,cg011,-8.287526,14.4919615,-0.57187057,0.56740963
ILMN_004,cg012,-23.098969,15.631505,-1.4777188,0.1394831
ILMN_004,cg013,-5.3106003,14.807463,-0.3586435,0.7198618
ILMN_004,cg014,3.2030373,13.591658,0.235662,0.81369495
ILMN_004,cg015,-8.37134,15.017736,-0.5574302,0.57723355
ILMN_004,cg016,-8.595149,14.96924,-0.5741874,0.565841
ILMN_004,cg017,-1.5597229,14.3094015,-0.10899987,0.9132026
ILMN_004,cg018,-0.44133186,16.421991,-0.026874442,0.97855985
ILMN_004,cg019,17.638783,13.172316,1.3390799,0.18054467
ILMN_004,cg020,20.23484,15.572168,1.2994235,0.19379866
ILMN_004,cg021,-27.700584,14.982736,-1.8488336,0.064481854
ILMN_004,cg022,41.351433,13.7785015,3.001156,0.0026895404
ILMN_004,cg023,18.88033,13.801622,1.3679789,0.17131871
ILMN_004,cg024,18.704836,13.943285,1.3414942,0.17976004
ILMN_004,cg025,-1.0652189,13.799747,-0.07719119,0.93847144
ILMN_004,cg026,10.862186,14.977589,0.7252293,0.46831137
ILMN_004,cg027,6.751522,13.892745,0.48597467,0.62698513
ILMN_004,cg028,17.18847,16.358643,1.0507272,0.2933839
ILMN_004,cg029,5.229924,17.417084,0.30027553,0.763967
ILMN_004,cg030,-5.790573,14.347795,-0.4035863,0.686517
ILMN_004,cg031,-13.979378,15.2240925,-0.9182405,0.35849297
ILMN_004,cg032,-27.327929,13.895026,-1.9667418,0.049212992
ILMN_004,cg033,-0.22486115,14.35646,-0.015662715,0.98750347
ILMN_004,cg034,2.4664564,16.505274,0.14943445,0.8812108
ILMN_004,cg035,1.6664772,13.504962,0.1233974,0.9017924
ILMN_004,cg036,3.1345272,14.701392,0.21321295,0.8311609
ILMN_004,cg037,6.7458787,14.356424,0.4698857,0.6384367
ILMN_004,cg038,20.972198,15.218835,1.3780423,0.16819024
ILMN_004,cg039,17.435698,15.287257,1.140538,0.25406224
ILMN_004,cg040,-8.873238,15.765542,-0.5628248,0.5735542
ILMN_004,cg041,11.3619,15.485612,0.7337069,0.46312743
ILMN_004,cg042,-8.725955,13.874845,-0.6289047,0.52941144
ILMN_004,cg043,8.740936,15.447159,0.56586045,0.5714887
ILMN_004,cg044,-33.638954,14.010525,-2.4009774,0.016351342
ILMN_004,cg045,-11.64468,14.79082,-0.78729105,0.4311115
ILMN_004,cg046,8.325735,12.861959,0.64731467,0.5174283
ILMN_004,cg047,-18.965122,15.274961,-1.2415823,0.21439075
ILMN_004,cg048,-17.920696,13.890778,-1.2901146,0.19701087
ILMN_004,cg049,-5.330143,14.846058,-0.3590275,0.7195745
ILMN_004,cg050,-10.592108,13.865554,-0.76391524,0.44491774
ILMN_004,cg051,2.68602,15.108681,0.17777991,0.85889584
ILMN_004,cg052,18.22845,14.000231,1.3020108,0.1929127
ILMN_004,cg053,-24.289291,14.918398,-1.6281434,0.103494465
ILMN_004,cg054,-9.515258,15.43072,-0.6166438,0.53746974
ILMN_004,cg055,5.861171,13.574649,0.43177328,0.6659062
ILMN_004,cg056,14.657192,15.863365,0.92396486,0.35550463
ILMN_004,cg057,-15.142118,17.554237,-0.8625905,0.38836265
ILMN_004,cg058,-8.869031,13.742378,-0.6453782,0.5186821
ILMN_004,cg059,-18.592487,13.671829,-1.3599122,0.17385775
ILMN_004,cg060,8.612007,14.18895,0.6069517,0.54388297
ILMN_004,cg061,4.4301605,13.91741,0.3183179,0.7502438
ILMN_004,cg062,-5.741766,15.251435,-0.3764738,0.70656466
ILMN_004,cg063,7.179268,14.700979,0.48835304,0.6252998
ILMN_004,cg064,-16.159687,14.47385,-1.1164746,0.26421905
ILMN_004,cg065,-9.47662,15.277114,-0.6203148,0.53505063
ILMN_004,cg066,-27.05383,14.841005,-1.8229108,0.06831694
ILMN_004,cg067,37.580704,13.014713,2.8875554,0.0038824677
ILMN_004,cg068,-11.709083,13.786593,-0.8493093,0.39570922
ILMN_004,cg069,-26.637545,14.350706,-1.8561835,0.06342739
ILMN_004,cg070,4.516079,14.437318,0.31280595,0.7544281
ILMN_004,cg071,-25.222462,13.462996,-1.8734658,0.061004102
ILMN_004,cg072,50.66153,13.402926,3.7798858,0.00015687943
ILMN_004,cg073,-2.4217958,13.737206,-0.17629464,0.8600625
ILMN_004,cg074,-27.820053,16.50859,-1.6851864,0.09195262
ILMN_004,cg075,22.429232,14.619951,1.5341523,0.12499219
ILMN_004,cg076,19.79927,17.35617,1.1407626,0.25396878
ILMN_004,cg077,-17.086082,14.57601,-1.1722058,0.24111444
ILMN_004,cg078,19.353428,15.601947,1.2404495,0.21480918
ILMN_004,cg079,-9.168362,14.342709,-0.639235,0.52267003
ILMN_004,cg080,-7.4575634,13.46348,-0.55391055,0.5796401
ILMN_004,cg081,-3.7536469,15.522275,-0.24182324,0.80891716
ILMN_004,cg082,-4.548355,14.303349,-0.31799233,0.7504908
ILMN_004,cg083,4.925766,14.850142,0.33169824,0.74011713
ILMN_004,cg084,24.797523,15.362027,1.614209,0.10648209
ILMN_004,cg085,-23.136667,15.312439,-1.510972,0.1307956
ILMN_004,cg086,4.227701,15.062113,0.28068447,0.7789524
ILMN_004,cg087,-6.402231,14.287018,-0.4481153,0.65407
ILMN_004,cg088,30.372341,13.377755,2.2703617,0.02318567
ILMN_004,cg089,-14.2275715,15.441104,-0.92140895,0.35683697
ILMN_004,cg090,-6.6713257,17.203121,-0.38779742,0.69816595
ILMN_004,cg091,18.531265,13.852489,1.337757,0.18097568
ILMN_004,cg092,19.159311,13.887271,1.3796312,0.16770023
ILMN_004,cg093,2.6927414,14.962335,0.179968,0.85717773
ILMN_004,cg094,4.2538986,16.157042,0.2632845,0.79233134
ILMN_004,cg095,11.995132,15.44647,0.7765614,0.43741763
ILMN_004,cg096,-25.128693,13.500475,-1.8613192,0.06269914
ILMN_004,cg097,-14.642496,15.199205,-0.96337247,0.33536065
ILMN_004,cg098,22.795118,13.7295265,1.660299,0.09685433
ILMN_004,cg099,30.175095,13.580601,2.2219265,0.026288271
ILMN_004,cg100,-15.567186,16.279972,-0.956217,0.3389626
ILMN_005,cg001,-10.707118,15.109843,-0.70861876,0.4785611
ILMN_005,cg002,9.337264,17.462774,0.5346953,0.5928606
ILMN_005,cg003,13.968708,16.634542,0.83974105,0.4010536
ILMN_005,cg004,7.48857,18.163298,0.41229135,0.6801259
ILMN_005,cg005,-1.9757023,16.86581,-0.11714245,0.90674716
ILMN_005,cg006,-6.236097,16.458391,-0.37890077,0.70476156
ILMN_005,cg007,26.507471,14.921147,1.7765036,0.07564998
ILMN_005,cg008,7.0455046,16.528366,0.42626745,0.66991293
ILMN_005,cg009,-8.85438,16.250853,-0.5448563,0.5858524
ILMN_005,cg010,18.329138,16.972681,1.07992,0.28017777
ILMN_005,cg011,-30.095638,15.307284,-1.9660991,0.04928714
ILMN_005,cg012,-22.143047,17.225096,-1.2855109,0.19861382
ILMN_005,cg013,10.515311,16.175404,0.6500803,0.5156404
ILMN_005,cg014,-16.732796,14.697884,-1.1384493,0.25493294
ILMN_005,cg015,-5.807911,16.490568,-0.35219592,0.7246914
ILMN_005,cg016,-19.478985,16.210377,-1.2016368,0.22950429
ILMN_005,cg017,-12.492559,15.574549,-0.8021137,0.4224872
ILMN_005,cg018,4.440872,17.984385,0.24692933,0.80496293
ILMN_005,cg019,19.73049,14.423181,1.3679708,0.17132121
ILMN_005,cg020,41.14696,16.281687,2.5271928,0.011497855
ILMN_005,cg021,10.574722,16.946468,0.62400746,0.5326227
ILMN_005,cg022,9.67424,16.449745,0.58810884,0.55645925
ILMN_005,cg023,-15.384626,15.2615385,-1.0080652,0.31342316
ILMN_005,cg024,17.435837,15.362255,1.134979,0.25638413
ILMN_005,cg025,13.832022,14.9853945,0.92303354,0.35598975
ILMN_005,cg026,-2.0926654,16.503983,-0.1267976,0.8991006
ILMN_005,cg027,12.41285,15.153377,0.81914747,0.41270232
ILMN_005,cg028,-38.26154,17.24111,-2.219204,0.026472867
ILMN_005,cg029,3.5055199,19.098341,0.18355101,0.8543657
ILMN_005,cg030,0.47401476,15.7507925,0.03009466,0.97599155
ILMN_005,cg031,1.3151855,16.834522,0.078124315,0.9377292
ILMN_005,cg032,-4.844227,15.838154,-0.30585805,0.75971276
ILMN_005,cg033,-3.3084736,15.725109,-0.21039432,0.8333599
ILMN_005,cg034,-10.519978,18.025198,-0.5836262,0.55947185
ILMN_005,cg035,-14.067295,14.655922,-0.9598369,0.33713728
ILMN_005,cg036,-14.690741,15.972386,-0.9197587,0.35769892
ILMN_005,cg037,2.688573,15.76532,0.17053716,0.8645877
ILMN_005,cg038,26.49633,16.56397,1.5996364,0.10967928
ILMN_005,cg039,-12.06409,16.89449,-0.7140843,0.47517508
ILMN_005,cg040,-8.704793,17.288593,-0.5034992,0.61461335
ILMN_005,cg041,10.185541,17.002838,0.59904945,0.5491399
ILMN_005,cg042,-11.32269,15.178545,-0.74596673,0.45568752
ILMN_005,cg043,7.3454056,16.952131,0.4333028,0.6647948
ILMN_005,cg044,-3.093728,16.280807,-0.190023,0.8492911
ILMN_005,cg045,9.687779,16.254827,0.595994,0.55117923
ILMN_005,cg046,26.477396,13.6101,1.9454226,0.051724136
ILMN_005,cg047,25.930876,16.582289,1.5637695,0.1178717
ILMN_005,cg048,15.756107,15.320115,1.0284588,0.30373406
ILMN_005,cg049,9.445572,16.232304,0.58189964,0.56063426
ILMN_005,cg050,0.63912654,15.290456,0.04179905,0.9666589
ILMN_005,cg051,15.021917,16.413885,0.9151957,0.36008888
ILMN_005,cg052,-1.9040918,15.619877,-0.12190185,0.90297675
ILMN_005,cg053,-13.201912,16.699835,-0.79054147,0.42921162
ILMN_005,cg054,5.9144716,16.957207,0.34878808,0.72724843
ILMN_005,cg055,-15.699048,14.725173,-1.0661367,0.2863618
ILMN_005,cg056,16.843615,17.367897,0.9698131,0.33213967
ILMN_005,cg057,27.339031,18.968323,1.4412993,0.14950013
ILMN_005,cg058,-28.551605,14.530172,-1.9649874,0.049415708
ILMN_005,cg059,1.9917488,15.277755,0.13036922,0.8962743
ILMN_005,cg060,-3.3966427,15.603168,-0.2176893,0.8276712
ILMN_005,cg061,-0.25563622,15.268237,-0.016743008,0.98664165
ILMN_005,cg062,9.499816,16.680416,0.5695191,0.56900394
ILMN_005,cg063,15.212369,15.995389,0.9510471,0.34158045
ILMN_005,cg064,-24.31865,15.669745,-1.5519493,0.12067437
ILMN_005,cg065,31.951073,16.13787,1.9798815,0.047716856
ILMN_005,cg066,-14.460815,16.705303,-0.8656422,0.38668644
ILMN_005,cg067,6.313752,15.4730835,0.40804744,0.68323886
ILMN_005,cg068,15.923033,15.044046,1.0584276,0.28986055
ILMN_005,cg069,-3.441718,16.29675,-0.21119048,0.83273864
ILMN_005,cg070,29.7686,15.217738,1.9561777,0.050444245
ILMN_005,cg071,12.791183,15.1894,0.8421125,0.39972496
ILMN_005,cg072,23.178196,16.463732,1.4078337,0.15918034
ILMN_005,cg073,-1.2032585,15.058057,-0.079907954,0.93631047
ILMN_005,cg074,2.4078083,18.637749,0.12918986,0.89720744
ILMN_005,cg075,16.779,16.238771,1.0332677,0.30147862
ILMN_005,cg076,15.863079,19.144705,0.8285883,0.40733737
ILMN_005,cg077,-6.442954,16.182177,-0.39815128,0.6905187
ILMN_005,cg078,-28.02679,16.882738,-1.6600856,0.096897244
ILMN_005,cg079,-17.958588,15.5635805,-1.1538854,0.24854714
ILMN_005,cg080,0.66380787,14.802851,0.044843245,0.96423227
ILMN_005,cg081,-0.066827774,17.021004,-0.0039261947,0.99686736
ILMN_005,cg082,-6.396229,15.6632805,-0.4083582,0.68301076
ILMN_005,cg083,3.0664487,16.286812,0.18827802,0.8506587
ILMN_005,cg084,7.409205,17.270306,0.42901412,0.66791296
ILMN_005,cg085,-12.200424,17.097246,-0.71359,0.47548074
ILMN_005,cg086,13.416923,16.401186,0.81804585,0.41333103
ILMN_005,cg087,25.488464,15.233972,1.6731333,0.094301045
ILMN_005,cg088,-7.615615,15.418846,-0.493916,0.6213655
ILMN_005,cg089,8.298399,17.032791,0.48720136,0.6261157
ILMN_005,cg090,4.290066,18.87236,0.22732005,0.8201749
ILMN_005,cg091,8.942493,15.416545,0.5800582,0.56187534
ILMN_005,cg092,-3.1620455,15.523129,-0.20369896,0.8385887
ILMN_005,cg093,1.1927929,16.401411,0.07272502,0.94202495
ILMN_005,cg094,0.7911415,17.718763,0.04464993,0.96438634
ILMN_005,cg095,29.825418,16.460428,1.8119467,0.06999439
ILMN_005,cg096,6.597314,15.31074,0.4308945,0.6665451
ILMN_005,cg097,-14.81315,16.680967,-0.8880271,0.3745262
ILMN_005,cg098,0.3227806,15.489779,0.020838296,0.98337466
ILMN_005,cg099,15.584721,15.49118,1.0060383,0.31439716
ILMN_005,cg100,-27.496277,17.554918,-1.5663005,0.11727828
ILMN_006,cg001,3.9838362,12.886964,0.3091369,0.7572174
ILMN_006,cg002,12.056072,14.767904,0.8163699,0.41428864
ILMN_006,cg003,12.134468,14.120158,0.85937196,0.39013535
ILMN_006,cg004,9.842037,15.383519,0.639778,0.52231693
ILMN_006,cg005,18.095352,14.073044,1.2858166,0.19850707
ILMN_006,cg006,-13.900709,13.846549,-1.0039115,0.31542128
ILMN_006,cg007,3.572125,13.08711,0.27294987,0.7848917
ILMN_006,cg008,-3.5247808,14.053125,-0.25081828,0.8019546
ILMN_006,cg009,7.779583,13.7962475,0.56389123,0.5728282
ILMN_006,cg010,19.747162,14.300496,1.3808725,0.16731817
ILMN_006,cg011,-2.80863,13.526947,-0.20763221,0.83551615
ILMN_006,cg012,1.8774643,14.884503,0.1261355,0.89962465
ILMN_006,cg013,-16.419016,13.584247,-1.2086806,0.2267856
ILMN_006,cg014,2.2997665,12.650747,0.18178898,0.8557483
ILMN_006,cg015,11.41304,13.92047,0.8198746,0.41228765
ILMN_006,cg016,14.408726,13.817021,1.0428243,0.29702973
ILMN_006,cg017,0.1301179,13.317259,0.009770622,0.9922043
ILMN_006,cg018,10.54664,15.202211,0.693757,0.48783463
ILMN_006,cg019,-4.1230583,12.479264,-0.33039275,0.74110323
ILMN_006,cg020,-2.613205,14.749136,-0.17717682,0.8593695
ILMN_006,cg021,9.772745,14.378829,0.6796621,0.49671847
ILMN_006,cg022,6.8941283,13.983798,0.4930083,0.6220067
ILMN_006,cg023,8.739147,13.03816,0.67027456,0.5026828
ILMN_006,cg024,-0.794847,13.225711,-0.060098622,0.9520771
ILMN_006,cg025,4.623064,12.824026,0.36050022,0.7184731
ILMN_006,cg026,19.698818,13.712567,1.4365522,0.15084529
ILMN_006,cg027,7.27013,12.916575,0.56285274,0.5735352
ILMN_006,cg028,4.5385675,15.389512,0.29491302,0.7680603
ILMN_006,cg029,12.844194,16.112356,0.79716426,0.42535567
ILMN_006,cg030,12.968149,13.237519,0.97965103,0.3272584
ILMN_006,cg031,-15.432101,14.113727,-1.0934108,0.2742135
ILMN_006,cg032,-10.19842,13.378377,-0.7623062,0.4458773
ILMN_006,cg033,-4.614065,13.342045,-0.34582895,0.72947127
ILMN_006,cg034,14.640665,15.210222,0.96255434,0.33577126
ILMN_006,cg035,-8.31629,12.509112,-0.6648185,0.5061666
ILMN_006,cg036,32.336674,12.829819,2.520431,0.011721134
ILMN_006,cg037,-1.6515522,13.389117,-0.123350345,0.90182966
ILMN_006,cg038,4.4615135,14.436205,0.3090503,0.7572833
ILMN_006,cg039,3.0160599,14.418372,0.20918173,0.83430636
ILMN_006,cg040,-14.771227,14.558988,-1.0145779,0.31030715
ILMN_006,cg041,-19.178768,14.215625,-1.349133,0.17729425
ILMN_006,cg042,12.0978365,12.843289,0.9419578,0.34621423
ILMN_006,cg043,-6.567814,14.3916855,-0.45636168,0.64812994
ILMN_006,cg044,-0.07223654,13.830246,-0.0052230842,0.9958326
ILMN_006,cg045,2.2927437,13.85183,0.1655192,0.86853534
ILMN_006,cg046,13.893663,11.84723,1.1727352,0.240902
ILMN_006,cg047,-3.3235226,14.441942,-0.23012988,0.81799084
ILMN_006,cg048,-8.111797,13.103301,-0.61906517,0.5358734
ILMN_006,cg049,5.856575,13.807302,0.42416504,0.6714455
ILMN_006,cg050,-6.183158,12.952072,-0.47738755,0.6330862
ILMN_006,cg051,6.956786,14.026693,0.49596766,0.6199173
ILMN_006,cg052,24.939558,12.74592,1.9566699,0.05038631
ILMN_006,cg053,14.493153,14.115819,1.0267313,0.30454707
ILMN_006,cg054,13.09165,14.288424,0.91624177,0.3595401
ILMN_006,cg055,19.828236,12.315148,1.6100688,0.107382834
ILMN_006,cg056,-22.71466,14.516611,-1.5647358,0.11764485
ILMN_006,cg057,-1.5101337,16.465097,-0.091717266,0.9269227
ILMN_006,cg058,15.81185,12.632352,1.2516948,0.21068108
ILMN_006,cg059,-19.696272,12.646326,-1.5574698,0.11935896
ILMN_006,cg060,7.397798,13.211281,0.5599607,0.5755062
ILMN_006,cg061,-0.55021095,12.9647875,-0.042438872,0.96614885
ILMN_006,cg062,-5.884247,14.187502,-0.4147486,0.67832595
ILMN_006,cg063,8.152299,13.662578,0.5966882,0.55071557
ILMN_006,cg064,-11.297136,13.547835,-0.83387023,0.4043541
ILMN_006,cg065,-2.4135466,14.270953,-0.16912301,0.8656999
ILMN_006,cg066,12.673847,14.177741,0.8939257,0.3713616
ILMN_006,cg067,15.658627,12.958646,1.2083536,0.2269113
ILMN_006,cg068,11.447391,12.81861,0.893029,0.37184167
ILMN_006,cg069,-3.7608087,13.833961,-0.27185336,0.7857348
ILMN_006,cg070,8.877448,13.385018,0.66323763,0.5071784
ILMN_006,cg071,4.948061,12.976606,0.38130623,0.70297605
ILMN_006,cg072,-1.7097397,14.275935,-0.11976376,0.9046703
ILMN_006,cg073,-10.645508,12.69072,-0.8388419,0.40155804
ILMN_006,cg074,22.873302,15.465653,1.4789742,0.13914722
ILMN_006,cg075,-5.210179,13.927064,-0.37410462,0.70832646
ILMN_006,cg076,2.9143677,16.371931,0.17801002,0.8587151
ILMN_006,cg077,13.462622,13.620856,0.98838294,0.32296515
ILMN_006,cg078,-6.4873924,14.728119,-0.44047666,0.6595919
ILMN_006,cg079,-0.58814716,13.405412,-0.04387386,0.9650049
ILMN_006,cg080,-1.6385155,12.567775,-0.13037436,0.8962703
ILMN_006,cg081,12.936436,14.326955,0.90294385,0.36655575
ILMN_006,cg082,-2.717289,13.318516,-0.2040234,0.8383352
ILMN_006,cg083,-17.11448,13.603185,-1.2581229,0.20834732
ILMN_006,cg084,9.924133,14.621332,0.6787434,0.49730045
ILMN_006,cg085,9.739704,14.527434,0.67043525,0.5025804
ILMN_006,cg086,-8.520166,13.971621,-0.6098195,0.5419814
ILMN_006,cg087,1.6370125,13.321522,0.122884795,0.9021983
ILMN_006,cg088,1.2678986,13.126232,0.096592724,0.9230498
ILMN_006,cg089,6.7644053,14.466303,0.46759737,0.6400726
ILMN_006,cg090,-14.829042,15.884669,-0.9335443,0.35053903
ILMN_006,cg091,2.2351608,13.134594,0.17017357,0.86487365
ILMN_006,cg092,7.7233496,13.13813,0.5878576,0.55662787
ILMN_006,cg093,6.026804,13.899662,0.43359357,0.6645836
ILMN_006,cg094,-16.496864,14.848284,-1.1110283,0.2665562
ILMN_006,cg095,10.717612,14.380998,0.7452621,0.45611328
ILMN_006,cg096,-15.266728,12.831365,-1.1897978,0.23412591
ILMN_006,cg097,4.0202456,14.273217,0.2816636,0.77820146
ILMN_006,cg098,2.4269629,13.148319,0.1845835,0.85355574
ILMN_006,cg099,29.123875,12.585868,2.314014,0.020666957
ILMN_006,cg100,-20.951427,14.983964,-1.3982567,0.162036
ILMN_007,cg001,6.0802593,14.103715,0.43111047,0.66638803
ILMN_007,cg002,-29.888672,15.687629,-1.9052384,0.056749105
ILMN_007,cg003,-7.6124125,15.551698,-0.48949078,0.6244943
ILMN_007,cg004,-23.064417,16.582169,-1.3909168,0.16425067
ILMN_007,cg005,-0.55230045,15.691256,-0.035197977,0.97192186
ILMN_007,cg006,-15.597296,15.160576,-1.0288063,0.3035707
ILMN_007,cg007,-16.832703,14.132111,-1.1910962,0.23361582
ILMN_007,cg008,-20.89821,15.094273,-1.3845125,0.16620159
ILMN_007,cg009,11.790578,15.065811,0.78260493,0.43385917
ILMN_007,cg010,-37.76588,14.9864,-2.5200102,0.011735141
ILMN_007,cg011,-15.427634,14.650016,-1.0530797,0.29230446
ILMN_007,cg012,12.302032,16.207441,0.75903606,0.44783098
ILMN_007,cg013,-14.96555,14.953928,-1.0007772,0.31693453
ILMN_007,cg014,10.195784,13.781981,0.73979086,0.45942694
ILMN_007,cg015,-17.269716,15.148219,-1.1400492,0.2542658
ILMN_007,cg016,19.467522,15.042865,1.2941366,0.19561827
ILMN_007,cg017,-1.0110264,14.588158,-0.0693046,0.94474715
ILMN_007,cg018,12.158454,16.644485,0.7304794,0.4650972
ILMN_007,cg019,-37.60246,12.5139475,-3.004844,0.002657175
ILMN_007,cg020,3.0983143,16.156565,0.19176814,0.8479238
ILMN_007,cg021,4.4089565,15.817385,0.27874118,0.78044343
ILMN_007,cg022,-36.648293,14.377647,-2.548977,0.010803938
ILMN_007,cg023,-10.075934,14.2756405,-0.7058131,0.48030436
ILMN_007,cg024,14.450283,14.33168,1.0082755,0.3133222
ILMN_007,cg025,2.2553568,14.064472,0.16035844,0.8725987
ILMN_007,cg026,-8.670291,15.301918,-0.5666146,0.570976
ILMN_007,cg027,1.8739853,14.195913,0.13200879,0.89497733
ILMN_007,cg028,7.898073,16.834736,0.46915337,0.63896
ILMN_007,cg029,28.83405,17.256428,1.6709164,0.094738185
ILMN_007,cg030,8.31398,14.600677,0.56942433,0.5690682
ILMN_007,cg031,2.5329018,15.656606,0.16177848,0.8714803
ILMN_007,cg032,17.448736,14.522017,1.2015368,0.22954303
ILMN_007,cg033,18.69685,14.373071,1.300825,0.19331837
ILMN_007,cg034,13.101122,16.71837,0.7836363,0.4332536
ILMN_007,cg035,13.46662,13.625355,0.9883501,0.32298124
ILMN_007,cg036,-2.4120388,14.989816,-0.16091184,0.8721628
ILMN_007,cg037,-14.035136,14.523361,-0.96638346,0.33385235
ILMN_007,cg038,20.896025,15.528413,1.3456639,0.17841095
ILMN_007,cg039,5.787447,15.779615,0.36676732,0.71379256
ILMN_007,cg040,9.793251,16.061893,0.6097196,0.5420476
ILMN_007,cg041,7.9916115,15.834387,0.50469977,0.61376977
ILMN_007,cg042,1.9059482,14.201942,0.13420334,0.89324176
ILMN_007,cg043,-11.055323,15.717279,-0.70338655,0.48181492
ILMN_007,cg044,-5.046504,15.132598,-0.33348563,0.73876774
ILMN_007,cg045,-2.1374307,15.175764,-0.14084502,0.8879924
ILMN_007,cg046,-21.705416,12.776377,-1.698871,0.08934349
ILMN_007,cg047,18.036076,15.605123,1.1557791,0.2477715
ILMN_007,cg048,12.115681,14.303067,0.8470687,0.3969568
ILMN_007,cg049,12.988594,15.033808,0.863959,0.38761044
ILMN_007,cg050,-10.075081,14.146169,-0.7122127,0.47633308
ILMN_007,cg051,12.817968,15.290759,0.838282,0.4018724
ILMN_007,cg052,12.623169,14.41279,0.875831,0.38112193
ILMN_007,cg053,-17.974937,15.413715,-1.1661651,0.24354768
ILMN_007,cg054,-7.8782187,15.752219,-0.5001339,0.6169808
ILMN_007,cg055,-2.9294662,13.859308,-0.21137175,0.8325972
ILMN_007,cg056,0.31557465,16.32045,0.01933615,0.98457295
ILMN_007,cg057,26.371891,17.614922,1.4971336,0.13435853
ILMN_007,cg058,-31.401047,13.288866,-2.3629591,0.018129647
ILMN_007,cg059,-0.17370415,14.214465,-0.012220238,0.99024993
ILMN_007,cg060,13.114757,14.3927355,0.91120666,0.3621865
ILMN_007,cg061,-1.3611794,14.201635,-0.09584666,0.9236424
ILMN_007,cg062,-0.117201805,15.571268,-0.007526799,0.99399453
ILMN_007,cg063,27.512566,14.467051,1.9017398,0.0572052
ILMN_007,cg064,7.3553257,14.913871,0.4931869,0.62188053
ILMN_007,cg065,5.353957,15.618589,0.3427939,0.73175347
ILMN_007,cg066,-6.9258895,15.632561,-0.44304255,0.657735
ILMN_007,cg067,-3.470673,14.410507,-0.24084322,0.80967665
ILMN_007,cg068,-4.9213867,14.145245,-0.3479181,0.7279017
ILMN_007,cg069,-10.252504,15.091595,-0.6793519,0.49691492
ILMN_007,cg070,7.8373475,14.68769,0.53359973,0.5936185
ILMN_007,cg071,-9.105026,14.174742,-0.6423416,0.5206514
ILMN_007,cg072,-8.323373,15.593343,-0.53377736,0.5934956
ILMN_007,cg073,1.6843853,14.006265,0.12025942,0.9042777
ILMN_007,cg074,-1.748394,17.33867,-0.100837834,0.91967916
ILMN_007,cg075,-1.3094311,15.27891,-0.08570187,0.93170345
ILMN_007,cg076,-7.2481766,17.909584,-0.40470937,0.6856911
ILMN_007,cg077,-2.3044071,15.075276,-0.15286003,0.8785087
ILMN_007,cg078,-3.2759976,16.161259,-0.20270684,0.8393642
ILMN_007,cg079,23.787231,14.2608385,1.6680107,0.09531361
ILMN_007,cg080,-12.377598,13.648929,-0.9068549,0.36448354
ILMN_007,cg081,10.148682,15.762628,0.64384454,0.51967627
ILMN_007,cg082,0.42694855,14.596745,0.029249573,0.97666556
ILMN_007,cg083,4.047904,15.144603,0.26728362,0.7892508
ILMN_007,cg084,10.448826,16.023619,0.652089,0.51434374
ILMN_007,cg085,-7.4162197,15.954776,-0.46482757,0.6420549
ILMN_007,cg086,-9.477808,15.303824,-0.6193098,0.53571236
ILMN_007,cg087,-12.779445,14.47384,-0.882934,0.37727195
ILMN_007,cg088,-1.150423,14.380095,-0.08000108,0.9362364
ILMN_007,cg089,-3.5090656,15.87686,-0.22101761,0.8250787
ILMN_007,cg090,4.6151247,17.552357,0.26293477,0.79260087
ILMN_007,cg091,3.8347616,14.3822155,0.2666322,0.78975236
ILMN_007,cg092,13.451778,14.309838,0.9400371,0.34719855
ILMN_007,cg093,13.653925,15.124611,0.90276206,0.3666522
ILMN_007,cg094,4.3854656,16.47024,0.26626605,0.7900343
ILMN_007,cg095,-10.445099,15.774046,-0.66216993,0.5078623
ILMN_007,cg096,8.776712,14.212474,0.6175359,0.5368813
ILMN_007,cg097,-24.67517,15.220859,-1.6211419,0.104987204
ILMN_007,cg098,-6.3295784,14.378912,-0.4401987,0.65979326
ILMN_007,cg099,14.607113,14.407992,1.0138202,0.3106686
ILMN_007,cg100,15.511194,16.603193,0.93422955,0.3501855
ILMN_008,cg001,-1.6561432,14.460102,-0.11453191,0.90881616
ILMN_008,cg002,-21.347752,16.375578,-1.3036335,0.19235861
ILMN_008,cg003,-2.8074532,15.950856,-0.17600642,0.8602889
ILMN_008,cg004,2.9101105,17.317219,0.16804722,0.86654615
ILMN_008,cg005,0.9771104,16.057219,0.060851783,0.9514772
ILMN_008,cg006,2.7482967,15.68682,0.17519782,0.8609242
ILMN_008,cg007,-17.430206,14.45677,-1.2056777,0.22794181
ILMN_008,cg008,16.689672,15.572052,1.0717709,0.28382295
ILMN_008,cg009,10.902638,15.436423,0.70629305,0.48000592
ILMN_008,cg010,-26.247597,15.8964405,-1.6511619,0.09870553
ILMN_008,cg011,-1.4154053,15.1703005,-0.09330107,0.92566437
ILMN_008,cg012,-15.948019,16.522953,-0.96520394,0.33444268
ILMN_008,cg013,27.84607,14.913996,1.8671099,0.06188625
ILMN_008,cg014,-9.233509,14.121974,-0.6538398,0.513215
ILMN_008,cg015,-24.53695,15.297431,-1.6039915,0.10871589
ILMN_008,cg016,-19.436596,15.407604,-1.2614937,0.20713103
ILMN_008,cg017,-1.475729,14.927984,-0.098856546,0.9212522
ILMN_008,cg018,3.1244621,17.125446,0.18244559,0.8552331
ILMN_008,cg019,-16.66708,13.789438,-1.2086844,0.22678411
ILMN_008,cg020,-20.799416,16.253647,-1.2796768,0.20065886
ILMN_008,cg021,11.302251,16.11445,0.70137364,0.4830699
ILMN_008,cg022,-24.346615,15.302757,-1.5909953,0.11161065
ILMN_008,cg023,-10.777061,14.601666,-0.73807067,0.4604715
ILMN_008,cg024,1.9997764,14.824574,0.13489604,0.89269406
ILMN_008,cg025,-7.246479,14.357202,-0.50472784,0.61375
ILMN_008,cg026,7.393422,15.675912,0.47164223,0.63718224
ILMN_008,cg027,17.754183,14.292396,1.2422118,0.21415842
ILMN_008,cg028,-9.137613,17.216362,-0.5307517,0.59559083
ILMN_008,cg029,-6.6959667,18.160574,-0.36870897,0.71234465
ILMN_008,cg030,23.603794,14.5847,1.6183943,0.10557765
ILMN_008,cg031,1.0377464,16.026016,0.06475386,0.94837
ILMN_008,cg032,-11.518174,14.996658,-0.76804936,0.44245785
ILMN_008,cg033,5.3129025,14.956274,0.35522902,0.722418
ILMN_008,cg034,4.8298445,17.207836,0.28067705,0.7789581
ILMN_008,cg035,10.397582,14.007135,0.7423061,0.4579019
ILMN_008,cg036,5.035569,15.326171,0.32856017,0.74248815
ILMN_008,cg037,-0.6258106,15.012311,-0.041686494,0.9667486
ILMN_008,cg038,-30.322357,15.571666,-1.9472777,0.051501453
ILMN_008,cg039,-16.788414,15.981096,-1.0505171,0.29348046
ILMN_008,cg040,19.380272,16.253965,1.1923412,0.23312747
ILMN_008,cg041,-5.1252484,16.231342,-0.31576246,0.75218284
ILMN_008,cg042,-11.077601,14.444352,-0.7669158,0.44313157
ILMN_008,cg043,-13.583457,16.046041,-0.8465301,0.3972571
ILMN_008,cg044,-0.13043165,15.504642,-0.008412426,0.9932879
ILMN_008,cg045,11.029281,15.448112,0.7139566,0.47525406
ILMN_008,cg046,7.1873293,13.4369135,0.53489435,0.5927229
ILMN_008,cg047,0.34816933,16.199638,0.021492414,0.9828529
ILMN_008,cg048,2.9983177,14.744135,0.20335664,0.8388563
ILMN_008,cg049,-16.097889,15.32647,-1.0503324,0.29356533
ILMN_008,cg050,0.9846411,14.555356,0.06764802,0.94606584
ILMN_008,cg051,19.998116,15.48871,1.2911414,0.19665468
ILMN_008,cg052,-31.745426,14.116032,-2.2488916,0.024519384
ILMN_008,cg053,5.3220496,15.9858465,0.3329226,0.7391927
ILMN_008,cg054,-12.66906,16.055506,-0.78907883,0.430066
ILMN_008,cg055,2.887166,14.183423,0.20355919,0.83869797
ILMN_008,cg056,5.931713,16.678686,0.3556463,0.72210544
ILMN_008,cg057,1.0381813,18.45955,0.056240875,0.9551499
ILMN_008,cg058,-5.706789,14.376277,-0.39695877,0.6913979
ILMN_008,cg059,-13.1859455,14.415893,-0.9146812,0.360359
ILMN_008,cg060,4.707897,14.844919,0.3171386,0.75113845
ILMN_008,cg061,-19.813507,14.238089,-1.3915848,0.1640482
ILMN_008,cg062,-5.599228,15.913468,-0.35185465,0.7249473
ILMN_008,cg063,-6.6659584,15.344398,-0.43442294,0.6639813
ILMN_008,cg064,12.116521,15.197768,0.7972566,0.42530203
ILMN_008,cg065,-4.7103214,15.988608,-0.29460484,0.76829576
ILMN_008,cg066,-1.2159805,16.030674,-0.07585336,0.93953574
ILMN_008,cg067,-3.5393047,14.747059,-0.24000072,0.8103297
ILMN_008,cg068,-2.4399223,14.490106,-0.1683854,0.8662801
ILMN_008,cg069,-21.102652,15.206208,-1.3877655,0.16520846
ILMN_008,cg070,-0.83509064,15.076592,-0.05538988,0.95582783
ILMN_008,cg071,-4.720316,14.554003,-0.3243311,0.74568737
ILMN_008,cg072,-6.260852,15.98015,-0.3917893,0.6952139
ILMN_008,cg073,19.273705,14.051082,1.3716884,0.17016047
ILMN_008,cg074,-11.681339,17.66171,-0.6613934,0.50836
ILMN_008,cg075,-7.498869,15.597783,-0.48076504,0.6306835
ILMN_008,cg076,-2.5828876,18.356422,-0.14070757,0.888101
ILMN_008,cg077,-1.1555196,15.430262,-0.07488658,0.94030493
ILMN_008,cg078,-6.4062147,16.51903,-0.38780817,0.698158
ILMN_008,cg079,-16.853258,14.821844,-1.1370554,0.25551516
ILMN_008,cg080,-3.0239925,14.08488,-0.2146978,0.83000296
ILMN_008,cg081,-4.034769,16.192282,-0.24917854,0.80322266
ILMN_008,cg082,40.848206,13.669751,2.9882185,0.0028060675
ILMN_008,cg083,-20.72113,15.206385,-1.3626599,0.17298973
ILMN_008,cg084,-7.637617,16.434853,-0.46472076,0.64213145
ILMN_008,cg085,2.975975,16.35974,0.18190846,0.8556546
ILMN_008,cg086,6.1080127,15.700519,0.38903254,0.6972521
ILMN_008,cg087,1.7583389,14.934537,0.11773642,0.9062765
ILMN_008,cg088,17.806051,14.480832,1.229629,0.21883607
ILMN_008,cg089,-6.3295574,16.229399,-0.39000568,0.69653237
ILMN_008,cg090,-16.527922,17.809752,-0.9280265,0.35339385
ILMN_008,cg091,-2.3045816,14.72549,-0.15650289,0.87563664
ILMN_008,cg092,2.0470097,14.78088,0.13849038,0.8898529
ILMN_008,cg093,4.981408,15.596996,0.31938252,0.7494365
ILMN_008,cg094,-1.6517096,16.866047,-0.09793104,0.92198706
ILMN_008,cg095,-0.82432747,16.218666,-0.05082585,0.9594643
ILMN_008,cg096,8.60975,14.549224,0.59176695,0.5540067
ILMN_008,cg097,-20.368357,15.730947,-1.2947954,0.19539082
ILMN_008,cg098,-23.184845,14.34391,-1.6163546,0.10601765
ILMN_008,cg099,-0.527421,14.908033,-0.035378307,0.9717781
ILMN_008,cg100,7.906513,17.111647,0.4620545,0.64404225
ILMN_009,cg001,30.927765,13.991617,2.2104497,0.02707398
ILMN_009,cg002,14.149429,16.839222,0.8402662,0.40075916
ILMN_009,cg003,1.6501188,16.234415,0.10164326,0.91903985
ILMN_009,cg004,-21.398544,17.341856,-1.2339247,0.21723098
ILMN_009,cg005,27.385633,15.832899,1.7296664,0.08368993
ILMN_009,cg006,-1.4402504,15.966017,-0.09020725,0.9281225
ILMN_009,cg007,-1.7256794,14.938926,-0.11551563,0.9080364
ILMN_009,cg008,-14.353233,15.901739,-0.9026204,0.3667274
ILMN_009,cg009,-4.4170456,15.778818,-0.27993512,0.7795273
ILMN_009,cg010,-16.928814,16.459667,-1.0285028,0.30371338
ILMN_009,cg011,-17.804213,15.213158,-1.1703167,0.24187356
ILMN_009,cg012,19.531837,16.736353,1.1670307,0.24319798
ILMN_009,cg013,-5.4192085,15.719968,-0.34473407,0.73029435
ILMN_009,cg014,5.9543324,14.409697,0.41321704,0.67944765
ILMN_009,cg015,15.5965,15.829098,0.9853057,0.32447392
ILMN_009,cg016,14.149714,15.809814,0.8949956,0.37078947
ILMN_009,cg017,-11.584783,15.095234,-0.7674464,0.44281614
ILMN_009,cg018,-17.428925,17.24183,-1.0108511,0.3120877
ILMN_009,cg019,-9.683479,14.180804,-0.6828583,0.49469638
ILMN_009,cg020,-12.477519,16.729843,-0.74582404,0.4557737
ILMN_009,cg021,-18.41081,16.259645,-1.1323009,0.25750798
ILMN_009,cg022,3.3113203,15.986534,0.20713185,0.83590686
ILMN_009,cg023,-4.531308,14.930684,-0.30348966,0.76151675
ILMN_009,cg024,20.491049,14.78212,1.3862051,0.16568428
ILMN_009,cg025,-7.673342,14.605795,-0.52536285,0.599331
ILMN_009,cg026,8.720857,15.937741,0.54718274,0.5842532
ILMN_009,cg027,-10.32048,14.706613,-0.7017578,0.48283023
ILMN_009,cg028,10.637656,17.501907,0.6077998,0.54332024
ILMN_009,cg029,0.973423,18.505999,0.052600402,0.9580503
ILMN_009,cg030,-7.195305,15.220371,-0.47274175,0.6363975
ILMN_009,cg031,19.335285,16.05688,1.2041744,0.22852218
ILMN_009,cg032,-11.614368,15.261591,-0.7610195,0.44664544
ILMN_009,cg033,-2.0084524,15.23672,-0.13181658,0.8951294
ILMN_009,cg034,2.0441818,17.522207,0.116662346,0.9071276
ILMN_009,cg035,1.6995516,14.335863,0.11855244,0.90562993
ILMN_009,cg036,2.6800466,15.608414,0.17170525,0.8636693
ILMN_009,cg037,19.299797,15.00867,1.2859099,0.19847453
ILMN_009,cg038,6.0126286,16.46121,0.36526042,0.714917
ILMN_009,cg039,1.9166431,16.453028,0.11649182,0.9072628
ILMN_009,cg040,17.658806,16.589767,1.0644397,0.28712958
ILMN_009,cg041,-2.33524,16.530485,-0.14126869,0.8876577
ILMN_009,cg042,6.509,14.760331,0.44097924,0.659228
ILMN_009,cg043,3.823679,16.444654,0.23251805,0.81613564
ILMN_009,cg044,-12.547125,15.667902,-0.8008172,0.4232375
ILMN_009,cg045,12.657849,15.695492,0.806464,0.41997534
ILMN_009,cg046,13.266586,13.574967,0.9772831,0.32842904
ILMN_009,cg047,-1.4464207,16.482624,-0.08775427,0.930072
ILMN_009,cg048,-0.8938389,15.009038,-0.059553377,0.95251137
ILMN_009,cg049,1.7971802,15.779109,0.113896176,0.9093201
ILMN_009,cg050,0.2928295,14.81146,0.01977047,0.98422647
ILMN_009,cg051,-13.419369,15.921084,-0.84286773,0.39930242
ILMN_009,cg052,6.5894423,15.101561,0.43634182,0.6625887
ILMN_009,cg053,-0.19498253,16.285936,-0.011972448,0.9904476
ILMN_009,cg054,3.1018286,16.4411,0.1886631,0.8503569
ILMN_009,cg055,-0.9169588,14.43819,-0.06350926,0.94936097
ILMN_009,cg056,-35.582954,16.16461,-2.2012875,0.027715683
ILMN_009,cg057,20.094803,18.549004,1.083336,0.27865928
ILMN_009,cg058,5.74428,14.629101,0.39266118,0.69456977
ILMN_009,cg059,3.8285675,14.790902,0.2588461,0.79575396
ILMN_009,cg060,2.883286,15.115957,0.19074452,0.84872574
ILMN_009,cg061,12.890116,14.667139,0.87884325,0.37948626
ILMN_009,cg062,-37.243065,15.25638,-2.4411469,0.014640689
ILMN_009,cg063,19.757656,15.372074,1.2852954,0.1986891
ILMN_009,cg064,-19.215282,15.311032,-1.2549958,0.20948029
ILMN_009,cg065,-11.025582,16.203184,-0.6804578,0.4962147
ILMN_009,cg066,3.8325853,16.303223,0.23508146,0.8141455
ILMN_009,cg067,-23.199028,14.620454,-1.5867516,0.112568915
ILMN_009,cg068,13.754652,14.608839,0.94152945,0.34643364
ILMN_009,cg069,-4.784837,15.777881,-0.30326232,0.76168996
ILMN_009,cg070,-9.832824,15.273025,-0.6438033,0.51970303
ILMN_009,cg071,-17.013828,14.61257,-1.1643283,0.24429095
ILMN_009,cg072,8.809376,16.235817,0.542589,0.58741283
ILMN_009,cg073,1.8157177,14.58468,0.124494866,0.9009235
ILMN_009,cg074,-0.17189646,18.056883,-0.0095197195,0.99240446
ILMN_009,cg075,3.2011857,15.904327,0.20127766,0.84048146
ILMN_009,cg076,-37.774685,17.833073,-2.1182375,0.03415495
ILMN_009,cg077,-12.768206,15.5887375,-0.81906605,0.41274875
ILMN_009,cg078,13.379825,16.720398,0.8002097,0.42358935
ILMN_009,cg079,1.7234774,15.290319,0.1127169,0.910255
ILMN_009,cg080,-24.752222,13.86703,-1.7849692,0.074266315
ILMN_009,cg081,3.388319,16.479982,0.2056021,0.83710176
ILMN_009,cg082,2.7311087,15.194523,0.17974298,0.85735434
ILMN_009,cg083,16.129555,15.60224,1.0337974,0.3012309
ILMN_009,cg084,12.659451,16.658228,0.75995183,0.4472834
ILMN_009,cg085,-17.808792,16.444504,-1.0829632,0.27882475
ILMN_009,cg086,-22.760983,15.646453,-1.4547056,0.14575082
ILMN_009,cg087,-37.74907,14.14315,-2.6690707,0.0076061487
ILMN_009,cg088,-1.3893356,14.973757,-0.09278471,0.9260746
ILMN_009,cg089,-3.5740147,16.533089,-0.21617344,0.82885253
ILMN_009,cg090,14.396126,18.167572,0.7924078,0.42812294
ILMN_009,cg091,-28.884933,14.370076,-2.010075,0.044423223
ILMN_009,cg092,-0.32530832,15.043324,-0.021624763,0.98274726
ILMN_009,cg093,-15.325525,15.7267885,-0.97448534,0.32981563
ILMN_009,cg094,-16.357277,16.993525,-0.9625594,0.3357687
ILMN_009,cg095,-6.6946783,16.474203,-0.4063734,0.68446827
ILMN_009,cg096,-13.42753,14.728325,-0.91168076,0.3619368
ILMN_009,cg097,8.853318,16.243721,0.5450302,0.5857328
ILMN_009,cg098,19.739965,14.719398,1.3410852,0.17989278
ILMN_009,cg099,3.5536842,15.160805,0.23439945,0.81467485
ILMN_009,cg100,-2.1190224,17.449497,-0.121437445,0.9033446
ILMN_010,cg001,13.723299,13.423767,1.0223136,0.30663252
ILMN_010,cg002,-6.2924557,15.625348,-0.4027082,0.6871629
ILMN_010,cg003,-13.88529,14.837279,-0.93583804,0.3493566
ILMN_010,cg004,-12.396233,16.157341,-0.76721984,0.44295084
ILMN_010,cg005,-26.080847,14.574501,-1.7894847,0.07353681
ILMN_010,cg006,0.57006454,14.729642,0.038701862,0.9691281
ILMN_010,cg007,-15.470643,13.593034,-1.1381303,0.2550661
ILMN_010,cg008,9.320766,14.734671,0.6325738,0.527012
ILMN_010,cg009,23.822258,14.138528,1.6849178,0.09200448
ILMN_010,cg010,-10.800087,15.274784,-0.7070533,0.47953337
ILMN_010,cg011,-17.346972,14.009915,-1.2381924,0.21564472
ILMN_010,cg012,-3.8350182,15.655896,-0.24495679,0.8064899
ILMN_010,cg013,17.084623,14.300155,1.194716,0.232198
ILMN_010,cg014,-13.763646,13.1620035,-1.0457106,0.2956947
ILMN_010,cg015,-25.210676,14.27969,-1.7654918,0.07748115
ILMN_010,cg016,-6.769595,14.677017,-0.4612378,0.64462805
ILMN_010,cg017,-12.087833,13.900361,-0.8696057,0.38451588
ILMN_010,cg018,10.817978,16.001902,0.6760433,0.4990132
ILMN_010,cg019,-12.268894,13.022828,-0.9421067,0.346138
ILMN_010,cg020,8.616928,15.47417,0.55685884,0.57762384
ILMN_010,cg021,0.78825665,15.206602,0.051836476,0.958659
ILMN_010,cg022,-4.3812103,14.740234,-0.297228,0.76629245
ILMN_010,cg023,-8.857045,13.725287,-0.64530855,0.5187273
ILMN_010,cg024,-8.951923,13.85562,-0.6460861,0.51822364
ILMN_010,cg025,-21.713562,13.129452,-1.6538057,0.098167
ILMN_010,cg026,8.19569,14.7006855,0.55750394,0.5771832
ILMN_010,cg027,-2.9286938,13.632375,-0.21483372,0.8298969
ILMN_010,cg028,-7.087303,16.176416,-0.43812567,0.6612952
ILMN_010,cg029,13.70236,16.952255,0.80829126,0.41892296
ILMN_010,cg030,2.8171692,14.068659,0.20024434,0.8412895
ILMN_010,cg031,21.491077,14.706562,1.4613258,0.14392602
ILMN_010,cg032,13.1294155,14.034218,0.9355288,0.34951586
ILMN_010,cg033,5.776926,14.032633,0.411678,0.6805755
ILMN_010,cg034,-5.244427,16.148046,-0.3247716,0.74535394
ILMN_010,cg035,12.364051,13.100563,0.9437801,0.34528202
ILMN_010,cg036,-12.720455,14.280674,-0.8907461,0.3730654
ILMN_010,cg037,1.0829954,14.091181,0.076856256,0.93873787
ILMN_010,cg038,9.889429,15.137334,0.6533138,0.513554
ILMN_010,cg039,-29.797693,14.530406,-2.050713,0.040294886
ILMN_010,cg040,30.284634,14.833836,2.0415916,0.041192055
ILMN_010,cg041,-24.692417,14.8117285,-1.6670854,0.09549743
ILMN_010,cg042,5.8601522,13.617707,0.43033326,0.66695327
ILMN_010,cg043,-17.190516,14.965923,-1.1486439,0.25070286
ILMN_010,cg044,3.9954576,14.542046,0.2747521,0.7835067
ILMN_010,cg045,-4.4413824,14.566309,-0.3049079,0.7604363
ILMN_010,cg046,-16.887497,12.404757,-1.3613727,0.17339593
ILMN_010,cg047,-1.5605097,15.2046795,-0.10263351,0.91825384
ILMN_010,cg048,15.289482,13.661561,1.1191607,0.2630716
ILMN_010,cg049,0.44548416,14.558063,0.030600512,0.97558814
ILMN_010,cg050,7.938553,13.613336,0.5831453,0.5597955
ILMN_010,cg051,11.353817,14.705131,0.772099,0.4400558
ILMN_010,cg052,-14.163106,13.802851,-1.0261,0.30484444
ILMN_010,cg053,7.198622,14.986191,0.48035038,0.6309783
ILMN_010,cg054,-4.7572174,15.156486,-0.31387338,0.7536172
ILMN_010,cg055,-2.6314068,13.314098,-0.19764063,0.8433262
ILMN_010,cg056,3.7587,15.66773,0.23990072,0.8104072
ILMN_010,cg057,13.590891,17.212029,0.78961587,0.4297521
ILMN_010,cg058,-0.38430405,13.517759,-0.028429568,0.97731954
ILMN_010,cg059,9.935608,13.575665,0.7318689,0.4642486
ILMN_010,cg060,-0.82663393,13.949385,-0.059259526,0.9527454
ILMN_010,cg061,-22.567402,13.231529,-1.7055777,0.088086724
ILMN_010,cg062,7.6228867,14.915521,0.5110708,0.60930145
ILMN_010,cg063,-5.430128,14.410836,-0.37680867,0.70631576
ILMN_010,cg064,0.10032463,14.3641205,0.006984391,0.9944273
ILMN_010,cg065,14.453222,14.87049,0.97193986,0.33108044
ILMN_010,cg066,-9.15258,14.988051,-0.61065847,0.5414257
ILMN_010,cg067,-7.7316246,13.804506,-0.56007975,0.575425
ILMN_010,cg068,7.535303,13.560388,0.5556849,0.57842624
ILMN_010,cg069,-16.561707,14.363476,-1.1530432,0.24889266
ILMN_010,cg070,13.996333,14.0013685,0.99964035,0.31748462
ILMN_010,cg071,-22.50045,13.268781,-1.6957436,0.08993447
ILMN_010,cg072,-17.878788,14.792273,-1.2086573,0.22679454
ILMN_010,cg073,5.015888,13.436231,0.37331066,0.70891726
ILMN_010,cg074,-17.465828,16.457146,-1.0612915,0.28855747
ILMN_010,cg075,0.60061264,14.677864,0.04091962,0.96735996
ILMN_010,cg076,-16.149872,17.069305,-0.9461353,0.34407955
ILMN_010,cg077,-7.3111806,14.444858,-0.50614417,0.6127554
ILMN_010,cg078,8.663247,15.478864,0.55968237,0.5756961
ILMN_010,cg079,0.8353238,14.106661,0.05921485,0.95278096
ILMN_010,cg080,-13.31735,13.081331,-1.0180424,0.30865777
ILMN_010,cg081,12.132378,15.1041355,0.8032487,0.421831
ILMN_010,cg082,16.431412,13.810921,1.1897405,0.23414838
ILMN_010,cg083,4.332063,14.5452175,0.2978342,0.76582974
ILMN_010,cg084,-13.782605,15.3292,-0.89910793,0.36859518
ILMN_010,cg085,9.234834,15.301688,0.6035173,0.54616463
ILMN_010,cg086,-11.523072,14.663957,-0.7858092,0.4319793
ILMN_010,cg087,-20.910633,13.677749,-1.5288067,0.12631238
ILMN_010,cg088,16.25053,13.605145,1.19444,0.23230588
ILMN_010,cg089,-9.417175,15.196145,-0.6197082,0.53545
ILMN_010,cg090,2.1623611,16.870491,0.12817417,0.89801115
ILMN_010,cg091,0.31212807,13.826187,0.022575136,0.9819892
ILMN_010,cg092,-12.539721,13.753758,-0.91173047,0.36191058
ILMN_010,cg093,20.307081,14.347798,1.4153447,0.15696746
ILMN_010,cg094,32.937878,15.070373,2.1856048,0.028844535
ILMN_010,cg095,-12.770894,15.107743,-0.8453211,0.39793158
ILMN_010,cg096,9.22262,13.641406,0.67607546,0.49899274
ILMN_010,cg097,-5.9069633,15.007816,-0.39359245,0.693882
ILMN_010,cg098,1.154314,13.840435,0.083401576,0.93353224
ILMN_010,cg099,7.9892216,13.94446,0.5729316,0.56669104
ILMN_010,cg100,18.040531,15.878412,1.1361672,0.2558866
ILMN_011,cg001,-6.9902115,14.525114,-0.48125002,0.6303388
ILMN_011,cg002,-7.487399,16.753687,-0.44691053,0.65493965
ILMN_011,cg003,-15.736826,15.89754,-0.98989064,0.3222276
ILMN_011,cg004,13.576311,17.32643,0.7835608,0.43329787
ILMN_011,cg005,-2.907402,16.162624,-0.17988428,0.8572434
ILMN_011,cg006,19.628792,15.53266,1.263711,0.20633382
ILMN_011,cg007,-6.7684383,14.75069,-0.4588557,0.6463378
ILMN_011,cg008,32.726784,15.12254,2.1641061,0.030456185
ILMN_011,cg009,-12.844995,15.51145,-0.82809764,0.40761518
ILMN_011,cg010,-16.017584,16.303097,-0.9824872,0.3258599
ILMN_011,cg011,-12.219398,15.169469,-0.8055257,0.42051637
ILMN_011,cg012,-19.55978,16.5549,-1.1815101,0.23740011
ILMN_011,cg013,7.6752205,15.534032,0.49409068,0.62124217
ILMN_011,cg014,-9.49041,14.216326,-0.6675712,0.50440735
ILMN_011,cg015,11.707781,15.733107,0.7441493,0.45678616
ILMN_011,cg016,13.359434,15.656216,0.8532991,0.39349347
ILMN_011,cg017,-20.92572,14.71222,-1.422336,0.15492874
ILMN_011,cg018,28.083906,16.745104,1.6771413,0.09351486
ILMN_011,cg019,7.5684757,14.058815,0.5383438,0.5903398
ILMN_011,cg020,-18.56658,16.427668,-1.1302018,0.2583912
ILMN_011,cg021,23.08311,15.952801,1.446963,0.14790732
ILMN_011,cg022,12.396473,15.720365,0.7885614,0.43036842
ILMN_011,cg023,-20.952751,14.462624,-1.4487517,0.14740694
ILMN_011,cg024,-32.49225,14.139964,-2.2979019,0.021567404
ILMN_011,cg025,-5.1384554,14.476109,-0.3549611,0.7226187
ILMN_011,cg026,7.7175293,15.780876,0.48904315,0.6248112
ILMN_011,cg027,7.927244,14.583314,0.54358315,0.58672833
ILMN_011,cg028,-9.237764,17.334341,-0.53291696,0.59409106
ILMN_011,cg029,10.950232,18.241169,0.6003032,0.5483042
ILMN_011,cg030,12.259157,14.988708,0.8178929,0.41341835
ILMN_011,cg031,12.613834,16.029446,0.78691643,0.4313308
ILMN_011,cg032,-4.248047,15.183401,-0.2797823,0.77964455
ILMN_011,cg033,-2.2364416,15.076176,-0.14834277,0.88207227
ILMN_011,cg034,-3.1404781,17.334837,-0.18116571,0.85623753
ILMN_011,cg035,-5.569519,14.163908,-0.39321908,0.69415766
ILMN_011,cg036,9.181728,15.390254,0.5965937,0.55077875
ILMN_011,cg037,-12.699797,14.999424,-0.84668565,0.39717036
ILMN_011,cg038,-1.1856966,16.311253,-0.07269194,0.9420513
ILMN_011,cg039,-30.143019,15.664617,-1.9242743,0.054320216
ILMN_011,cg040,3.2020645,16.610025,0.19277902,0.847132
ILMN_011,cg041,-13.987881,16.23017,-0.8618444,0.38877314
ILMN_011,cg042,1.0684557,14.635534,0.073004216,0.94180274
ILMN_011,cg043,11.98964,16.18551,0.7407638,0.45883673
ILMN_011,cg044,8.04191,15.566198,0.5166265,0.60541695
ILMN_011,cg045,-0.032343864,15.640305,-0.0020679818,0.99834996
ILMN_011,cg046,-19.28053,13.2702675,-1.452912,0.14624822
ILMN_011,cg047,-20.012897,16.04202,-1.2475297,0.21220332
ILMN_011,cg048,-6.441828,14.821813,-0.4346181,0.6638397
ILMN_011,cg049,-4.531788,15.601535,-0.29047063,0.77145624
ILMN_011,cg050,4.962242,14.637921,0.3389991,0.73461044
ILMN_011,cg051,-2.1008244,15.872288,-0.132358,0.8947011
ILMN_011,cg052,9.313518,14.910987,0.62460774,0.5322285
ILMN_011,cg053,5.8496,16.09208,0.36350802,0.7162254
ILMN_011,cg054,-10.999472,16.193972,-0.6792325,0.49699056
ILMN_011,cg055,13.990663,14.137708,0.9895991,0.3223701
ILMN_011,cg056,30.614933,16.199327,1.8898891,0.058772802
ILMN_011,cg057,-1.3351784,18.586107,-0.07183744,0.94273126
ILMN_011,cg058,4.0963764,14.487342,0.28275555,0.77736425
ILMN_011,cg059,22.314661,14.272126,1.5635134,0.1179319
ILMN_011,cg060,13.191994,14.836396,0.88916427,0.37391484
ILMN_011,cg061,1.8975067,14.6319895,0.12968208,0.896818
ILMN_011,cg062,9.111878,15.988118,0.56991565,0.5687349
ILMN_011,cg063,-29.887478,14.841196,-2.0138187,0.04402858
ILMN_011,cg064,-13.012804,15.287731,-0.85119265,0.39466238
ILMN_011,cg065,0.1991663,16.11373,0.012360037,0.99013835
ILMN_011,cg066,6.672792,16.11193,0.41415223,0.6787627
ILMN_011,cg067,8.823648,14.800713,0.59616375,0.5510658
ILMN_011,cg068,-4.261217,14.580734,-0.29224983,0.7700956
ILMN_011,cg069,28.197437,15.064875,1.8717339,0.061243415
ILMN_011,cg070,4.4038696,15.166901,0.29036054,0.7715404
ILMN_011,cg071,32.36393,13.873129,2.33285,0.019656003
ILMN_011,cg072,11.223972,16.031696,0.7001113,0.48385775
ILMN_011,cg073,-3.8395004,14.423059,-0.2662057,0.7900808
ILMN_011,cg074,-2.751111,17.862936,-0.15401225,0.8776001
ILMN_011,cg075,-7.959608,15.70067,-0.50695974,0.6121831
ILMN_011,cg076,5.0102158,18.471888,0.27123463,0.7862106
ILMN_011,cg077,8.1871805,15.490371,0.5285335,0.5971291
ILMN_011,cg078,-1.6477742,16.658041,-0.09891765,0.9212037
ILMN_011,cg079,-26.945929,14.601194,-1.8454605,0.06497061
ILMN_011,cg080,19.360394,13.898751,1.3929592,0.1636321
ILMN_011,cg081,-27.395817,15.806708,-1.7331766,0.08306432
ILMN_011,cg082,-29.55672,14.395279,-2.0532231,0.040050924
ILMN_011,cg083,-4.247341,15.604376,-0.2721891,0.7854766
ILMN_011,cg084,-4.484968,16.573502,-0.27061078,0.7866904
ILMN_011,cg085,1.0319405,16.477478,0.06262733,0.9500633
ILMN_011,cg086,14.168682,15.696077,0.90268934,0.3666908
ILMN_011,cg087,36.96268,14.017358,2.6369221,0.008366227
ILMN_011,cg088,7.2266455,14.779758,0.4889556,0.62487316
ILMN_011,cg089,-12.341728,16.266554,-0.7587181,0.44802123
ILMN_011,cg090,-23.846218,17.75455,-1.3431046,0.17923814
ILMN_011,cg091,-0.050623894,14.830715,-0.0034134493,0.9972765
ILMN_011,cg092,6.084638,14.858584,0.40950322,0.6821704
ILMN_011,cg093,-8.450211,15.672226,-0.5391838,0.58976007
ILMN_011,cg094,-8.912275,16.932909,-0.5263287,0.5986599
ILMN_011,cg095,-22.974552,15.975496,-1.4381119,0.15040231
ILMN_011,cg096,13.536745,14.568869,0.9291555,0.35280848
ILMN_011,cg097,-14.870723,15.975432,-0.9308495,0.35193145
ILMN_011,cg098,-2.731038,14.841577,-0.18401267,0.85400355
ILMN_011,cg099,-13.468773,14.878832,-0.9052305,0.36534327
ILMN_011,cg100,17.40148,17.077616,1.0189643,0.3082199
ILMN_012,cg001,-6.0527716,14.310164,-0.4229701,0.6723171
ILMN_012,cg002,28.52021,15.988385,1.783808,0.074454844
ILMN_012,cg003,-10.994332,15.735923,-0.6986773,0.48475373
ILMN_012,cg004,-1.5982208,17.172153,-0.09307049,0.92584753
ILMN_012,cg005,-6.6822133,15.889446,-0.42054412,0.674088
ILMN_012,cg006,-27.78696,15.008137,-1.8514597,0.064103484
ILMN_012,cg007,-26.404106,14.027101,-1.8823638,0.059786618
ILMN_012,cg008,-3.5345917,15.621201,-0.22626889,0.8209923
ILMN_012,cg009,5.0090594,15.368881,0.3259222,0.74448323
ILMN_012,cg010,-22.99234,15.862016,-1.4495219,0.14719188
ILMN_012,cg011,11.316341,14.948613,0.7570161,0.44904023
ILMN_012,cg012,-4.8753796,16.530483,-0.29493266,0.7680453
ILMN_012,cg013,10.580914,15.256402,0.69353926,0.4879712
ILMN_012,cg014,12.507843,13.944183,0.8969936,0.36972237
ILMN_012,cg015,-14.776953,15.431362,-0.95759225,0.3382684
ILMN_012,cg016,-9.5963545,15.472704,-0.62021184,0.53511834
ILMN_012,cg017,0.2790413,14.8013,0.018852485,0.98495877
ILMN_012,cg018,-6.7646294,16.955206,-0.39897063,0.6899148
ILMN_012,cg019,19.07715,13.598554,1.4028808,0.1606524
ILMN_012,cg020,13.870832,16.270351,0.852522,0.39392442
ILMN_012,cg021,-14.304422,15.922179,-0.898396,0.36897445
ILMN_012,cg022,4.498128,15.56905,0.28891474,0.77264667
ILMN_012,cg023,10.429294,14.480315,0.7202394,0.4713776
ILMN_012,cg024,2.9352221,14.693797,0.19975927,0.84166884
ILMN_012,cg025,9.3485565,14.2065525,0.6580454,0.51050895
ILMN_012,cg026,-21.586002,15.250254,-1.415452,0.15693599
ILMN_012,cg027,1.7316222,14.403094,0.120225705,0.9043044
ILMN_012,cg028,-15.222399,16.972939,-0.89686286,0.3697921
ILMN_012,cg029,28.84438,17.522478,1.6461358,0.0997358
ILMN_012,cg030,-29.748005,14.203602,-2.0943987,0.036224484
ILMN_012,cg031,12.0891,15.788818,0.76567477,0.4438699
ILMN_012,cg032,-11.24206,14.870805,-0.7559819,0.44966006
ILMN_012,cg033,14.602406,14.691233,0.9939537,0.32024544
ILMN_012,cg034,3.72007,17.06585,0.21798329,0.8274421
ILMN_012,cg035,-18.49556,13.701013,-1.3499411,0.17703485
ILMN_012,cg036,19.652386,14.933862,1.3159614,0.188187
ILMN_012,cg037,-6.292568,14.854723,-0.42360723,0.6718523
ILMN_012,cg038,0.25694466,16.061588,0.015997462,0.98723644
ILMN_012,cg039,-32.718895,15.289795,-2.1399171,0.032361448
ILMN_012,cg040,-24.7775,15.948431,-1.5536011,0.12027961
ILMN_012,cg041,1.6187248,16.107613,0.1004944,0.91995186
ILMN_012,cg042,1.2144604,14.410453,0.08427635,0.9328367
ILMN_012,cg043,-12.725304,15.921504,-0.7992526,0.42414397
ILMN_012,cg044,18.443478,15.129053,1.2190768,0.22281504
ILMN_012,cg045,-3.7651424,15.390059,-0.24464768,0.80672926
ILMN_012,cg046,24.037745,12.884313,1.8656598,0.062088966
ILMN_012,cg047,8.346634,16.01338,0.52122873,0.6022074
ILMN_012,cg048,-5.1328735,14.604486,-0.35145867,0.7252443
ILMN_012,cg049,-10.474007,15.298227,-0.68465495,0.49356169
ILMN_012,cg050,-5.3274755,14.409681,-0.369715,0.7115949
ILMN_012,cg051,-9.266502,15.571641,-0.59508836,0.5517844
ILMN_012,cg052,16.107647,14.551549,1.1069369,0.26832122
ILMN_012,cg053,7.201816,15.832076,0.45488766,0.64919007
ILMN_012,cg054,9.037092,15.969501,0.565897,0.5714638
ILMN_012,cg055,6.4673095,14.035596,0.46077913,0.64495707
ILMN_012,cg056,-1.8609638,16.555897,-0.11240489,0.9105024
ILMN_012,cg057,-32.261368,17.6727,-1.8254917,0.06792688
ILMN_012,cg058,13.222173,14.143484,0.93485963,0.34986067
ILMN_012,cg059,-4.0465813,14.409129,-0.28083456,0.7788373
ILMN_012,cg060,-6.1420317,14.705658,-0.41766453,0.6761924
ILMN_012,cg061,-29.658083,13.730357,-2.1600373,0.030769765
ILMN_012,cg062,-7.236803,15.761947,-0.4591313,0.64613986
ILMN_012,cg063,-1.4130306,15.242372,-0.09270412,0.92613864
ILMN_012,cg064,11.309601,15.079071,0.7500197,0.45324284
ILMN_012,cg065,-18.975153,15.617632,-1.2149827,0.22437268
ILMN_012,cg066,2.9342937,15.888108,0.1846849,0.85347617
ILMN_012,cg067,21.636349,14.277514,1.5154142,0.12966752
ILMN_012,cg068,-2.5082788,14.365334,-0.17460638,0.8613889
ILMN_012,cg069,-21.834087,15.04746,-1.4510149,0.14677572
ILMN_012,cg070,11.512281,14.850928,0.77518934,0.43822777
ILMN_012,cg071,-18.43127,14.187582,-1.2991129,0.19390517
ILMN_012,cg072,2.668336,15.8644495,0.16819593,0.86642915
ILMN_012,cg073,7.7781234,14.166109,0.5490656,0.5829605
ILMN_012,cg074,-3.4796023,17.585613,-0.19786642,0.84314954
ILMN_012,cg075,6.275387,15.4749975,0.4055178,0.685097
ILMN_012,cg076,-25.556149,17.808424,-1.4350595,0.15127015
ILMN_012,cg077,-10.341683,15.222504,-0.6793681,0.49690467
ILMN_012,cg078,-14.882915,16.256481,-0.91550654,0.3599258
ILMN_012,cg079,-6.7366695,14.8664875,-0.45314467,0.65044457
ILMN_012,cg080,-18.4955,13.702184,-1.3498213,0.1770733
ILMN_012,cg081,-9.89032,15.997732,-0.6182326,0.536422
ILMN_012,cg082,8.969514,14.750269,0.60809153,0.54312676
ILMN_012,cg083,6.9258294,15.343116,0.45139655,0.6517038
ILMN_012,cg084,14.570275,16.190006,0.8999549,0.36814427
ILMN_012,cg085,1.8123431,16.222876,0.11171528,0.9110492
ILMN_012,cg086,-22.175697,15.244578,-1.4546613,0.1457631
ILMN_012,cg087,1.1833315,14.807483,0.07991443,0.9363053
ILMN_012,cg088,-8.422079,14.537569,-0.579332,0.5623652
ILMN_012,cg089,-1.5078335,16.115068,-0.09356668,0.92545336
ILMN_012,cg090,-5.654376,17.801815,-0.3176292,0.7507662
ILMN_012,cg091,-8.090246,14.554116,-0.5558734,0.5782974
ILMN_012,cg092,-12.061707,14.548708,-0.82905686,0.40707225
ILMN_012,cg093,-17.760426,15.257093,-1.1640766,0.24439299
ILMN_012,cg094,-8.922809,16.671116,-0.53522563,0.5924939
ILMN_012,cg095,17.41617,15.873468,1.0971874,0.27255946
ILMN_012,cg096,-12.696562,14.357551,-0.8843125,0.37652755
ILMN_012,cg097,9.430672,15.816505,0.59625506,0.5510049
ILMN_012,cg098,-3.2962773,14.610908,-0.22560386,0.82150954
ILMN_012,cg099,4.589527,14.7647085,0.31084442,0.7559189
ILMN_012,cg100,-6.3218346,16.97845,-0.3723446,0.70963633
ILMN_013,cg001,4.9411564,15.006376,0.32927045,0.7419513
ILMN_013,cg002,0.45882225,17.323067,0.026486203,0.97886956
ILMN_013,cg003,10.504171,16.503647,0.6364758,0.5244664
ILMN_013,cg004,21.464336,17.715084,1.2116418,0.22564954
ILMN_013,cg005,4.842392,16.66646,0.29054713,0.7713977
ILMN_013,cg006,33.780434,15.522219,2.1762633,0.029535592
ILMN_013,cg007,6.3518887,15.225122,0.41719788,0.6765337
ILMN_013,cg008,-10.560475,16.303612,-0.6477384,0.51715416
ILMN_013,cg009,3.7129197,16.11358,0.23042177,0.81776404
ILMN_013,cg010,25.961863,16.559727,1.5677712,0.11693454
ILMN_013,cg011,9.426597,15.699786,0.60042834,0.5482208
ILMN_013,cg012,16.407463,17.16825,0.95568645,0.33923066
ILMN_013,cg013,-8.5681715,16.020065,-0.53484,0.59276056
ILMN_013,cg014,-2.959217,14.732197,-0.20086733,0.8408023
ILMN_013,cg015,-19.757133,16.068218,-1.2295784,0.21885502
ILMN_013,cg016,1.6879845,16.278831,0.103691995,0.9174138
ILMN_013,cg017,1.2026038,15.508602,0.07754431,0.9381905
ILMN_013,cg018,10.076862,17.735115,0.56818706,0.56990796
ILMN_013,cg019,20.94617,14.219366,1.4730735,0.14073122
ILMN_013,cg020,-12.427908,17.085077,-0.72741306,0.46697295
ILMN_013,cg021,-6.020813,16.806376,-0.35824576,0.7201594
ILMN_013,cg022,11.303164,16.243567,0.6958548,0.4865198
ILMN_013,cg023,-18.360043,15.016476,-1.22266,0.2214582
ILMN_013,cg024,-7.654547,15.362183,-0.49827212,0.6182923
ILMN_013,cg025,0.39927483,14.956135,0.026696391,0.9787019
ILMN_013,cg026,-0.5431042,16.324085,-0.033270113,0.9734592
ILMN_013,cg027,22.505981,14.725409,1.5283774,0.12641889
ILMN_013,cg028,-14.748899,17.807646,-0.8282341,0.407538
ILMN_013,cg029,5.276642,18.877983,0.279513,0.7798512
ILMN_013,cg030,-7.919614,15.532897,-0.5098607,0.6101491
ILMN_013,cg031,-8.589481,16.601183,-0.51740175,0.60487574
ILMN_013,cg032,21.561893,15.353192,1.4043915,0.16020232
ILMN_013,cg033,12.40225,15.45082,0.80269206,0.42215276
ILMN_013,cg034,23.348171,17.557392,1.32982,0.1835776
ILMN_013,cg035,6.555479,14.606289,0.4488121,0.6535672
ILMN_013,cg036,13.202276,15.820996,0.8344782,0.40401155
ILMN_013,cg037,-20.210234,15.308545,-1.3201929,0.18677062
ILMN_013,cg038,13.075123,16.71942,0.78203213,0.4341957
ILMN_013,cg039,2.2303638,16.796747,0.13278547,0.89436305
ILMN_013,cg040,0.29127884,17.144356,0.01698978,0.9864448
ILMN_013,cg041,15.997002,16.714634,0.95706564,0.33853412
ILMN_013,cg042,-10.508949,15.021471,-0.6995952,0.48418015
ILMN_013,cg043,6.9702463,16.767336,0.41570386,0.6776267
ILMN_013,cg044,1.1904354,16.106085,0.07391215,0.9410803
ILMN_013,cg045,-23.61005,15.757026,-1.4983824,0.13403392
ILMN_013,cg046,-18.34886,13.738468,-1.3355826,0.18168575
ILMN_013,cg047,15.033475,16.6825,0.9011524,0.36750728
ILMN_013,cg048,2.8055897,15.318272,0.18315315,0.85467786
ILMN_013,cg049,6.38393,16.084213,0.39690658,0.69143635
ILMN_013,cg050,5.7738,15.097633,0.3824308,0.7021419
ILMN_013,cg051,3.7492104,16.370113,0.22902776,0.8188473
ILMN_013,cg052,16.257093,15.262524,1.0651642,0.28680164
ILMN_013,cg053,-2.7704544,16.621906,-0.1666749,0.86762583
ILMN_013,cg054,-0.5799689,16.791584,-0.034539264,0.97244716
ILMN_013,cg055,-16.534561,14.538127,-1.137324,0.25540286
ILMN_013,cg056,12.545002,17.251617,0.72717834,0.46711677
ILMN_013,cg057,16.528296,19.02193,0.86890733,0.38489783
ILMN_013,cg058,6.067337,14.933613,0.40628728,0.68453157
ILMN_013,cg059,1.544838,15.109841,0.10224052,0.91856575
ILMN_013,cg060,-14.013229,15.299648,-0.9159184,0.35970974
ILMN_013,cg061,9.510912,15.034141,0.63262093,0.52698123
ILMN_013,cg062,-19.932243,16.291014,-1.2235116,0.22113657
ILMN_013,cg063,11.04539,15.889987,0.6951164,0.48698235
ILMN_013,cg064,1.7737551,15.894785,0.11159352,0.9111457
ILMN_013,cg065,-2.481238,16.621433,-0.14927942,0.8813332
ILMN_013,cg066,-2.0806408,16.651712,-0.12495056,0.9005627
ILMN_013,cg067,15.793861,15.151698,1.0423822,0.29723448
ILMN_013,cg068,-14.832836,14.89805,-0.99562263,0.31943357
ILMN_013,cg069,6.2021804,16.098349,0.38526812,0.7000388
ILMN_013,cg070,12.129532,15.560435,0.7795111,0.43567872
ILMN_013,cg071,3.5367775,15.127747,0.23379408,0.81514484
ILMN_013,cg072,2.4461203,16.624775,0.14713705,0.88302386
ILMN_013,cg073,-23.748531,14.47504,-1.6406538,0.1008693
ILMN_013,cg074,39.070267,17.511782,2.2310846,0.025675535
ILMN_013,cg075,20.18924,15.969382,1.2642467,0.20614153
ILMN_013,cg076,2.6216698,19.069794,0.13747762,0.89065325
ILMN_013,cg077,11.302673,15.943879,0.7089036,0.47838432
ILMN_013,cg078,-0.2624874,17.188814,-0.015270827,0.9878161
ILMN_013,cg079,-4.3778734,15.599243,-0.28064653,0.7789815
ILMN_013,cg080,19.516594,14.353839,1.3596777,0.17393196
ILMN_013,cg081,-17.349985,16.637218,-1.0428417,0.29702163
ILMN_013,cg082,0.1754961,15.518059,0.011309153,0.9909768
ILMN_013,cg083,-31.579311,15.425466,-2.0472193,0.04063654
ILMN_013,cg084,17.441341,16.919096,1.0308672,0.30260307
ILMN_013,cg085,-4.527012,16.988352,-0.2664774,0.7898716
ILMN_013,cg086,10.469869,16.26423,0.6437359,0.5197467
ILMN_013,cg087,15.724653,15.342927,1.0248796,0.30542004
ILMN_013,cg088,-4.238184,15.275901,-0.27744249,0.7814404
ILMN_013,cg089,13.987877,16.761389,0.8345297,0.40398258
ILMN_013,cg090,17.998844,18.484564,0.97372293,0.33019412
ILMN_013,cg091,10.926524,15.216634,0.7180645,0.47271752
ILMN_013,cg092,26.004322,14.872066,1.7485347,0.0803715
ILMN_013,cg093,-6.3089905,16.194233,-0.38958254,0.6968453
ILMN_013,cg094,-11.054476,17.447187,-0.6335964,0.52634424
ILMN_013,cg095,24.270555,16.464874,1.4740808,0.14045984
ILMN_013,cg096,-4.170534,15.159448,-0.27511123,0.7832308
ILMN_013,cg097,14.494769,16.499426,0.8785014,0.3796717
ILMN_013,cg098,-14.02223,15.17836,-0.9238304,0.35557467
ILMN_013,cg099,3.1003227,15.480704,0.20027013,0.8412693
ILMN_013,cg100,6.56275,17.791382,0.3688724,0.7122228
ILMN_014,cg001,14.713037,13.7044325,1.073597,0.2830034
ILMN_014,cg002,-4.5901093,15.984063,-0.28716788,0.7739838
ILMN_014,cg003,14.192506,15.164778,0.93588614,0.34933186
ILMN_014,cg004,19.626827,16.365433,1.1992855,0.23041695
ILMN_014,cg005,25.265705,14.948815,1.6901476,0.09099972
ILMN_014,cg006,17.74986,14.825813,1.1972268,0.23121816
ILMN_014,cg007,13.524338,13.945494,0.9697999,0.3321463
ILMN_014,cg008,11.2747555,15.0336485,0.749968,0.45327395
ILMN_014,cg009,-19.597754,14.606794,-1.3416876,0.17969733
ILMN_014,cg010,-5.2101955,15.677753,-0.3323305,0.73963976
ILMN_014,cg011,-4.167733,14.542853,-0.28658292,0.7744317
ILMN_014,cg012,-31.67782,15.315562,-2.068342,0.038607895
ILMN_014,cg013,3.5420287,14.831647,0.2388156,0.8112486
ILMN_014,cg014,-31.271587,12.80679,-2.4417975,0.014614344
ILMN_014,cg015,-22.722937,14.704422,-1.5453131,0.122270584
ILMN_014,cg016,-22.556074,14.663225,-1.5382751,0.12398136
ILMN_014,cg017,12.378012,14.206751,0.87127674,0.3836031
ILMN_014,cg018,-5.5454025,16.415823,-0.33780837,0.7355076
ILMN_014,cg019,-10.228624,13.353192,-0.76600593,0.44367278
ILMN_014,cg020,1.5973902,15.867212,0.10067239,0.91981053
ILMN_014,cg021,0.96473503,15.54207,0.062072493,0.9505051
ILMN_014,cg022,-12.376885,14.969243,-0.8268211,0.4083385
ILMN_014,cg023,-12.121711,13.97781,-0.86721104,0.3858264
ILMN_014,cg024,-2.239883,14.22174,-0.15749711,0.8748531
ILMN_014,cg025,14.363329,13.649137,1.0523251,0.2926504
ILMN_014,cg026,0.04988861,15.075858,0.003309172,0.9973597
ILMN_014,cg027,-0.044687986,13.940279,-0.0032056738,0.99744225
ILMN_014,cg028,12.79894,16.460129,0.7775723,0.43682122
ILMN_014,cg029,-16.355139,17.281631,-0.9463886,0.3439504
ILMN_014,cg030,-22.326702,14.003759,-1.5943363,0.110860765
ILMN_014,cg031,-18.617676,15.129119,-1.2305856,0.2184779
ILMN_014,cg032,5.8414764,14.454182,0.40413746,0.6861117
ILMN_014,cg033,-14.436428,14.210252,-1.0159165,0.30966914
ILMN_014,cg034,3.580779,16.514967,0.21682024,0.82834846
ILMN_014,cg035,-7.08774,13.478302,-0.525863,0.5989834
ILMN_014,cg036,9.854127,14.649366,0.6726657,0.50116
ILMN_014,cg037,-10.042101,14.326843,-0.70092905,0.4833473
ILMN_014,cg038,4.799345,15.526967,0.30909738,0.75724745
ILMN_014,cg039,-2.2704372,15.511553,-0.14637072,0.8836287
ILMN_014,cg040,-1.2370901,15.832218,-0.07813751,0.9377187
ILMN_014,cg041,-10.533523,15.511732,-0.6790681,0.49709475
ILMN_014,cg042,4.1078672,13.93313,0.2948273,0.76812583
ILMN_014,cg043,4.1443315,15.502054,0.26734078,0.7892068
ILMN_014,cg044,-26.354347,14.358747,-1.8354212,0.066443324
ILMN_014,cg045,-2.6503487,14.897753,-0.17790258,0.85879946
ILMN_014,cg046,-8.989452,12.8633585,-0.6988418,0.4846509
ILMN_014,cg047,15.969336,15.362694,1.039488,0.29857785
ILMN_014,cg048,10.152712,14.072551,0.721455,0.47062963
ILMN_014,cg049,-15.501497,14.702978,-1.0543101,0.29174095
ILMN_014,cg050,21.802683,13.590145,1.604301,0.108647764
ILMN_014,cg051,12.303009,15.017645,0.81923693,0.41265124
ILMN_014,cg052,-12.554373,14.14749,-0.8873923,0.37486774
ILMN_014,cg053,-5.843507,15.331167,-0.38115212,0.70309037
ILMN_014,cg054,11.276154,15.418244,0.7313513,0.46456456
ILMN_014,cg055,9.81379,13.536652,0.72497916,0.4684648
ILMN_014,cg056,8.702229,15.972138,0.544838,0.5858649
ILMN_014,cg057,13.456542,17.599298,0.7646067,0.44450575
ILMN_014,cg058,-20.48556,13.482069,-1.519467,0.128645
ILMN_014,cg059,-12.392548,13.83575,-0.8956904,0.3704182
ILMN_014,cg060,-12.587347,14.136539,-0.8904122,0.37324458
ILMN_014,cg061,-46.38115,12.15269,-3.8165336,0.00013536215
ILMN_014,cg062,12.562802,15.175355,0.8278424,0.40775973
ILMN_014,cg063,-2.2896042,14.7477865,-0.1552507,0.8766237
ILMN_014,cg064,-0.94081783,14.680543,-0.064086035,0.9489017
ILMN_014,cg065,20.525007,15.052818,1.3635325,0.17271477
ILMN_014,cg066,1.6183281,15.379011,0.10522966,0.9161936
ILMN_014,cg067,12.900761,14.028887,0.91958547,0.3577894
ILMN_014,cg068,33.560455,12.99601,2.582366,0.009812534
ILMN_014,cg069,-0.79698944,14.89071,-0.053522594,0.9573155
ILMN_014,cg070,-4.329136,14.450943,-0.29957464,0.76450163
ILMN_014,cg071,10.677078,13.890205,0.76867676,0.4420852
ILMN_014,cg072,32.63489,14.583691,2.2377663,0.025236309
ILMN_014,cg073,-0.75157356,13.753158,-0.054647345,0.9564194
ILMN_014,cg074,3.2070942,17.018534,0.18844715,0.85052615
ILMN_014,cg075,-11.5383835,14.905358,-0.7741098,0.4388659
ILMN_014,cg076,38.896137,16.655317,2.3353586,0.019524693
ILMN_014,cg077,-6.923924,14.769524,-0.46879807,0.63921404
ILMN_014,cg078,-10.34997,15.800796,-0.6550284,0.5124495
ILMN_014,cg079,-5.1573286,14.398533,-0.3581843,0.7202054
ILMN_014,cg080,14.132338,13.358329,1.057942,0.29008186
ILMN_014,cg081,7.32292,15.507888,0.47220615,0.63677967
ILMN_014,cg082,19.700932,14.033853,1.4038149,0.16037399
ILMN_014,cg083,5.584646,14.857813,0.3758727,0.7070116
ILMN_014,cg084,20.405598,15.515627,1.3151642,0.18845475
ILMN_014,cg085,-29.346035,15.093301,-1.9443086,0.051858246
ILMN_014,cg086,12.347088,14.977675,0.8243661,0.40973157
ILMN_014,cg087,10.751474,14.24247,0.75488836,0.450316
ILMN_014,cg088,-0.9873619,14.118703,-0.06993291,0.94424707
ILMN_014,cg089,5.757202,15.573161,0.36968744,0.71161544
ILMN_014,cg090,-32.379753,16.571993,-1.9538841,0.05071491
ILMN_014,cg091,-3.7199278,14.120813,-0.2634358,0.7922147
ILMN_014,cg092,-11.283531,14.085892,-0.801052,0.4231016
ILMN_014,cg093,5.2501106,14.960396,0.35093394,0.7256379
ILMN_014,cg094,-32.651596,15.450379,-2.11332,0.034573376
ILMN_014,cg095,11.213099,15.472616,0.72470605,0.4686324
ILMN_014,cg096,7.1853514,13.971512,0.51428586,0.6070522
ILMN_014,cg097,1.9853382,15.362113,0.12923601,0.8971709
ILMN_014,cg098,-5.789363,14.121238,-0.4099756,0.68182385
ILMN_014,cg099,-15.756158,14.113105,-1.1164204,0.26424223
ILMN_014,cg100,24.53369,16.052526,1.5283382,0.1264286
ILMN_015,cg001,4.167574,15.023172,0.2774097,0.78146553
ILMN_015,cg002,7.1882324,17.304247,0.4154028,0.677847
ILMN_015,cg003,6.3327446,16.562752,0.38234857,0.7022028
ILMN_015,cg004,3.2252579,18.003267,0.17914848,0.8578211
ILMN_015,cg005,-30.154066,16.091831,-1.8738741,0.060947776
ILMN_015,cg006,-7.0177155,16.281557,-0.43102238,0.6664521
ILMN_015,cg007,10.788969,15.182656,0.7106114,0.47732508
ILMN_015,cg008,-2.7788925,16.385412,-0.16959552,0.86532825
ILMN_015,cg009,-20.296284,15.855487,-1.2800795,0.20051718
ILMN_015,cg010,6.215365,16.9849,0.36593476,0.71441376
ILMN_015,cg011,-9.158761,15.715536,-0.5827839,0.5600388
ILMN_015,cg012,-6.3477173,17.326073,-0.36636794,0.7140906
ILMN_015,cg013,10.287846,16.010603,0.64256454,0.52050674
ILMN_015,cg014,-11.0031,14.66063,-0.7505203,0.45294142
ILMN_015,cg015,6.3177853,16.31627,0.3872077,0.69860244
ILMN_015,cg016,-17.178658,16.095322,-1.0673075,0.285833
ILMN_015,cg017,2.5864763,15.516993,0.1666867,0.8676166
ILMN_015,cg018,-22.4146,17.501791,-1.2807032,0.20029795
ILMN_015,cg019,7.595154,14.51908,0.52311534,0.600894
ILMN_015,cg020,-5.1259446,17.179808,-0.2983703,0.76542056
ILMN_015,cg021,33.40847,16.106503,2.0742226,0.03805864
ILMN_015,cg022,11.794754,16.24874,0.72588736,0.46790785
ILMN_015,cg023,-5.9113603,15.245499,-0.38774464,0.698205
ILMN_015,cg024,-11.064159,15.329005,-0.72177935,0.47043014
ILMN_015,cg025,19.791155,14.680686,1.3481083,0.17762357
ILMN_015,cg026,-32.98433,15.596327,-2.114878,0.03444034
ILMN_015,cg027,7.3891115,15.067068,0.49041468,0.6238405
ILMN_015,cg028,1.9403048,17.951607,0.1080853,0.91392803
ILMN_015,cg029,-43.81527,17.770897,-2.4655633,0.013679802
ILMN_015,cg030,-10.303479,15.514641,-0.6641133,0.5066178
ILMN_015,cg031,-20.74054,16.379345,-1.2662618,0.20541936
ILMN_015,cg032,11.960178,15.591673,0.7670876,0.44302946
ILMN_015,cg033,-7.5548725,15.530858,-0.4864427,0.6266533
ILMN_015,cg034,1.2383223,17.904682,0.06916192,0.94486076
ILMN_015,cg035,5.630826,14.626075,0.38498545,0.7002482
ILMN_015,cg036,10.345522,15.879601,0.6514976,0.5147253
ILMN_015,cg037,-22.299555,15.25776,-1.4615222,0.1438722
ILMN_015,cg038,4.41067,16.830727,0.26206058,0.79327476
ILMN_015,cg039,17.68803,16.609535,1.0649322,0.2869066
ILMN_015,cg040,10.810894,17.083542,0.6328251,0.5268479
ILMN_015,cg041,8.868364,16.842678,0.52654123,0.59851223
ILMN_015,cg042,30.83426,14.412899,2.1393518,0.032407165
ILMN_015,cg043,-17.850895,16.604565,-1.0750595,0.2823481
ILMN_015,cg044,-19.329668,15.865622,-1.2183366,0.22309607
ILMN_015,cg045,-1.2411804,16.148489,-0.076860465,0.93873453
ILMN_015,cg046,25.211332,13.511184,1.8659602,0.062046945
ILMN_015,cg047,35.360313,16.014935,2.2079587,0.02724719
ILMN_015,cg048,5.9709606,15.310485,0.3899916,0.69654274
ILMN_015,cg049,-21.92014,15.797034,-1.387611,0.16525555
ILMN_015,cg050,11.767841,15.033581,0.78277034,0.433762
ILMN_015,cg051,-15.902929,16.223616,-0.9802334,0.32697093
ILMN_015,cg052,-4.1592464,15.44945,-0.26921648,0.7877631
ILMN_015,cg053,6.782543,16.60978,0.40834638,0.6830194
ILMN_015,cg054,-1.9844055,16.802313,-0.11810312,0.90598595
ILMN_015,cg055,4.1815395,14.739689,0.2836925,0.776646
ILMN_015,cg056,33.37714,16.652023,2.0043895,0.04502833
ILMN_015,cg057,-5.038824,19.17793,-0.26274076,0.7927504
ILMN_015,cg058,5.314392,14.951501,0.35544205,0.72225845
ILMN_015,cg059,14.737144,14.9664,0.98468196,0.32478034
ILMN_015,cg060,-20.674816,15.146836,-1.3649594,0.17226583
ILMN_015,cg061,-0.9975395,15.110428,-0.06601663,0.94736457
ILMN_015,cg062,8.715429,16.516932,0.5276664,0.59773093
ILMN_015,cg063,0.89713573,15.9851,0.05612325,0.95524365
ILMN_015,cg064,2.1471634,15.906152,0.1349895,0.8926202
ILMN_015,cg065,27.705763,16.129131,1.7177467,0.08584285
ILMN_015,cg066,9.379818,16.610018,0.5647085,0.57227206
ILMN_015,cg067,-25.922617,14.857797,-1.7447147,0.08103454
ILMN_015,cg068,-4.954069,15.051714,-0.32913655,0.7420525
ILMN_015,cg069,-5.2296133,16.118408,-0.32444975,0.7455976
ILMN_015,cg070,2.1519556,15.671842,0.13731351,0.890783
ILMN_015,cg071,-34.60653,14.263316,-2.4262612,0.015255272
ILMN_015,cg072,25.199135,16.221567,1.553434,0.120319486
ILMN_015,cg073,21.684479,14.557148,1.4896104,0.13632673
ILMN_015,cg074,-4.3003616,18.43838,-0.23322883,0.8155837
ILMN_015,cg075,-8.463494,16.20912,-0.52214396,0.6015701
ILMN_015,cg076,5.154787,19.073408,0.2702604,0.78695995
ILMN_015,cg077,-37.577557,15.056136,-2.49583,0.012566268
ILMN_015,cg078,-14.277254,17.072939,-0.83625054,0.40301394
ILMN_015,cg079,21.43253,15.301843,1.4006503,0.16131872
ILMN_015,cg080,-3.5413322,14.641514,-0.24186927,0.80888146
ILMN_015,cg081,1.4274797,16.844511,0.084744506,0.9324645
ILMN_015,cg082,-0.57984924,15.529915,-0.037337568,0.97021586
ILMN_015,cg083,6.6323013,16.09572,0.4120537,0.6803001
ILMN_015,cg084,-11.594461,17.041191,-0.68037856,0.49626482
ILMN_015,cg085,-2.8120937,17.009628,-0.16532364,0.86868924
ILMN_015,cg086,1.9844284,16.347414,0.12139097,0.90338135
ILMN_015,cg087,-2.9326077,15.523159,-0.18891822,0.8501569
ILMN_015,cg088,-17.54235,15.080366,-1.1632576,0.24472499
ILMN_015,cg089,18.307621,16.683979,1.0973175,0.27250266
ILMN_015,cg090,18.678917,18.484575,1.0105137,0.31224924
ILMN_015,cg091,-21.804237,14.97232,-1.4563032,0.1453088
ILMN_015,cg092,12.596842,15.257666,0.8256074,0.40902686
ILMN_015,cg093,-21.408264,15.923712,-1.3444268,0.17881042
ILMN_015,cg094,-28.939579,17.009766,-1.7013508,0.08887714
ILMN_015,cg095,-10.655824,16.78902,-0.63469,0.5256306
ILMN_015,cg096,5.391777,15.162889,0.35559037,0.72214735
ILMN_015,cg097,42.960556,15.398285,2.7899573,0.0052714944
ILMN_015,cg098,1.0523734,15.329647,0.06864955,0.9452686
ILMN_015,cg099,21.157915,15.182316,1.3935895,0.1634416
ILMN_015,cg100,-3.5039988,17.824047,-0.19658828,0.84414977
ILMN_016,cg001,11.359248,14.985683,0.7580067,0.448447
ILMN_016,cg002,25.488857,16.975521,1.5015066,0.1332246
ILMN_016,cg003,-10.566952,16.563654,-0.6379602,0.5234996
ILMN_016,cg004,16.316515,17.900412,0.9115162,0.36202347
ILMN_016,cg005,10.965809,16.664492,0.6580344,0.51051605
ILMN_016,cg006,-8.547207,16.312723,-0.5239595,0.60030675
ILMN_016,cg007,-9.761541,15.241873,-0.6404424,0.52188504
ILMN_016,cg008,-15.915108,16.269327,-0.9782278,0.32796168
ILMN_016,cg009,9.026175,16.127012,0.5596929,0.57568896
ILMN_016,cg010,12.045559,16.965826,0.70998955,0.4777106
ILMN_016,cg011,23.266182,15.442385,1.5066444,0.13190186
ILMN_016,cg012,-14.019974,17.278027,-0.81143373,0.41711664
ILMN_016,cg013,4.077998,16.117346,0.2530192,0.8002534
ILMN_016,cg014,-16.777542,14.584244,-1.1503882,0.24998403
ILMN_016,cg015,7.1320505,16.356077,0.43604895,0.66280127
ILMN_016,cg016,0.45118046,16.340128,0.027611807,0.9779718
ILMN_016,cg017,-19.524715,15.297817,-1.2763072,0.20184696
ILMN_016,cg018,13.561817,17.750042,0.7640442,0.4448409
ILMN_016,cg019,-2.7850533,14.598315,-0.19077909,0.8486987
ILMN_016,cg020,-1.6716595,17.244125,-0.09694081,0.9227734
ILMN_016,cg021,-44.230156,15.581687,-2.8385987,0.0045312047
ILMN_016,cg022,-2.9815884,16.382645,-0.18199676,0.8555853
ILMN_016,cg023,-0.9334173,15.313699,-0.060953096,0.9513966
ILMN_016,cg024,17.100306,15.252927,1.1211164,0.26223832
ILMN_016,cg025,-9.140686,14.950314,-0.6114043,0.54093194
ILMN_016,cg026,4.526319,16.370373,0.27649456,0.78216827
ILMN_016,cg027,31.77598,14.407218,2.2055597,0.027414858
ILMN_016,cg028,2.036471,18.003023,0.113118276,0.9099368
ILMN_016,cg029,3.3084898,18.956816,0.17452772,0.86145073
ILMN_016,cg030,-28.600605,15.054218,-1.8998399,0.05745417
ILMN_016,cg031,-13.968143,16.582895,-0.84232235,0.3996076
ILMN_016,cg032,-29.245695,15.133895,-1.9324632,0.053302348
ILMN_016,cg033,14.411712,15.470293,0.9315733,0.35155714
ILMN_016,cg034,-7.8853455,17.919441,-0.44004416,0.65990514
ILMN_016,cg035,-3.196988,14.684194,-0.21771629,0.8276502
ILMN_016,cg036,7.062685,15.964655,0.4423951,0.65820336
ILMN_016,cg037,3.887988,15.64239,0.2485546,0.80370533
ILMN_016,cg038,-1.3042965,16.89064,-0.077220075,0.9384485
ILMN_016,cg039,1.2202721,16.860434,0.072374895,0.94230354
ILMN_016,cg040,-27.038448,16.738914,-1.6153047,0.10624474
ILMN_016,cg041,-14.714588,16.802462,-0.87574005,0.3811714
ILMN_016,cg042,-7.137713,15.119806,-0.472077,0.6368718
ILMN_016,cg043,17.445087,16.662872,1.0469435,0.2951256
ILMN_016,cg044,-0.9141464,16.165375,-0.056549657,0.95490396
ILMN_016,cg045,-7.0583973,16.162508,-0.43671423,0.6623186
ILMN_016,cg046,0.47371292,14.053334,0.033708222,0.97310984
ILMN_016,cg047,-22.313225,16.56715,-1.3468354,0.17803329
ILMN_016,cg048,-11.522436,15.2857685,-0.7538016,0.45096838
ILMN_016,cg049,-17.994526,15.951504,-1.128077,0.25928742
ILMN_016,cg050,-3.7639155,15.166755,-0.24816881,0.80400383
ILMN_016,cg051,17.817545,16.228071,1.0979459,0.27222812
ILMN_016,cg052,6.5710187,15.475793,0.4245998,0.67112845
ILMN_016,cg053,-11.728864,16.597874,-0.7066486,0.4797849
ILMN_016,cg054,-4.712281,16.838871,-0.27984545,0.7795961
ILMN_016,cg055,-6.4421797,14.764491,-0.43632928,0.6625979
ILMN_016,cg056,13.9865055,17.291399,0.8088707,0.41858953
ILMN_016,cg057,-36.660057,18.47297,-1.9845244,0.0471974
ILMN_016,cg058,-3.143734,15.007928,-0.20947155,0.83408016
ILMN_016,cg059,-9.237972,15.105526,-0.61156243,0.54082733
ILMN_016,cg060,6.44837,15.465778,0.4169444,0.67671907
ILMN_016,cg061,1.5472488,15.152892,0.10210914,0.91867006
ILMN_016,cg062,-9.374434,16.556908,-0.5661948,0.5712614
ILMN_016,cg063,25.495445,15.584681,1.63593,0.101854265
ILMN_016,cg064,-17.74702,15.739036,-1.1275799,0.25949734
ILMN_016,cg065,-27.093609,16.201017,-1.6723399,0.09445733
ILMN_016,cg066,-9.68648,16.65431,-0.58162,0.5608227
ILMN_016,cg067,-2.338811,15.381789,-0.15205064,0.879147
ILMN_016,cg068,-16.412811,14.917768,-1.100219,0.27123672
ILMN_016,cg069,9.608207,16.121134,0.5960007,0.55117476
ILMN_016,cg070,-7.9617805,15.67625,-0.5078881,0.61153185
ILMN_016,cg071,-5.7675476,15.16826,-0.38023794,0.7037688
ILMN_016,cg072,-5.3803973,16.670626,-0.32274717,0.74688673
ILMN_016,cg073,-20.830133,14.628053,-1.4239854,0.15445071
ILMN_016,cg074,5.571892,18.484098,0.30144244,0.76307714
ILMN_016,cg075,2.930416,16.298119,0.17980088,0.85730886
ILMN_016,cg076,-2.8678665,19.13878,-0.14984584,0.88088626
ILMN_016,cg077,-9.654657,16.026255,-0.60242754,0.54688954
ILMN_016,cg078,11.290679,17.1712,0.65753585,0.5108364
ILMN_016,cg079,3.310999,15.662072,0.21140236,0.8325733
ILMN_016,cg080,-3.8003516,14.682275,-0.25883943,0.79575914
ILMN_016,cg081,1.2636261,16.893255,0.074800625,0.94037336
ILMN_016,cg082,-7.870761,15.531526,-0.5067603,0.61232305
ILMN_016,cg083,-10.23144,16.101267,-0.63544315,0.52513945
ILMN_016,cg084,23.121038,16.834284,1.3734494,0.1696127
ILMN_016,cg085,-4.6249695,17.049994,-0.2712593,0.7861916
ILMN_016,cg086,-10.723974,16.320648,-0.6570802,0.5111294
ILMN_016,cg087,26.666842,15.06936,1.7696068,0.07679266
ILMN_016,cg088,3.9022312,15.333787,0.25448582,0.79912025
ILMN_016,cg089,18.051277,16.739277,1.0783786,0.28086483
ILMN_016,cg090,-27.76805,18.28973,-1.5182317,0.12895602
ILMN_016,cg091,2.7372742,15.352324,0.17829706,0.8584897
ILMN_016,cg092,20.104221,15.126814,1.3290453,0.18383306
ILMN_016,cg093,7.2971134,16.244646,0.44920114,0.6532866
ILMN_016,cg094,10.099106,17.524076,0.5762989,0.5644132
ILMN_016,cg095,13.83454,16.787403,0.82410246,0.40988135
ILMN_016,cg096,-5.6140347,15.204876,-0.36922595,0.7119593
ILMN_016,cg097,-12.431403,16.59719,-0.74900645,0.45385337
ILMN_016,cg098,-6.306643,15.346385,-0.41095302,0.681107
ILMN_016,cg099,-4.100766,15.532317,-0.2640151,0.7917683
ILMN_016,cg100,-16.9836,17.706635,-0.95916593,0.33747518
ILMN_017,cg001,-12.788917,14.087833,-0.9077987,0.36398458
ILMN_017,cg002,-7.6040506,16.350182,-0.4650744,0.6418782
ILMN_017,cg003,15.805981,15.507706,1.019234,0.30809194
ILMN_017,cg004,-14.784847,16.88451,-0.87564564,0.38122272
ILMN_017,cg005,16.881372,15.584213,1.0832355,0.27870393
ILMN_017,cg006,4.326728,15.409008,0.28079212,0.77886987
ILMN_017,cg007,13.516814,14.29264,0.9457185,0.34429216
ILMN_017,cg008,17.681965,15.273268,1.1577067,0.2469837
ILMN_017,cg009,-3.64705,15.243531,-0.2392523,0.81091
ILMN_017,cg010,17.401028,15.873385,1.0962392,0.27297413
ILMN_017,cg011,-8.40716,14.859223,-0.5657873,0.5715384
ILMN_017,cg012,8.263878,16.357115,0.5052161,0.613407
ILMN_017,cg013,-15.714567,15.025199,-1.0458808,0.2956161
ILMN_017,cg014,8.821651,13.882674,0.6354432,0.52513945
ILMN_017,cg015,-11.490652,15.355912,-0.74828845,0.45428616
ILMN_017,cg016,-5.715998,15.379277,-0.37166885,0.71013945
ILMN_017,cg017,15.388708,14.496346,1.0615577,0.28843653
ILMN_017,cg018,-10.420118,16.7668,-0.6214733,0.5342883
ILMN_017,cg019,4.748659,13.748015,0.3454069,0.72978854
ILMN_017,cg020,15.444868,16.095701,0.9595648,0.3372743
ILMN_017,cg021,-2.8180466,15.916375,-0.17705329,0.85946655
ILMN_017,cg022,30.159742,14.793992,2.038648,0.04148519
ILMN_017,cg023,-7.9555597,14.387558,-0.55294716,0.5802996
ILMN_017,cg024,-2.816523,14.566609,-0.19335474,0.8466812
ILMN_017,cg025,-1.6545181,14.147224,-0.11695001,0.9068997
ILMN_017,cg026,5.7198577,15.4205065,0.3709254,0.7106931
ILMN_017,cg027,-17.473177,14.04596,-1.2440002,0.21349949
ILMN_017,cg028,-15.023541,16.826859,-0.892831,0.3719477
ILMN_017,cg029,21.211147,17.598915,1.2052531,0.2281056
ILMN_017,cg030,2.701314,14.730943,0.18337686,0.8545023
ILMN_017,cg031,21.145355,15.439508,1.3695614,0.17082387
ILMN_017,cg032,-2.4407854,14.828608,-0.16459978,0.869259
ILMN_017,cg033,-2.5906906,14.714272,-0.17606652,0.8602417
ILMN_017,cg034,11.435011,16.842222,0.67894906,0.49717015
ILMN_017,cg035,-7.124294,13.808573,-0.5159327,0.6059014
ILMN_017,cg036,-14.007866,14.938181,-0.9377223,0.34838712
ILMN_017,cg037,3.5769634,14.745005,0.24258815,0.80832446
ILMN_017,cg038,34.417393,15.09186,2.2805269,0.022576451
ILMN_017,cg039,16.695004,15.701796,1.0632545,0.28766656
ILMN_017,cg040,-4.704582,16.204592,-0.29032403,0.77156836
ILMN_017,cg041,10.523535,15.893946,0.6621097,0.50790095
ILMN_017,cg042,-6.586318,14.253388,-0.46208787,0.6440183
ILMN_017,cg043,-7.7644625,15.851183,-0.4898349,0.62425077
ILMN_017,cg044,-12.174545,15.131932,-0.8045599,0.42107368
ILMN_017,cg045,10.538121,15.187073,0.6938876,0.48775274
ILMN_017,cg046,8.039154,13.193718,0.6093168,0.54231447
ILMN_017,cg047,5.654977,15.899296,0.35567468,0.72208416
ILMN_017,cg048,-19.438095,14.210982,-1.367822,0.17136776
ILMN_017,cg049,2.8599777,15.236633,0.18770404,0.8511087
ILMN_017,cg050,-2.5477915,14.300836,-0.17815682,0.85859984
ILMN_017,cg051,13.7251625,15.363029,0.8933891,0.37164885
ILMN_017,cg052,-13.599015,14.477877,-0.93929625,0.3475787
ILMN_017,cg053,-0.23408508,15.729827,-0.014881606,0.98812664
ILMN_017,cg054,7.324515,15.849094,0.46214092,0.64398026
ILMN_017,cg055,34.310165,12.99593,2.6400702,0.00828886
ILMN_017,cg056,-25.088081,15.99217,-1.5687728,0.11670089
ILMN_017,cg057,19.955433,17.902569,1.1146687,0.26499242
ILMN_017,cg058,-10.816435,14.063098,-0.769136,0.44181257
ILMN_017,cg059,-26.094177,13.7688265,-1.8951635,0.05807072
ILMN_017,cg060,30.68021,13.887422,2.2092085,0.027160168
ILMN_017,cg061,-11.349087,14.186408,-0.7999972,0.42371243
ILMN_017,cg062,-4.762624,15.645095,-0.30441642,0.7608107
ILMN_017,cg063,-8.681995,15.057117,-0.57660407,0.56420696
ILMN_017,cg064,2.3317623,15.035332,0.15508552,0.8767539
ILMN_017,cg065,-9.814946,15.661765,-0.626682,0.5308677
ILMN_017,cg066,-32.47213,15.01095,-2.1632295,0.030523539
ILMN_017,cg067,27.580936,13.920719,1.9812868,0.047559142
ILMN_017,cg068,24.147053,13.793239,1.7506442,0.080007195
ILMN_017,cg069,0.57309437,15.254126,0.037569795,0.97003067
ILMN_017,cg070,8.23396,14.768007,0.5575539,0.57714903
ILMN_017,cg071,-1.8185596,14.317561,-0.12701602,0.8989277
ILMN_017,cg072,3.283732,15.724081,0.20883459,0.8345774
ILMN_017,cg073,12.318695,13.971482,0.8817028,0.37793756
ILMN_017,cg074,-12.754864,17.338644,-0.7356321,0.4619546
ILMN_017,cg075,-14.716034,15.214082,-0.967264,0.33341205
ILMN_017,cg076,5.0778465,18.029102,0.2816472,0.77821404
ILMN_017,cg077,16.939201,14.9587755,1.1323923,0.25746953
ILMN_017,cg078,-7.5407867,16.223427,-0.4648085,0.6420686
ILMN_017,cg079,-13.456103,14.636403,-0.9193586,0.35790807
ILMN_017,cg080,8.968271,13.786337,0.6505188,0.51535714
ILMN_017,cg081,-6.1244354,15.898949,-0.3852101,0.70008177
ILMN_017,cg082,-7.480987,14.63935,-0.51101905,0.6093377
ILMN_017,cg083,-5.886524,15.218814,-0.38679257,0.69890976
ILMN_017,cg084,1.6578197,16.18826,0.102408774,0.91843224
ILMN_017,cg085,-1.8195114,16.081955,-0.11313994,0.9099196
ILMN_017,cg086,34.622097,14.58856,2.3732362,0.017632961
ILMN_017,cg087,-20.039513,14.379508,-1.393616,0.16343361
ILMN_017,cg088,4.638889,14.447637,0.3210829,0.7481476
ILMN_017,cg089,-26.00229,15.509852,-1.6765015,0.09364003
ILMN_017,cg090,1.9505749,17.664242,0.110425055,0.9120723
ILMN_017,cg091,15.824627,14.286851,1.1076357,0.2680192
ILMN_017,cg092,5.85953,14.5040245,0.4039934,0.68621755
ILMN_017,cg093,1.0039177,15.3450575,0.06542287,0.9478373
ILMN_017,cg094,13.943623,16.449768,0.84764856,0.39663374
ILMN_017,cg095,17.779087,15.7231865,1.130756,0.2581578
ILMN_017,cg096,-9.213717,14.288923,-0.6448154,0.51904684
ILMN_017,cg097,15.935044,15.563296,1.0238862,0.305889
ILMN_017,cg098,13.2388115,14.359993,0.9219233,0.35656857
ILMN_017,cg099,6.047271,14.624715,0.41349667,0.67924273
ILMN_017,cg100,-9.270132,16.800867,-0.5517651,0.5811093
ILMN_018,cg001,9.40332,14.279852,0.65850264,0.5102152
ILMN_018,cg002,12.937829,16.432186,0.7873468,0.4310789
ILMN_018,cg003,-13.68434,15.700048,-0.8716113,0.38342047
ILMN_018,cg004,34.42718,16.417803,2.096942,0.035998702
ILMN_018,cg005,9.587141,15.867154,0.604213,0.54570204
ILMN_018,cg006,-0.5795002,15.56686,-0.03722653,0.97030437
ILMN_018,cg007,-31.449078,13.808755,-2.2774737,0.022757947
ILMN_018,cg008,-2.4408379,15.635597,-0.15610775,0.8759481
ILMN_018,cg009,-20.141703,15.1071825,-1.3332534,0.18244869
ILMN_018,cg010,-15.566607,16.06735,-0.96883476,0.33262765
ILMN_018,cg011,21.952282,14.698776,1.4934769,0.13531244
ILMN_018,cg012,-11.866053,16.46383,-0.7207346,0.47107285
ILMN_018,cg013,5.107416,15.327134,0.33322707,0.7389629
ILMN_018,cg014,-7.5128517,14.030808,-0.5354539,0.592336
ILMN_018,cg015,-21.783253,15.2599,-1.4274833,0.15344065
ILMN_018,cg016,11.6779785,15.451412,0.75578713,0.44977683
ILMN_018,cg017,-48.168194,12.996838,-3.7061472,0.000210464
ILMN_018,cg018,7.593462,16.9583,0.4477726,0.6543173
ILMN_018,cg019,-3.6719208,13.884606,-0.26445985,0.7914256
ILMN_018,cg020,0.6698818,16.408417,0.0408255,0.967435
ILMN_018,cg021,0.8815079,16.070852,0.054851346,0.95625687
ILMN_018,cg022,9.432596,15.530842,0.6073461,0.54362124
ILMN_018,cg023,-11.250484,14.476179,-0.7771722,0.4370572
ILMN_018,cg024,-15.979999,14.5195055,-1.1005883,0.27107584
ILMN_018,cg025,11.666149,14.1783,0.8228172,0.410612
ILMN_018,cg026,17.355293,15.377181,1.1286395,0.25904995
ILMN_018,cg027,-14.889522,14.246276,-1.0451518,0.2959528
ILMN_018,cg028,8.431953,17.08631,0.4934918,0.6216651
ILMN_018,cg029,8.19455,18.002062,0.4552006,0.64896494
ILMN_018,cg030,34.381752,13.984305,2.4585955,0.0139481425
ILMN_018,cg031,15.023626,15.744059,0.954241,0.33996165
ILMN_018,cg032,29.48335,14.327363,2.057835,0.039605975
ILMN_018,cg033,-1.1229553,14.856588,-0.07558635,0.93974817
ILMN_018,cg034,-19.316904,16.846355,-1.1466519,0.25152552
ILMN_018,cg035,25.753744,13.452949,1.9143568,0.055574596
ILMN_018,cg036,14.3049965,15.075126,0.94891393,0.34266436
ILMN_018,cg037,-13.500666,14.75942,-0.9147152,0.3603412
ILMN_018,cg038,-16.845955,15.878664,-1.0609176,0.28872734
ILMN_018,cg039,9.872574,15.976712,0.61793524,0.53661805
ILMN_018,cg040,-3.618248,16.363111,-0.22112225,0.82499725
ILMN_018,cg041,1.32862,16.11834,0.08242908,0.9343055
ILMN_018,cg042,-18.573195,14.158244,-1.311829,0.18957788
ILMN_018,cg043,11.1059,15.957982,0.6959464,0.4864624
ILMN_018,cg044,28.436678,14.798706,1.9215652,0.0546605
ILMN_018,cg045,1.869144,15.407308,0.12131542,0.9034412
ILMN_018,cg046,18.288044,13.096605,1.3963958,0.16259533
ILMN_018,cg047,1.2472482,16.069666,0.07761507,0.93813425
ILMN_018,cg048,-6.178069,14.604917,-0.42301297,0.6722858
ILMN_018,cg049,9.2896,15.324577,0.60618967,0.54438883
ILMN_018,cg050,-8.875131,14.3807535,-0.6171534,0.5371336
ILMN_018,cg051,-36.770138,14.671686,-2.5061972,0.012203753
ILMN_018,cg052,-0.31049633,14.753301,-0.02104589,0.9832091
ILMN_018,cg053,17.468388,15.667354,1.1149546,0.26486987
ILMN_018,cg054,-5.880433,16.011631,-0.3672601,0.71342504
ILMN_018,cg055,7.5039563,14.033264,0.5347264,0.59283906
ILMN_018,cg056,15.55638,16.409075,0.9480352,0.34311152
ILMN_018,cg057,-19.108616,18.095158,-1.0560071,0.29096496
ILMN_018,cg058,25.436811,13.785126,1.8452361,0.065003216
ILMN_018,cg059,-4.1698494,14.41746,-0.28922218,0.77241135
ILMN_018,cg060,-0.39523458,14.7426815,-0.026808867,0.9786122
ILMN_018,cg061,12.593935,14.298889,0.8807632,0.37844604
ILMN_018,cg062,-13.577946,15.6806965,-0.86590195,0.38654393
ILMN_018,cg063,3.5437665,15.244448,0.23246276,0.8161786
ILMN_018,cg064,-8.165717,15.132733,-0.5396062,0.58946866
ILMN_018,cg065,-1.6826527,15.874306,-0.10599851,0.91558355
ILMN_018,cg066,15.359798,15.741945,0.9757243,0.32920116
ILMN_018,cg067,-5.6353416,14.615183,-0.38558134,0.69980675
ILMN_018,cg068,-15.362442,14.199626,-1.0818906,0.27930117
ILMN_018,cg069,19.843054,15.11716,1.3126179,0.18931174
ILMN_018,cg070,14.720963,14.798711,0.99474627,0.31985974
ILMN_018,cg071,-1.0705566,14.453742,-0.07406779,0.9409565
ILMN_018,cg072,-3.847238,15.869189,-0.24243444,0.80844355
ILMN_018,cg073,15.668034,14.032527,1.1165512,0.26418632
ILMN_018,cg074,4.8097725,17.589888,0.27343965,0.78451526
ILMN_018,cg075,8.731049,15.458895,0.56479126,0.5722158
ILMN_018,cg076,-36.416386,17.404783,-2.0923204,0.036409855
ILMN_018,cg077,6.5245667,15.278063,0.42705458,0.66933954
ILMN_018,cg078,1.7574081,16.412207,0.107079335,0.914726
ILMN_018,cg079,-6.029792,14.882488,-0.4051602,0.6853598
ILMN_018,cg080,6.364645,13.948186,0.45630628,0.64816976
ILMN_018,cg081,-9.284058,16.015787,-0.57968163,0.5621293
ILMN_018,cg082,-10.875904,14.731749,-0.73826295,0.4603547
ILMN_018,cg083,-25.119507,14.934352,-1.6819952,0.09256977
ILMN_018,cg084,15.668086,16.1781,0.968475,0.33280718
ILMN_018,cg085,-12.034512,16.138044,-0.74572307,0.45583475
ILMN_018,cg086,9.314558,15.540527,0.5993721,0.5489248
ILMN_018,cg087,-18.48154,14.565131,-1.2688894,0.20448053
ILMN_018,cg088,-3.7092443,14.589454,-0.25424147,0.799309
ILMN_018,cg089,9.325931,16.06803,0.5804029,0.56164294
ILMN_018,cg090,21.59826,17.545912,1.2309569,0.21833897
ILMN_018,cg091,-6.317047,14.582401,-0.43319663,0.66487193
ILMN_018,cg092,14.105559,14.518025,0.9715894,0.33125484
ILMN_018,cg093,-11.381812,15.3987665,-0.7391379,0.45982325
ILMN_018,cg094,-34.546654,15.939397,-2.1673753,0.030206263
ILMN_018,cg095,12.742589,15.979894,0.7974139,0.4252107
ILMN_018,cg096,-9.234491,14.424083,-0.64021343,0.5220339
ILMN_018,cg097,2.370205,15.883668,0.14922278,0.8813779
ILMN_018,cg098,-5.3040295,14.60728,-0.36310863,0.71652377
ILMN_018,cg099,20.073616,14.490344,1.3853098,0.16595775
ILMN_018,cg100,-10.188127,16.948292,-0.60113,0.5477534
ILMN_019,cg001,-3.3764553,14.860308,-0.22721301,0.82025814
ILMN_019,cg002,-1.8215504,17.141909,-0.10626298,0.9153737
ILMN_019,cg003,9.65531,16.342812,0.59079856,0.55465543
ILMN_019,cg004,23.269398,17.475811,1.3315203,0.18301791
ILMN_019,cg005,19.350292,16.2608,1.1899964,0.23404783
ILMN_019,cg006,4.708357,16.118158,0.29211506,0.77019864
ILMN_019,cg007,6.3390594,15.067154,0.42072043,0.67395926
ILMN_019,cg008,5.92708,16.18481,0.36621252,0.7142065
ILMN_019,cg009,-31.197002,15.2787285,-2.0418584,0.04116559
ILMN_019,cg010,10.034468,16.755386,0.5988801,0.54925287
ILMN_019,cg011,9.383263,15.536682,0.6039425,0.54588187
ILMN_019,cg012,11.083108,17.080519,0.6488742,0.51641965
ILMN_019,cg013,7.850935,15.861394,0.4949713,0.62062037
ILMN_019,cg014,9.638237,14.516811,0.66393626,0.50673115
ILMN_019,cg015,33.77675,15.374773,2.1968942,0.028028011
ILMN_019,cg016,-0.47774315,16.112175,-0.029651064,0.97634536
ILMN_019,cg017,-17.97751,15.1185875,-1.1890999,0.23440033
ILMN_019,cg018,-11.232357,17.535116,-0.6405636,0.52180624
ILMN_019,cg019,12.582685,14.280369,0.8811177,0.37825412
ILMN_019,cg020,9.057102,16.952806,0.53425384,0.59316593
ILMN_019,cg021,-12.678917,16.550478,-0.76607555,0.44363135
ILMN_019,cg022,24.766958,15.7419405,1.5733104,0.11564696
ILMN_019,cg023,5.9701815,15.075017,0.3960315,0.6920818
ILMN_019,cg024,-2.9236937,15.238157,-0.19186662,0.8478467
ILMN_019,cg025,12.222079,14.69144,0.8319184,0.405455
ILMN_019,cg026,1.0838757,16.154636,0.06709378,0.94650704
ILMN_019,cg027,-17.347267,14.71794,-1.1786478,0.23853844
ILMN_019,cg028,-5.3061724,17.73712,-0.29915637,0.76482075
ILMN_019,cg029,0.88183117,18.69812,0.04716149,0.9623845
ILMN_019,cg030,16.610641,15.219812,1.0913827,0.27510452
ILMN_019,cg031,0.48074532,16.477049,0.029176664,0.9767237
ILMN_019,cg032,3.4540653,15.508346,0.222723,0.8237511
ILMN_019,cg033,-4.6754456,15.3822775,-0.30395016,0.76116586
ILMN_019,cg034,-11.106594,17.630741,-0.6299562,0.52872324
ILMN_019,cg035,17.684952,14.250224,1.2410297,0.21459478
ILMN_019,cg036,11.548075,15.683257,0.7363314,0.46152902
ILMN_019,cg037,-1.1041679,15.433686,-0.071542725,0.9429658
ILMN_019,cg038,-17.342062,16.458673,-1.0536731,0.2920326
ILMN_019,cg039,5.1383743,16.608921,0.30937436,0.7570368
ILMN_019,cg040,-22.086527,16.651632,-1.3263881,0.18471116
ILMN_019,cg041,10.590523,16.632486,0.6367372,0.52429605
ILMN_019,cg042,-24.837206,14.48936,-1.7141687,0.08649778
ILMN_019,cg043,24.451134,16.22945,1.5065904,0.13191569
ILMN_019,cg044,10.924967,15.858838,0.68888825,0.4908936
ILMN_019,cg045,-18.024529,15.747383,-1.1446047,0.25237298
ILMN_019,cg046,11.014911,13.761976,0.80038726,0.42348647
ILMN_019,cg047,1.1400032,16.654186,0.06845145,0.9454263
ILMN_019,cg048,-10.896601,15.0800085,-0.72258586,0.46993434
ILMN_019,cg049,-10.229216,15.873583,-0.6444176,0.5193047
ILMN_019,cg050,9.409679,14.90075,0.6314903,0.52772
ILMN_019,cg051,-32.177746,15.500186,-2.0759587,0.037897766
ILMN_019,cg052,28.29678,14.709555,1.9237007,0.0543921
ILMN_019,cg053,13.068045,16.341743,0.7996726,0.42390054
ILMN_019,cg054,9.844742,16.554596,0.5946833,0.55205524
ILMN_019,cg055,7.1171775,14.550844,0.48912472,0.6247534
ILMN_019,cg056,-4.3981147,17.158773,-0.25631872,0.79770476
ILMN_019,cg057,-0.20528126,18.97901,-0.010816226,0.9913701
ILMN_019,cg058,15.17762,14.635541,1.0370386,0.2997179
ILMN_019,cg059,0.5147915,14.955053,0.034422576,0.9725402
ILMN_019,cg060,12.174634,15.173019,0.80238706,0.42232907
ILMN_019,cg061,23.19078,14.546755,1.5942236,0.11088598
ILMN_019,cg062,0.44263268,16.382608,0.02701845,0.978445
ILMN_019,cg063,-10.770132,15.72804,-0.6847727,0.49348742
ILMN_019,cg064,-8.965321,15.676874,-0.5718819,0.567402
ILMN_019,cg065,5.63759,16.432482,0.343076,0.7315413
ILMN_019,cg066,9.861082,16.418016,0.6006257,0.5480893
ILMN_019,cg067,-4.0620527,15.159209,-0.26795942,0.78873056
ILMN_019,cg068,-6.1644306,14.874218,-0.4144373,0.6785539
ILMN_019,cg069,3.099074,15.950971,0.19428748,0.8459508
ILMN_019,cg070,8.765369,15.446888,0.56745213,0.57040703
ILMN_019,cg071,-4.1284666,14.96779,-0.27582338,0.78268373
ILMN_019,cg072,28.754093,15.901213,1.8082956,0.070560515
ILMN_019,cg073,-9.154152,14.676557,-0.6237261,0.53280747
ILMN_019,cg074,6.2681665,18.220829,0.34401104,0.730838
ILMN_019,cg075,33.466274,15.300446,2.1872745,0.028722525
ILMN_019,cg076,15.728432,18.733423,0.839592,0.40113723
ILMN_019,cg077,22.003603,15.529662,1.4168758,0.15651923
ILMN_019,cg078,9.518109,16.953072,0.5614386,0.5744986
ILMN_019,cg079,-11.605415,15.356057,-0.7557549,0.4497962
ILMN_019,cg080,-13.280732,14.355071,-0.92515963,0.3548829
ILMN_019,cg081,6.721261,16.629118,0.40418625,0.68607575
ILMN_019,cg082,-17.155014,15.1478405,-1.1325055,0.25742197
ILMN_019,cg083,-15.609798,15.779231,-0.9892623,0.32253486
ILMN_019,cg084,7.2537746,16.90259,0.42915168,0.6678128
ILMN_019,cg085,6.7387123,16.796238,0.40120366,0.6882702
ILMN_019,cg086,14.815569,16.02009,0.92481184,0.3550638
ILMN_019,cg087,-8.038876,15.310795,-0.5250463,0.599551
ILMN_019,cg088,-27.390226,14.581626,-1.8784069,0.060325563
ILMN_019,cg089,8.74132,16.663342,0.5245838,0.5998725
ILMN_019,cg090,10.713001,18.413303,0.5818077,0.56069624
ILMN_019,cg091,-5.446004,15.122096,-0.36013553,0.7187458
ILMN_019,cg092,7.6581583,15.157488,0.5052393,0.6133908
ILMN_019,cg093,-8.459845,16.004608,-0.52858806,0.59709126
ILMN_019,cg094,-8.02792,17.301455,-0.46400258,0.6426459
ILMN_019,cg095,10.571377,16.601974,0.6367542,0.52428496
ILMN_019,cg096,-30.746058,14.3143,-2.147926,0.031719625
ILMN_019,cg097,9.641536,16.403685,0.58776647,0.556689
ILMN_019,cg098,22.113352,14.805309,1.4936095,0.13527775
ILMN_019,cg099,15.920248,15.146445,1.0510881,0.29321814
ILMN_019,cg100,-17.260536,17.44876,-0.9892128,0.322559
ILMN_020,cg001,6.987385,12.8274,0.5447234,0.58594376
ILMN_020,cg002,-1.2409039,14.836891,-0.08363638,0.93334556
ILMN_020,cg003,-7.0808268,14.159714,-0.5000685,0.61702687
ILMN_020,cg004,-6.5804167,15.383348,-0.4277623,0.6688242
ILMN_020,cg005,-1.6789885,14.286445,-0.117523186,0.90644544
ILMN_020,cg006,9.796423,13.888175,0.7053787,0.4805746
ILMN_020,cg007,19.601566,12.741929,1.5383515,0.1239627
ILMN_020,cg008,14.473576,13.864977,1.0438946,0.29653412
ILMN_020,cg009,-3.6451783,13.799434,-0.2641542,0.79166114
ILMN_020,cg010,-0.14985609,14.558073,-0.0102936765,0.99178696
ILMN_020,cg011,16.707329,13.273447,1.2587031,0.20813763
ILMN_020,cg012,-2.8443127,14.8446455,-0.1916053,0.84805137
ILMN_020,cg013,-17.103363,13.531456,-1.2639706,0.2062406
ILMN_020,cg014,4.8325157,12.60413,0.38340732,0.7014178
ILMN_020,cg015,12.182328,13.8716135,0.87821996,0.37982434
ILMN_020,cg016,6.075365,13.9163065,0.43656448,0.6624272
ILMN_020,cg017,13.828587,13.1272135,1.0534289,0.29214448
ILMN_020,cg018,23.657623,14.839615,1.5942209,0.110886574
ILMN_020,cg019,-3.1450539,12.454791,-0.25251758,0.80064106
ILMN_020,cg020,2.803255,14.71218,0.19053975,0.8488862
ILMN_020,cg021,-22.00573,14.045523,-1.5667434,0.117174685
ILMN_020,cg022,14.056869,13.831892,1.016265,0.3095032
ILMN_020,cg023,7.3438683,13.024611,0.56384546,0.57285935
ILMN_020,cg024,10.70387,13.099063,0.81714773,0.413844
ILMN_020,cg025,0.112072945,12.810621,0.008748439,0.9930198
ILMN_020,cg026,3.5274963,13.97273,0.25245577,0.8006888
ILMN_020,cg027,10.267979,12.840249,0.7996713,0.42390126
ILMN_020,cg028,1.476593,15.364734,0.096102744,0.92343897
ILMN_020,cg029,-7.10445,16.149546,-0.4399164,0.65999764
ILMN_020,cg030,-23.499832,12.884339,-1.8239067,0.0681662
ILMN_020,cg031,1.8481255,14.258296,0.12961756,0.896869
ILMN_020,cg032,-12.857674,13.295119,-0.9670973,0.33349538
ILMN_020,cg033,14.365116,13.1572275,1.0918041,0.2749192
ILMN_020,cg034,30.390663,14.655249,2.073705,0.03810674
ILMN_020,cg035,-13.400483,12.381584,-1.0822915,0.27912307
ILMN_020,cg036,-15.419996,13.462884,-1.145371,0.25205553
ILMN_020,cg037,3.4123669,13.349011,0.25562695,0.79823893
ILMN_020,cg038,-15.118466,14.242357,-1.0615144,0.2884562
ILMN_020,cg039,2.5609922,14.384894,0.17803344,0.8586967
ILMN_020,cg040,-21.744999,14.330613,-1.517381,0.12917054
ILMN_020,cg041,15.6032295,14.274397,1.0930921,0.27435338
ILMN_020,cg042,-4.4689136,12.917971,-0.34594548,0.7293837
ILMN_020,cg043,3.3156815,14.380546,0.23056716,0.8176511
ILMN_020,cg044,7.777397,13.748593,0.56568676,0.57160676
ILMN_020,cg045,17.34301,13.583378,1.2767818,0.20167929
ILMN_020,cg046,9.491684,11.911615,0.7968427,0.4255424
ILMN_020,cg047,-1.0701952,14.41395,-0.07424718,0.9408137
ILMN_020,cg048,9.614599,13.048725,0.7368229,0.46123004
ILMN_020,cg049,-17.686863,13.551716,-1.3051382,0.19184577
ILMN_020,cg050,-0.7177086,12.95184,-0.055413637,0.95580894
ILMN_020,cg051,18.628178,13.758182,1.3539709,0.17574567
ILMN_020,cg052,13.247191,13.088267,1.0121425,0.3114699
ILMN_020,cg053,-14.585632,14.078327,-1.0360345,0.3001861
ILMN_020,cg054,-2.1030116,14.379514,-0.14625053,0.8837236
ILMN_020,cg055,-26.033232,12.028788,-2.164244,0.030445635
ILMN_020,cg056,-29.765726,14.198601,-2.0963845,0.036048114
ILMN_020,cg057,17.40777,16.224457,1.0729339,0.28330076
ILMN_020,cg058,-25.558449,12.247539,-2.0868232,0.036904097
ILMN_020,cg059,4.1718655,12.929035,0.32267416,0.74694204
ILMN_020,cg060,-11.467065,13.1151905,-0.8743346,0.38193613
ILMN_020,cg061,3.0973969,12.9251795,0.23964053,0.8106089
ILMN_020,cg062,-9.850456,14.104566,-0.6983878,0.48493475
ILMN_020,cg063,8.867414,13.6191,0.65110135,0.5149811
ILMN_020,cg064,-16.752113,13.390474,-1.251047,0.21091735
ILMN_020,cg065,-5.605091,14.216376,-0.39427003,0.69338167
ILMN_020,cg066,7.5920334,14.2213,0.5338495,0.59344566
ILMN_020,cg067,17.524334,12.873689,1.361252,0.17343408
ILMN_020,cg068,11.886997,12.777904,0.9302776,0.3522274
ILMN_020,cg069,-11.397474,13.708497,-0.8314168,0.40573823
ILMN_020,cg070,-9.040063,13.349505,-0.67718333,0.49828964
ILMN_020,cg071,5.966257,12.935345,0.4612368,0.64462876
ILMN_020,cg072,1.2788479,14.241894,0.08979479,0.9284503
ILMN_020,cg073,2.1907802,12.751965,0.17179942,0.86359525
ILMN_020,cg074,6.4557753,15.761554,0.40959004,0.68210673
ILMN_020,cg075,6.6848226,13.879072,0.48164764,0.63005626
ILMN_020,cg076,-5.2134666,16.31931,-0.31946614,0.7493731
ILMN_020,cg077,0.1832447,13.730946,0.013345381,0.9893522
ILMN_020,cg078,-15.676218,14.540392,-1.0781152,0.28098238
ILMN_020,cg079,5.085705,13.351776,0.380901,0.7032767
ILMN_020,cg080,4.0480285,12.525055,0.32319447,0.74654794
ILMN_020,cg081,-13.208792,14.285778,-0.9246113,0.35516816
ILMN_020,cg082,-18.668297,13.003744,-1.4356093,0.15111357
ILMN_020,cg083,1.8156796,13.798723,0.13158315,0.895314
ILMN_020,cg084,-20.02409,14.357926,-1.3946366,0.16312546
ILMN_020,cg085,7.0267143,14.525536,0.48374906,0.628564
ILMN_020,cg086,-1.8994942,13.990775,-0.13576761,0.89200497
ILMN_020,cg087,14.559452,13.1165285,1.110008,0.2669956
ILMN_020,cg088,2.6627212,13.089482,0.20342448,0.8388033
ILMN_020,cg089,16.469055,14.25981,1.1549281,0.24811989
ILMN_020,cg090,-13.157677,15.877029,-0.8287241,0.4072606
ILMN_020,cg091,9.9960165,13.0233755,0.7675442,0.44275802
ILMN_020,cg092,-7.2492695,13.111552,-0.5528918,0.5803375
ILMN_020,cg093,-6.8327866,13.857306,-0.4930819,0.62195474
ILMN_020,cg094,24.116127,14.582027,1.6538254,0.09816301
ILMN_020,cg095,-6.746517,14.397757,-0.46858114,0.6393691
ILMN_020,cg096,16.854904,12.7555275,1.3213804,0.1863746
ILMN_020,cg097,-9.972715,14.174422,-0.7035712,0.48169982
ILMN_020,cg098,14.551183,12.944335,1.1241353,0.26095563
ILMN_020,cg099,-7.5029135,13.219421,-0.56756747,0.5703287
ILMN_020,cg100,20.734158,14.952236,1.3866928,0.16553545
ILMN_021,cg001,-2.189602,13.2779665,-0.1649049,0.8690188
ILMN_021,cg002,8.109889,15.267684,0.53118,0.595294
ILMN_021,cg003,7.8577733,14.6081505,0.53790337,0.59064376
ILMN_021,cg004,17.237673,15.7044935,1.0976268,0.27236748
ILMN_021,cg005,-11.185956,14.654851,-0.76329374,0.44528824
ILMN_021,cg006,-29.446884,13.74184,-2.1428633,0.032124102
ILMN_021,cg007,8.077538,13.432394,0.60134757,0.5476085
ILMN_021,cg008,-17.60395,14.244108,-1.235876,0.2165047
ILMN_021,cg009,-3.5307562,14.243792,-0.24788037,0.804227
ILMN_021,cg010,10.568681,14.944498,0.70719546,0.47944504
ILMN_021,cg011,7.1882772,13.893186,0.5173959,0.60487986
ILMN_021,cg012,-19.463064,15.056353,-1.2926812,0.19612134
ILMN_021,cg013,4.950424,14.187614,0.34892577,0.7271451
ILMN_021,cg014,-20.30503,12.680983,-1.601219,0.10932845
ILMN_021,cg015,-3.336647,14.4281435,-0.23125963,0.8171131
ILMN_021,cg016,3.947647,14.38108,0.27450284,0.7836982
ILMN_021,cg017,-10.411312,13.624949,-0.76413584,0.4447863
ILMN_021,cg018,23.193705,15.3573675,1.5102656,0.13097566
ILMN_021,cg019,5.357279,12.83932,0.41725564,0.67649144
ILMN_021,cg020,-10.484857,15.111681,-0.69382465,0.4877922
ILMN_021,cg021,7.4083567,14.838103,0.49927923,0.6175827
ILMN_021,cg022,7.977854,14.387374,0.5545038,0.5792341
ILMN_021,cg023,1.7668657,13.486662,0.13100839,0.89576864
ILMN_021,cg024,-21.924149,13.228178,-1.6573824,0.09744221
ILMN_021,cg025,-11.963019,13.103775,-0.9129445,0.36127174
ILMN_021,cg026,3.9575005,14.41955,0.27445382,0.7837359
ILMN_021,cg027,2.003374,13.34105,0.15016615,0.88063353
ILMN_021,cg028,11.151297,15.774199,0.70693266,0.4796083
ILMN_021,cg029,-0.98604774,16.702463,-0.05903607,0.95292336
ILMN_021,cg030,18.757654,13.489891,1.3904971,0.16437799
ILMN_021,cg031,11.85767,14.614584,0.8113587,0.41715974
ILMN_021,cg032,3.8850498,13.84895,0.28053027,0.77907073
ILMN_021,cg033,-4.1333466,13.7409935,-0.30080405,0.76356393
ILMN_021,cg034,-25.153957,15.376055,-1.6359175,0.10185689
ILMN_021,cg035,11.240465,12.83425,0.87581784,0.3811291
ILMN_021,cg036,-15.759029,13.8990135,-1.1338236,0.25686854
ILMN_021,cg037,2.01999,13.7841835,0.14654404,0.88349193
ILMN_021,cg038,-10.153538,14.803093,-0.6859065,0.49277204
ILMN_021,cg039,31.443205,14.10976,2.228472,0.025849044
ILMN_021,cg040,9.699495,15.0887575,0.6428293,0.52033484
ILMN_021,cg041,-4.8842745,14.905444,-0.32768393,0.74315065
ILMN_021,cg042,-12.473333,13.222788,-0.943321,0.34551674
ILMN_021,cg043,3.129552,14.8436775,0.210834,0.8330168
ILMN_021,cg044,-4.3712945,14.224709,-0.30730292,0.7586128
ILMN_021,cg045,-10.754663,14.177362,-0.75857997,0.44810385
ILMN_021,cg046,-0.53300667,12.37838,-0.043059487,0.96565413
ILMN_021,cg047,11.273956,14.78449,0.762553,0.44573003
ILMN_021,cg048,-6.364275,13.514396,-0.4709256,0.6376939
ILMN_021,cg049,-3.8934708,14.2318735,-0.27357402,0.784412
ILMN_021,cg050,-10.064848,13.285518,-0.7575804,0.44870222
ILMN_021,cg051,-0.7865696,14.479651,-0.054322414,0.9566783
ILMN_021,cg052,2.1869812,13.654287,0.1601681,0.8727487
ILMN_021,cg053,2.0055227,14.695926,0.13646795,0.89145136
ILMN_021,cg054,18.139032,14.601752,1.2422504,0.21414417
ILMN_021,cg055,-4.1730013,13.017231,-0.32057518,0.74853235
ILMN_021,cg056,9.78857,15.2705145,0.6410112,0.5215154
ILMN_021,cg057,-14.40913,16.819986,-0.85666716,0.39162886
ILMN_021,cg058,3.8980665,13.213115,0.29501495,0.7679825
ILMN_021,cg059,11.925686,13.24303,0.9005255,0.36784065
ILMN_021,cg060,3.0400314,13.640944,0.22286078,0.82364386
ILMN_021,cg061,4.9596214,13.328459,0.37210765,0.7098127
ILMN_021,cg062,-10.134946,14.557914,-0.6961812,0.48631537
ILMN_021,cg063,-1.6420431,14.118926,-0.11630085,0.90741414
ILMN_021,cg064,-4.5951815,14.037221,-0.32735693,0.74339795
ILMN_021,cg065,7.357418,14.657518,0.5019552,0.61569905
ILMN_021,cg066,-17.19729,14.503332,-1.1857475,0.23572206
ILMN_021,cg067,4.645485,13.534694,0.34322792,0.731427
ILMN_021,cg068,-3.6533222,13.30075,-0.2746704,0.78356946
ILMN_021,cg069,10.051847,14.177304,0.70900977,0.4783184
ILMN_021,cg070,25.646729,13.320299,1.9253868,0.05418098
ILMN_021,cg071,-10.8489,13.28556,-0.81659335,0.41416085
ILMN_021,cg072,-6.1791706,14.672199,-0.4211482,0.67364687
ILMN_021,cg073,30.487947,12.374443,2.4637835,0.0137479305
ILMN_021,cg074,19.86284,16.031965,1.2389523,0.21536314
ILMN_021,cg075,19.992172,14.055,1.4224242,0.15490317
ILMN_021,cg076,-34.044426,16.097506,-2.1148882,0.034439504
ILMN_021,cg077,20.103662,13.858395,1.4506488,0.14687765
ILMN_021,cg078,7.8224583,15.151838,0.51627123,0.60566497
ILMN_021,cg079,23.21818,13.370908,1.73647,0.08248079
ILMN_021,cg080,20.200607,12.59449,1.6039242,0.10873079
ILMN_021,cg081,37.15121,13.836001,2.6851118,0.0072505474
ILMN_021,cg082,-5.1551857,13.697562,-0.37635788,0.70665085
ILMN_021,cg083,1.6560721,14.242358,0.11627795,0.90743226
ILMN_021,cg084,2.4529972,15.124651,0.16218537,0.8711599
ILMN_021,cg085,9.637405,14.962684,0.644096,0.51951313
ILMN_021,cg086,13.414438,14.306816,0.9376257,0.34843683
ILMN_021,cg087,-11.565817,13.611372,-0.8497172,0.3954823
ILMN_021,cg088,25.38403,12.987308,1.954526,0.050639033
ILMN_021,cg089,3.6976948,14.919563,0.24784203,0.8042566
ILMN_021,cg090,23.279799,16.147911,1.44166,0.14939827
ILMN_021,cg091,5.557822,13.502482,0.41161484,0.68062174
ILMN_021,cg092,-15.927942,13.372784,-1.1910715,0.23362553
ILMN_021,cg093,-11.137918,14.24564,-0.78184754,0.43430418
ILMN_021,cg094,4.284496,15.478319,0.27680627,0.7819289
ILMN_021,cg095,-5.3844185,14.87429,-0.36199498,0.7173558
ILMN_021,cg096,-7.007868,13.372753,-0.52404076,0.6002502
ILMN_021,cg097,15.202293,14.536237,1.0458205,0.29564393
ILMN_021,cg098,-5.779332,13.515379,-0.42761156,0.668934
ILMN_021,cg099,-6.688525,13.655996,-0.48978668,0.62428486
ILMN_021,cg100,20.585592,15.456382,1.3318506,0.18290931
ILMN_022,cg001,-32.317917,14.132261,-2.2868185,0.022206426
ILMN_022,cg002,-4.16078,17.185318,-0.24211247,0.80869305
ILMN_022,cg003,2.5383892,16.45044,0.15430525,0.87736905
ILMN_022,cg004,-22.670605,17.548172,-1.291907,0.19638938
ILMN_022,cg005,-12.622823,16.454592,-0.76713073,0.44300377
ILMN_022,cg006,-3.7917519,16.172611,-0.23445514,0.81463164
ILMN_022,cg007,25.738867,14.6588545,1.755858,0.07911265
ILMN_022,cg008,32.431374,15.53868,2.0871382,0.036875665
ILMN_022,cg009,14.924347,15.852745,0.9414361,0.34648144
ILMN_022,cg010,7.1064224,16.83928,0.42201465,0.6730143
ILMN_022,cg011,6.6761765,15.614701,0.4275571,0.66897357
ILMN_022,cg012,0.110687256,17.210798,0.006431268,0.99486864
ILMN_022,cg013,-18.44249,15.718581,-1.1732923,0.24067861
ILMN_022,cg014,8.314524,14.579207,0.5703001,0.5684742
ILMN_022,cg015,-9.152352,16.154213,-0.56656134,0.57101226
ILMN_022,cg016,6.0803003,16.136553,0.37680292,0.70632005
ILMN_022,cg017,4.949497,15.378664,0.3218418,0.74757254
ILMN_022,cg018,-4.591713,17.653856,-0.26009688,0.7947891
ILMN_022,cg019,-2.4187393,14.439859,-0.16750436,0.8669732
ILMN_022,cg020,29.928043,16.476496,1.8164083,0.069307745
ILMN_022,cg021,16.91108,16.519367,1.0237123,0.3059712
ILMN_022,cg022,-2.9915714,16.203186,-0.18462859,0.8535204
ILMN_022,cg023,-0.46213293,15.146565,-0.03051074,0.9756597
ILMN_022,cg024,5.6231966,15.268221,0.36829415,0.71265393
ILMN_022,cg025,14.971903,14.681631,1.0197711,0.30783707
ILMN_022,cg026,-7.9797516,16.161898,-0.49373853,0.62149084
ILMN_022,cg027,-11.047256,14.895266,-0.74166226,0.458292
ILMN_022,cg028,16.705677,17.637316,0.94717795,0.34354812
ILMN_022,cg029,3.4520226,18.748653,0.18412109,0.8539185
ILMN_022,cg030,31.415928,14.752488,2.1295342,0.0332101
ILMN_022,cg031,-13.378025,16.409294,-0.8152712,0.4149171
ILMN_022,cg032,-7.680443,15.522746,-0.49478635,0.6207509
ILMN_022,cg033,6.0352974,15.41899,0.39141977,0.695487
ILMN_022,cg034,15.4243,17.614393,0.8756646,0.3812124
ILMN_022,cg035,-17.643337,14.296224,-1.2341257,0.21715605
ILMN_022,cg036,-7.369981,15.786139,-0.46686408,0.6405971
ILMN_022,cg037,-11.759207,15.384194,-0.76436937,0.4446472
ILMN_022,cg038,16.876575,16.520529,1.0215517,0.30699313
ILMN_022,cg039,9.339855,16.619911,0.5619678,0.5741379
ILMN_022,cg040,15.706752,16.860485,0.9315718,0.35155785
ILMN_022,cg041,11.907908,16.664303,0.7145758,0.47487122
ILMN_022,cg042,36.291004,14.003011,2.5916572,0.0095514655
ILMN_022,cg043,-18.111992,16.460495,-1.100331,0.27118796
ILMN_022,cg044,-20.301594,15.706328,-1.2925742,0.19615841
ILMN_022,cg045,19.058594,15.770333,1.2085092,0.22685146
ILMN_022,cg046,6.934483,13.862052,0.5002494,0.6168995
ILMN_022,cg047,42.019993,15.514483,2.7084365,0.0067601204
ILMN_022,cg048,-4.803685,15.195074,-0.31613436,0.75190055
ILMN_022,cg049,12.227783,15.891732,0.7694431,0.4416303
ILMN_022,cg050,16.438128,14.813854,1.1096456,0.26715177
ILMN_022,cg051,15.834158,16.090942,0.9840417,0.325095
ILMN_022,cg052,-2.880352,15.330512,-0.18788362,0.8509679
ILMN_022,cg053,-10.196021,16.436483,-0.6203286,0.53504145
ILMN_022,cg054,10.088732,16.602257,0.60767233,0.5434048
ILMN_022,cg055,4.400376,14.618708,0.3010099,0.763407
ILMN_022,cg056,-22.450672,16.902271,-1.3282636,0.18409103
ILMN_022,cg057,33.383045,18.389563,1.8153257,0.06947386
ILMN_022,cg058,-7.188837,14.812887,-0.48530966,0.62745667
ILMN_022,cg059,5.844019,14.976059,0.3902241,0.69637084
ILMN_022,cg060,6.2891645,15.29732,0.41112852,0.6809783
ILMN_022,cg061,-0.9565773,14.988095,-0.06382247,0.9491116
ILMN_022,cg062,21.386173,16.1273,1.3260851,0.18481153
ILMN_022,cg063,14.643667,15.708494,0.9322133,0.35122633
ILMN_022,cg064,-2.7425041,15.775271,-0.1738483,0.86198467
ILMN_022,cg065,5.4265437,16.484232,0.32919604,0.7420075
ILMN_022,cg066,-24.20925,16.142572,-1.4997145,0.13368839
ILMN_022,cg067,15.1976185,15.051393,1.0097151,0.3126318
ILMN_022,cg068,-10.403837,14.86846,-0.6997253,0.4840989
ILMN_022,cg069,-14.311749,15.866445,-0.90201366,0.36704963
ILMN_022,cg070,2.083118,15.545069,0.13400507,0.8933986
ILMN_022,cg071,-6.6922836,14.993384,-0.4463491,0.6553451
ILMN_022,cg072,20.170776,16.236717,1.242294,0.21412814
ILMN_022,cg073,10.339586,14.704593,0.70315355,0.48196006
ILMN_022,cg074,-8.051907,18.261307,-0.44092718,0.65926576
ILMN_022,cg075,-12.034298,16.0275,-0.75085306,0.45274115
ILMN_022,cg076,-0.21272278,18.933922,-0.011235009,0.99103594
ILMN_022,cg077,-1.9121943,15.910773,-0.12018236,0.9043387
ILMN_022,cg078,-16.189365,16.895117,-0.9582275,0.33794808
ILMN_022,cg079,26.355852,15.003109,1.7566926,0.078970194
ILMN_022,cg080,-23.203337,14.123723,-1.6428627,0.100411355
ILMN_022,cg081,-0.6849623,16.709087,-0.0409934,0.96730113
ILMN_022,cg082,1.4197016,15.40295,0.09217075,0.92656237
ILMN_022,cg083,6.9242153,15.962185,0.4337887,0.66444194
ILMN_022,cg084,-4.8930454,16.972687,-0.2882894,0.77312523
ILMN_022,cg085,-0.007091522,16.87688,-0.00042019153,0.9996647
ILMN_022,cg086,-1.1074686,16.216791,-0.06829148,0.9455536
ILMN_022,cg087,-5.996521,15.378014,-0.3899412,0.69658005
ILMN_022,cg088,22.269934,14.81719,1.5029795,0.13284433
ILMN_022,cg089,6.8890305,16.73325,0.41169712,0.6805614
ILMN_022,cg090,-0.22966957,18.537226,-0.012389641,0.99011475
ILMN_022,cg091,7.072443,15.153719,0.46671337,0.640705
ILMN_022,cg092,10.034658,15.173849,0.66131264,0.5084119
ILMN_022,cg093,-18.792076,15.861891,-1.1847311,0.23612374
ILMN_022,cg094,-3.2116785,17.388304,-0.18470338,0.8534617
ILMN_022,cg095,-10.054577,16.659977,-0.6035169,0.5461649
ILMN_022,cg096,9.395008,14.996903,0.6264632,0.5310112
ILMN_022,cg097,3.1227484,16.50893,0.1891551,0.8499713
ILMN_022,cg098,24.436354,14.773271,1.6540923,0.09810877
ILMN_022,cg099,14.697615,15.220472,0.96564776,0.33422047
ILMN_022,cg100,4.0319996,17.677122,0.2280914,0.8195752
ILMN_023,cg001,3.7707386,14.139224,0.26668638,0.78971064
ILMN_023,cg002,8.982288,16.261728,0.55235755,0.5807034
ILMN_023,cg003,-11.973797,15.511839,-0.7719134,0.44016576
ILMN_023,cg004,-13.979763,16.823008,-0.83099073,0.40597886
ILMN_023,cg005,17.595001,15.495767,1.1354715,0.25617784
ILMN_023,cg006,-18.605236,15.106456,-1.2316083,0.21809548
ILMN_023,cg007,-21.61729,14.008614,-1.5431428,0.12279612
ILMN_023,cg008,-20.783188,15.117716,-1.3747572,0.16920674
ILMN_023,cg009,-12.789282,15.067528,-0.8487976,0.39599395
ILMN_023,cg010,0.11471081,16.007753,0.007165953,0.9942824
ILMN_023,cg011,-0.46721125,14.8442545,-0.031474214,0.97489136
ILMN_023,cg012,5.9142675,16.306063,0.3627036,0.7168263
ILMN_023,cg013,4.7004266,15.119196,0.3108913,0.7558833
ILMN_023,cg014,9.606121,13.808912,0.69564646,0.4866503
ILMN_023,cg015,23.970116,14.968702,1.601349,0.10929966
ILMN_023,cg016,9.277634,15.272602,0.6074691,0.54353964
ILMN_023,cg017,18.870117,14.340061,1.3159021,0.18820691
ILMN_023,cg018,-1.6017323,16.760372,-0.09556663,0.9238648
ILMN_023,cg019,2.0012245,13.701333,0.14606057,0.8838736
ILMN_023,cg020,-13.39381,16.062635,-0.83384883,0.4043662
ILMN_023,cg021,-25.992844,15.3805895,-1.689977,0.091032326
ILMN_023,cg022,9.7642975,15.311511,0.6377096,0.52366275
ILMN_023,cg023,-2.871653,14.364749,-0.19990973,0.8415512
ILMN_023,cg024,-17.353363,14.280205,-1.2152041,0.22428828
ILMN_023,cg025,-1.5233202,14.084505,-0.10815575,0.9138721
ILMN_023,cg026,-11.628906,15.27885,-0.7611114,0.44659054
ILMN_023,cg027,-5.6112013,14.192566,-0.395362,0.6925758
ILMN_023,cg028,-17.46334,16.699085,-1.0457664,0.29566896
ILMN_023,cg029,8.424238,17.751606,0.47456202,0.6350992
ILMN_023,cg030,-8.665787,14.614935,-0.5929405,0.553221
ILMN_023,cg031,19.788914,15.40714,1.2843989,0.19900244
ILMN_023,cg032,0.13401985,14.766883,0.009075703,0.99275875
ILMN_023,cg033,2.6190395,14.648569,0.1787915,0.8581014
ILMN_023,cg034,-13.507872,16.73289,-0.80726475,0.419514
ILMN_023,cg035,16.785341,13.562827,1.237599,0.21586478
ILMN_023,cg036,3.8907862,15.002138,0.25934878,0.79536617
ILMN_023,cg037,17.064102,14.471628,1.1791419,0.23834169
ILMN_023,cg038,-5.0614853,15.833663,-0.3196661,0.74922144
ILMN_023,cg039,26.758793,15.322992,1.7463164,0.08075601
ILMN_023,cg040,4.835779,16.131428,0.29977378,0.7643497
ILMN_023,cg041,30.68495,15.2410345,2.0133114,0.044081867
ILMN_023,cg042,-27.30339,13.641177,-2.001542,0.04533398
ILMN_023,cg043,0.8992901,15.821118,0.05684112,0.95467174
ILMN_023,cg044,9.578438,15.104268,0.6341544,0.5259801
ILMN_023,cg045,-24.14794,14.775418,-1.6343321,0.10218912
ILMN_023,cg046,10.359335,13.0990925,0.7908437,0.4290352
ILMN_023,cg047,1.0090752,15.84952,0.06366598,0.9492362
ILMN_023,cg048,-10.437939,14.350232,-0.72737074,0.46699888
ILMN_023,cg049,-16.950665,14.967339,-1.1325103,0.25741994
ILMN_023,cg050,-15.020012,14.068807,-1.067611,0.28569603
ILMN_023,cg051,-0.4477911,15.426565,-0.029027272,0.9768428
ILMN_023,cg052,17.792713,14.312507,1.2431585,0.21380943
ILMN_023,cg053,10.269279,15.586423,0.6588605,0.5099853
ILMN_023,cg054,4.6390753,15.800282,0.29360712,0.7690581
ILMN_023,cg055,-13.329861,13.743857,-0.9698777,0.33210742
ILMN_023,cg056,-9.1010275,16.286083,-0.55882233,0.576283
ILMN_023,cg057,-23.72414,17.719965,-1.3388368,0.18062383
ILMN_023,cg058,-3.6309032,14.080014,-0.2578764,0.7965023
ILMN_023,cg059,-5.329771,14.210857,-0.37504923,0.70762384
ILMN_023,cg060,7.4401217,14.49908,0.51314443,0.6078503
ILMN_023,cg061,28.631641,13.580098,2.1083531,0.035000443
ILMN_023,cg062,-17.587498,15.373923,-1.1439824,0.25263095
ILMN_023,cg063,3.7763872,15.033808,0.251193,0.8016649
ILMN_023,cg064,26.356728,14.459151,1.8228406,0.068327546
ILMN_023,cg065,-6.507063,15.628993,-0.41634563,0.6771571
ILMN_023,cg066,-6.5064473,15.656439,-0.41557646,0.67771995
ILMN_023,cg067,3.405304,14.429198,0.23600091,0.813432
ILMN_023,cg068,-8.738502,14.123212,-0.6187333,0.5360921
ILMN_023,cg069,7.2279077,15.148966,0.4771222,0.63327515
ILMN_023,cg070,9.587117,14.683934,0.65289843,0.5138217
ILMN_023,cg071,2.980205,14.249506,0.20914444,0.83433545
ILMN_023,cg072,-16.506197,15.471206,-1.0668979,0.28601795
ILMN_023,cg073,11.781885,13.918295,0.8465035,0.39727193
ILMN_023,cg074,19.41609,17.125011,1.1337855,0.25688457
ILMN_023,cg075,24.50424,14.86685,1.648247,0.099301994
ILMN_023,cg076,-0.4883957,17.964111,-0.0271873,0.97831035
ILMN_023,cg077,6.751645,15.065428,0.4481549,0.6540414
ILMN_023,cg078,1.3570528,16.187801,0.08383182,0.93319017
ILMN_023,cg079,-8.139721,14.655402,-0.5554075,0.57861596
ILMN_023,cg080,-11.153019,13.689496,-0.8147136,0.4152363
ILMN_023,cg081,-6.5310774,15.824359,-0.41272303,0.6798096
ILMN_023,cg082,-10.41666,14.534524,-0.716684,0.4735691
ILMN_023,cg083,0.11497831,15.175625,0.0075765126,0.9939549
ILMN_023,cg084,-24.020058,15.724082,-1.5275968,0.12661266
ILMN_023,cg085,4.942028,15.995954,0.3089549,0.75735587
ILMN_023,cg086,6.9810343,15.352573,0.45471427,0.6493148
ILMN_023,cg087,-23.356182,14.203015,-1.6444523,0.100082815
ILMN_023,cg088,-13.913747,14.2525,-0.97623205,0.3289495
ILMN_023,cg089,-31.885954,15.194809,-2.098477,0.035863042
ILMN_023,cg090,15.752692,17.43385,0.90356934,0.3662238
ILMN_023,cg091,0.02126789,14.41163,0.001475745,0.9988225
ILMN_023,cg092,0.4968319,14.46482,0.034347605,0.9726
ILMN_023,cg093,2.5088406,15.27293,0.16426714,0.86952084
ILMN_023,cg094,16.391603,16.325975,1.0040199,0.315369
ILMN_023,cg095,7.7329445,15.82819,0.4885552,0.62515664
ILMN_023,cg096,-23.34911,13.868513,-1.6836058,0.09225786
ILMN_023,cg097,4.610238,15.654775,0.29449406,0.7683804
ILMN_023,cg098,-5.927042,14.401,-0.41157156,0.68065345
ILMN_023,cg099,-14.319317,14.432998,-0.99212354,0.3211373
ILMN_023,cg100,8.483863,16.734594,0.5069656,0.612179
ILMN_024,cg001,-13.725869,13.608108,-1.0086538,0.31314075
ILMN_024,cg002,16.738749,15.669978,1.068205,0.28542805
ILMN_024,cg003,1.617444,15.177188,0.106570736,0.91512954
ILMN_024,cg004,-11.388163,16.393055,-0.69469434,0.48724687
ILMN_024,cg005,-26.578466,14.764542,-1.8001552,0.07183617
ILMN_024,cg006,-0.18207932,14.927732,-0.0121973865,0.9902681
ILMN_024,cg007,-2.4153137,13.963707,-0.17297082,0.86267436
ILMN_024,cg008,-8.56155,14.944199,-0.57290125,0.56671154
ILMN_024,cg009,36.79435,13.731145,2.6796272,0.0073704123
ILMN_024,cg010,-8.726423,15.510596,-0.56261045,0.5737002
ILMN_024,cg011,-2.0852652,14.429505,-0.14451398,0.88509464
ILMN_024,cg012,9.900351,15.809307,0.6262356,0.5311605
ILMN_024,cg013,3.5923934,14.705845,0.24428338,0.80701137
ILMN_024,cg014,40.224552,12.123505,3.317898,0.0009070039
ILMN_024,cg015,8.237252,14.904375,0.55267346,0.580487
ILMN_024,cg016,1.9230042,14.905841,0.12901011,0.89734966
ILMN_024,cg017,20.400127,13.880252,1.4697231,0.14163673
ILMN_024,cg018,-48.570293,14.639514,-3.317753,0.0009074211
ILMN_024,cg019,4.998783,13.304087,0.3757329,0.70711553
ILMN_024,cg020,23.764334,15.3397255,1.549202,0.12133318
ILMN_024,cg021,2.3831291,15.407322,0.15467511,0.87707746
ILMN_024,cg022,2.5713844,14.947779,0.17202452,0.8634183
ILMN_024,cg023,11.673786,13.866063,0.84189624,0.39984608
ILMN_024,cg024,-8.632965,14.047767,-0.6145436,0.53885615
ILMN_024,cg025,3.2440338,13.68733,0.23700997,0.8126491
ILMN_024,cg026,-21.177965,14.61865,-1.448695,0.14742279
ILMN_024,cg027,-1.5758667,13.820482,-0.114024006,0.9092188
ILMN_024,cg028,30.60281,15.796083,1.937367,0.05270052
ILMN_024,cg029,18.466166,17.085981,1.0807787,0.2797956
ILMN_024,cg030,-3.4244852,14.254924,-0.24023174,0.8101506
ILMN_024,cg031,-19.359646,14.976557,-1.2926633,0.19612753
ILMN_024,cg032,-3.6837234,14.347135,-0.25675672,0.79736656
ILMN_024,cg033,-10.202806,14.167674,-0.7201469,0.4714346
ILMN_024,cg034,-6.6312394,16.354525,-0.4054682,0.6851334
ILMN_024,cg035,11.69518,13.293099,0.8797933,0.37897128
ILMN_024,cg036,-5.901031,14.57084,-0.40498906,0.68548554
ILMN_024,cg037,-1.356267,14.279991,-0.09497674,0.92433333
ILMN_024,cg038,45.051445,13.90675,3.239538,0.0011972189
ILMN_024,cg039,-20.625616,15.080432,-1.3677073,0.17140377
ILMN_024,cg040,17.267601,15.491605,1.1146425,0.26500368
ILMN_024,cg041,-6.6698275,15.426189,-0.4323704,0.66547227
ILMN_024,cg042,26.312067,13.273049,1.9823679,0.047438085
ILMN_024,cg043,-1.65025,15.381017,-0.10729134,0.9145579
ILMN_024,cg044,-15.813669,14.564027,-1.0858034,0.27756602
ILMN_024,cg045,-20.93645,14.450868,-1.4488022,0.14739287
ILMN_024,cg046,-9.086019,12.751969,-0.7125189,0.47614354
ILMN_024,cg047,2.4980125,15.406294,0.16214234,0.87119377
ILMN_024,cg048,11.818956,13.923686,0.8488382,0.39597136
ILMN_024,cg049,27.12178,14.201509,1.9097816,0.056161344
ILMN_024,cg050,9.141841,13.781352,0.6633486,0.5071073
ILMN_024,cg051,-4.7100506,14.9828415,-0.31436297,0.75324535
ILMN_024,cg052,-3.6085985,14.137444,-0.25525114,0.79852915
ILMN_024,cg053,18.419495,14.981381,1.2294924,0.21888721
ILMN_024,cg054,1.5246601,15.3748865,0.09916562,0.9210068
ILMN_024,cg055,20.706581,13.148896,1.5747771,0.11530793
ILMN_024,cg056,9.653098,15.824256,0.6100191,0.54184914
ILMN_024,cg057,-0.11115646,17.561054,-0.006329715,0.99494964
ILMN_024,cg058,23.768644,13.243641,1.7947212,0.07269812
ILMN_024,cg059,17.195278,13.603666,1.2640179,0.2062236
ILMN_024,cg060,-1.3485103,14.135914,-0.09539604,0.92400026
ILMN_024,cg061,30.893784,13.054928,2.3664463,0.017959774
ILMN_024,cg062,21.01365,14.838734,1.4161351,0.15673596
ILMN_024,cg063,-7.5563393,14.584454,-0.5181092,0.6043821
ILMN_024,cg064,11.103564,14.464737,0.76762986,0.44270712
ILMN_024,cg065,-11.68876,15.126346,-0.7727418,0.4396752
ILMN_024,cg066,-18.327955,15.009516,-1.221089,0.22205234
ILMN_024,cg067,-6.353481,14.006279,-0.45361662,0.65010476
ILMN_024,cg068,-19.382368,13.489201,-1.4368805,0.15075195
ILMN_024,cg069,-5.3027806,14.744573,-0.3596429,0.7191142
ILMN_024,cg070,-0.84074974,14.342215,-0.058620635,0.9532543
ILMN_024,cg071,-14.052662,13.705221,-1.0253509,0.30519766
ILMN_024,cg072,12.256736,15.119546,0.810655,0.4175638
ILMN_024,cg073,9.30341,13.568175,0.6856788,0.4929157
ILMN_024,cg074,3.0943928,16.875011,0.1833713,0.8545067
ILMN_024,cg075,-9.66793,14.806851,-0.6529362,0.5137974
ILMN_024,cg076,13.632668,17.350067,0.7857415,0.43201894
ILMN_024,cg077,-30.41204,13.978005,-2.1757069,0.029577196
ILMN_024,cg078,8.217993,15.693413,0.52365875,0.6005159
ILMN_024,cg079,-6.305275,14.266449,-0.44196528,0.6585144
ILMN_024,cg080,-13.8852625,13.248322,-1.0480771,0.2946031
ILMN_024,cg081,-6.9452953,15.37996,-0.45158085,0.651571
ILMN_024,cg082,2.5773373,14.205079,0.18143773,0.856024
ILMN_024,cg083,24.268658,14.314363,1.6954061,0.089998424
ILMN_024,cg084,-15.523958,15.502977,-1.0013534,0.316656
ILMN_024,cg085,-8.430199,15.51882,-0.5432242,0.58697546
ILMN_024,cg086,-7.3005123,14.921584,-0.48925853,0.6246587
ILMN_024,cg087,-8.955006,14.147799,-0.6329611,0.526759
ILMN_024,cg088,7.2138834,13.959631,0.5167675,0.6053185
ILMN_024,cg089,-3.579361,15.455425,-0.23159252,0.81685454
ILMN_024,cg090,3.2917938,17.093285,0.1925782,0.8472893
ILMN_024,cg091,18.650398,13.739522,1.357427,0.17464554
ILMN_024,cg092,8.518058,14.007704,0.6080981,0.5431224
ILMN_024,cg093,-4.3427505,14.839963,-0.2926389,0.76979816
ILMN_024,cg094,-5.7614193,16.023739,-0.35955524,0.71917975
ILMN_024,cg095,0.25125122,15.429109,0.016284235,0.9870076
ILMN_024,cg096,20.43266,13.562605,1.5065439,0.13192761
ILMN_024,cg097,-0.26359034,15.234962,-0.017301673,0.9861959
ILMN_024,cg098,9.749218,13.953576,0.6986896,0.48474604
ILMN_024,cg099,17.573296,13.9434185,1.260329,0.2075507
ILMN_024,cg100,-20.565899,16.031693,-1.2828277,0.19955248
ILMN_025,cg001,-12.183376,14.869009,-0.8193805,0.41256934
ILMN_025,cg002,-5.526345,17.24986,-0.3203704,0.74868757
ILMN_025,cg003,3.060257,16.518225,0.18526548,0.8530208
ILMN_025,cg004,19.5672,17.70584,1.105127,0.2691046
ILMN_025,cg005,25.225739,16.208382,1.5563391,0.119627476
ILMN_025,cg006,11.368968,16.164124,0.7033458,0.4818403
ILMN_025,cg007,8.974831,15.148572,0.5924539,0.55354667
ILMN_025,cg008,25.96349,15.871511,1.6358548,0.10187
ILMN_025,cg009,-28.847359,15.499521,-1.8611774,0.06271911
ILMN_025,cg010,-4.665468,16.929333,-0.27558488,0.78286695
ILMN_025,cg011,-15.206133,15.551175,-0.97781247,0.32816708
ILMN_025,cg012,-18.745922,17.061268,-1.0987414,0.27188087
ILMN_025,cg013,6.1231375,15.994148,0.3828361,0.7018413
ILMN_025,cg014,-16.686028,14.485183,-1.1519376,0.24934673
ILMN_025,cg015,16.281525,16.101162,1.0112019,0.3119198
ILMN_025,cg016,10.688178,16.153196,0.66167575,0.50817907
ILMN_025,cg017,-33.710384,14.640485,-2.3025455,0.021304429
ILMN_025,cg018,35.84331,16.936266,2.1163645,0.034313858
ILMN_025,cg019,1.7622948,14.503113,0.12151148,0.9032859
ILMN_025,cg020,-2.6137104,17.125057,-0.15262492,0.87869406
ILMN_025,cg021,-4.2849274,16.76534,-0.25558248,0.79827327
ILMN_025,cg022,13.766389,16.150793,0.85236615,0.3940109
ILMN_025,cg023,-23.237526,14.819981,-1.5679862,0.11688435
ILMN_025,cg024,27.403885,14.814356,1.8498195,0.06433958
ILMN_025,cg025,14.503503,14.755388,0.9829292,0.3256423
ILMN_025,cg026,34.35514,15.464864,2.2214966,0.026317358
ILMN_025,cg027,-11.05946,14.958909,-0.7393226,0.45971113
ILMN_025,cg028,-11.871311,17.798038,-0.66700107,0.5047715
ILMN_025,cg029,-14.583725,18.711855,-0.77938426,0.4357534
ILMN_025,cg030,20.890694,15.219518,1.3726252,0.16986889
ILMN_025,cg031,26.537378,16.129627,1.6452568,0.099916875
ILMN_025,cg032,-9.032961,15.573069,-0.5800373,0.56188947
ILMN_025,cg033,10.616173,15.430875,0.68798256,0.49146378
ILMN_025,cg034,20.392061,17.58057,1.1599203,0.24608123
ILMN_025,cg035,-4.228102,14.579193,-0.29000935,0.7718091
ILMN_025,cg036,-22.827772,15.529969,-1.4699174,0.14158416
ILMN_025,cg037,1.0496731,15.546385,0.067518786,0.9461687
ILMN_025,cg038,-1.5363412,16.7761,-0.09157916,0.9270324
ILMN_025,cg039,30.18905,16.145157,1.8698518,0.061504424
ILMN_025,cg040,-33.46492,16.36313,-2.0451417,0.040840924
ILMN_025,cg041,7.834284,16.787815,0.46666488,0.6407397
ILMN_025,cg042,5.785841,15.029817,0.38495752,0.70026886
ILMN_025,cg043,13.922532,16.620045,0.83769524,0.4022019
ILMN_025,cg044,-18.47522,15.823981,-1.1675456,0.24299014
ILMN_025,cg045,57.49347,13.671839,4.205248,2.6106834e-05
ILMN_025,cg046,14.656891,13.790278,1.0628422,0.28785354
ILMN_025,cg047,7.874814,16.736324,0.4705223,0.6379819
ILMN_025,cg048,-15.390566,15.106514,-1.0188032,0.30829638
ILMN_025,cg049,-14.611959,15.91626,-0.9180523,0.3585915
ILMN_025,cg050,13.91169,14.934183,0.93153334,0.35157776
ILMN_025,cg051,21.15213,16.027681,1.3197249,0.1869269
ILMN_025,cg052,-3.5166893,15.392616,-0.22846599,0.81928396
ILMN_025,cg053,-9.697126,16.513212,-0.58723444,0.5570463
ILMN_025,cg054,-38.6483,15.739585,-2.4554842,0.014069498
ILMN_025,cg055,-18.007278,14.453235,-1.2458996,0.21280128
ILMN_025,cg056,-26.98861,16.832338,-1.6033785,0.108851075
ILMN_025,cg057,25.486109,18.74456,1.3596536,0.17393959
ILMN_025,cg058,-30.07762,14.239049,-2.1123335,0.034657836
ILMN_025,cg059,-2.6883068,15.059145,-0.17851657,0.8583173
ILMN_025,cg060,29.792143,14.750134,2.0197878,0.043405414
ILMN_025,cg061,-17.235523,14.836174,-1.1617229,0.24534804
ILMN_025,cg062,-5.2179065,16.484324,-0.3165375,0.75159454
ILMN_025,cg063,-5.368746,15.903649,-0.3375795,0.7356801
ILMN_025,cg064,-35.760426,14.944446,-2.3928907,0.016716242
ILMN_025,cg065,-7.9416466,16.53212,-0.48037678,0.6309595
ILMN_025,cg066,-6.4035416,16.575655,-0.38632208,0.6992582
ILMN_025,cg067,-13.361502,15.154208,-0.8817024,0.3779378
ILMN_025,cg068,16.912739,14.802109,1.1425898,0.25320894
ILMN_025,cg069,15.82849,15.903618,0.9952761,0.319602
ILMN_025,cg070,-1.6705189,15.61201,-0.10700217,0.9147873
ILMN_025,cg071,6.0108147,15.063408,0.39903417,0.68986803
ILMN_025,cg072,26.882164,16.095926,1.6701223,0.094895184
ILMN_025,cg073,7.9769573,14.799357,0.539007,0.589882
ILMN_025,cg074,-36.146637,17.587597,-2.0552347,0.039856374
ILMN_025,cg075,-15.326777,16.035261,-0.95581716,0.3391646
ILMN_025,cg076,-13.878632,18.903708,-0.7341751,0.46284205
ILMN_025,cg077,11.037922,15.897583,0.6943145,0.48748505
ILMN_025,cg078,3.2332935,17.12854,0.18876643,0.8502759
ILMN_025,cg079,-19.62132,15.29259,-1.2830607,0.19947082
ILMN_025,cg080,7.9181757,14.546941,0.544319,0.586222
ILMN_025,cg081,9.97496,16.715584,0.59674615,0.5506769
ILMN_025,cg082,-19.853434,15.190136,-1.3069952,0.19121438
ILMN_025,cg083,-13.462925,15.939416,-0.844631,0.39831686
ILMN_025,cg084,27.8181,16.559574,1.6798801,0.09298062
ILMN_025,cg085,-5.98798,16.925348,-0.3537877,0.723498
ILMN_025,cg086,-3.305284,16.279007,-0.20303966,0.83910406
ILMN_025,cg087,23.0216,15.091635,1.5254544,0.12714577
ILMN_025,cg088,10.303016,15.1650305,0.679393,0.49688888
ILMN_025,cg089,4.768694,16.820362,0.2835072,0.77678806
ILMN_025,cg090,-5.298744,18.599367,-0.28488842,0.77572966
ILMN_025,cg091,-8.990269,15.196183,-0.5916136,0.55410933
ILMN_025,cg092,-8.648146,15.257192,-0.5668242,0.5708336
ILMN_025,cg093,-15.63282,16.005148,-0.976737,0.32869935
ILMN_025,cg094,1.6538267,17.46672,0.094684444,0.9245655
ILMN_025,cg095,-30.542473,16.181725,-1.8874671,0.05909753
ILMN_025,cg096,18.037327,14.888876,1.2114633,0.2257179
ILMN_025,cg097,-13.314122,16.468714,-0.80844945,0.41883188
ILMN_025,cg098,21.207897,14.947101,1.4188637,0.15593874
ILMN_025,cg099,7.654377,15.397777,0.49710923,0.619112
ILMN_025,cg100,27.572468,17.290533,1.594657,0.110789
ILMN_026,cg001,0.8120823,14.405504,0.056373056,0.9550446
ILMN_026,cg002,11.258415,16.52742,0.68119615,0.4957474
ILMN_026,cg003,20.850336,15.594125,1.3370636,0.18120193
ILMN_026,cg004,-17.13041,17.06941,-1.0035735,0.31558424
ILMN_026,cg005,3.6360483,15.986519,0.22744466,0.820078
ILMN_026,cg006,17.485811,15.417033,1.1341878,0.25671577
ILMN_026,cg007,-4.8375006,14.608995,-0.33113164,0.74054503
ILMN_026,cg008,-9.793058,15.637536,-0.6262533,0.5311488
ILMN_026,cg009,-9.168421,15.400412,-0.5953361,0.5516188
ILMN_026,cg010,1.094068,16.296402,0.06713556,0.9464738
ILMN_026,cg011,-0.781579,15.112377,-0.051717807,0.9587535
ILMN_026,cg012,-2.1858768,16.621494,-0.13150905,0.8953726
ILMN_026,cg013,-10.509816,15.330617,-0.68554425,0.49300057
ILMN_026,cg014,13.220158,13.997279,0.94448054,0.34492415
ILMN_026,cg015,16.947243,15.457704,1.0963622,0.2729203
ILMN_026,cg016,-0.0008068085,15.61099,-5.1682084e-05,0.99995875
ILMN_026,cg017,13.89187,14.729867,0.943109,0.34562516
ILMN_026,cg018,-15.295899,16.915434,-0.904257,0.36585915
ILMN_026,cg019,-2.5489864,13.94724,-0.1827592,0.85498697
ILMN_026,cg020,17.354918,16.276281,1.0662705,0.28630143
ILMN_026,cg021,5.107476,16.11989,0.31684312,0.7513626
ILMN_026,cg022,19.819626,15.381993,1.2884953,0.1975736
ILMN_026,cg023,-4.587755,14.615186,-0.3139033,0.7535945
ILMN_026,cg024,5.756426,14.745519,0.39038476,0.69625205
ILMN_026,cg025,17.778309,14.099398,1.2609268,0.20733523
ILMN_026,cg026,-0.38185406,15.652645,-0.024395498,0.9805371
ILMN_026,cg027,-33.686157,13.594842,-2.477863,0.013217211
ILMN_026,cg028,-9.093078,17.149607,-0.53022075,0.5959589
ILMN_026,cg029,12.403789,18.024216,0.68817353,0.4913435
ILMN_026,cg030,-11.889599,14.83271,-0.80157965,0.4227962
ILMN_026,cg031,-9.839851,15.89845,-0.6189189,0.5359698
ILMN_026,cg032,28.908571,14.417024,2.0051692,0.044944942
ILMN_026,cg033,-15.378909,14.745286,-1.0429713,0.2969616
ILMN_026,cg034,24.035378,16.785671,1.4318985,0.15217292
ILMN_026,cg035,-22.435242,13.6407,-1.644728,0.10002589
ILMN_026,cg036,19.95198,14.998791,1.3302393,0.18343943
ILMN_026,cg037,12.022745,14.848859,0.8096747,0.41812718
ILMN_026,cg038,3.7874002,16.128185,0.23483115,0.81433976
ILMN_026,cg039,21.93155,15.7809725,1.3897463,0.16460592
ILMN_026,cg040,-0.8026943,16.438711,-0.04882952,0.96105516
ILMN_026,cg041,-11.547517,16.096025,-0.7174142,0.47311854
ILMN_026,cg042,-4.101041,14.467321,-0.28346926,0.77681714
ILMN_026,cg043,-2.0183706,16.104998,-0.12532574,0.9002657
ILMN_026,cg044,28.449776,14.863895,1.9140189,0.05561775
ILMN_026,cg045,9.251808,15.412897,0.6002641,0.5483303
ILMN_026,cg046,10.637434,13.334371,0.79774547,0.42501825
ILMN_026,cg047,3.8892498,16.126617,0.2411696,0.8094237
ILMN_026,cg048,7.4524612,14.652332,0.5086194,0.611019
ILMN_026,cg049,-2.0881176,15.44587,-0.13518938,0.89246213
ILMN_026,cg050,7.374279,14.458729,0.51002264,0.6100356
ILMN_026,cg051,-29.520748,15.090459,-1.9562526,0.050435424
ILMN_026,cg052,13.55265,14.6786585,0.9232894,0.35585642
ILMN_026,cg053,-12.291515,15.8396,-0.7759991,0.4377495
ILMN_026,cg054,14.062441,15.966974,0.88072044,0.37846917
ILMN_026,cg055,-10.962439,14.041986,-0.78069,0.4349848
ILMN_026,cg056,-0.04385948,16.63674,-0.0026363027,0.99789655
ILMN_026,cg057,-24.47099,18.031048,-1.3571584,0.1747309
ILMN_026,cg058,-2.270092,14.341049,-0.1582933,0.8742257
ILMN_026,cg059,-13.242495,14.357758,-0.92232335,0.35635996
ILMN_026,cg060,-2.1417532,14.800059,-0.14471248,0.8849379
ILMN_026,cg061,-3.6660233,14.468158,-0.25338563,0.7999702
ILMN_026,cg062,-17.984116,15.6499405,-1.1491492,0.25049448
ILMN_026,cg063,-0.23892593,15.316091,-0.015599668,0.9875538
ILMN_026,cg064,10.019364,15.171228,0.6604188,0.50898516
ILMN_026,cg065,-6.1295323,15.915896,-0.38512015,0.7001484
ILMN_026,cg066,-3.6630507,15.960284,-0.22951037,0.81847227
ILMN_026,cg067,5.938176,14.672886,0.40470403,0.68569505
ILMN_026,cg068,5.7837076,14.413077,0.40128195,0.6882125
ILMN_026,cg069,-6.961771,15.426882,-0.45127532,0.6517911
ILMN_026,cg070,-31.192366,14.297037,-2.1817365,0.029128969
ILMN_026,cg071,20.348152,14.200584,1.4329095,0.15188372
ILMN_026,cg072,-10.707651,15.866277,-0.6748685,0.49975932
ILMN_026,cg073,-17.91831,14.033379,-1.2768351,0.20166045
ILMN_026,cg074,-21.279207,17.395912,-1.2232304,0.22124273
ILMN_026,cg075,9.1882515,15.517171,0.5921345,0.5537605
ILMN_026,cg076,-10.116817,18.228142,-0.5550109,0.5788872
ILMN_026,cg077,-13.913841,15.233763,-0.9133555,0.3610556
ILMN_026,cg078,25.514193,16.046703,1.5899959,0.11183578
ILMN_026,cg079,-21.319729,14.636589,-1.456605,0.14522547
ILMN_026,cg080,1.6202908,14.035177,0.11544498,0.90809244
ILMN_026,cg081,15.7141075,15.973122,0.9837844,0.3252216
ILMN_026,cg082,18.924095,14.615763,1.294773,0.19539857
ILMN_026,cg083,15.98424,15.269219,1.0468276,0.29517913
ILMN_026,cg084,4.320386,16.397045,0.26348564,0.7921763
ILMN_026,cg085,3.3450031,16.294605,0.20528285,0.83735114
ILMN_026,cg086,3.6775308,15.655867,0.23489794,0.81428796
ILMN_026,cg087,4.059716,14.8667345,0.27307382,0.7847965
ILMN_026,cg088,-5.3580165,14.638442,-0.3660237,0.7143474
ILMN_026,cg089,-12.692809,16.084574,-0.7891293,0.4300365
ILMN_026,cg090,38.256393,16.994253,2.251137,0.02437687
ILMN_026,cg091,-2.341342,14.668146,-0.15962085,0.87317973
ILMN_026,cg092,-11.468083,14.629155,-0.78391975,0.43308723
ILMN_026,cg093,-28.5433,14.973461,-1.9062594,0.056616545
ILMN_026,cg094,-10.375459,16.732513,-0.6200777,0.5352066
ILMN_026,cg095,-10.232604,16.085537,-0.63613695,0.5246872
ILMN_026,cg096,-19.113445,14.272218,-1.3392063,0.18050349
ILMN_026,cg097,19.476845,15.692249,1.2411761,0.21454066
ILMN_026,cg098,24.73007,14.228588,1.7380551,0.08220112
ILMN_026,cg099,12.167376,14.741584,0.82537776,0.40915716
ILMN_026,cg100,-16.49105,16.910799,-0.97517866,0.32947165
ILMN_027,cg001,-7.1411057,13.120583,-0.5442674,0.58625746
ILMN_027,cg002,-0.6994734,15.176724,-0.04608856,0.96323967
ILMN_027,cg003,6.6168227,14.489776,0.4566546,0.6479193
ILMN_027,cg004,-3.0834072,15.759573,-0.19565296,0.8448818
ILMN_027,cg005,-14.123423,14.465977,-0.97632,0.32890588
ILMN_027,cg006,-3.796071,14.271174,-0.2659957,0.7902425
ILMN_027,cg007,-3.922861,13.351613,-0.29381177,0.7689017
ILMN_027,cg008,3.2516127,14.340782,0.22673887,0.8206268
ILMN_027,cg009,19.6115,13.826332,1.4184166,0.15606916
ILMN_027,cg010,-2.6999702,14.885426,-0.18138348,0.8560666
ILMN_027,cg011,11.388891,13.706096,0.8309362,0.40600967
ILMN_027,cg012,-7.6746807,15.147702,-0.5066564,0.6123959
ILMN_027,cg013,-8.301392,14.02565,-0.59187216,0.55393624
ILMN_027,cg014,16.337334,12.686056,1.2878182,0.19780928
ILMN_027,cg015,12.6597185,14.184755,0.89248765,0.3721316
ILMN_027,cg016,-1.3990755,14.262265,-0.0980963,0.9218558
ILMN_027,cg017,11.750738,13.4772625,0.8718935,0.38326645
ILMN_027,cg018,2.9097443,15.586485,0.1866838,0.85190856
ILMN_027,cg019,4.523575,12.730755,0.35532653,0.722345
ILMN_027,cg020,1.0620327,15.05348,0.07055064,0.9437554
ILMN_027,cg021,25.943468,14.239993,1.8218737,0.06847417
ILMN_027,cg022,-15.927009,14.111848,-1.1286267,0.25905538
ILMN_027,cg023,15.262302,13.177426,1.1582158,0.24677604
ILMN_027,cg024,1.6873741,13.492981,0.1250557,0.90047944
ILMN_027,cg025,-13.548108,12.950205,-1.0461694,0.2954828
ILMN_027,cg026,7.829134,14.255249,0.5492106,0.58286095
ILMN_027,cg027,16.035618,13.011562,1.2324129,0.2177949
ILMN_027,cg028,-16.395817,15.530378,-1.0557256,0.29109365
ILMN_027,cg029,0.92477417,16.552717,0.05586842,0.9554466
ILMN_027,cg030,16.364319,13.431982,1.2183101,0.22310615
ILMN_027,cg031,-15.072327,14.416489,-1.0454922,0.29579556
ILMN_027,cg032,7.8463745,13.687666,0.57324415,0.56647944
ILMN_027,cg033,1.7217522,13.628768,0.1263322,0.89946896
ILMN_027,cg034,13.903118,15.540527,0.8946362,0.37098157
ILMN_027,cg035,8.02503,12.770042,0.62842625,0.5297247
ILMN_027,cg036,5.4835596,13.942072,0.39331025,0.69409037
ILMN_027,cg037,8.577482,13.605082,0.63046163,0.52839255
ILMN_027,cg038,-28.2659,14.143927,-1.9984479,0.045668125
ILMN_027,cg039,8.540005,14.664705,0.5823509,0.5603304
ILMN_027,cg040,-4.23485,15.007451,-0.28218317,0.77780306
ILMN_027,cg041,20.51126,14.476465,1.4168693,0.15652114
ILMN_027,cg042,-30.010395,12.468473,-2.406902,0.016088486
ILMN_027,cg043,-2.351429,14.713559,-0.15981375,0.8730278
ILMN_027,cg044,9.819272,14.037119,0.6995219,0.48422593
ILMN_027,cg045,-43.09071,12.629817,-3.4118237,0.0006452799
ILMN_027,cg046,3.3755941,12.257499,0.27539012,0.78301656
ILMN_027,cg047,-23.878431,14.317688,-1.6677575,0.095363855
ILMN_027,cg048,5.715925,13.398947,0.42659512,0.6696743
ILMN_027,cg049,-3.449047,14.106528,-0.24450007,0.8068435
ILMN_027,cg050,-12.875393,13.11152,-0.9819909,0.32610434
ILMN_027,cg051,-30.49592,13.627614,-2.2378035,0.025233865
ILMN_027,cg052,7.3009663,13.492716,0.54110426,0.58843577
ILMN_027,cg053,-4.1397605,14.554267,-0.2844362,0.77607614
ILMN_027,cg054,11.024548,14.621434,0.75399905,0.45084983
ILMN_027,cg055,11.219532,12.808495,0.8759446,0.38106012
ILMN_027,cg056,28.709747,14.599709,1.9664603,0.049245477
ILMN_027,cg057,-26.490143,16.341284,-1.6210564,0.1050055
ILMN_027,cg058,3.0825624,13.099099,0.23532629,0.8139555
ILMN_027,cg059,0.2560749,13.239371,0.019341923,0.98456836
ILMN_027,cg060,-3.6037407,13.515448,-0.26663864,0.7897474
ILMN_027,cg061,10.084832,13.144942,0.7672025,0.44296116
ILMN_027,cg062,19.390373,14.21856,1.3637367,0.17265046
ILMN_027,cg063,4.4395733,13.979027,0.31758815,0.7507974
ILMN_027,cg064,2.5220222,13.922543,0.18114667,0.85625243
ILMN_027,cg065,-10.252455,14.4871235,-0.7076943,0.4791351
ILMN_027,cg066,6.8830323,14.555918,0.47286832,0.6363071
ILMN_027,cg067,23.035545,12.993907,1.7727959,0.07626253
ILMN_027,cg068,-18.908745,12.8942995,-1.4664422,0.14252782
ILMN_027,cg069,-15.273561,13.946054,-1.0951886,0.27343398
ILMN_027,cg070,6.1913414,13.692042,0.4521854,0.65113544
ILMN_027,cg071,27.57211,12.62301,2.1842737,0.028942168
ILMN_027,cg072,-39.84516,13.331558,-2.988785,0.0028008819
ILMN_027,cg073,-39.10327,11.704597,-3.3408473,0.0008352399
ILMN_027,cg074,2.9550924,16.145206,0.18303218,0.8547728
ILMN_027,cg075,3.9983807,14.219752,0.28118497,0.7785685
ILMN_027,cg076,-7.3356743,16.67568,-0.43990254,0.6600077
ILMN_027,cg077,-15.497298,13.857614,-1.1183237,0.2634288
ILMN_027,cg078,-8.462,15.007602,-0.5638476,0.57285786
ILMN_027,cg079,8.897114,13.61534,0.65346247,0.5134582
ILMN_027,cg080,1.4641991,12.823977,0.11417667,0.90909773
ILMN_027,cg081,-5.6253986,14.72403,-0.38205564,0.7024201
ILMN_027,cg082,13.35648,13.452205,0.99288404,0.3207665
ILMN_027,cg083,-31.179916,13.347147,-2.3360734,0.01948744
ILMN_027,cg084,-6.953471,14.958183,-0.46486068,0.6420312
ILMN_027,cg085,14.377184,14.743582,0.9751487,0.3294865
ILMN_027,cg086,14.389457,14.155225,1.0165474,0.3093688
ILMN_027,cg087,22.124258,13.197575,1.6763881,0.0936622
ILMN_027,cg088,7.493827,13.348953,0.5613794,0.57453895
ILMN_027,cg089,19.519007,14.513017,1.344931,0.17864752
ILMN_027,cg090,-2.2567024,16.357222,-0.13796368,0.8902691
ILMN_027,cg091,20.876907,13.047825,1.6000297,0.10959196
ILMN_027,cg092,2.9590735,13.448569,0.22002888,0.8258487
ILMN_027,cg093,17.109598,13.985663,1.223367,0.22119111
ILMN_027,cg094,-5.9202538,15.32742,-0.38625246,0.6993097
ILMN_027,cg095,7.559494,14.719716,0.5135625,0.6075579
ILMN_027,cg096,-30.810692,12.491937,-2.4664464,0.013646126
ILMN_027,cg097,-10.992589,14.4857235,-0.7588568,0.4479382
ILMN_027,cg098,-23.596146,12.961968,-1.8204137,0.06869602
ILMN_027,cg099,0.036514282,13.568751,0.0026910568,0.99785286
ILMN_027,cg100,2.4276066,15.606185,0.15555413,0.8763845
ILMN_028,cg001,-13.418186,13.957306,-0.9613736,0.3363644
ILMN_028,cg002,21.364717,15.945918,1.3398236,0.18030268
ILMN_028,cg003,-17.09641,15.347517,-1.1139529,0.26529944
ILMN_028,cg004,-5.90596,16.862469,-0.3502429,0.7261564
ILMN_028,cg005,-21.037395,15.341797,-1.3712472,0.17029792
ILMN_028,cg006,-15.450303,15.125058,-1.0215037,0.3070159
ILMN_028,cg007,12.433391,14.194603,0.8759238,0.38107145
ILMN_028,cg008,-40.570374,14.154992,-2.866153,0.0041549206
ILMN_028,cg009,2.406901,15.123676,0.15914787,0.8735524
ILMN_028,cg010,4.2505283,15.935119,0.26673967,0.78966963
ILMN_028,cg011,-3.332963,14.780305,-0.22550029,0.8215901
ILMN_028,cg012,15.751081,16.101204,0.9782549,0.32794827
ILMN_028,cg013,-11.895506,14.97568,-0.7943216,0.4270082
ILMN_028,cg014,6.603508,13.794728,0.47869793,0.6321535
ILMN_028,cg015,4.236207,15.309571,0.27670318,0.78200805
ILMN_028,cg016,18.313805,15.035409,1.218045,0.22320688
ILMN_028,cg017,4.6922607,14.535971,0.3228034,0.7468442
ILMN_028,cg018,44.8398,15.334383,2.9241347,0.0034541488
ILMN_028,cg019,6.0114956,13.6240635,0.44124103,0.65903854
ILMN_028,cg020,-28.950844,15.547258,-1.862119,0.06258631
ILMN_028,cg021,38.216934,14.751583,2.5907006,0.009578109
ILMN_028,cg022,6.737385,15.288849,0.4406731,0.6594497
ILMN_028,cg023,1.1995163,14.315739,0.08379004,0.93322337
ILMN_028,cg024,6.5224323,14.420907,0.45229003,0.6510601
ILMN_028,cg025,-3.9960756,14.020838,-0.28500977,0.7756367
ILMN_028,cg026,3.3282423,15.308949,0.217405,0.8278927
ILMN_028,cg027,8.583122,14.106431,0.6084546,0.542886
ILMN_028,cg028,15.737234,16.67206,0.9439286,0.34520614
ILMN_028,cg029,10.780067,17.65655,0.6105421,0.5415027
ILMN_028,cg030,-4.9726925,14.596992,-0.34066558,0.73335534
ILMN_028,cg031,-9.777546,15.5552225,-0.62856996,0.52963066
ILMN_028,cg032,0.040802002,14.711246,0.0027735247,0.99778706
ILMN_028,cg033,12.938781,14.473249,0.89397895,0.37133318
ILMN_028,cg034,-2.5190983,16.783386,-0.15009476,0.88068986
ILMN_028,cg035,-18.55009,13.459744,-1.3781904,0.16814452
ILMN_028,cg036,-7.347712,14.917238,-0.49256518,0.6223199
ILMN_028,cg037,-8.663143,14.5774975,-0.5942819,0.5523236
ILMN_028,cg038,-27.945118,15.244503,-1.8331275,0.06678361
ILMN_028,cg039,7.8449535,15.720647,0.4990223,0.61776364
ILMN_028,cg040,-10.00058,16.018606,-0.62431026,0.53242385
ILMN_028,cg041,-11.492936,15.747539,-0.7298243,0.4654976
ILMN_028,cg042,12.429964,14.050163,0.8846847,0.37632674
ILMN_028,cg043,-14.395517,15.618488,-0.9216972,0.35668653
ILMN_028,cg044,17.599165,14.88855,1.1820604,0.23718172
ILMN_028,cg045,12.451084,15.02936,0.82845074,0.40741527
ILMN_028,cg046,-8.158326,13.082962,-0.62358403,0.5329008
ILMN_028,cg047,-5.162266,15.772133,-0.32730296,0.7434387
ILMN_028,cg048,-2.9920778,14.371362,-0.20819724,0.83507496
ILMN_028,cg049,-5.009962,15.099321,-0.3318005,0.74003994
ILMN_028,cg050,-10.26486,14.107418,-0.72762144,0.4668454
ILMN_028,cg051,-23.209595,14.982737,-1.5490892,0.1213603
ILMN_028,cg052,-0.6298957,14.495815,-0.043453623,0.96533996
ILMN_028,cg053,24.29986,15.183799,1.6003808,0.10951412
ILMN_028,cg054,7.006057,15.72158,0.44563314,0.6558623
ILMN_028,cg055,-6.226553,13.800849,-0.45117173,0.6518658
ILMN_028,cg056,-23.150532,15.91783,-1.4543773,0.14584172
ILMN_028,cg057,-5.3965073,17.976248,-0.3002021,0.764023
ILMN_028,cg058,32.883278,13.173198,2.4962258,0.012552261
ILMN_028,cg059,-4.187395,14.165484,-0.2956055,0.7675314
ILMN_028,cg060,-9.218892,14.42181,-0.63923264,0.5226716
ILMN_028,cg061,5.2807236,14.146114,0.37329853,0.7089263
ILMN_028,cg062,-10.361095,15.457019,-0.6703165,0.50265604
ILMN_028,cg063,16.037376,14.799714,1.0836275,0.27853
ILMN_028,cg064,-22.9314,14.527591,-1.5784724,0.11445713
ILMN_028,cg065,12.787916,15.485038,0.825824,0.40890396
ILMN_028,cg066,0.9565859,15.626052,0.061217375,0.95118606
ILMN_028,cg067,-1.3286543,14.382187,-0.09238194,0.9263946
ILMN_028,cg068,1.8491564,14.125783,0.13090646,0.8958493
ILMN_028,cg069,4.574298,15.114134,0.30265036,0.7621563
ILMN_028,cg070,13.508272,14.5606365,0.9277254,0.35355002
ILMN_028,cg071,-12.724289,14.078097,-0.90383583,0.3660825
ILMN_028,cg072,-34.852333,14.73193,-2.3657684,0.017992675
ILMN_028,cg073,-3.6628485,13.962986,-0.26232558,0.79307044
ILMN_028,cg074,-16.20718,17.13135,-0.9460539,0.3441211
ILMN_028,cg075,-15.988703,15.058497,-1.0617728,0.28833884
ILMN_028,cg076,-28.348122,17.401636,-1.6290492,0.1033026
ILMN_028,cg077,22.049736,14.685837,1.5014286,0.13324475
ILMN_028,cg078,-41.81364,14.90319,-2.805684,0.005020976
ILMN_028,cg079,22.203241,14.278568,1.5550047,0.11994493
ILMN_028,cg080,3.341877,13.727107,0.24345092,0.8076561
ILMN_028,cg081,27.036915,15.282528,1.7691389,0.07687068
ILMN_028,cg082,-0.6670904,14.560034,-0.045816544,0.96345645
ILMN_028,cg083,-7.563879,15.077254,-0.50167483,0.6158963
ILMN_028,cg084,1.7476072,16.055174,0.1088501,0.9133214
ILMN_028,cg085,7.9730816,15.908823,0.50117356,0.61624897
ILMN_028,cg086,-37.35116,14.30564,-2.6109393,0.009029388
ILMN_028,cg087,-3.1491184,14.552052,-0.21640374,0.82867306
ILMN_028,cg088,-5.088358,14.325489,-0.35519612,0.7224427
ILMN_028,cg089,-1.7980537,15.843332,-0.11348962,0.9096424
ILMN_028,cg090,2.4058228,17.518011,0.13733424,0.8907666
ILMN_028,cg091,-13.788371,14.212657,-0.9701473,0.33197308
ILMN_028,cg092,-1.1384687,14.409517,-0.07900811,0.93702614
ILMN_028,cg093,-1.7213058,15.21772,-0.11311194,0.9099418
ILMN_028,cg094,1.421875,16.440357,0.08648687,0.9310794
ILMN_028,cg095,33.47808,15.019058,2.22904,0.025811255
ILMN_028,cg096,-14.235616,14.079981,-1.0110537,0.31199074
ILMN_028,cg097,13.56353,15.481847,0.8760925,0.38097978
ILMN_028,cg098,-22.602364,13.981445,-1.616597,0.10596532
ILMN_028,cg099,-28.433157,13.913782,-2.0435247,0.041000545
ILMN_028,cg100,-13.058497,16.606804,-0.78633416,0.43167174
ILMN_029,cg001,6.2679996,14.923509,0.42000845,0.6744793
ILMN_029,cg002,9.609432,17.181917,0.5592759,0.5759734
ILMN_029,cg003,-13.454787,16.377058,-0.8215631,0.41132557
ILMN_029,cg004,-16.952793,17.73408,-0.95594436,0.33910036
ILMN_029,cg005,-14.548127,16.4627,-0.8837024,0.37685686
ILMN_029,cg006,-6.3989916,16.196194,-0.3950923,0.6927748
ILMN_029,cg007,-4.250553,15.167904,-0.28023338,0.7792984
ILMN_029,cg008,14.235501,16.163652,0.88071066,0.37847447
ILMN_029,cg009,-9.606096,15.983028,-0.60101855,0.54782766
ILMN_029,cg010,10.217708,16.847763,0.6064727,0.5442009
ILMN_029,cg011,7.1952724,15.649787,0.4597681,0.6456827
ILMN_029,cg012,-7.3823795,17.22045,-0.42869842,0.66814274
ILMN_029,cg013,-5.8469524,15.969585,-0.3661305,0.71426773
ILMN_029,cg014,-12.11138,14.558964,-0.83188474,0.405474
ILMN_029,cg015,-8.982702,16.197874,-0.55456054,0.57919526
ILMN_029,cg016,2.139574,16.199692,0.13207498,0.894925
ILMN_029,cg017,7.330081,15.397453,0.476058,0.6340331
ILMN_029,cg018,46.50866,16.330713,2.8479257,0.0044005513
ILMN_029,cg019,-11.860016,14.375232,-0.8250313,0.4093538
ILMN_029,cg020,-32.177917,16.429457,-1.9585503,0.050165474
ILMN_029,cg021,-12.196951,16.65238,-0.7324449,0.46389705
ILMN_029,cg022,-9.902397,16.184914,-0.61182886,0.54065096
ILMN_029,cg023,-5.1458354,15.166483,-0.33928996,0.73439133
ILMN_029,cg024,-31.589512,14.605127,-2.1629057,0.030548453
ILMN_029,cg025,-15.281606,14.713099,-1.0386395,0.29897243
ILMN_029,cg026,-19.564568,15.987955,-1.2237067,0.2210629
ILMN_029,cg027,13.179634,14.89616,0.88476723,0.37628222
ILMN_029,cg028,-4.074153,17.843904,-0.22832184,0.8193961
ILMN_029,cg029,-6.20253,18.78127,-0.33025083,0.74121046
ILMN_029,cg030,-6.6697416,15.4709015,-0.43111524,0.6663846
ILMN_029,cg031,-5.08313,16.552721,-0.30708727,0.75877696
ILMN_029,cg032,7.1433372,15.56821,0.4588413,0.6463481
ILMN_029,cg033,-0.38570976,15.484034,-0.024910161,0.9801266
ILMN_029,cg034,-13.070326,17.701418,-0.73837733,0.4602852
ILMN_029,cg035,6.0418167,14.540868,0.41550592,0.67777157
ILMN_029,cg036,-7.690816,15.823376,-0.48604143,0.6269378
ILMN_029,cg037,19.217056,15.260364,1.259279,0.20792961
ILMN_029,cg038,-27.025656,16.26871,-1.6612047,0.096672356
ILMN_029,cg039,-21.99302,16.402037,-1.3408712,0.17996228
ILMN_029,cg040,18.312405,16.847317,1.0869627,0.2770533
ILMN_029,cg041,-13.753441,16.676548,-0.8247175,0.409532
ILMN_029,cg042,4.6030216,15.013516,0.30659184,0.7591541
ILMN_029,cg043,-11.544315,16.631477,-0.69412446,0.48760414
ILMN_029,cg044,29.082912,15.4457245,1.8829103,0.05971253
ILMN_029,cg045,-9.084436,16.003738,-0.56764466,0.57027626
ILMN_029,cg046,-15.289811,13.751692,-1.1118494,0.26620293
ILMN_029,cg047,10.452389,16.67746,0.6267375,0.53083134
ILMN_029,cg048,22.319365,14.891182,1.4988309,0.13391751
ILMN_029,cg049,-9.019905,15.97932,-0.5644737,0.5724318
ILMN_029,cg050,-4.668518,15.0334425,-0.3105422,0.7561487
ILMN_029,cg051,8.4437065,16.25339,0.51950437,0.60340905
ILMN_029,cg052,-19.386417,15.107582,-1.2832243,0.19941348
ILMN_029,cg053,24.375546,16.152287,1.5091081,0.13127118
ILMN_029,cg054,5.786545,16.689589,0.34671584,0.7288048
ILMN_029,cg055,-7.603883,14.627613,-0.5198307,0.6031816
ILMN_029,cg056,5.658499,17.24723,0.32808158,0.74285
ILMN_029,cg057,-3.1459103,19.079918,-0.16488071,0.86903787
ILMN_029,cg058,-16.108196,14.698084,-1.0959386,0.27310568
ILMN_029,cg059,5.0946617,15.020412,0.33918256,0.7344722
ILMN_029,cg060,-6.339905,15.336126,-0.41339675,0.679316
ILMN_029,cg061,15.073603,14.861825,1.0142498,0.3104636
ILMN_029,cg062,-9.902596,16.409864,-0.6034539,0.54620683
ILMN_029,cg063,-11.84674,15.800472,-0.74977124,0.4533925
ILMN_029,cg064,2.7234259,15.815707,0.17219754,0.8632822
ILMN_029,cg065,10.449919,16.473944,0.6343301,0.52586544
ILMN_029,cg066,4.041396,16.564064,0.24398579,0.8072418
ILMN_029,cg067,-6.8950963,15.222276,-0.45296094,0.65057683
ILMN_029,cg068,-5.8040123,14.961148,-0.38793895,0.6980612
ILMN_029,cg069,0.12125015,16.04707,0.007555906,0.9939713
ILMN_029,cg070,-4.0320077,15.576519,-0.25885165,0.7957497
ILMN_029,cg071,6.638462,15.032407,0.44161007,0.6587714
ILMN_029,cg072,-37.95919,15.573927,-2.437355,0.0147951245
ILMN_029,cg073,15.175924,14.651332,1.0358051,0.3002931
ILMN_029,cg074,45.844933,17.056059,2.6878972,0.0071903467
ILMN_029,cg075,-2.7377815,16.16161,-0.1694003,0.8654818
ILMN_029,cg076,-1.4409142,18.981173,-0.07591281,0.9394885
ILMN_029,cg077,13.393452,15.831272,0.84601235,0.39754587
ILMN_029,cg078,-16.743086,16.927475,-0.98910713,0.32261074
ILMN_029,cg079,11.212788,15.449617,0.72576475,0.467983
ILMN_029,cg080,11.821497,14.464688,0.8172659,0.41377646
ILMN_029,cg081,-14.923086,16.606995,-0.8986025,0.36886442
ILMN_029,cg082,-8.808761,15.389051,-0.5724044,0.5670481
ILMN_029,cg083,9.596901,15.973146,0.6008147,0.5479634
ILMN_029,cg084,-55.72398,14.918678,-3.735182,0.00018757582
ILMN_029,cg085,19.035519,16.685635,1.1408328,0.2539395
ILMN_029,cg086,-1.8805294,16.25672,-0.11567705,0.9079085
ILMN_029,cg087,10.210913,15.369234,0.6643736,0.50645125
ILMN_029,cg088,10.193377,15.141047,0.673228,0.5008023
ILMN_029,cg089,8.7171,16.7577,0.52018476,0.60293484
ILMN_029,cg090,-32.266544,17.965418,-1.7960364,0.072488725
ILMN_029,cg091,-1.9935179,15.225558,-0.13093233,0.89582884
ILMN_029,cg092,4.3064947,15.2716,0.2819937,0.7779484
ILMN_029,cg093,-6.204077,16.117304,-0.38493267,0.70028734
ILMN_029,cg094,24.183836,17.070808,1.4166778,0.15657717
ILMN_029,cg095,-7.232097,16.734636,-0.4321634,0.6656227
ILMN_029,cg096,27.529839,14.543435,1.8929392,0.05836594
ILMN_029,cg097,11.821099,16.46559,0.71792746,0.47280198
ILMN_029,cg098,-38.399548,14.154853,-2.7128186,0.006671369
ILMN_029,cg099,-27.289768,14.878821,-1.834135,0.06663394
ILMN_029,cg100,17.455149,17.544584,0.9949024,0.31978375
ILMN_030,cg001,-3.0934896,12.05034,-0.2567139,0.79739964
ILMN_030,cg002,-15.030262,13.726632,-1.0949708,0.2735294
ILMN_030,cg003,-6.985175,13.264838,-0.5265933,0.59847605
ILMN_030,cg004,-16.632732,14.234319,-1.1684952,0.24260712
ILMN_030,cg005,-23.206818,12.94493,-1.7927341,0.07301545
ILMN_030,cg006,7.0545692,13.043079,0.54086685,0.5885993
ILMN_030,cg007,-4.325098,12.226839,-0.35373804,0.7235352
ILMN_030,cg008,-11.519184,13.035366,-0.883687,0.3768652
ILMN_030,cg009,16.506184,12.710034,1.2986734,0.19405603
ILMN_030,cg010,-20.69468,13.296442,-1.5564073,0.11961126
ILMN_030,cg011,-0.9758301,12.649811,-0.07714187,0.93851066
ILMN_030,cg012,2.4628048,13.911388,0.17703515,0.8594808
ILMN_030,cg013,1.3408289,12.896819,0.10396586,0.91719645
ILMN_030,cg014,0.1275878,11.829884,0.010785212,0.9913948
ILMN_030,cg015,-12.145868,12.98438,-0.9354215,0.3495711
ILMN_030,cg016,17.207575,12.818978,1.3423516,0.17948204
ILMN_030,cg017,-10.705715,12.348226,-0.86698407,0.38595074
ILMN_030,cg018,6.6430855,14.251237,0.466141,0.6411146
ILMN_030,cg019,-1.1025391,11.678055,-0.094411194,0.9247825
ILMN_030,cg020,5.5320263,13.767745,0.40181062,0.6878234
ILMN_030,cg021,32.21556,12.645698,2.5475512,0.010848224
ILMN_030,cg022,-6.1251717,13.075096,-0.46846092,0.639455
ILMN_030,cg023,5.231741,12.222854,0.42802942,0.6686297
ILMN_030,cg024,5.397438,12.337962,0.43746594,0.6617735
ILMN_030,cg025,5.5122967,11.977006,0.46023995,0.645344
ILMN_030,cg026,-27.651867,12.452135,-2.2206526,0.026374519
ILMN_030,cg027,-8.982088,12.043051,-0.7458316,0.45576918
ILMN_030,cg028,-15.28469,14.221939,-1.0747261,0.2824974
ILMN_030,cg029,6.1648426,15.137905,0.40724543,0.68382776
ILMN_030,cg030,-12.405844,12.368045,-1.0030562,0.3158338
ILMN_030,cg031,-1.7208824,13.361153,-0.12879746,0.8975179
ILMN_030,cg032,21.817547,12.166487,1.7932496,0.07293302
ILMN_030,cg033,-12.797535,12.344691,-1.0366833,0.29988348
ILMN_030,cg034,-8.417412,14.306941,-0.58834463,0.556301
ILMN_030,cg035,-8.661348,11.6796875,-0.74157363,0.4583457
ILMN_030,cg036,-7.4602065,12.747021,-0.585251,0.55837893
ILMN_030,cg037,-9.68042,12.436296,-0.77840054,0.43633294
ILMN_030,cg038,-6.9499526,13.469741,-0.5159678,0.6058769
ILMN_030,cg039,-16.996468,13.249489,-1.2828017,0.19956154
ILMN_030,cg040,8.754523,13.700192,0.63900733,0.52281815
ILMN_030,cg041,3.3137712,13.540008,0.24473925,0.8066583
ILMN_030,cg042,2.838328,12.113644,0.23430835,0.8147456
ILMN_030,cg043,-4.8862524,13.464204,-0.3629069,0.71667445
ILMN_030,cg044,25.28338,12.379108,2.0424235,0.041109562
ILMN_030,cg045,-6.1516666,12.920455,-0.47611842,0.63399005
ILMN_030,cg046,-11.414881,11.112143,-1.0272439,0.30430567
ILMN_030,cg047,2.0303674,13.504474,0.15034775,0.88049024
ILMN_030,cg048,35.91563,11.101276,3.2352703,0.0012152791
ILMN_030,cg049,19.203861,12.618212,1.5219163,0.12803006
ILMN_030,cg050,10.43787,12.039313,0.86698216,0.38595176
ILMN_030,cg051,-18.044207,12.874859,-1.4015071,0.16106248
ILMN_030,cg052,0.726809,12.400071,0.058613297,0.9532601
ILMN_030,cg053,-19.130072,13.044038,-1.4665759,0.14249152
ILMN_030,cg054,-0.6451225,13.477509,-0.0478666,0.96182257
ILMN_030,cg055,-7.59074,11.778821,-0.64443976,0.5192903
ILMN_030,cg056,10.251607,13.844005,0.7405088,0.45899135
ILMN_030,cg057,7.3037205,15.354917,0.47566006,0.63431656
ILMN_030,cg058,-2.3939457,12.002679,-0.19945095,0.84191
ILMN_030,cg059,23.08332,11.641915,1.9827769,0.04739237
ILMN_030,cg060,-23.637466,11.891452,-1.9877696,0.04683715
ILMN_030,cg061,4.3824215,12.10221,0.36211744,0.7172643
ILMN_030,cg062,-2.7661734,13.28069,-0.20828536,0.8350062
ILMN_030,cg063,9.27095,12.747741,0.7272622,0.4670654
ILMN_030,cg064,-12.597082,12.623684,-0.99789274,0.31833136
ILMN_030,cg065,13.332761,13.198744,1.0101538,0.31242162
ILMN_030,cg066,6.8121333,13.329887,0.51104206,0.6093216
ILMN_030,cg067,6.546981,12.266295,0.5337374,0.59352326
ILMN_030,cg068,-6.9594183,12.042353,-0.57791185,0.5633236
ILMN_030,cg069,3.469263,12.931968,0.2682703,0.78849125
ILMN_030,cg070,12.085969,12.444781,0.9711676,0.33146483
ILMN_030,cg071,14.62262,11.956586,1.2229762,0.22133869
ILMN_030,cg072,-23.348759,12.895308,-1.81064,0.07019663
ILMN_030,cg073,-9.332491,11.873944,-0.78596383,0.4318887
ILMN_030,cg074,3.7160993,14.786552,0.25131613,0.8015697
ILMN_030,cg075,-9.5620575,12.962068,-0.7376954,0.46069962
ILMN_030,cg076,-17.182224,15.098342,-1.1380206,0.25511187
ILMN_030,cg077,-17.668514,12.600507,-1.4022067,0.16085356
ILMN_030,cg078,-41.69143,12.351438,-3.3754313,0.00073701143
ILMN_030,cg079,3.8113918,12.518752,0.30445462,0.7607816
ILMN_030,cg080,11.53812,11.626459,0.9924019,0.32100153
ILMN_030,cg081,-5.982006,13.481881,-0.44370708,0.6572544
ILMN_030,cg082,3.575943,12.444336,0.28735507,0.7738405
ILMN_030,cg083,-0.98087883,12.932093,-0.07584842,0.9395397
ILMN_030,cg084,-0.28547,13.73592,-0.020782737,0.98341894
ILMN_030,cg085,12.668226,13.517691,0.93715906,0.34867674
ILMN_030,cg086,-7.4271603,13.067258,-0.5683794,0.56977737
ILMN_030,cg087,9.173548,12.381061,0.7409339,0.45873356
ILMN_030,cg088,3.8336306,12.258346,0.31273636,0.75448096
ILMN_030,cg089,10.881405,13.459611,0.8084487,0.41883236
ILMN_030,cg090,14.407297,14.837364,0.9710146,0.331541
ILMN_030,cg091,12.526291,12.142146,1.0316373,0.3022421
ILMN_030,cg092,-11.383084,12.212506,-0.9320842,0.35129303
ILMN_030,cg093,0.32031584,13.019549,0.024602683,0.9803719
ILMN_030,cg094,-21.363644,13.707604,-1.558525,0.119108856
ILMN_030,cg095,23.26201,13.081825,1.778193,0.07537216
ILMN_030,cg096,-8.95352,12.105885,-0.7396006,0.4595424
ILMN_030,cg097,-2.7475462,13.347657,-0.20584483,0.83691216
ILMN_030,cg098,-7.973675,12.238988,-0.6514979,0.51472515
ILMN_030,cg099,-7.6463795,12.379686,-0.61765534,0.53680253
ILMN_030,cg100,2.9823875,14.294497,0.20863886,0.83473015
ILMN_031,cg001,-16.339481,13.106167,-1.2467017,0.21250689
ILMN_031,cg002,13.41531,15.237155,0.88043404,0.37862426
ILMN_031,cg003,-16.645805,14.496109,-1.1482947,0.25084692
ILMN_031,cg004,4.0094037,15.950398,0.251367,0.80153036
ILMN_031,cg005,23.980602,14.367386,1.6690999,0.0950976
ILMN_031,cg006,-21.127205,14.119452,-1.4963189,0.13457054
ILMN_031,cg007,12.076817,13.411927,0.9004535,0.36787897
ILMN_031,cg008,-10.227718,14.447979,-0.7078996,0.47900766
ILMN_031,cg009,-4.0153465,14.288102,-0.2810273,0.7786895
ILMN_031,cg010,-23.669989,14.665597,-1.6139805,0.10653168
ILMN_031,cg011,-13.590653,13.835197,-0.9823245,0.32594
ILMN_031,cg012,-3.4046288,15.369799,-0.22151421,0.8246921
ILMN_031,cg013,-19.50893,13.960021,-1.3974857,0.16226757
ILMN_031,cg014,0.9196348,13.071909,0.07035199,0.9439135
ILMN_031,cg015,26.36704,13.95272,1.889742,0.058792472
ILMN_031,cg016,15.2634,14.263933,1.0700696,0.28458798
ILMN_031,cg017,7.2900367,13.714367,0.53156203,0.59502935
ILMN_031,cg018,-9.874335,15.718176,-0.62821126,0.52986556
ILMN_031,cg019,-0.18412209,12.906039,-0.014266351,0.9886175
ILMN_031,cg020,-12.379907,15.131001,-0.8181816,0.4132535
ILMN_031,cg021,-12.229046,14.818081,-0.82527864,0.40921342
ILMN_031,cg022,14.16214,14.331724,0.9881672,0.32307076
ILMN_031,cg023,-3.4846487,13.52396,-0.25766483,0.7966656
ILMN_031,cg024,22.127579,13.267118,1.6678511,0.09534526
ILMN_031,cg025,-17.49678,13.012348,-1.3446289,0.17874509
ILMN_031,cg026,-9.2062645,14.415233,-0.63864833,0.52305174
ILMN_031,cg027,-5.8224697,13.360828,-0.43578658,0.6629916
ILMN_031,cg028,-1.474288,15.910534,-0.09266113,0.9261728
ILMN_031,cg029,14.173204,16.627443,0.8523983,0.39399308
ILMN_031,cg030,-9.058929,13.751233,-0.6587722,0.5100421
ILMN_031,cg031,11.068615,14.67693,0.7541505,0.45075887
ILMN_031,cg032,-11.085903,13.810165,-0.80273503,0.4221279
ILMN_031,cg033,7.7808027,13.752149,0.56578815,0.5715378
ILMN_031,cg034,8.942787,15.814363,0.5654852,0.57174385
ILMN_031,cg035,11.124226,12.879525,0.863714,0.38774508
ILMN_031,cg036,10.742699,14.049417,0.76463664,0.44448793
ILMN_031,cg037,-2.6031752,13.827598,-0.1882594,0.8506733
ILMN_031,cg038,3.5125961,14.91874,0.23544857,0.8138606
ILMN_031,cg039,-5.373432,14.879835,-0.36112174,0.7180084
ILMN_031,cg040,-32.830906,14.415387,-2.2774904,0.022756994
ILMN_031,cg041,-34.083527,14.103538,-2.416665,0.015663445
ILMN_031,cg042,8.183196,13.339695,0.613447,0.5395808
ILMN_031,cg043,18.273287,14.654266,1.2469602,0.21241212
ILMN_031,cg044,-0.17589855,14.286292,-0.012312401,0.9901764
ILMN_031,cg045,9.626698,14.242313,0.67592233,0.49908996
ILMN_031,cg046,7.579068,12.369125,0.6127408,0.54004776
ILMN_031,cg047,-6.0300217,14.900264,-0.40469226,0.68570375
ILMN_031,cg048,21.31689,13.223268,1.6120744,0.10694575
ILMN_031,cg049,-4.666069,14.273906,-0.32689503,0.7437473
ILMN_031,cg050,26.205221,12.843704,2.0403166,0.041318774
ILMN_031,cg051,13.03097,14.400319,0.9049084,0.36551392
ILMN_031,cg052,15.763819,13.504639,1.1672891,0.24309367
ILMN_031,cg053,24.170095,14.310377,1.6889908,0.09122121
ILMN_031,cg054,6.855032,14.859337,0.46132827,0.6445631
ILMN_031,cg055,4.084813,13.060911,0.312751,0.7544699
ILMN_031,cg056,-17.09243,15.181457,-1.1258755,0.26021826
ILMN_031,cg057,-18.881668,16.780235,-1.1252326,0.26049048
ILMN_031,cg058,18.295586,12.992189,1.4081988,0.15907222
ILMN_031,cg059,8.265474,13.347843,0.6192367,0.5357604
ILMN_031,cg060,-15.598629,13.498848,-1.1555526,0.24786419
ILMN_031,cg061,13.94552,13.233795,1.0537809,0.29198325
ILMN_031,cg062,-10.305082,14.603898,-0.7056392,0.48041254
ILMN_031,cg063,6.191302,14.1381855,0.43791348,0.661449
ILMN_031,cg064,-17.442122,13.863451,-1.2581371,0.2083422
ILMN_031,cg065,-7.403264,14.705679,-0.50342894,0.61466277
ILMN_031,cg066,6.5821857,14.740012,0.44655225,0.6551984
ILMN_031,cg067,2.5854182,13.591413,0.1902244,0.8491333
ILMN_031,cg068,-9.754554,13.277939,-0.7346437,0.46255654
ILMN_031,cg069,2.0180202,14.29853,0.1411348,0.88776344
ILMN_031,cg070,-19.35578,13.596067,-1.4236307,0.15455341
ILMN_031,cg071,-9.695122,13.349375,-0.72626036,0.4676792
ILMN_031,cg072,-5.577311,14.726053,-0.37873766,0.7048827
ILMN_031,cg073,-1.8321438,13.206331,-0.13873222,0.8896618
ILMN_031,cg074,18.857224,16.112951,1.1703147,0.2418744
ILMN_031,cg075,8.845958,14.349037,0.6164844,0.5375749
ILMN_031,cg076,-3.7122993,16.90878,-0.21954863,0.8262227
ILMN_031,cg077,-12.585125,14.097038,-0.8927496,0.37199128
ILMN_031,cg078,27.885769,14.680978,1.899449,0.05750549
ILMN_031,cg079,-12.345058,13.7276125,-0.8992866,0.3685
ILMN_031,cg080,-6.4085846,12.950181,-0.4948645,0.62069577
ILMN_031,cg081,20.582542,14.618299,1.4079984,0.15913153
ILMN_031,cg082,-1.6165023,13.761866,-0.11746244,0.9064936
ILMN_031,cg083,12.34086,14.175179,0.87059647,0.38397455
ILMN_031,cg084,6.390024,15.149659,0.42179325,0.67317593
ILMN_031,cg085,10.742175,14.996222,0.71632546,0.4737904
ILMN_031,cg086,-6.9004803,14.454808,-0.47738305,0.6330894
ILMN_031,cg087,-7.0975666,13.723228,-0.5171937,0.605021
ILMN_031,cg088,-6.344014,13.528159,-0.4689488,0.6391062
ILMN_031,cg089,17.651207,14.75099,1.1966116,0.23145795
ILMN_031,cg090,-4.5565567,16.549559,-0.27532798,0.78306425
ILMN_031,cg091,-13.072185,13.434437,-0.9730356,0.33053565
ILMN_031,cg092,31.13716,12.8253355,2.4277852,0.015191317
ILMN_031,cg093,4.503748,14.371995,0.31336972,0.75399977
ILMN_031,cg094,15.969478,15.362965,1.0394789,0.29858208
ILMN_031,cg095,-26.533577,14.423503,-1.839607,0.06582594
ILMN_031,cg096,-17.353819,13.211404,-1.3135484,0.18899822
ILMN_031,cg097,-10.050035,14.682013,-0.68451345,0.49365097
ILMN_031,cg098,16.156885,13.376461,1.2078595,0.22710133
ILMN_031,cg099,16.426357,13.521574,1.2148259,0.22443253
ILMN_031,cg100,-21.039028,15.496148,-1.357694,0.17456079
ILMN_032,cg001,-8.901595,12.226025,-0.7280858,0.46656108
ILMN_032,cg002,5.432931,14.155336,0.38380796,0.7011208
ILMN_032,cg003,-1.0131865,13.565753,-0.07468708,0.94046366
ILMN_032,cg004,23.20201,14.32546,1.6196344,0.10531086
ILMN_032,cg005,0.5517278,13.652751,0.040411472,0.9677651
ILMN_032,cg006,-0.9823885,13.341182,-0.073635794,0.9413002
ILMN_032,cg007,1.0836964,12.483365,0.08681124,0.93082154
ILMN_032,cg008,9.1748705,13.335793,0.6879884,0.49146008
ILMN_032,cg009,3.020012,13.18808,0.22899558,0.81887233
ILMN_032,cg010,12.392446,13.789984,0.89865553,0.36883616
ILMN_032,cg011,5.1825075,12.876921,0.4024648,0.687342
ILMN_032,cg012,-8.877466,14.129476,-0.6282941,0.52981126
ILMN_032,cg013,13.670459,12.996788,1.0518336,0.2928759
ILMN_032,cg014,17.0933,11.7964735,1.4490178,0.14733261
ILMN_032,cg015,-20.019482,13.035205,-1.535801,0.12458718
ILMN_032,cg016,-4.413827,13.308888,-0.33164504,0.7401573
ILMN_032,cg017,26.445435,12.079979,2.1891954,0.028582633
ILMN_032,cg018,5.458501,14.543707,0.37531704,0.70742476
ILMN_032,cg019,-1.76408,11.906174,-0.14816515,0.88221246
ILMN_032,cg020,0.52926636,14.063071,0.03763519,0.9699786
ILMN_032,cg021,0.8841734,13.773553,0.06419356,0.9488161
ILMN_032,cg022,7.85483,13.313883,0.58997285,0.55520886
ILMN_032,cg023,0.90006256,12.48747,0.07207726,0.9425404
ILMN_032,cg024,-16.743877,12.362811,-1.3543746,0.17561686
ILMN_032,cg025,-12.878145,12.092614,-1.0649595,0.28689426
ILMN_032,cg026,16.827486,13.1280365,1.2817976,0.19991368
ILMN_032,cg027,4.39283,12.337075,0.35606736,0.7217901
ILMN_032,cg028,-4.818927,14.665541,-0.32858843,0.7424668
ILMN_032,cg029,5.8045335,15.439894,0.37594387,0.70695865
ILMN_032,cg030,-2.7478318,12.742162,-0.2156488,0.82926154
ILMN_032,cg031,-3.248888,13.6181135,-0.23857108,0.8114382
ILMN_032,cg032,3.4845257,12.821923,0.27176312,0.78580415
ILMN_032,cg033,-6.1814003,12.701152,-0.4866803,0.62648493
ILMN_032,cg034,47.400066,12.867884,3.6835945,0.00022995472
ILMN_032,cg035,1.0882158,11.979428,0.090840384,0.9276194
ILMN_032,cg036,0.3644898,13.046051,0.027938707,0.977711
ILMN_032,cg037,2.578268,12.758605,0.20208071,0.83985364
ILMN_032,cg038,-12.153604,13.657434,-0.8898892,0.37352544
ILMN_032,cg039,3.3245697,13.741009,0.2419451,0.8088227
ILMN_032,cg040,-4.4625416,14.016221,-0.31838408,0.7501936
ILMN_032,cg041,31.582842,13.007002,2.4281416,0.015176415
ILMN_032,cg042,-11.031534,12.251897,-0.90039396,0.36791068
ILMN_032,cg043,7.0776873,13.709136,0.5162752,0.6056622
ILMN_032,cg044,7.315841,13.138429,0.5568277,0.5776452
ILMN_032,cg045,-22.763966,12.773533,-1.7821198,0.07472974
ILMN_032,cg046,0.12565517,11.460022,0.010964653,0.99125165
ILMN_032,cg047,-16.458923,13.558138,-1.2139516,0.22476625
ILMN_032,cg048,8.702749,12.475831,0.6975687,0.485447
ILMN_032,cg049,-14.057766,13.0225525,-1.0794939,0.28036767
ILMN_032,cg050,-0.90125465,12.375406,-0.07282627,0.94194436
ILMN_032,cg051,13.594969,13.254872,1.0256582,0.3050527
ILMN_032,cg052,5.9804173,12.613772,0.47411805,0.63541573
ILMN_032,cg053,22.854307,13.184323,1.7334456,0.083016515
ILMN_032,cg054,-4.117879,13.72965,-0.299926,0.7642336
ILMN_032,cg055,8.188088,12.004148,0.68210495,0.49517262
ILMN_032,cg056,5.1628,14.179905,0.3640927,0.7157888
ILMN_032,cg057,-13.275883,15.572999,-0.85249364,0.3939402
ILMN_032,cg058,-5.491783,12.217359,-0.44950658,0.6530663
ILMN_032,cg059,-10.219389,12.275762,-0.83248514,0.40513515
ILMN_032,cg060,-6.864481,12.594893,-0.54502094,0.58573914
ILMN_032,cg061,2.1320124,12.35394,0.17257753,0.8629835
ILMN_032,cg062,-14.677139,13.374475,-1.0973994,0.27246684
ILMN_032,cg063,6.0862694,13.042276,0.46665698,0.6407453
ILMN_032,cg064,-1.8081226,13.007945,-0.1390014,0.88944906
ILMN_032,cg065,-6.626464,13.571805,-0.48825222,0.6253712
ILMN_032,cg066,-6.020232,13.601795,-0.4426057,0.658051
ILMN_032,cg067,23.85072,12.043436,1.9803916,0.047659576
ILMN_032,cg068,9.363394,12.246252,0.7645926,0.44451421
ILMN_032,cg069,-23.380566,12.738551,-1.835418,0.0664438
ILMN_032,cg070,-2.009695,12.8156805,-0.15681532,0.8753904
ILMN_032,cg071,0.85122776,12.387857,0.068714686,0.9452167
ILMN_032,cg072,-26.120808,13.053268,-2.0010934,0.04538232
ILMN_032,cg073,-13.130317,12.033901,-1.0911106,0.2752242
ILMN_032,cg074,9.76363,15.019042,0.6500834,0.51563835
ILMN_032,cg075,-1.4602299,13.293347,-0.10984667,0.91253096
ILMN_032,cg076,4.899643,15.593945,0.31420165,0.7533679
ILMN_032,cg077,3.1979775,13.111706,0.24390247,0.80730635
ILMN_032,cg078,-4.3236804,14.053581,-0.30765685,0.75834346
ILMN_032,cg079,0.42462158,12.7778015,0.03323119,0.97349024
ILMN_032,cg080,0.37872505,11.981355,0.031609535,0.9747834
ILMN_032,cg081,3.624817,13.766198,0.26331285,0.79230946
ILMN_032,cg082,3.8562393,12.68787,0.30393118,0.76118034
ILMN_032,cg083,-31.090406,12.365038,-2.5143802,0.011924207
ILMN_032,cg084,-1.8430593,14.003648,-0.13161281,0.89529055
ILMN_032,cg085,12.259655,13.796752,0.8885899,0.37422353
ILMN_032,cg086,15.716727,13.168774,1.1934845,0.23267967
ILMN_032,cg087,12.0274515,12.575389,0.9564278,0.33885616
ILMN_032,cg088,8.170734,12.454722,0.65603507,0.5118016
ILMN_032,cg089,8.806702,13.760504,0.6399985,0.5221736
ILMN_032,cg090,-4.9873123,15.265908,-0.32669607,0.7438978
ILMN_032,cg091,21.236248,12.125756,1.751334,0.0798884
ILMN_032,cg092,7.1688867,12.525353,0.57235,0.56708485
ILMN_032,cg093,16.764944,13.04369,1.2852916,0.19869041
ILMN_032,cg094,31.569288,13.56528,2.3272123,0.019953966
ILMN_032,cg095,9.116119,13.724438,0.66422534,0.50654614
ILMN_032,cg096,-1.7935085,12.414472,-0.14446919,0.88513
ILMN_032,cg097,11.564081,13.509413,0.8560018,0.3919968
ILMN_032,cg098,-14.584877,12.351477,-1.1808205,0.23767406
ILMN_032,cg099,10.557096,12.5796,0.83922344,0.40134394
ILMN_032,cg100,18.043781,14.337952,1.258463,0.20822436
ILMN_033,cg001,2.9571228,13.326588,0.22189647,0.82439446
ILMN_033,cg002,27.380795,14.834683,1.8457283,0.06493169
ILMN_033,cg003,-6.6756477,14.678238,-0.454799,0.64925385
ILMN_033,cg004,2.3175478,15.967243,0.1451439,0.88459724
ILMN_033,cg005,9.002892,14.745283,0.6105608,0.54149044
ILMN_033,cg006,-15.012129,14.297322,-1.0499958,0.29372007
ILMN_033,cg007,23.436996,13.089248,1.7905533,0.07336503
ILMN_033,cg008,-7.2775497,14.495496,-0.50205594,0.6156282
ILMN_033,cg009,9.311453,14.242905,0.6537608,0.51326597
ILMN_033,cg010,1.9918385,15.08129,0.13207348,0.8949262
ILMN_033,cg011,-1.8939376,13.985134,-0.13542506,0.8922758
ILMN_033,cg012,6.4708405,15.35759,0.4213448,0.67350334
ILMN_033,cg013,-6.5634546,14.228942,-0.46127495,0.64460135
ILMN_033,cg014,-3.3443356,13.0711355,-0.25585654,0.7980616
ILMN_033,cg015,-10.001619,14.417641,-0.69370705,0.48786598
ILMN_033,cg016,-11.540338,14.348478,-0.80429,0.42122954
ILMN_033,cg017,17.133972,13.530842,1.2662902,0.20540923
ILMN_033,cg018,-10.675936,15.716272,-0.67929184,0.49695295
ILMN_033,cg019,1.1963577,12.912585,0.09265052,0.9261812
ILMN_033,cg020,10.697797,15.168031,0.7052858,0.48063242
ILMN_033,cg021,-12.694586,14.818571,-0.85666734,0.39162874
ILMN_033,cg022,-21.89738,14.127481,-1.5499847,0.12114519
ILMN_033,cg023,0.36415386,13.541706,0.026891284,0.97854644
ILMN_033,cg024,22.336613,13.267925,1.6835046,0.09227747
ILMN_033,cg025,-20.171434,12.936062,-1.5593181,0.1189211
ILMN_033,cg026,3.2495818,14.47974,0.22442266,0.82242846
ILMN_033,cg027,5.958349,13.367553,0.44573224,0.6557907
ILMN_033,cg028,12.172216,15.820066,0.7694163,0.44164622
ILMN_033,cg029,-19.29135,16.525272,-1.1673846,0.2430551
ILMN_033,cg030,-0.13009071,13.824199,-0.009410362,0.9924917
ILMN_033,cg031,-8.436214,14.723773,-0.57296556,0.56666803
ILMN_033,cg032,5.0568542,13.894889,0.36393628,0.7159056
ILMN_033,cg033,-20.56959,13.470993,-1.5269542,0.1267724
ILMN_033,cg034,1.3493142,15.877485,0.084982865,0.932275
ILMN_033,cg035,11.593466,12.878363,0.90022826,0.36799878
ILMN_033,cg036,1.6456614,14.144799,0.116343915,0.90738
ILMN_033,cg037,15.452677,13.652393,1.1318657,0.2576909
ILMN_033,cg038,-8.633451,14.882319,-0.58011466,0.5618373
ILMN_033,cg039,0.24347687,14.909786,0.016330004,0.98697114
ILMN_033,cg040,-11.5423355,15.1200485,-0.7633795,0.4452371
ILMN_033,cg041,-3.3862157,14.972738,-0.22615874,0.82107794
ILMN_033,cg042,-27.632793,12.767876,-2.1642437,0.030445635
ILMN_033,cg043,0.82979107,14.908295,0.05565969,0.9556129
ILMN_033,cg044,-5.493347,14.2719,-0.3849065,0.7003067
ILMN_033,cg045,-18.558971,14.057584,-1.3202106,0.18676472
ILMN_033,cg046,-8.255266,12.367181,-0.66751397,0.5044439
ILMN_033,cg047,-18.734884,14.678036,-1.276389,0.20181805
ILMN_033,cg048,16.555553,13.378939,1.237434,0.21592599
ILMN_033,cg049,1.8585873,14.2964,0.13000387,0.89656335
ILMN_033,cg050,-13.707845,13.2672415,-1.0332099,0.30150568
ILMN_033,cg051,-16.869768,14.32224,-1.1778722,0.23884755
ILMN_033,cg052,-33.410004,12.795952,-2.6109822,0.009028256
ILMN_033,cg053,15.394606,14.580642,1.055825,0.29104817
ILMN_033,cg054,13.172541,14.775483,0.89151335,0.37265384
ILMN_033,cg055,16.745762,12.847516,1.3034241,0.19243002
ILMN_033,cg056,-1.1985307,15.397405,-0.077839784,0.9379555
ILMN_033,cg057,-7.950588,16.979366,-0.46825,0.6396058
ILMN_033,cg058,14.096479,13.113529,1.074957,0.282394
ILMN_033,cg059,-10.979656,13.313317,-0.8247123,0.409535
ILMN_033,cg060,-18.848877,13.416757,-1.4048759,0.1600582
ILMN_033,cg061,-0.12786865,13.400577,-0.009542027,0.9923867
ILMN_033,cg062,8.474208,14.638283,0.57890725,0.56265175
ILMN_033,cg063,9.890212,14.100903,0.7013886,0.48306054
ILMN_033,cg064,-6.671937,14.074063,-0.47405905,0.6354578
ILMN_033,cg065,-15.782967,14.570294,-1.0832291,0.2787068
ILMN_033,cg066,12.87645,14.658329,0.8784391,0.3797055
ILMN_033,cg067,-3.7826903,13.593456,-0.2782729,0.78080285
ILMN_033,cg068,17.649658,13.107775,1.346503,0.17814034
ILMN_033,cg069,-5.0005207,14.291177,-0.34990266,0.72641176
ILMN_033,cg070,-8.18551,13.848175,-0.5910894,0.5544605
ILMN_033,cg071,-3.7255125,13.422488,-0.27755752,0.78135204
ILMN_033,cg072,-25.833637,14.25781,-1.8118938,0.070002615
ILMN_033,cg073,-6.757305,13.179393,-0.5127175,0.60814893
ILMN_033,cg074,6.467807,16.333038,0.39599532,0.6921085
ILMN_033,cg075,-10.261,14.33721,-0.71569014,0.47418267
ILMN_033,cg076,7.786953,16.888777,0.46107265,0.6447465
ILMN_033,cg077,-8.377832,14.173418,-0.59109473,0.55445695
ILMN_033,cg078,14.52697,15.103853,0.9618056,0.33614725
ILMN_033,cg079,3.9397535,13.8438635,0.28458482,0.77596223
ILMN_033,cg080,13.060426,12.848879,1.0164642,0.30940837
ILMN_033,cg081,1.5217648,14.937226,0.10187733,0.91885406
ILMN_033,cg082,6.891061,13.734637,0.50172865,0.61585844
ILMN_033,cg083,-0.7445164,14.299612,-0.052065495,0.9584765
ILMN_033,cg084,9.230876,15.126905,0.61022896,0.54171014
ILMN_033,cg085,0.100221634,15.088645,0.0066421893,0.9947003
ILMN_033,cg086,3.6108646,14.489462,0.24920626,0.8032012
ILMN_033,cg087,6.7771587,13.735006,0.49342233,0.62171423
ILMN_033,cg088,-9.960747,13.488858,-0.73844254,0.46024555
ILMN_033,cg089,30.201633,14.310986,2.1103811,0.034825563
ILMN_033,cg090,-15.01629,16.424545,-0.9142591,0.36058074
ILMN_033,cg091,-0.6192751,13.579803,-0.045602657,0.963627
ILMN_033,cg092,9.935616,13.5514555,0.733177,0.4634505
ILMN_033,cg093,22.65865,14.002921,1.6181374,0.10563302
ILMN_033,cg094,-8.541267,15.500578,-0.55102897,0.58161384
ILMN_033,cg095,29.211918,14.319872,2.0399566,0.041354656
ILMN_033,cg096,-1.572731,13.46295,-0.1168192,0.90700334
ILMN_033,cg097,-6.797229,14.731377,-0.46141165,0.6445033
ILMN_033,cg098,-36.983215,12.453583,-2.9696848,0.0029810667
ILMN_033,cg099,-7.2069864,13.703848,-0.5259097,0.5989509
ILMN_033,cg100,-3.4861298,15.804681,-0.22057578,0.82542276
ILMN_034,cg001,2.6223383,12.785555,0.20510164,0.8374927
ILMN_034,cg002,35.963448,13.762734,2.6131034,0.008972406
ILMN_034,cg003,1.4030833,14.111341,0.09942948,0.9207973
ILMN_034,cg004,-28.677677,14.726314,-1.9473765,0.05148965
ILMN_034,cg005,18.636894,13.934399,1.3374739,0.181068
ILMN_034,cg006,-10.243829,13.796778,-0.7424798,0.4577967
ILMN_034,cg007,5.578291,12.961023,0.4303897,0.6669122
ILMN_034,cg008,12.1327305,13.828748,0.8773557,0.3802935
ILMN_034,cg009,1.8077602,13.72435,0.13171919,0.8952064
ILMN_034,cg010,15.704913,14.28417,1.0994627,0.27156627
ILMN_034,cg011,-16.800957,13.18837,-1.2739222,0.20269096
ILMN_034,cg012,-0.47122192,14.761194,-0.031923022,0.97453344
ILMN_034,cg013,-12.212065,13.562746,-0.9004124,0.36790085
ILMN_034,cg014,-13.371378,12.392575,-1.078983,0.28059536
ILMN_034,cg015,13.686219,13.756178,0.99491435,0.3197779
ILMN_034,cg016,6.9945498,13.822916,0.5060112,0.61284876
ILMN_034,cg017,1.7679749,13.202234,0.13391483,0.8934699
ILMN_034,cg018,-10.754716,15.069282,-0.71368474,0.47542214
ILMN_034,cg019,-3.9678135,12.374729,-0.32063842,0.74848443
ILMN_034,cg020,12.175428,14.519011,0.83858526,0.4017021
ILMN_034,cg021,-7.2283497,14.289119,-0.5058639,0.61295223
ILMN_034,cg022,4.1533237,13.888796,0.2990413,0.76490855
ILMN_034,cg023,-21.358944,12.603549,-1.694677,0.09013671
ILMN_034,cg024,4.663697,13.096496,0.35610265,0.72176373
ILMN_034,cg025,1.2275677,12.732391,0.09641297,0.9231926
ILMN_034,cg026,-0.029171944,13.898411,-0.002098941,0.9983253
ILMN_034,cg027,-16.566948,12.617251,-1.3130394,0.1891697
ILMN_034,cg028,-1.824379,15.271599,-0.119462214,0.9049092
ILMN_034,cg029,-5.2187815,16.067848,-0.32479653,0.7453351
ILMN_034,cg030,-3.40592,13.252435,-0.25700334,0.79717624
ILMN_034,cg031,11.297182,14.077026,0.8025262,0.42224866
ILMN_034,cg032,-10.840828,13.252882,-0.81799775,0.41335845
ILMN_034,cg033,-12.283191,13.12217,-0.93606395,0.3492403
ILMN_034,cg034,-4.5952835,15.217825,-0.30196717,0.7626771
ILMN_034,cg035,-9.565355,12.382862,-0.77246726,0.43983775
ILMN_034,cg036,12.9418745,13.436671,0.96317565,0.3354594
ILMN_034,cg037,28.884676,12.576734,2.2966754,0.02163732
ILMN_034,cg038,27.546051,13.741507,2.0045874,0.04500717
ILMN_034,cg039,2.3667774,14.2991495,0.16551876,0.8685357
ILMN_034,cg040,7.380266,14.556048,0.50702405,0.6121379
ILMN_034,cg041,-11.01847,14.279624,-0.7716218,0.44033843
ILMN_034,cg042,9.229179,12.784846,0.72188425,0.47036564
ILMN_034,cg043,-5.1375895,14.282341,-0.3597162,0.71905935
ILMN_034,cg044,-3.1579657,13.705546,-0.23041517,0.81776917
ILMN_034,cg045,13.933826,13.584468,1.0257175,0.30502474
ILMN_034,cg046,11.538956,11.799472,0.97792137,0.3281132
ILMN_034,cg047,-13.142937,14.196576,-0.92578214,0.35455918
ILMN_034,cg048,-14.532046,12.869512,-1.129184,0.25882024
ILMN_034,cg049,-3.504383,13.70771,-0.25565052,0.7982207
ILMN_034,cg050,-3.3190002,12.865162,-0.25798357,0.7964196
ILMN_034,cg051,12.66678,13.819752,0.9165708,0.3593676
ILMN_034,cg052,0.9663296,13.152939,0.07346872,0.94143313
ILMN_034,cg053,0.37710476,14.155972,0.026639272,0.9787474
ILMN_034,cg054,7.1150446,14.257914,0.49902424,0.6177623
ILMN_034,cg055,5.069845,12.528228,0.40467378,0.68571734
ILMN_034,cg056,-14.291275,14.621067,-0.97744405,0.3283494
ILMN_034,cg057,3.2445068,16.320532,0.19879909,0.8424199
ILMN_034,cg058,-5.1524625,12.714519,-0.40524244,0.6852993
ILMN_034,cg059,-1.8795624,12.862918,-0.14612255,0.88382465
ILMN_034,cg060,1.2716331,13.142945,0.096754044,0.9229217
ILMN_034,cg061,-3.6686745,12.844168,-0.2856296,0.77516186
ILMN_034,cg062,-10.043687,14.015955,-0.71658957,0.4736274
ILMN_034,cg063,2.8087592,13.593215,0.2066295,0.83629924
ILMN_034,cg064,-1.1339531,13.533541,-0.08378835,0.9332247
ILMN_034,cg065,-11.819489,14.047146,-0.84141564,0.40011513
ILMN_034,cg066,9.039049,14.11682,0.6403035,0.5219753
ILMN_034,cg067,-8.729324,12.98793,-0.6721105,0.50151336
ILMN_034,cg068,21.249931,12.431313,1.7093875,0.08737922
ILMN_034,cg069,9.476734,13.656856,0.69391775,0.48773378
ILMN_034,cg070,-15.822238,13.129648,-1.205077,0.22817355
ILMN_034,cg071,11.752445,12.770312,0.9202943,0.35741895
ILMN_034,cg072,-4.5020094,14.142011,-0.31834295,0.7502248
ILMN_034,cg073,-1.3585796,12.677845,-0.107161716,0.9146607
ILMN_034,cg074,4.9153986,15.678673,0.3135086,0.75389427
ILMN_034,cg075,-12.228441,13.712415,-0.8917788,0.3725115
ILMN_034,cg076,-0.10921478,16.239252,-0.006725358,0.994634
ILMN_034,cg077,-2.5153837,13.643447,-0.1843657,0.85372657
ILMN_034,cg078,17.323679,14.409881,1.2022084,0.2292828
ILMN_034,cg079,-18.492548,13.009837,-1.4214281,0.15519232
ILMN_034,cg080,-8.034218,12.407522,-0.647528,0.5172903
ILMN_034,cg081,-3.9223518,14.319633,-0.27391428,0.7841505
ILMN_034,cg082,-9.453866,13.13828,-0.71956646,0.47179198
ILMN_034,cg083,36.140278,12.641239,2.858919,0.004250884
ILMN_034,cg084,-3.225308,14.562511,-0.2214802,0.8247186
ILMN_034,cg085,-3.4216194,14.466162,-0.23652573,0.81302476
ILMN_034,cg086,-14.572438,13.742569,-1.0603868,0.28896868
ILMN_034,cg087,-9.96067,13.129307,-0.7586593,0.4480564
ILMN_034,cg088,2.9450588,13.009458,0.22637829,0.82090724
ILMN_034,cg089,-17.860485,14.134974,-1.263567,0.2063855
ILMN_034,cg090,-2.117117,15.895962,-0.13318583,0.8940464
ILMN_034,cg091,-20.67814,12.6659975,-1.632571,0.10255927
ILMN_034,cg092,-5.6356125,13.049593,-0.43186116,0.66584235
ILMN_034,cg093,-6.771349,13.77428,-0.4915937,0.6230066
ILMN_034,cg094,-3.1228132,14.912018,-0.20941587,0.8341236
ILMN_034,cg095,-18.303434,14.089254,-1.299106,0.19390756
ILMN_034,cg096,6.7264585,12.879162,0.52227455,0.6014792
ILMN_034,cg097,6.5777164,14.1316395,0.46546024,0.6416019
ILMN_034,cg098,23.012362,12.593023,1.8273897,0.0676412
ILMN_034,cg099,-10.082682,13.101868,-0.76956064,0.44156057
ILMN_034,cg100,-3.389843,15.161643,-0.22358018,0.823084
ILMN_035,cg001,-15.333351,14.299277,-1.0723165,0.28357792
ILMN_035,cg002,9.778038,16.629936,0.58797807,0.55654705
ILMN_035,cg003,-5.139967,15.954488,-0.32216433,0.7473282
ILMN_035,cg004,16.387337,17.171015,0.9543604,0.3399012
ILMN_035,cg005,-20.632431,15.783733,-1.3071959,0.1911462
ILMN_035,cg006,-2.0974483,15.704991,-0.13355298,0.89375603
ILMN_035,cg007,-3.8417625,14.687454,-0.26156762,0.7936548
ILMN_035,cg008,-14.343746,15.638988,-0.9171787,0.35904902
ILMN_035,cg009,-11.204319,15.447621,-0.7253103,0.46826166
ILMN_035,cg010,9.977108,16.311201,0.61167216,0.5407547
ILMN_035,cg011,4.918174,15.169865,0.32420683,0.7457814
ILMN_035,cg012,7.5269337,16.669525,0.45153856,0.65160143
ILMN_035,cg013,29.643917,14.854899,1.9955649,0.045981288
ILMN_035,cg014,12.717286,14.077567,0.90337247,0.36632824
ILMN_035,cg015,6.8110657,15.703337,0.43373367,0.6644819
ILMN_035,cg016,3.2902489,15.680307,0.20983319,0.8337979
ILMN_035,cg017,-16.604351,14.742888,-1.1262617,0.26005477
ILMN_035,cg018,-6.578396,17.12164,-0.3842153,0.7008189
ILMN_035,cg019,10.406336,13.936757,0.7466827,0.45525515
ILMN_035,cg020,-10.588935,16.483501,-0.642396,0.5206162
ILMN_035,cg021,0.3049507,16.216822,0.018804591,0.984997
ILMN_035,cg022,-3.6139593,15.725137,-0.22982053,0.8182312
ILMN_035,cg023,-1.6595364,14.700794,-0.11288753,0.9101197
ILMN_035,cg024,-1.365493,14.841242,-0.09200666,0.9266927
ILMN_035,cg025,-16.393108,14.207432,-1.1538404,0.24856561
ILMN_035,cg026,-10.914101,15.647244,-0.6975094,0.48548406
ILMN_035,cg027,15.997185,14.352422,1.1145983,0.26502264
ILMN_035,cg028,7.3272543,17.252792,0.4246996,0.6710557
ILMN_035,cg029,10.355125,18.14178,0.5707888,0.56814283
ILMN_035,cg030,12.763145,14.891006,0.8571043,0.39138722
ILMN_035,cg031,20.846537,15.745878,1.3239361,0.18552428
ILMN_035,cg032,-29.446098,14.4706135,-2.0348895,0.04186201
ILMN_035,cg033,-12.268766,14.882493,-0.82437575,0.40972608
ILMN_035,cg034,-15.809486,17.081797,-0.9255166,0.3546973
ILMN_035,cg035,-0.4387474,14.10498,-0.03110585,0.9751851
ILMN_035,cg036,-32.096783,14.612561,-2.19652,0.028054714
ILMN_035,cg037,-0.90541077,15.027292,-0.06025109,0.9519557
ILMN_035,cg038,8.534958,16.168364,0.52788013,0.5975826
ILMN_035,cg039,-2.864027,16.182625,-0.17698161,0.8595228
ILMN_035,cg040,-10.840651,16.442528,-0.6593056,0.5096996
ILMN_035,cg041,-24.619963,15.855238,-1.5527968,0.120471716
ILMN_035,cg042,-12.887348,14.426613,-0.8933038,0.3716945
ILMN_035,cg043,50.617496,14.363875,3.5239444,0.00042515993
ILMN_035,cg044,21.671486,15.187967,1.4268852,0.15361297
ILMN_035,cg045,-3.2393427,15.541951,-0.20842575,0.83489656
ILMN_035,cg046,-3.8398533,13.48048,-0.28484544,0.77576256
ILMN_035,cg047,-28.28257,15.670881,-1.8047849,0.07110834
ILMN_035,cg048,-0.36084747,14.765688,-0.024438243,0.980503
ILMN_035,cg049,13.727085,15.392469,0.89180523,0.37249732
ILMN_035,cg050,6.0999937,14.543119,0.4194419,0.6748932
ILMN_035,cg051,-10.187548,15.711287,-0.64842224,0.5167119
ILMN_035,cg052,-14.882848,14.724331,-1.0107657,0.3121286
ILMN_035,cg053,4.556735,16.007301,0.28466603,0.7759
ILMN_035,cg054,-3.731595,16.17091,-0.23075974,0.8175015
ILMN_035,cg055,1.1820378,14.203193,0.08322339,0.9336739
ILMN_035,cg056,8.065925,16.676258,0.48367712,0.628615
ILMN_035,cg057,-25.550365,18.090912,-1.4123316,0.15785235
ILMN_035,cg058,12.888729,14.2897415,0.9019568,0.3670798
ILMN_035,cg059,14.032036,14.4134865,0.9735352,0.3302874
ILMN_035,cg060,15.604664,14.697278,1.0617384,0.28835446
ILMN_035,cg061,23.159977,14.143103,1.6375457,0.101516485
ILMN_035,cg062,-3.9680462,15.940364,-0.24893072,0.80341434
ILMN_035,cg063,-14.166342,15.24912,-0.92899406,0.35289222
ILMN_035,cg064,-15.344739,15.149989,-1.0128548,0.3111295
ILMN_035,cg065,-13.259249,15.90025,-0.8339019,0.40433627
ILMN_035,cg066,-14.042656,15.913878,-0.8824157,0.3775521
ILMN_035,cg067,-21.628141,14.422997,-1.4995594,0.13372856
ILMN_035,cg068,-16.721634,14.298328,-1.1694818,0.24220961
ILMN_035,cg069,13.066168,15.417177,0.8475071,0.39671254
ILMN_035,cg070,12.1454,14.985837,0.8104586,0.41767663
ILMN_035,cg071,-7.301285,14.545691,-0.5019552,0.61569905
ILMN_035,cg072,-19.410725,15.765429,-1.2312208,0.21824032
ILMN_035,cg073,21.708694,13.98865,1.5518792,0.12069112
ILMN_035,cg074,-5.606291,17.744322,-0.31594843,0.7520417
ILMN_035,cg075,-17.239338,15.445092,-1.1161693,0.26434964
ILMN_035,cg076,-20.825855,18.120752,-1.1492821,0.2504397
ILMN_035,cg077,7.8195224,15.403831,0.50763494,0.61170936
ILMN_035,cg078,8.862648,16.511234,0.53676474,0.5914301
ILMN_035,cg079,0.15859604,15.0439825,0.010542158,0.9915887
ILMN_035,cg080,-2.5810914,14.101152,-0.18304117,0.8547657
ILMN_035,cg081,0.3981285,16.2196,0.024546135,0.980417
ILMN_035,cg082,-10.1730175,14.877512,-0.68378484,0.49411106
ILMN_035,cg083,4.976079,15.508713,0.320857,0.7483188
ILMN_035,cg084,0.033448935,16.490164,0.0020284173,0.99838156
ILMN_035,cg085,2.1336536,16.379269,0.1302655,0.89635634
ILMN_035,cg086,-22.047226,15.403064,-1.4313533,0.15232897
ILMN_035,cg087,14.281023,14.802994,0.96473885,0.33467567
ILMN_035,cg088,-7.6954803,14.688123,-0.52392536,0.6003305
ILMN_035,cg089,-12.156107,16.17376,-0.7515944,0.452295
ILMN_035,cg090,19.671455,17.758715,1.1077071,0.26798832
ILMN_035,cg091,16.133213,14.551267,1.1087154,0.26755297
ILMN_035,cg092,1.0637989,14.798187,0.071887106,0.94269174
ILMN_035,cg093,-3.880806,15.619704,-0.2484558,0.80378175
ILMN_035,cg094,36.099487,16.024134,2.25282,0.024270475
ILMN_035,cg095,-2.649168,16.23094,-0.16321717,0.87034744
ILMN_035,cg096,9.670523,14.549676,0.66465557,0.5062708
ILMN_035,cg097,-3.968463,16.020672,-0.2477089,0.8043597
ILMN_035,cg098,-15.610273,14.580091,-1.0706568,0.2843238
ILMN_035,cg099,-23.476048,14.516456,-1.6172024,0.1058346
ILMN_035,cg100,-16.770565,16.989786,-0.9870969,0.32359517
ILMN_036,cg001,19.222843,12.973407,1.4817113,0.13841712
ILMN_036,cg002,-20.444727,15.0119,-1.3619014,0.17322898
ILMN_036,cg003,-22.639965,14.265931,-1.5869952,0.11251372
ILMN_036,cg004,-9.233298,15.847464,-0.5826357,0.5601386
ILMN_036,cg005,-2.2248974,14.74094,-0.1509332,0.8800284
ILMN_036,cg006,4.416443,14.393976,0.3068258,0.758976
ILMN_036,cg007,14.868304,13.303136,1.1176541,0.26371473
ILMN_036,cg008,-6.942226,14.439703,-0.48077345,0.6306775
ILMN_036,cg009,8.335262,14.19753,0.58709246,0.55714166
ILMN_036,cg010,15.707026,14.843115,1.0582027,0.289963
ILMN_036,cg011,-18.38618,13.664624,-1.3455313,0.17845374
ILMN_036,cg012,12.741688,15.208916,0.83777755,0.40215564
ILMN_036,cg013,1.5559212,14.201854,0.109557614,0.91276026
ILMN_036,cg014,3.6562996,13.015983,0.28090847,0.77878064
ILMN_036,cg015,6.8068585,14.398878,0.47273535,0.636402
ILMN_036,cg016,-5.881961,14.36399,-0.40949354,0.68217754
ILMN_036,cg017,15.177292,13.5246935,1.1221912,0.26178116
ILMN_036,cg018,-14.008202,15.59437,-0.89828587,0.36903322
ILMN_036,cg019,8.396541,12.801453,0.6559053,0.51188505
ILMN_036,cg020,-29.98872,14.52981,-2.0639443,0.039022982
ILMN_036,cg021,-3.8719616,14.864498,-0.26048383,0.7944906
ILMN_036,cg022,13.003931,14.304741,0.9090644,0.36331618
ILMN_036,cg023,21.603245,13.105108,1.6484598,0.09925836
ILMN_036,cg024,-2.603695,13.609442,-0.19131534,0.8482785
ILMN_036,cg025,-0.4696045,13.219287,-0.035524193,0.97166175
ILMN_036,cg026,20.358997,14.112937,1.4425769,0.1491397
ILMN_036,cg027,21.431078,12.962226,1.6533486,0.098259926
ILMN_036,cg028,3.9576588,15.845932,0.24975866,0.80277395
ILMN_036,cg029,-10.237473,16.6316,-0.6155435,0.53819585
ILMN_036,cg030,-14.458517,13.601849,-1.0629817,0.28779024
ILMN_036,cg031,-3.6428008,14.706215,-0.24770485,0.8043628
ILMN_036,cg032,-25.644932,13.332379,-1.9235075,0.05441636
ILMN_036,cg033,-2.4184122,13.7472925,-0.17591916,0.86035746
ILMN_036,cg034,-21.613735,15.489618,-1.3953692,0.16290456
ILMN_036,cg035,-8.150257,12.882455,-0.63266337,0.5269535
ILMN_036,cg036,-23.155987,13.669318,-1.6940118,0.09026301
ILMN_036,cg037,3.1486883,13.776987,0.22854695,0.8192211
ILMN_036,cg038,19.503296,14.595218,1.3362799,0.18145782
ILMN_036,cg039,13.067009,14.723567,0.8874894,0.37481546
ILMN_036,cg040,-7.496709,15.113163,-0.49603838,0.6198673
ILMN_036,cg041,1.6209173,14.918111,0.10865433,0.9134767
ILMN_036,cg042,27.884663,12.698581,2.195888,0.028099954
ILMN_036,cg043,4.761135,14.831452,0.3210161,0.74819815
ILMN_036,cg044,-30.37751,13.513725,-2.2479005,0.024582565
ILMN_036,cg045,16.623062,14.0509205,1.1830586,0.23678595
ILMN_036,cg046,2.8313975,12.369259,0.22890599,0.818942
ILMN_036,cg047,-3.2150116,14.867291,-0.21624729,0.828795
ILMN_036,cg048,-11.94171,13.429458,-0.8892176,0.37388617
ILMN_036,cg049,11.527757,14.138975,0.8153177,0.41489053
ILMN_036,cg050,-19.80392,13.042777,-1.5183822,0.12891805
ILMN_036,cg051,19.75448,14.181378,1.3929874,0.16362363
ILMN_036,cg052,-8.162338,13.602393,-0.60006636,0.54846203
ILMN_036,cg053,-4.631736,14.680262,-0.3155077,0.7523762
ILMN_036,cg054,-23.227741,14.441334,-1.6084207,0.107743084
ILMN_036,cg055,-13.48855,12.8766365,-1.0475212,0.29485923
ILMN_036,cg056,-24.198006,14.914889,-1.622406,0.10471642
ILMN_036,cg057,19.503727,16.70473,1.1675572,0.24298543
ILMN_036,cg058,10.026875,13.140217,0.76306766,0.445423
ILMN_036,cg059,-15.650885,13.155891,-1.1896484,0.23418462
ILMN_036,cg060,0.62055254,13.645433,0.04547694,0.9637272
ILMN_036,cg061,11.444756,13.238886,0.86448026,0.38732415
ILMN_036,cg062,10.544737,14.548817,0.7247831,0.46858513
ILMN_036,cg063,11.135946,14.022548,0.7941457,0.4271106
ILMN_036,cg064,3.9181376,14.039038,0.27908877,0.7801767
ILMN_036,cg065,-7.5566387,14.652543,-0.515722,0.6060486
ILMN_036,cg066,7.7886734,14.675683,0.53071964,0.59561306
ILMN_036,cg067,-0.38960838,13.549342,-0.028754782,0.97706014
ILMN_036,cg068,4.939987,13.289205,0.37172934,0.71009433
ILMN_036,cg069,18.32884,13.993317,1.3098282,0.19025397
ILMN_036,cg070,-5.1074715,13.823536,-0.3694765,0.7117726
ILMN_036,cg071,-15.018524,13.1944685,-1.1382439,0.25501865
ILMN_036,cg072,1.8961798,14.695035,0.1290354,0.8973296
ILMN_036,cg073,6.2608614,13.13074,0.47680947,0.63349783
ILMN_036,cg074,-0.04206896,16.294195,-0.0025818371,0.99794
ILMN_036,cg075,-14.903772,14.188924,-1.0503807,0.2935431
ILMN_036,cg076,29.294367,16.296108,1.7976296,0.07223576
ILMN_036,cg077,-9.3661175,14.101725,-0.6641824,0.50657356
ILMN_036,cg078,-11.701439,15.094537,-0.7752102,0.4382155
ILMN_036,cg079,5.939477,13.771778,0.43127888,0.6662656
ILMN_036,cg080,17.077137,12.6921015,1.3454933,0.17846596
ILMN_036,cg081,-17.34208,14.656682,-1.18322,0.23672199
ILMN_036,cg082,-4.1246347,13.702566,-0.30101186,0.76340544
ILMN_036,cg083,2.5678616,14.236738,0.18036868,0.85686314
ILMN_036,cg084,-10.9879,15.039122,-0.7306211,0.46501064
ILMN_036,cg085,-19.078653,14.761543,-1.2924565,0.19619912
ILMN_036,cg086,-10.081973,14.363451,-0.7019186,0.4827299
ILMN_036,cg087,9.151887,13.648659,0.6705338,0.5025176
ILMN_036,cg088,-5.1292677,13.492113,-0.38016784,0.7038208
ILMN_036,cg089,-15.10651,14.759601,-1.023504,0.3060696
ILMN_036,cg090,-9.993374,16.43968,-0.6078813,0.5432662
ILMN_036,cg091,-0.47684574,13.524599,-0.035257664,0.9718743
ILMN_036,cg092,0.37937975,13.574758,0.027947443,0.97770405
ILMN_036,cg093,31.182957,13.580099,2.2962246,0.02166307
ILMN_036,cg094,6.6693954,15.457045,0.43147933,0.6661199
ILMN_036,cg095,15.921505,14.706478,1.0826185,0.2789778
ILMN_036,cg096,22.12096,13.007409,1.7006431,0.08901006
ILMN_036,cg097,2.2121687,14.7016535,0.15047073,0.88039327
ILMN_036,cg098,-5.432319,13.515957,-0.40191895,0.68774366
ILMN_036,cg099,-9.502338,13.617097,-0.6978241,0.4852872
ILMN_036,cg100,-4.0067234,15.737529,-0.25459674,0.7990346
ILMN_037,cg001,-3.7776737,14.26271,-0.26486367,0.79111445
ILMN_037,cg002,-8.786512,16.406818,-0.5355403,0.59227633
ILMN_037,cg003,4.575382,15.733703,0.29080138,0.7712032
ILMN_037,cg004,-10.697676,17.023739,-0.6283975,0.52974355
ILMN_037,cg005,1.2577114,15.847388,0.07936396,0.93674314
ILMN_037,cg006,6.924272,15.453747,0.4480643,0.6541068
ILMN_037,cg007,4.0977182,14.479349,0.2830043,0.7771735
ILMN_037,cg008,28.462254,14.983109,1.8996226,0.05748266
ILMN_037,cg009,-11.610727,15.221558,-0.7627818,0.44559354
ILMN_037,cg010,6.677311,16.117355,0.4142932,0.67865944
ILMN_037,cg011,9.635761,14.906347,0.64642,0.5180074
ILMN_037,cg012,7.4148293,16.435482,0.45114765,0.6518831
ILMN_037,cg013,11.073408,15.179543,0.7294955,0.4656986
ILMN_037,cg014,-20.011963,13.688037,-1.4620038,0.14374018
ILMN_037,cg015,-21.385704,15.190625,-1.4078225,0.15918362
ILMN_037,cg016,-8.812506,15.412821,-0.57176465,0.5674814
ILMN_037,cg017,-1.465239,14.733309,-0.09945078,0.92078036
ILMN_037,cg018,-8.796356,16.858433,-0.5217778,0.601825
ILMN_037,cg019,-16.12779,13.618001,-1.1842993,0.23629463
ILMN_037,cg020,-17.852692,16.111134,-1.1080966,0.26782012
ILMN_037,cg021,6.6179714,15.959334,0.41467714,0.6783782
ILMN_037,cg022,-22.44924,15.155967,-1.4812146,0.13854939
ILMN_037,cg023,-8.827923,14.437792,-0.6114455,0.5409047
ILMN_037,cg024,-4.04478,14.622002,-0.27662286,0.7820697
ILMN_037,cg025,-15.9303,14.013694,-1.1367667,0.25563586
ILMN_037,cg026,19.05408,15.252289,1.2492603,0.21156985
ILMN_037,cg027,-4.9604206,14.322007,-0.34634954,0.7290801
ILMN_037,cg028,-0.9670334,17.043215,-0.05674008,0.95475227
ILMN_037,cg029,-5.892208,17.929193,-0.32863766,0.7424296
ILMN_037,cg030,5.409519,14.777142,0.36607346,0.7143103
ILMN_037,cg031,17.268932,15.611487,1.1061683,0.2686537
ILMN_037,cg032,0.07486725,14.895701,0.0050260974,0.9959898
ILMN_037,cg033,13.1135025,14.654481,0.8948459,0.37086946
ILMN_037,cg034,-14.847529,16.856428,-0.880823,0.37841362
ILMN_037,cg035,6.8604584,13.870202,0.49461848,0.62086946
ILMN_037,cg036,-13.477964,15.013112,-0.8977462,0.36932087
ILMN_037,cg037,2.6798725,14.811564,0.18093109,0.85642165
ILMN_037,cg038,-25.658552,15.535512,-1.6516064,0.09861481
ILMN_037,cg039,-6.6375694,15.930756,-0.41665125,0.6769335
ILMN_037,cg040,14.756398,16.142061,0.9141582,0.36063373
ILMN_037,cg041,10.278165,15.96528,0.6437823,0.5197166
ILMN_037,cg042,-3.7513719,14.3361845,-0.26167157,0.7935747
ILMN_037,cg043,-0.68793106,15.959361,-0.043105174,0.9656177
ILMN_037,cg044,-7.862178,15.258507,-0.5152652,0.6063677
ILMN_037,cg045,7.974409,15.285762,0.5216887,0.6018871
ILMN_037,cg046,23.272423,12.852724,1.8106996,0.07018739
ILMN_037,cg047,-7.5020475,15.9501705,-0.4703428,0.63811016
ILMN_037,cg048,-13.520412,14.421285,-0.93753177,0.3484851
ILMN_037,cg049,-20.021294,15.019585,-1.3330125,0.18252772
ILMN_037,cg050,-0.4329567,14.366131,-0.030137321,0.9759575
ILMN_037,cg051,12.086966,15.458886,0.7818782,0.43428618
ILMN_037,cg052,-19.642208,14.389324,-1.3650542,0.17223603
ILMN_037,cg053,-10.218948,15.724369,-0.6498797,0.51576996
ILMN_037,cg054,1.1644621,15.952107,0.072997384,0.9418082
ILMN_037,cg055,2.067089,14.001461,0.1476338,0.8826318
ILMN_037,cg056,-3.921732,16.473671,-0.2380606,0.8118341
ILMN_037,cg057,3.5049686,18.212135,0.19245237,0.84738785
ILMN_037,cg058,-8.930452,14.151971,-0.6310395,0.5280147
ILMN_037,cg059,-11.031908,14.2642765,-0.77339417,0.43928915
ILMN_037,cg060,-13.431423,14.533048,-0.9241987,0.35538286
ILMN_037,cg061,-0.777153,14.344708,-0.054176982,0.95679414
ILMN_037,cg062,-7.675316,15.686312,-0.48930022,0.62462914
ILMN_037,cg063,10.328246,15.098743,0.68404675,0.49394566
ILMN_037,cg064,-1.8778,15.100329,-0.1243549,0.9010343
ILMN_037,cg065,-3.4781837,15.786672,-0.22032407,0.8256188
ILMN_037,cg066,-9.108002,15.765536,-0.57771593,0.56345594
ILMN_037,cg067,-14.648648,14.40283,-1.0170673,0.30912143
ILMN_037,cg068,-6.98944,14.268398,-0.48985457,0.6242368
ILMN_037,cg069,-9.131605,15.25959,-0.59841746,0.54956144
ILMN_037,cg070,-12.147108,14.772318,-0.8222886,0.4109127
ILMN_037,cg071,-5.7931366,14.355246,-0.4035554,0.68653965
ILMN_037,cg072,-4.6123953,15.783422,-0.29223037,0.7701105
ILMN_037,cg073,15.424841,13.964652,1.1045632,0.26934892
ILMN_037,cg074,1.0428791,17.513416,0.05954744,0.9525161
ILMN_037,cg075,4.408926,15.419322,0.28593513,0.7749278
ILMN_037,cg076,-16.745956,17.95196,-0.9328205,0.35091263
ILMN_037,cg077,-7.935479,15.184972,-0.52258766,0.60126126
ILMN_037,cg078,1.6404066,16.328463,0.10046302,0.9199767
ILMN_037,cg079,34.02976,13.958342,2.4379513,0.014770746
ILMN_037,cg080,-18.373608,13.641793,-1.3468616,0.17802483
ILMN_037,cg081,-0.50312614,15.991748,-0.03146161,0.97490144
ILMN_037,cg082,3.1035428,14.735831,0.210612,0.8331901
ILMN_037,cg083,-25.591854,14.835675,-1.7250212,0.08452362
ILMN_037,cg084,-36.77618,15.327737,-2.3993223,0.01642543
ILMN_037,cg085,-7.838461,16.110819,-0.486534,0.6265886
ILMN_037,cg086,4.231474,15.508714,0.27284494,0.7849724
ILMN_037,cg087,-19.370365,14.462718,-1.3393309,0.18046296
ILMN_037,cg088,8.233303,14.474173,0.5688272,0.5694734
ILMN_037,cg089,-2.2522984,16.040792,-0.14041066,0.8883355
ILMN_037,cg090,-5.146513,17.725063,-0.2903523,0.7715467
ILMN_037,cg091,-12.5613365,14.418882,-0.87117267,0.3836599
ILMN_037,cg092,1.0843246,14.590306,0.07431815,0.9407572
ILMN_037,cg093,4.6908474,15.395144,0.30469656,0.7605973
ILMN_037,cg094,25.997723,16.200552,1.604743,0.10855037
ILMN_037,cg095,-21.245232,15.698154,-1.3533585,0.17594111
ILMN_037,cg096,3.0792418,14.406908,0.2137337,0.83075476
ILMN_037,cg097,-0.42362404,15.806086,-0.026801325,0.9786182
ILMN_037,cg098,9.157795,14.490567,0.6319832,0.5273979
ILMN_037,cg099,-9.789827,14.642864,-0.66857326,0.5037677
ILMN_037,cg100,-0.7024784,16.927345,-0.041499622,0.9668976
ILMN_038,cg001,4.327402,12.257224,0.35304913,0.7240516
ILMN_038,cg002,1.4343691,14.150517,0.101365134,0.9192606
ILMN_038,cg003,0.8671496,13.541203,0.06403786,0.9489401
ILMN_038,cg004,14.708273,14.5405445,1.0115352,0.31176037
ILMN_038,cg005,22.0013,13.236359,1.6621869,0.0964753
ILMN_038,cg006,0.45423126,13.317439,0.034108005,0.972791
ILMN_038,cg007,0.9612684,12.460788,0.07714347,0.9385094
ILMN_038,cg008,-8.532925,13.320473,-0.6405872,0.5217909
ILMN_038,cg009,9.515058,13.096577,0.72653013,0.4675138
ILMN_038,cg010,13.565308,13.740302,0.98726416,0.32351315
ILMN_038,cg011,-4.831234,12.856301,-0.37578723,0.7070751
ILMN_038,cg012,-5.5485153,14.140422,-0.39238682,0.6947724
ILMN_038,cg013,4.9341164,13.107967,0.37642115,0.7066038
ILMN_038,cg014,-1.4465761,12.038778,-0.12015971,0.90435666
ILMN_038,cg015,-9.344102,13.26949,-0.7041794,0.4813211
ILMN_038,cg016,1.3137121,13.299049,0.098782405,0.921311
ILMN_038,cg017,-0.98188114,12.669672,-0.07749855,0.93822694
ILMN_038,cg018,12.260145,14.426555,0.8498318,0.39541864
ILMN_038,cg019,-13.228781,11.726161,-1.1281425,0.25925976
ILMN_038,cg020,10.043299,13.959289,0.7194707,0.471851
ILMN_038,cg021,-17.995346,13.490579,-1.3339195,0.18223023
ILMN_038,cg022,2.3815746,13.335136,0.17859395,0.8582566
ILMN_038,cg023,-5.00354,12.443522,-0.40209997,0.6876105
ILMN_038,cg024,-11.031218,12.478325,-0.88403034,0.37667984
ILMN_038,cg025,-14.007311,12.042622,-1.1631446,0.24477088
ILMN_038,cg026,12.922182,13.199236,0.97900987,0.32757515
ILMN_038,cg027,16.124142,12.100175,1.3325545,0.18267804
ILMN_038,cg028,-5.9945984,14.629258,-0.40976778,0.6819763
ILMN_038,cg029,-15.869459,15.256985,-1.0401438,0.2982731
ILMN_038,cg030,-4.607071,12.707181,-0.3625565,0.71693623
ILMN_038,cg031,4.5393715,13.585179,0.33414143,0.73827285
ILMN_038,cg032,-1.743021,12.806205,-0.13610753,0.89173627
ILMN_038,cg033,-3.716854,12.698741,-0.2926947,0.76975554
ILMN_038,cg034,16.15665,14.421103,1.1203479,0.26256555
ILMN_038,cg035,14.293011,11.771481,1.2142067,0.2246688
ILMN_038,cg036,16.731733,12.786534,1.3085432,0.19068915
ILMN_038,cg037,-1.8637333,12.737997,-0.1463129,0.8836744
ILMN_038,cg038,-4.946014,13.729988,-0.36023438,0.71867186
ILMN_038,cg039,-1.5458069,13.722752,-0.11264555,0.9103116
ILMN_038,cg040,7.5983934,13.961159,0.54425234,0.5862678
ILMN_038,cg041,6.076069,13.761085,0.44153997,0.6588222
ILMN_038,cg042,-7.5738993,12.286179,-0.61645687,0.537593
ILMN_038,cg043,-0.81015015,13.723176,-0.05903518,0.9529241
ILMN_038,cg044,10.401085,13.068894,0.7958657,0.4261101
ILMN_038,cg045,-24.298656,12.686869,-1.9152603,0.05545932
ILMN_038,cg046,2.9504213,11.430839,0.25811067,0.7963215
ILMN_038,cg047,-3.529304,13.738604,-0.25688958,0.79726404
ILMN_038,cg048,8.154028,12.460882,0.65437,0.5128735
ILMN_038,cg049,4.7087708,13.144072,0.35824293,0.72016156
ILMN_038,cg050,2.513793,12.347962,0.20357957,0.83868206
ILMN_038,cg051,14.146988,13.217529,1.0703201,0.2844752
ILMN_038,cg052,8.101067,12.564825,0.6447417,0.5190946
ILMN_038,cg053,15.117971,13.399141,1.1282791,0.25920206
ILMN_038,cg054,-0.799726,13.717469,-0.05829982,0.9535098
ILMN_038,cg055,-8.989407,11.969516,-0.7510251,0.45263755
ILMN_038,cg056,6.4134874,14.1428175,0.45348018,0.650203
ILMN_038,cg057,-0.31415558,15.666808,-0.020052303,0.98400164
ILMN_038,cg058,1.5705624,12.219614,0.12852798,0.8977312
ILMN_038,cg059,6.1719418,12.311724,0.50130606,0.61615574
ILMN_038,cg060,-7.719576,12.560962,-0.6145688,0.5388395
ILMN_038,cg061,0.24824524,12.335321,0.020124748,0.9839439
ILMN_038,cg062,-26.421446,12.950446,-2.0401957,0.041330814
ILMN_038,cg063,5.3018217,13.025807,0.4070244,0.68399006
ILMN_038,cg064,-1.6408367,12.984668,-0.12636724,0.89944124
ILMN_038,cg065,15.824385,13.380184,1.1826732,0.23693871
ILMN_038,cg066,3.5017152,13.596042,0.25755402,0.79675114
ILMN_038,cg067,-11.933821,12.399215,-0.9624658,0.33581567
ILMN_038,cg068,-4.119318,12.286319,-0.33527684,0.73741627
ILMN_038,cg069,-0.5634403,13.172401,-0.042774305,0.96588147
ILMN_038,cg070,-4.138631,12.781143,-0.32380757,0.74608374
ILMN_038,cg071,-3.2307415,12.356697,-0.26145673,0.79374033
ILMN_038,cg072,-12.36506,13.461829,-0.9185275,0.35834283
ILMN_038,cg073,-13.683304,11.997935,-1.1404716,0.2540899
ILMN_038,cg074,14.240931,14.913239,0.95491874,0.3396188
ILMN_038,cg075,4.2735167,13.255852,0.3223872,0.74715936
ILMN_038,cg076,-5.9920273,15.557105,-0.3851634,0.7001164
ILMN_038,cg077,22.225973,12.679594,1.7528931,0.07962036
ILMN_038,cg078,16.312859,13.834832,1.179115,0.23835236
ILMN_038,cg079,0.09451008,12.754618,0.0074098716,0.9940878
ILMN_038,cg080,-20.424871,11.574249,-1.7646822,0.07761723
ILMN_038,cg081,9.985287,13.672377,0.7303256,0.4651912
ILMN_038,cg082,3.2675743,12.668257,0.257934,0.7964579
ILMN_038,cg083,-17.245646,12.9154005,-1.3352777,0.18178546
ILMN_038,cg084,30.56234,13.234601,2.3092754,0.020928323
ILMN_038,cg085,2.698104,13.883555,0.19433811,0.84591115
ILMN_038,cg086,-11.230619,13.243576,-0.84800506,0.39643514
ILMN_038,cg087,-12.318661,12.54583,-0.9818929,0.32615262
ILMN_038,cg088,-19.611376,12.150687,-1.6140137,0.10652447
ILMN_038,cg089,7.294183,13.754415,0.53031576,0.595893
ILMN_038,cg090,-14.612488,15.1028,-0.967535,0.33327663
ILMN_038,cg091,-13.263212,12.346718,-1.0742298,0.28271967
ILMN_038,cg092,8.428505,12.4852295,0.6750781,0.49962616
ILMN_038,cg093,17.207382,13.006463,1.3229871,0.18583971
ILMN_038,cg094,10.473429,14.231915,0.73591137,0.46178466
ILMN_038,cg095,0.849679,13.764351,0.061730407,0.95077753
ILMN_038,cg096,0.32147026,12.394526,0.025936471,0.979308
ILMN_038,cg097,-3.8991852,13.579558,-0.28713638,0.7740079
ILMN_038,cg098,-0.57257175,12.514099,-0.045754135,0.9635062
ILMN_038,cg099,11.628731,12.535682,0.92765045,0.35358894
ILMN_038,cg100,-7.2381477,14.516883,-0.49860206,0.61805975
ILMN_039,cg001,4.1966715,13.792475,0.30427256,0.7609203
ILMN_039,cg002,-2.931903,15.913282,-0.1842425,0.8538232
ILMN_039,cg003,-22.339355,14.872292,-1.5020789,0.13307679
ILMN_039,cg004,4.419725,16.524162,0.26747045,0.78910697
ILMN_039,cg005,-11.828608,15.230157,-0.776657,0.43736118
ILMN_039,cg006,-14.307952,14.831182,-0.96472096,0.3346846
ILMN_039,cg007,8.896404,13.956062,0.637458,0.52382654
ILMN_039,cg008,11.41786,14.955923,0.763434,0.44520462
ILMN_039,cg009,9.453591,14.750406,0.6409038,0.5215852
ILMN_039,cg010,-21.781994,15.285072,-1.4250501,0.15414268
ILMN_039,cg011,-18.54298,14.223359,-1.3036991,0.1923362
ILMN_039,cg012,2.8504868,15.927069,0.17897122,0.8579603
ILMN_039,cg013,-30.257061,14.07737,-2.1493406,0.03160739
ILMN_039,cg014,12.004527,13.427936,0.8939965,0.37132376
ILMN_039,cg015,-9.20583,14.9450655,-0.6159779,0.53790915
ILMN_039,cg016,46.338696,13.31003,3.481487,0.00049865246
ILMN_039,cg017,12.86098,14.125852,0.91045696,0.36258155
ILMN_039,cg018,14.456961,16.215271,0.89156455,0.37262636
ILMN_039,cg019,13.162866,13.229941,0.99493,0.31977034
ILMN_039,cg020,21.266827,15.4759035,1.3741896,0.16938281
ILMN_039,cg021,3.7159367,15.456037,0.24041976,0.81000483
ILMN_039,cg022,0.6086874,15.005115,0.040565327,0.9676424
ILMN_039,cg023,12.165132,13.906626,0.87477237,0.38169777
ILMN_039,cg024,-9.472657,14.086049,-0.67248505,0.50127494
ILMN_039,cg025,9.539652,13.671884,0.69775695,0.4853292
ILMN_039,cg026,-2.3682706,14.997132,-0.15791489,0.8745239
ILMN_039,cg027,-8.480728,13.814767,-0.6138886,0.53928894
ILMN_039,cg028,5.406185,16.466618,0.32831183,0.7426759
ILMN_039,cg029,19.861065,17.113918,1.1605211,0.24583668
ILMN_039,cg030,-20.214046,14.000514,-1.4438075,0.14879316
ILMN_039,cg031,-8.344875,15.250428,-0.5471896,0.5842485
ILMN_039,cg032,-6.386072,14.377309,-0.44417715,0.65691453
ILMN_039,cg033,4.8535824,14.279701,0.33989382,0.7339365
ILMN_039,cg034,2.4697306,16.43754,0.1502494,0.88056785
ILMN_039,cg035,-15.033492,13.267923,-1.1330705,0.25718468
ILMN_039,cg036,-4.4029646,14.633941,-0.3008735,0.76351094
ILMN_039,cg037,-10.488936,14.248134,-0.7361621,0.461632
ILMN_039,cg038,26.354927,14.969996,1.7605166,0.078320265
ILMN_039,cg039,-8.209866,15.390798,-0.5334269,0.5937381
ILMN_039,cg040,-10.812737,15.673984,-0.68985254,0.49028695
ILMN_039,cg041,19.55826,15.241686,1.2832085,0.19941908
ILMN_039,cg042,-2.7689228,13.871212,-0.1996165,0.84178054
ILMN_039,cg043,4.072874,15.425572,0.2640339,0.79175377
ILMN_039,cg044,2.5589051,14.796754,0.17293693,0.862701
ILMN_039,cg045,1.6668081,14.827033,0.11241683,0.9104929
ILMN_039,cg046,4.103915,12.853186,0.31929168,0.74950534
ILMN_039,cg047,-0.26095915,15.465062,-0.016874108,0.98653704
ILMN_039,cg048,3.8019142,14.070695,0.27020088,0.7870057
ILMN_039,cg049,23.405792,14.398074,1.6256196,0.10403061
ILMN_039,cg050,-23.583986,13.453904,-1.7529474,0.079611
ILMN_039,cg051,-0.41718102,15.051761,-0.027716426,0.97788835
ILMN_039,cg052,36.33673,13.147733,2.763726,0.0057145357
ILMN_039,cg053,-0.7774544,15.27888,-0.05088425,0.95941776
ILMN_039,cg054,11.970118,15.329561,0.78085196,0.43488955
ILMN_039,cg055,-1.6966982,13.544034,-0.12527274,0.90030766
ILMN_039,cg056,-5.727187,15.921857,-0.35970598,0.719067
ILMN_039,cg057,18.782051,17.40413,1.079172,0.28051108
ILMN_039,cg058,-20.078917,13.425302,-1.4956026,0.13475728
ILMN_039,cg059,-8.049948,13.835948,-0.581814,0.56069195
ILMN_039,cg060,-15.059177,14.012408,-1.074703,0.28250772
ILMN_039,cg061,5.143942,13.854847,0.37127382,0.7104336
ILMN_039,cg062,24.363205,14.782064,1.6481599,0.099319875
ILMN_039,cg063,26.324572,14.156137,1.8595872,0.062943935
ILMN_039,cg064,-3.6727257,14.598449,-0.25158328,0.80136317
ILMN_039,cg065,6.6595755,15.246379,0.4367972,0.6622584
ILMN_039,cg066,29.376429,14.679004,2.001255,0.045364916
ILMN_039,cg067,34.73915,13.1229725,2.6472013,0.008116126
ILMN_039,cg068,-1.1209526,13.836298,-0.081015356,0.93542975
ILMN_039,cg069,-10.337067,14.73883,-0.7013492,0.48308516
ILMN_039,cg070,12.669422,14.271662,0.8877328,0.3746845
ILMN_039,cg071,14.09651,13.753743,1.0249217,0.30540013
ILMN_039,cg072,8.537275,15.228997,0.5605934,0.57507473
ILMN_039,cg073,-8.170841,13.63236,-0.59937096,0.5489255
ILMN_039,cg074,-4.034298,16.930338,-0.23828809,0.81165767
ILMN_039,cg075,-7.158054,14.890478,-0.4807135,0.63072014
ILMN_039,cg076,3.0431137,17.52204,0.1736735,0.86212206
ILMN_039,cg077,-2.175076,14.727951,-0.14768355,0.8825925
ILMN_039,cg078,-18.667177,15.554059,-1.2001482,0.2300818
ILMN_039,cg079,6.5727086,14.314423,0.45916685,0.64611435
ILMN_039,cg080,0.66407204,13.452551,0.049364023,0.9606292
ILMN_039,cg081,-23.2392,15.08417,-1.540635,0.123405695
ILMN_039,cg082,-31.527456,13.481428,-2.3385844,0.019356966
ILMN_039,cg083,8.37483,14.755339,0.5675797,0.57032037
ILMN_039,cg084,5.243595,15.707352,0.33383062,0.7385074
ILMN_039,cg085,-14.126575,15.484028,-0.9123321,0.3615939
ILMN_039,cg086,-1.300333,15.011959,-0.08661981,0.9309737
ILMN_039,cg087,16.856613,14.041181,1.2005125,0.22994035
ILMN_039,cg088,8.378601,13.99511,0.5986806,0.5493859
ILMN_039,cg089,-27.402332,14.983889,-1.8287865,0.06743163
ILMN_039,cg090,-24.659012,16.770979,-1.4703382,0.1414702
ILMN_039,cg091,-4.5974946,14.045126,-0.32733738,0.74341273
ILMN_039,cg092,-8.898942,14.052432,-0.63326705,0.5265593
ILMN_039,cg093,8.327433,14.855565,0.5605598,0.5750977
ILMN_039,cg094,8.285655,16.056492,0.51603144,0.60583246
ILMN_039,cg095,-4.9315166,15.46655,-0.31885046,0.7498399
ILMN_039,cg096,5.117812,13.921793,0.36761156,0.7131629
ILMN_039,cg097,-29.539764,14.655311,-2.0156355,0.043838084
ILMN_039,cg098,11.664757,13.971492,0.83489704,0.4037757
ILMN_039,cg099,-5.7013054,14.207345,-0.4012928,0.6882046
ILMN_039,cg100,19.218445,16.126493,1.1917312,0.23336667
ILMN_040,cg001,6.1012287,13.636719,0.44741178,0.6545778
ILMN_040,cg002,-28.55648,15.184818,-1.8805941,0.060027182
ILMN_040,cg003,8.694828,15.023608,0.57874435,0.56276166
ILMN_040,cg004,5.806409,16.346928,0.3551988,0.72244066
ILMN_040,cg005,7.123296,15.137861,0.47056156,0.6379539
ILMN_040,cg006,-3.1124878,14.821467,-0.20999862,0.83366877
ILMN_040,cg007,12.409241,13.754277,0.9022096,0.36694556
ILMN_040,cg008,4.264347,14.884495,0.28649592,0.77449834
ILMN_040,cg009,-26.30084,14.143921,-1.8595155,0.06295407
ILMN_040,cg010,4.2737656,15.447612,0.2766619,0.78203976
ILMN_040,cg011,4.4103084,14.322127,0.30793667,0.75813055
ILMN_040,cg012,0.7604065,15.770667,0.048216507,0.9615437
ILMN_040,cg013,-11.058713,14.5263815,-0.76128477,0.446487
ILMN_040,cg014,1.4596806,13.405027,0.10889053,0.9132893
ILMN_040,cg015,5.793349,14.829836,0.39065495,0.6960523
ILMN_040,cg016,-34.806683,13.891852,-2.5055466,0.012226224
ILMN_040,cg017,15.936232,13.911002,1.1455847,0.251967
ILMN_040,cg018,-29.92506,15.576079,-1.921219,0.05470413
ILMN_040,cg019,-4.389347,13.22012,-0.3320202,0.739874
ILMN_040,cg020,-9.61107,15.56589,-0.6174443,0.53694177
ILMN_040,cg021,-14.686836,15.155003,-0.9691081,0.33249128
ILMN_040,cg022,20.416245,14.545006,1.40366,0.16042012
ILMN_040,cg023,-7.4298472,13.836345,-0.5369805,0.59128106
ILMN_040,cg024,0.44765282,14.011439,0.031949095,0.97451264
ILMN_040,cg025,21.990646,13.21267,1.6643605,0.09604043
ILMN_040,cg026,-22.260971,14.481806,-1.5371681,0.12425214
ILMN_040,cg027,20.342447,13.399,1.5182064,0.1289624
ILMN_040,cg028,-7.1687956,16.28447,-0.44022286,0.65977573
ILMN_040,cg029,-23.856905,16.82279,-1.41813,0.15615278
ILMN_040,cg030,-17.236555,13.939312,-1.2365427,0.21625692
ILMN_040,cg031,-1.1125383,15.143957,-0.07346418,0.94143677
ILMN_040,cg032,4.721384,14.245017,0.3314411,0.7403113
ILMN_040,cg033,10.587101,14.066302,0.752657,0.45165604
ILMN_040,cg034,-1.5371637,16.273285,-0.09445934,0.92474425
ILMN_040,cg035,19.03149,13.016383,1.4621181,0.14370883
ILMN_040,cg036,-10.578316,14.415676,-0.73380643,0.46306676
ILMN_040,cg037,-20.891861,13.8480425,-1.5086509,0.13138807
ILMN_040,cg038,40.066284,14.123607,2.8368309,0.004556358
ILMN_040,cg039,8.575533,15.229392,0.563091,0.57337296
ILMN_040,cg040,-30.672123,14.925,-2.0550835,0.039870918
ILMN_040,cg041,-4.2370405,15.342083,-0.27617115,0.7824166
ILMN_040,cg042,21.554262,13.363831,1.6128806,0.106770456
ILMN_040,cg043,18.916344,15.024043,1.2590715,0.20800453
ILMN_040,cg044,-13.719317,14.511174,-0.94543123,0.3444388
ILMN_040,cg045,-7.3934097,14.638178,-0.5050772,0.61350465
ILMN_040,cg046,-6.534191,12.700462,-0.5144845,0.6069133
ILMN_040,cg047,26.680967,14.794206,1.8034742,0.0713138
ILMN_040,cg048,0.81688976,13.938552,0.0586065,0.95326555
ILMN_040,cg049,2.0962715,14.652488,0.14306591,0.8862381
ILMN_040,cg050,2.1165519,13.751564,0.15391354,0.8776779
ILMN_040,cg051,13.098465,14.773571,0.8866147,0.3752864
ILMN_040,cg052,13.844712,13.904409,0.9957066,0.31939274
ILMN_040,cg053,-5.987316,15.0985985,-0.3965478,0.69170094
ILMN_040,cg054,-21.87103,14.930083,-1.4648968,0.14294904
ILMN_040,cg055,15.743423,13.206546,1.1920924,0.23322499
ILMN_040,cg056,4.229148,15.770242,0.26817268,0.7885664
ILMN_040,cg057,-8.145771,17.402983,-0.46806753,0.6397363
ILMN_040,cg058,-14.900393,13.429935,-1.109491,0.2672184
ILMN_040,cg059,-5.1687737,13.724815,-0.3766006,0.7064705
ILMN_040,cg060,7.0924754,14.004389,0.5064466,0.61254317
ILMN_040,cg061,-2.625145,13.729443,-0.1912055,0.8483646
ILMN_040,cg062,3.1407127,15.0509,0.20867275,0.83470374
ILMN_040,cg063,-15.8309555,14.341047,-1.1038911,0.2696404
ILMN_040,cg064,19.881586,14.160126,1.4040544,0.16030264
ILMN_040,cg065,-5.343644,15.102515,-0.3538248,0.7234702
ILMN_040,cg066,-6.1945896,15.121946,-0.40964234,0.68206835
ILMN_040,cg067,2.7090178,13.938577,0.19435397,0.84589875
ILMN_040,cg068,-11.812784,13.5857935,-0.86949533,0.38457626
ILMN_040,cg069,4.1176577,14.654611,0.28098035,0.7787255
ILMN_040,cg070,10.848625,14.157376,0.7662878,0.4435051
ILMN_040,cg071,-36.23855,12.689874,-2.855706,0.004294157
ILMN_040,cg072,17.290016,14.909617,1.1596552,0.24618924
ILMN_040,cg073,14.879423,13.3679,1.1130711,0.26567793
ILMN_040,cg074,11.119455,16.688677,0.6662874,0.50522745
ILMN_040,cg075,0.35573578,14.776378,0.024074627,0.98079306
ILMN_040,cg076,43.06391,16.146494,2.6670752,0.0076514482
ILMN_040,cg077,-14.092682,14.433273,-0.97640234,0.32886517
ILMN_040,cg078,9.2969,15.575335,0.59689885,0.5505749
ILMN_040,cg079,12.468586,14.082223,0.88541317,0.37593383
ILMN_040,cg080,16.975943,13.079157,1.2979386,0.19430846
ILMN_040,cg081,-10.870962,15.227472,-0.71390456,0.4752862
ILMN_040,cg082,-10.432739,14.031681,-0.74351317,0.45717108
ILMN_040,cg083,1.360405,14.655407,0.09282615,0.92604166
ILMN_040,cg084,12.782539,15.452397,0.82722044,0.40811217
ILMN_040,cg085,4.738043,15.449286,0.3066836,0.7590842
ILMN_040,cg086,18.78431,14.600594,1.2865442,0.19825321
ILMN_040,cg087,8.263389,14.06218,0.5876321,0.55677927
ILMN_040,cg088,-27.360388,13.30913,-2.0557609,0.03980559
ILMN_040,cg089,8.592175,15.309355,0.56123686,0.5746361
ILMN_040,cg090,1.726448,16.984646,0.10164758,0.9190364
ILMN_040,cg091,-0.5608587,13.918652,-0.040295478,0.96785754
ILMN_040,cg092,20.636538,13.635081,1.5134884,0.13015562
ILMN_040,cg093,3.9375706,14.743649,0.26706895,0.7894161
ILMN_040,cg094,-0.2928133,15.939565,-0.018370219,0.9853435
ILMN_040,cg095,-4.6537704,15.311267,-0.30394417,0.76117045
ILMN_040,cg096,20.273129,13.473267,1.5046929,0.13240308
ILMN_040,cg097,27.095007,14.596983,1.8562059,0.06342423
ILMN_040,cg098,-6.9091535,13.896929,-0.49717125,0.61906826
ILMN_040,cg099,24.91896,13.6003475,1.8322297,0.06691718
ILMN_040,cg100,-19.12338,15.960389,-1.1981776,0.2308479
ILMN_041,cg001,-15.948509,13.806781,-1.1551214,0.24804068
ILMN_041,cg002,2.787088,16.14366,0.17264289,0.86293215
ILMN_041,cg003,20.410257,15.156625,1.3466228,0.17810172
ILMN_041,cg004,15.356838,16.622154,0.9238777,0.35555
ILMN_041,cg005,-37.535797,14.53279,-2.582835,0.009799242
ILMN_041,cg006,11.791576,15.096876,0.7810607,0.43476683
ILMN_041,cg007,0.40900135,14.219735,0.028762937,0.97705364
ILMN_041,cg008,-11.397271,15.174809,-0.7510652,0.4526134
ILMN_041,cg009,17.245619,14.813289,1.1641992,0.24434328
ILMN_041,cg010,6.660672,15.813765,0.42119458,0.673613
ILMN_041,cg011,1.6808777,14.690672,0.11441803,0.9089064
ILMN_041,cg012,-23.847908,15.775434,-1.5117117,0.13060725
ILMN_041,cg013,-11.540913,14.883498,-0.7754167,0.43809354
ILMN_041,cg014,7.63655,13.693334,0.55768377,0.57706034
ILMN_041,cg015,-2.8384361,15.217391,-0.1865258,0.8520324
ILMN_041,cg016,-19.61787,14.8989105,-1.3167319,0.1879285
ILMN_041,cg017,7.8565054,14.411765,0.5451453,0.58565366
ILMN_041,cg018,-17.999325,16.377167,-1.0990499,0.27174634
ILMN_041,cg019,7.4324913,13.520165,0.54973376,0.582502
ILMN_041,cg020,12.89864,15.904949,0.81098276,0.41737556
ILMN_041,cg021,18.521542,15.449441,1.1988486,0.23058683
ILMN_041,cg022,11.979455,15.11911,0.7923386,0.4281633
ILMN_041,cg023,12.571409,14.10289,0.8914066,0.37271106
ILMN_041,cg024,-19.328096,14.073777,-1.3733411,0.16964632
ILMN_041,cg025,-19.26616,13.649946,-1.4114457,0.15811324
ILMN_041,cg026,-14.746926,15.061551,-0.9791107,0.32752526
ILMN_041,cg027,12.751532,13.945255,0.91439927,0.36050713
ILMN_041,cg028,9.703914,16.6625,0.5823804,0.5603105
ILMN_041,cg029,7.8676395,17.574972,0.44766158,0.6543975
ILMN_041,cg030,-20.266508,14.210027,-1.4262118,0.15380722
ILMN_041,cg031,-24.997892,15.076804,-1.6580366,0.097310066
ILMN_041,cg032,-26.71109,14.075443,-1.8977087,0.05773449
ILMN_041,cg033,-0.2935009,14.503892,-0.02023601,0.9838551
ILMN_041,cg034,5.8448553,16.65657,0.3509039,0.72566044
ILMN_041,cg035,-1.0222702,13.645099,-0.07491849,0.94027954
ILMN_041,cg036,-18.677343,14.602331,-1.2790658,0.20087385
ILMN_041,cg037,-7.2678757,14.499103,-0.50126386,0.6161854
ILMN_041,cg038,17.471275,15.476385,1.128899,0.25894046
ILMN_041,cg039,-26.442617,15.168076,-1.7433074,0.08127993
ILMN_041,cg040,0.7299938,15.981856,0.04567641,0.96356815
ILMN_041,cg041,-7.809719,15.693758,-0.49763218,0.6187433
ILMN_041,cg042,-5.237031,14.056296,-0.37257546,0.70946443
ILMN_041,cg043,4.8914433,15.643423,0.3126837,0.754521
ILMN_041,cg044,-15.096217,14.849279,-1.0166296,0.3093297
ILMN_041,cg045,-19.761599,14.7582035,-1.3390247,0.18056262
ILMN_041,cg046,0.76514626,13.052628,0.058620095,0.9532547
ILMN_041,cg047,-10.384814,15.613398,-0.665122,0.5059725
ILMN_041,cg048,-9.501053,14.216226,-0.6683246,0.50392646
ILMN_041,cg049,-2.2759361,15.015794,-0.15156949,0.8795265
ILMN_041,cg050,14.088301,13.94266,1.0104457,0.31228185
ILMN_041,cg051,21.550259,14.934851,1.4429511,0.14903426
ILMN_041,cg052,-3.86547,14.391014,-0.26860303,0.7882352
ILMN_041,cg053,-7.850173,15.456536,-0.50788695,0.6115326
ILMN_041,cg054,29.931356,15.018545,1.9929597,0.04626584
ILMN_041,cg055,17.943699,13.484754,1.3306657,0.18329906
ILMN_041,cg056,60.19118,13.522152,4.451302,8.523464e-06
ILMN_041,cg057,-8.944397,17.828688,-0.5016857,0.61588866
ILMN_041,cg058,-9.082539,13.881801,-0.65427667,0.5129336
ILMN_041,cg059,12.414051,13.967754,0.888765,0.3741294
ILMN_041,cg060,-17.658243,14.154518,-1.247534,0.21220177
ILMN_041,cg061,-6.5680428,14.042484,-0.46772656,0.6399802
ILMN_041,cg062,42.72361,14.087579,3.0327148,0.002423644
ILMN_041,cg063,-18.646416,14.634424,-1.2741475,0.20261115
ILMN_041,cg064,-2.0095272,14.816348,-0.13562904,0.8921145
ILMN_041,cg065,29.584686,14.871943,1.9892952,0.04666865
ILMN_041,cg066,-5.3924093,15.505185,-0.34778103,0.72800463
ILMN_041,cg067,11.558019,14.188461,0.8146069,0.4152974
ILMN_041,cg068,-14.103548,13.882096,-1.0159523,0.3096521
ILMN_041,cg069,-15.231271,14.862554,-1.0248085,0.30545354
ILMN_041,cg070,-5.1122913,14.581641,-0.3505978,0.7258901
ILMN_041,cg071,-3.807397,14.099465,-0.2700384,0.7871307
ILMN_041,cg072,21.89855,15.16147,1.4443552,0.14863908
ILMN_041,cg073,-12.947806,13.751108,-0.94158274,0.34640628
ILMN_041,cg074,4.223255,17.173979,0.24591012,0.8057518
ILMN_041,cg075,9.964085,15.071832,0.6611064,0.5085441
ILMN_041,cg076,22.73604,17.461872,1.3020391,0.19290298
ILMN_041,cg077,-8.784647,14.887802,-0.59005666,0.55515265
ILMN_041,cg078,5.294653,16.004625,0.33082017,0.74078035
ILMN_041,cg079,6.017693,14.52717,0.4142371,0.67870045
ILMN_041,cg080,-7.1995206,13.605705,-0.52915454,0.5966983
ILMN_041,cg081,2.1205425,15.688556,0.13516493,0.89248145
ILMN_041,cg082,9.328283,14.400604,0.6477703,0.5171336
ILMN_041,cg083,15.39431,14.848119,1.0367852,0.29983598
ILMN_041,cg084,-10.184752,15.882492,-0.6412566,0.521356
ILMN_041,cg085,-11.092865,15.764341,-0.7036682,0.48163944
ILMN_041,cg086,2.7255468,15.224542,0.17902325,0.85791945
ILMN_041,cg087,2.332449,14.461143,0.16129078,0.8718644
ILMN_041,cg088,7.899297,14.204614,0.5561079,0.57813716
ILMN_041,cg089,-2.5706444,15.738437,-0.16333543,0.87025434
ILMN_041,cg090,-12.805706,17.30551,-0.73997855,0.45931304
ILMN_041,cg091,27.343012,13.682839,1.9983433,0.04567945
ILMN_041,cg092,9.047863,14.254947,0.6347174,0.5256128
ILMN_041,cg093,2.5306664,15.116733,0.16740829,0.8670488
ILMN_041,cg094,25.947803,15.880962,1.6338936,0.10228121
ILMN_041,cg095,-19.64745,15.437641,-1.2726977,0.20312536
ILMN_041,cg096,11.002594,14.050092,0.7830977,0.4335698
ILMN_041,cg097,-14.317612,15.365109,-0.93182623,0.35142636
ILMN_041,cg098,20.729559,13.949182,1.4860771,0.13725877
ILMN_041,cg099,-9.037476,14.375959,-0.628652,0.5295769
ILMN_041,cg100,-23.008175,16.25973,-1.4150405,0.15705663
ILMN_042,cg001,-13.578104,12.893614,-1.0530876,0.29230088
ILMN_042,cg002,19.68901,14.762152,1.3337494,0.18228602
ILMN_042,cg003,-4.273393,14.382295,-0.29712874,0.7663682
ILMN_042,cg004,5.7005405,15.606189,0.36527437,0.71490663
ILMN_042,cg005,-9.939078,14.413485,-0.68956804,0.49046588
ILMN_042,cg006,-18.907764,13.880562,-1.3621757,0.17314243
ILMN_042,cg007,-6.7065945,13.210777,-0.50766087,0.61169124
ILMN_042,cg008,6.6542344,14.189939,0.46894032,0.63911235
ILMN_042,cg009,3.9317331,13.990419,0.2810304,0.7786871
ILMN_042,cg010,-13.425907,14.627713,-0.9178405,0.35870242
ILMN_042,cg011,-0.7083373,13.687904,-0.051749144,0.95872855
ILMN_042,cg012,-8.50568,15.005287,-0.56684554,0.57081914
ILMN_042,cg013,-12.317873,13.83765,-0.8901709,0.37337416
ILMN_042,cg014,4.1493263,12.785624,0.32453063,0.7455363
ILMN_042,cg015,8.557411,14.12619,0.6057834,0.5446586
ILMN_042,cg016,-13.598545,13.996642,-0.9715577,0.33127064
ILMN_042,cg017,-2.0443144,13.466443,-0.15180804,0.8793383
ILMN_042,cg018,13.210514,15.33336,0.8615538,0.38893312
ILMN_042,cg019,4.5491734,12.619364,0.36049148,0.71847963
ILMN_042,cg020,25.268932,14.450612,1.748641,0.08035308
ILMN_042,cg021,10.409982,14.535564,0.71617323,0.4738844
ILMN_042,cg022,-8.680464,14.123424,-0.6146147,0.5388092
ILMN_042,cg023,-0.4856887,13.251556,-0.036651444,0.9707629
ILMN_042,cg024,23.864037,12.906719,1.8489623,0.06446326
ILMN_042,cg025,6.200408,12.957019,0.4785366,0.6322683
ILMN_042,cg026,2.3284903,14.1731825,0.16428846,0.8695041
ILMN_042,cg027,11.345731,13.002271,0.8725961,0.3828833
ILMN_042,cg028,2.4011726,15.576478,0.15415376,0.8774885
ILMN_042,cg029,-33.431244,15.6512575,-2.1360102,0.032678604
ILMN_042,cg030,20.472237,13.187051,1.55245,0.12055457
ILMN_042,cg031,0.18502045,14.459689,0.012795603,0.98979086
ILMN_042,cg032,-9.770794,13.540403,-0.72160286,0.47053868
ILMN_042,cg033,13.560142,13.363672,1.0147017,0.31024802
ILMN_042,cg034,5.7298746,15.515628,0.369297,0.7119063
ILMN_042,cg035,-6.2903438,12.679161,-0.49611673,0.6198121
ILMN_042,cg036,-1.6042547,13.841837,-0.115898974,0.9077326
ILMN_042,cg037,1.603301,13.54266,0.118388936,0.9057595
ILMN_042,cg038,1.3370523,14.615388,0.091482505,0.9271092
ILMN_042,cg039,-4.080141,14.578054,-0.2798824,0.7795677
ILMN_042,cg040,-13.5482645,14.755002,-0.91821504,0.35850632
ILMN_042,cg041,-3.3827295,14.651683,-0.23087652,0.8174107
ILMN_042,cg042,17.641582,12.854564,1.3723984,0.16993946
ILMN_042,cg043,-8.93286,14.5298815,-0.6147924,0.5386918
ILMN_042,cg044,-14.169166,13.831789,-1.0243914,0.30565047
ILMN_042,cg045,24.968721,13.522498,1.8464577,0.06482577
ILMN_042,cg046,-0.8222394,12.160144,-0.06761757,0.94609004
ILMN_042,cg047,-2.8073235,14.609913,-0.19215196,0.84762317
ILMN_042,cg048,-7.3732815,13.264014,-0.55588615,0.5782887
ILMN_042,cg049,4.246353,13.97873,0.30377245,0.7613013
ILMN_042,cg050,-14.091855,12.967445,-1.0867102,0.27716488
ILMN_042,cg051,-0.7513809,14.224815,-0.05282184,0.9578739
ILMN_042,cg052,-6.1569085,13.3869505,-0.45991868,0.64557457
ILMN_042,cg053,7.787301,14.394461,0.5409929,0.5885125
ILMN_042,cg054,-18.245077,14.333114,-1.2729318,0.20304227
ILMN_042,cg055,0.21328068,12.802347,0.016659498,0.9867083
ILMN_042,cg056,-18.084785,14.830788,-1.2194083,0.22268927
ILMN_042,cg057,-22.029919,16.33542,-1.3485982,0.17746603
ILMN_042,cg058,6.2848263,12.959734,0.48495024,0.62771165
ILMN_042,cg059,16.852106,12.886757,1.3077073,0.19097263
ILMN_042,cg060,2.7912006,13.401759,0.20827122,0.8350172
ILMN_042,cg061,-19.110888,12.807246,-1.4921933,0.13564849
ILMN_042,cg062,12.917759,14.250098,0.90650314,0.36466962
ILMN_042,cg063,-19.73309,13.563917,-1.4548223,0.14571851
ILMN_042,cg064,8.384774,13.750737,0.60976905,0.54201484
ILMN_042,cg065,10.549963,14.3548765,0.7349393,0.46237648
ILMN_042,cg066,-1.8615637,14.461558,-0.12872498,0.89757526
ILMN_042,cg067,-2.819728,13.306985,-0.21189833,0.83218634
ILMN_042,cg068,-5.6188564,13.051083,-0.43052799,0.6668116
ILMN_042,cg069,2.7645254,13.997726,0.19749817,0.84343773
ILMN_042,cg070,13.115381,13.464766,0.97405195,0.33003074
ILMN_042,cg071,-2.501624,13.1407995,-0.19037077,0.8490186
ILMN_042,cg072,11.892158,14.334872,0.82959634,0.40676707
ILMN_042,cg073,1.9948921,12.930547,0.15427747,0.877391
ILMN_042,cg074,-45.744408,14.52043,-3.1503482,0.0016307831
ILMN_042,cg075,-22.009674,13.729705,-1.6030697,0.10891926
ILMN_042,cg076,2.2443123,16.561863,0.13551086,0.892208
ILMN_042,cg077,-9.3054085,13.854633,-0.67164594,0.5018091
ILMN_042,cg078,-7.4777584,14.887437,-0.5022865,0.615466
ILMN_042,cg079,-7.7552843,13.51095,-0.57399994,0.56596786
ILMN_042,cg080,-14.83226,12.524589,-1.1842513,0.23631364
ILMN_042,cg081,1.5733128,14.617082,0.107635215,0.91428506
ILMN_042,cg082,-21.016005,13.116114,-1.6023042,0.10908836
ILMN_042,cg083,10.249666,13.911887,0.73675597,0.46127075
ILMN_042,cg084,16.473705,14.662869,1.1234981,0.261226
ILMN_042,cg085,10.240518,14.688054,0.6972004,0.48567736
ILMN_042,cg086,-18.425417,13.926161,-1.3230795,0.18580896
ILMN_042,cg087,-4.5180664,13.459853,-0.33566982,0.7371199
ILMN_042,cg088,11.425034,13.170648,0.8674618,0.38568902
ILMN_042,cg089,3.5452023,14.657423,0.24187078,0.8088803
ILMN_042,cg090,-13.331696,16.098545,-0.8281305,0.40759665
ILMN_042,cg091,-4.0335207,13.275913,-0.30382246,0.76126313
ILMN_042,cg092,-3.51399,13.328379,-0.26364723,0.7920518
ILMN_042,cg093,-5.0652504,14.067768,-0.3600607,0.71880174
ILMN_042,cg094,-8.367235,15.16845,-0.55162096,0.5812081
ILMN_042,cg095,-4.6960316,14.61689,-0.32127434,0.7480025
ILMN_042,cg096,10.423932,13.086588,0.7965355,0.42572087
ILMN_042,cg097,-28.191858,13.838362,-2.0372252,0.041627467
ILMN_042,cg098,-11.016348,13.204327,-0.8342984,0.40411288
ILMN_042,cg099,15.589825,13.252707,1.1763502,0.23945493
ILMN_042,cg100,-18.65247,15.22798,-1.2248814,0.22061992
ILMN_043,cg001,6.027807,13.1032715,0.46002308,0.64549965
ILMN_043,cg002,-18.24712,14.9022875,-1.224451,0.22078216
ILMN_043,cg003,-8.74065,14.43274,-0.60561264,0.544772
ILMN_043,cg004,4.9311934,15.714121,0.3138065,0.753668
ILMN_043,cg005,0.6577606,14.58214,0.045107275,0.9640218
ILMN_043,cg006,10.712663,14.162457,0.7564127,0.4494018
ILMN_043,cg007,-5.67152,13.308055,-0.426172,0.66998255
ILMN_043,cg008,26.302235,13.781525,1.9085141,0.05632478
ILMN_043,cg009,11.605136,13.989671,0.8295503,0.40679312
ILMN_043,cg010,9.895315,14.785698,0.6692491,0.5033366
ILMN_043,cg011,-6.948036,13.739614,-0.50569373,0.6130717
ILMN_043,cg012,-3.106718,15.149076,-0.2050764,0.83751243
ILMN_043,cg013,-23.498125,13.613575,-1.7260804,0.08433294
ILMN_043,cg014,-12.310436,12.755405,-0.96511525,0.33448714
ILMN_043,cg015,-23.531754,13.847045,-1.6994061,0.0892427
ILMN_043,cg016,16.167265,14.030868,1.1522641,0.24921256
ILMN_043,cg017,-3.9028697,13.545619,-0.2881278,0.7732489
ILMN_043,cg018,3.4162674,15.549424,0.2197038,0.82610184
ILMN_043,cg019,-10.136467,12.631649,-0.80246586,0.42228353
ILMN_043,cg020,6.4843464,14.990233,0.4325714,0.6653262
ILMN_043,cg021,-13.798217,14.570545,-0.9469939,0.34364194
ILMN_043,cg022,4.4783096,14.258686,0.3140759,0.7534634
ILMN_043,cg023,22.2337,12.929231,1.719646,0.08549684
ILMN_043,cg024,9.717897,13.3887,0.72582835,0.46794403
ILMN_043,cg025,-7.1347632,13.03172,-0.547492,0.58404076
ILMN_043,cg026,21.87284,13.90079,1.5734962,0.11560398
ILMN_043,cg027,-4.6629868,13.177183,-0.35386825,0.72343767
ILMN_043,cg028,1.6251144,15.680484,0.103639305,0.9174556
ILMN_043,cg029,11.258713,16.432695,0.68514097,0.49325496
ILMN_043,cg030,-3.6975098,13.605583,-0.27176416,0.7858034
ILMN_043,cg031,6.531723,14.522306,0.44977173,0.65287507
ILMN_043,cg032,-5.0158463,13.685838,-0.36649904,0.7139927
ILMN_043,cg033,17.783894,13.345552,1.3325708,0.18267274
ILMN_043,cg034,4.7644906,15.624366,0.30493978,0.76041204
ILMN_043,cg035,-8.104441,12.740198,-0.63613147,0.52469075
ILMN_043,cg036,-33.616898,13.022981,-2.581352,0.009841442
ILMN_043,cg037,-1.829277,13.630566,-0.13420404,0.8932412
ILMN_043,cg038,34.487034,13.805586,2.4980493,0.012487888
ILMN_043,cg039,5.0154724,14.667177,0.34195212,0.73238695
ILMN_043,cg040,-14.506272,14.8335,-0.97793996,0.32810402
ILMN_043,cg041,12.10032,14.647717,0.8260891,0.40875357
ILMN_043,cg042,21.554695,12.812527,1.6823142,0.09250796
ILMN_043,cg043,22.034548,14.320902,1.5386285,0.12389505
ILMN_043,cg044,-16.812393,13.860157,-1.2130016,0.22512925
ILMN_043,cg045,18.496159,13.840126,1.3364155,0.18141347
ILMN_043,cg046,12.299536,12.105131,1.0160596,0.309601
ILMN_043,cg047,-20.961544,14.3829775,-1.4573855,0.14501
ILMN_043,cg048,-13.23609,13.252535,-0.9987591,0.3179114
ILMN_043,cg049,7.9779778,14.034974,0.5684355,0.56973934
ILMN_043,cg050,-12.181666,13.096072,-0.9301771,0.35227942
ILMN_043,cg051,28.127987,13.704427,2.0524745,0.040123582
ILMN_043,cg052,8.68745,13.444493,0.6461716,0.5181682
ILMN_043,cg053,-16.768368,14.322721,-1.170753,0.24169809
ILMN_043,cg054,-6.990344,14.64244,-0.47740296,0.63307524
ILMN_043,cg055,-11.460142,12.774783,-0.8970909,0.36967045
ILMN_043,cg056,-20.473791,14.863614,-1.3774437,0.16837513
ILMN_043,cg057,19.951332,16.503944,1.2088827,0.22670794
ILMN_043,cg058,-29.0535,12.35624,-2.351322,0.018706858
ILMN_043,cg059,-18.668873,12.919909,-1.4449694,0.14846647
ILMN_043,cg060,-0.5040703,13.495489,-0.03735102,0.9702051
ILMN_043,cg061,-13.146551,13.056142,-1.0069246,0.31397098
ILMN_043,cg062,12.467797,14.35353,0.86862236,0.3850537
ILMN_043,cg063,11.392059,13.861711,0.8218365,0.41116995
ILMN_043,cg064,-6.1598177,13.866708,-0.4442163,0.6568862
ILMN_043,cg065,-1.4550924,14.531677,-0.10013245,0.92023915
ILMN_043,cg066,3.7675755,14.548079,0.2589741,0.79565525
ILMN_043,cg067,23.011436,12.963848,1.7750467,0.07589018
ILMN_043,cg068,4.5343943,13.145816,0.34493062,0.7301465
ILMN_043,cg069,-4.1908607,14.081617,-0.29761216,0.7659992
ILMN_043,cg070,-13.426041,13.547949,-0.9910017,0.32168472
ILMN_043,cg071,-2.3591824,13.227307,-0.17835696,0.85844266
ILMN_043,cg072,7.917919,14.489124,0.54647326,0.58474064
ILMN_043,cg073,-3.1874657,13.009926,-0.2450026,0.8064544
ILMN_043,cg074,0.30358696,16.114965,0.018838821,0.9849697
ILMN_043,cg075,3.9362621,14.188332,0.27742952,0.78145033
ILMN_043,cg076,16.543451,16.494032,1.0029962,0.31586272
ILMN_043,cg077,-25.152456,13.513758,-1.8612481,0.06270915
ILMN_043,cg078,-7.216029,14.988042,-0.48145244,0.630195
ILMN_043,cg079,17.406078,13.404388,1.2985358,0.1941033
ILMN_043,cg080,-2.6298633,12.791287,-0.20559801,0.8371049
ILMN_043,cg081,-3.4046688,14.705887,-0.2315174,0.8169129
ILMN_043,cg082,-13.209561,13.42469,-0.9839751,0.32512778
ILMN_043,cg083,-10.742006,13.995842,-0.7675141,0.4427759
ILMN_043,cg084,-12.395878,14.847742,-0.83486617,0.40379304
ILMN_043,cg085,-30.547737,14.163023,-2.1568656,0.031016171
ILMN_043,cg086,-9.287225,14.215588,-0.65331274,0.5135547
ILMN_043,cg087,-6.3498325,13.532041,-0.46924427,0.63889503
ILMN_043,cg088,22.215853,12.957084,1.714572,0.086423755
ILMN_043,cg089,-21.765045,14.40957,-1.5104576,0.13092673
ILMN_043,cg090,-7.0067825,16.291363,-0.43009186,0.6671288
ILMN_043,cg091,18.171139,13.105003,1.3865802,0.16556978
ILMN_043,cg092,2.5233402,13.420452,0.188022,0.8508594
ILMN_043,cg093,42.56992,12.71481,3.3480577,0.0008137822
ILMN_043,cg094,37.85459,14.264964,2.6536758,0.007962048
ILMN_043,cg095,-15.740916,14.544904,-1.082229,0.27915078
ILMN_043,cg096,10.055286,13.179509,0.76294845,0.44549417
ILMN_043,cg097,-22.810566,14.149356,-1.6121275,0.10693419
ILMN_043,cg098,21.523262,13.009325,1.6544487,0.09803635
ILMN_043,cg099,12.786406,13.406558,0.9537426,0.34021395
ILMN_043,cg100,7.8318577,15.5325775,0.5042214,0.6141058
ILMN_044,cg001,-20.172783,13.1205015,-1.5375009,0.12417072
ILMN_044,cg002,1.8210273,15.509875,0.11741082,0.9065345
ILMN_044,cg003,-12.799052,14.722806,-0.8693351,0.38466388
ILMN_044,cg004,-9.924374,16.047686,-0.6184302,0.53629184
ILMN_044,cg005,-24.162457,14.5067625,-1.6655995,0.09579325
ILMN_044,cg006,15.550354,14.416327,1.0786626,0.28073817
ILMN_044,cg007,24.239235,13.1833935,1.8386188,0.065971315
ILMN_044,cg008,4.4462595,14.650969,0.30347887,0.7615249
ILMN_044,cg009,-3.074675,14.43024,-0.21307166,0.83127105
ILMN_044,cg010,-9.448073,15.155662,-0.62340224,0.53302026
ILMN_044,cg011,-0.37778473,14.113373,-0.026767856,0.9786449
ILMN_044,cg012,9.143368,15.466675,0.5911657,0.5544094
ILMN_044,cg013,-10.553497,14.305454,-0.73772544,0.46068132
ILMN_044,cg014,-4.59993,13.180409,-0.3489975,0.7270912
ILMN_044,cg015,1.7532344,14.620668,0.11991479,0.9045507
ILMN_044,cg016,12.959043,14.452963,0.8966357,0.36991334
ILMN_044,cg017,15.045231,13.709907,1.0973985,0.27246726
ILMN_044,cg018,-16.652603,15.746409,-1.0575492,0.29026103
ILMN_044,cg019,8.235334,12.973006,0.6348054,0.5255554
ILMN_044,cg020,-11.875804,15.286754,-0.77686894,0.43723613
ILMN_044,cg021,12.360912,14.959775,0.8262766,0.40864724
ILMN_044,cg022,1.0599985,14.620954,0.07249859,0.94220513
ILMN_044,cg023,-3.901124,13.651258,-0.2857703,0.77505404
ILMN_044,cg024,-17.295723,13.55548,-1.2759211,0.20198345
ILMN_044,cg025,-1.2507639,13.391426,-0.09340035,0.9255855
ILMN_044,cg026,-44.475906,13.06427,-3.4043927,0.0006631017
ILMN_044,cg027,8.053371,13.464384,0.598124,0.5497572
ILMN_044,cg028,12.161776,15.964065,0.761822,0.44616628
ILMN_044,cg029,2.3045416,16.915377,0.13623945,0.89163196
ILMN_044,cg030,-2.3830106,13.943878,-0.17090014,0.8643023
ILMN_044,cg031,-9.589766,14.841657,-0.6461385,0.51818967
ILMN_044,cg032,-25.366655,13.532447,-1.8745062,0.060860693
ILMN_044,cg033,-2.8299618,13.925872,-0.20321614,0.83896613
ILMN_044,cg034,32.892372,15.269617,2.154106,0.03123188
ILMN_044,cg035,-27.453575,12.467271,-2.2020516,0.027661681
ILMN_044,cg036,12.159676,14.160826,0.85868406,0.39051485
ILMN_044,cg037,-18.576048,13.694235,-1.3564867,0.1749444
ILMN_044,cg038,16.632648,14.869868,1.1185471,0.26333338
ILMN_044,cg039,-4.0495453,15.031812,-0.26939836,0.78762317
ILMN_044,cg040,4.1459637,15.339925,0.27027276,0.7869504
ILMN_044,cg041,-20.42852,14.812398,-1.3791502,0.16784847
ILMN_044,cg042,28.198841,12.867426,2.1914904,0.028416336
ILMN_044,cg043,14.118661,14.897889,0.9476954,0.3432846
ILMN_044,cg044,4.374097,14.408754,0.30357218,0.76145387
ILMN_044,cg045,-0.09444904,14.449976,-0.006536277,0.99478483
ILMN_044,cg046,-12.758627,12.396562,-1.0292069,0.30338252
ILMN_044,cg047,9.366884,15.006346,0.62419486,0.5324996
ILMN_044,cg048,11.126131,13.62346,0.8166891,0.41410613
ILMN_044,cg049,-7.2855415,14.387334,-0.5063858,0.61258584
ILMN_044,cg050,18.580969,13.260733,1.4012023,0.16115355
ILMN_044,cg051,5.6155424,14.643717,0.38347796,0.7013654
ILMN_044,cg052,4.1117296,13.8211775,0.2974949,0.7660887
ILMN_044,cg053,10.355378,14.810223,0.69920474,0.4844241
ILMN_044,cg054,26.222342,14.53079,1.8046054,0.071136475
ILMN_044,cg055,9.677699,13.122698,0.73747784,0.46083182
ILMN_044,cg056,2.7691355,15.531273,0.17829417,0.85849196
ILMN_044,cg057,14.652382,17.036123,0.86007726,0.3897465
ILMN_044,cg058,10.471085,13.307137,0.7868774,0.4313537
ILMN_044,cg059,9.688013,13.456163,0.71996844,0.47154444
ILMN_044,cg060,-10.58199,13.736227,-0.77037096,0.44107985
ILMN_044,cg061,-8.950638,13.45632,-0.6651624,0.50594664
ILMN_044,cg062,27.797453,14.245522,1.9513117,0.051019967
ILMN_044,cg063,4.05235,14.290868,0.2835622,0.7767459
ILMN_044,cg064,15.205793,14.057382,1.0816946,0.27938825
ILMN_044,cg065,-13.954248,14.744547,-0.94640064,0.34394425
ILMN_044,cg066,-6.5302696,14.882328,-0.43879354,0.6608112
ILMN_044,cg067,6.085432,13.697661,0.44426796,0.6568489
ILMN_044,cg068,-16.097073,13.273026,-1.2127658,0.22521937
ILMN_044,cg069,6.9592023,14.40213,0.48320645,0.62894917
ILMN_044,cg070,-17.945957,13.773591,-1.3029251,0.19260037
ILMN_044,cg071,0.60101366,13.554019,0.0443421,0.96463174
ILMN_044,cg072,-10.200878,14.814138,-0.6885907,0.49108088
ILMN_044,cg073,0.3819685,13.335519,0.028642943,0.97714937
ILMN_044,cg074,5.6582794,16.486622,0.3432043,0.7314448
ILMN_044,cg075,-10.821469,14.458451,-0.74845284,0.45418704
ILMN_044,cg076,11.11517,17.0009,0.6537989,0.5132414
ILMN_044,cg077,-12.965079,14.227001,-0.9113009,0.3621369
ILMN_044,cg078,-23.085339,15.01083,-1.5379122,0.12407011
ILMN_044,cg079,-1.4582491,13.978767,-0.104318865,0.9169163
ILMN_044,cg080,-6.867615,13.069834,-0.5254554,0.59926665
ILMN_044,cg081,-13.468193,14.94163,-0.9013871,0.3673826
ILMN_044,cg082,10.331493,13.812044,0.7480061,0.4544565
ILMN_044,cg083,5.379448,14.406578,0.3734022,0.70884913
ILMN_044,cg084,-15.197008,15.159647,-1.0024645,0.3161193
ILMN_044,cg085,11.628447,15.127242,0.76870894,0.44206613
ILMN_044,cg086,-12.03153,14.521436,-0.82853585,0.4073671
ILMN_044,cg087,18.838081,13.614486,1.3836793,0.1664567
ILMN_044,cg088,-4.4069176,13.674941,-0.32226226,0.747254
ILMN_044,cg089,-9.373877,15.059021,-0.6224758,0.53362906
ILMN_044,cg090,-19.841917,16.463963,-1.2051727,0.22813666
ILMN_044,cg091,-8.880015,13.639313,-0.65106034,0.51500756
ILMN_044,cg092,25.2399,13.23969,1.9063816,0.05660075
ILMN_044,cg093,1.8090591,14.52271,0.124567606,0.90086585
ILMN_044,cg094,13.970688,15.555457,0.89812136,0.36912084
ILMN_044,cg095,-1.1757803,15.086816,-0.07793429,0.93788034
ILMN_044,cg096,-6.210597,13.554918,-0.45818034,0.6468229
ILMN_044,cg097,16.963224,14.686523,1.1550198,0.24808234
ILMN_044,cg098,-5.9210134,13.689281,-0.43252915,0.6653569
ILMN_044,cg099,-16.928358,13.641911,-1.2409081,0.21463966
ILMN_044,cg100,17.90034,15.735174,1.1376003,0.25528747
ILMN_045,cg001,20.123213,15.173706,1.3261898,0.18477684
ILMN_045,cg002,23.964933,17.473408,1.3715088,0.17021638
ILMN_045,cg003,-4.6808543,17.044353,-0.27462786,0.7836022
ILMN_045,cg004,-31.357788,17.932568,-1.7486502,0.08035153
ILMN_045,cg005,7.2635307,17.133541,0.42393634,0.67161226
ILMN_045,cg006,-17.178997,16.583582,-1.0359039,0.300247
ILMN_045,cg007,-14.554504,15.550226,-0.9359674,0.34929
ILMN_045,cg008,-12.259518,16.756977,-0.7316068,0.46440864
ILMN_045,cg009,-14.520369,16.45315,-0.8825282,0.37749124
ILMN_045,cg010,-24.087929,17.126394,-1.4064798,0.15958172
ILMN_045,cg011,6.7703648,16.188896,0.4182104,0.6757933
ILMN_045,cg012,13.648968,17.728312,0.7698966,0.4413612
ILMN_045,cg013,-22.840157,16.190716,-1.4106947,0.15833467
ILMN_045,cg014,-1.6889229,15.165323,-0.11136742,0.911325
ILMN_045,cg015,-7.4684496,16.769024,-0.44537175,0.65605116
ILMN_045,cg016,-2.4001675,16.750565,-0.14328875,0.88606215
ILMN_045,cg017,-24.777447,15.537037,-1.5947343,0.110771656
ILMN_045,cg018,-1.0670671,18.314247,-0.05826432,0.95353806
ILMN_045,cg019,-7.4959106,14.933295,-0.50195956,0.61569595
ILMN_045,cg020,-7.33642,17.649757,-0.4156669,0.6776538
ILMN_045,cg021,-9.912727,17.257565,-0.574399,0.5656978
ILMN_045,cg022,2.0830822,16.800997,0.12398563,0.90132666
ILMN_045,cg023,-30.223608,15.056765,-2.0073109,0.044716597
ILMN_045,cg024,-3.7084951,15.842204,-0.2340896,0.8149154
ILMN_045,cg025,9.536959,15.326924,0.62223566,0.53378695
ILMN_045,cg026,-12.145436,16.7034,-0.7271236,0.46715027
ILMN_045,cg027,-9.572433,15.469484,-0.6187946,0.5360517
ILMN_045,cg028,-7.87516,18.425209,-0.42741227,0.66907907
ILMN_045,cg029,9.740797,19.390472,0.5023497,0.61542153
ILMN_045,cg030,22.507504,15.682545,1.4351946,0.15123165
ILMN_045,cg031,20.203207,16.872782,1.1973845,0.23115677
ILMN_045,cg032,9.844833,16.06952,0.61264014,0.5401143
ILMN_045,cg033,3.9905453,16.000402,0.2494028,0.8030492
ILMN_045,cg034,-10.881518,18.34209,-0.59325397,0.5530112
ILMN_045,cg035,-0.38842988,15.063916,-0.025785452,0.97942847
ILMN_045,cg036,14.930453,16.25558,0.9184817,0.3583668
ILMN_045,cg037,11.340092,15.962181,0.710435,0.47743446
ILMN_045,cg038,8.311408,17.276339,0.4810862,0.63045526
ILMN_045,cg039,-16.987843,17.106236,-0.99307895,0.3206715
ILMN_045,cg040,25.11694,17.250061,1.4560493,0.14537895
ILMN_045,cg041,-19.797783,17.124224,-1.1561273,0.2476291
ILMN_045,cg042,3.5892673,15.531416,0.23109724,0.8172393
ILMN_045,cg043,-1.3538818,17.286287,-0.078321144,0.9375726
ILMN_045,cg044,34.641438,15.769004,2.1968057,0.02803433
ILMN_045,cg045,6.5023565,16.578665,0.39221233,0.69490135
ILMN_045,cg046,-12.006987,14.30044,-0.8396236,0.40111947
ILMN_045,cg047,27.062819,16.852692,1.6058455,0.10830784
ILMN_045,cg048,11.708421,15.674816,0.7469575,0.4550892
ILMN_045,cg049,29.354864,16.00551,1.8340473,0.06664699
ILMN_045,cg050,-3.049481,15.554968,-0.19604546,0.8445746
ILMN_045,cg051,-8.4135685,16.810171,-0.5005046,0.61671984
ILMN_045,cg052,2.4275112,15.894961,0.15272206,0.87861747
ILMN_045,cg053,-6.707636,17.081959,-0.3926737,0.6945605
ILMN_045,cg054,3.6488662,17.271858,0.21126078,0.8326838
ILMN_045,cg055,0.7135658,15.169533,0.04703941,0.9624818
ILMN_045,cg056,-7.9017296,17.81713,-0.44349062,0.65741086
ILMN_045,cg057,9.227615,19.688272,0.4686859,0.63929415
ILMN_045,cg058,13.929105,15.257949,0.9129081,0.36129087
ILMN_045,cg059,30.701656,14.877705,2.0636017,0.039055467
ILMN_045,cg060,2.0472655,15.884728,0.12888263,0.8974505
ILMN_045,cg061,19.690418,15.264983,1.2899076,0.19708276
ILMN_045,cg062,-25.223032,16.624601,-1.5172112,0.1292134
ILMN_045,cg063,18.43208,16.211636,1.1369661,0.25555247
ILMN_045,cg064,2.387249,16.355556,0.14595951,0.88395333
ILMN_045,cg065,-10.473386,17.039227,-0.61466324,0.5387771
ILMN_045,cg066,-3.8393989,17.129631,-0.22413786,0.8226501
ILMN_045,cg067,-14.174788,15.636452,-0.90652204,0.3646596
ILMN_045,cg068,-0.36211205,15.495617,-0.023368675,0.9813562
ILMN_045,cg069,16.275892,16.418875,0.9912916,0.32154322
ILMN_045,cg070,20.8693,15.8220415,1.3190018,0.18716854
ILMN_045,cg071,15.014741,15.418909,0.9737875,0.33016205
ILMN_045,cg072,-26.878553,16.647158,-1.6146032,0.106396675
ILMN_045,cg073,-1.0093708,15.324999,-0.06586433,0.94748586
ILMN_045,cg074,36.031956,18.212116,1.9784607,0.047876775
ILMN_045,cg075,6.508262,16.689396,0.38996392,0.69656324
ILMN_045,cg076,-28.466248,19.174541,-1.4845855,0.13765365
ILMN_045,cg077,7.172043,16.463104,0.4356434,0.6630955
ILMN_045,cg078,1.2332506,17.687906,0.06972282,0.94441426
ILMN_045,cg079,-21.85102,15.740391,-1.3882134,0.16507208
ILMN_045,cg080,6.1704636,15.0377655,0.41033116,0.681563
ILMN_045,cg081,-27.439974,16.843267,-1.6291361,0.10328424
ILMN_045,cg082,-0.659719,15.969167,-0.04131205,0.96704715
ILMN_045,cg083,42.562996,15.348126,2.7731721,0.0055512786
ILMN_045,cg084,-2.8860226,17.606058,-0.16392213,0.86979246
ILMN_045,cg085,6.0090923,17.473543,0.34389663,0.730924
ILMN_045,cg086,5.0658793,16.795938,0.30161336,0.76294684
ILMN_045,cg087,-27.36905,15.450175,-1.7714394,0.07648766
ILMN_045,cg088,-0.5110159,15.733207,-0.032480083,0.9740892
ILMN_045,cg089,15.561874,17.226889,0.90334797,0.36634123
ILMN_045,cg090,27.217512,18.793602,1.4482329,0.14755195
ILMN_045,cg091,-11.342591,15.657709,-0.7244094,0.46881443
ILMN_045,cg092,16.339767,15.620393,1.0460535,0.29553634
ILMN_045,cg093,-31.344727,16.040249,-1.9541297,0.050685883
ILMN_045,cg094,-16.538387,17.867231,-0.92562675,0.35464
ILMN_045,cg095,-3.1990566,17.332956,-0.18456498,0.8535703
ILMN_045,cg096,3.898221,15.602646,0.24984358,0.8027083
ILMN_045,cg097,19.592419,16.875738,1.1609814,0.24564946
ILMN_045,cg098,-14.586624,15.6167,-0.93404007,0.3502832
ILMN_045,cg099,-11.94133,15.840397,-0.75385296,0.4509375
ILMN_045,cg100,-7.074929,18.306253,-0.3864761,0.6991441
ILMN_046,cg001,13.5871315,13.154063,1.0329227,0.30164003
ILMN_046,cg002,-3.8287172,15.331543,-0.24972811,0.8027976
ILMN_046,cg003,21.776924,14.324896,1.5202152,0.12845695
ILMN_046,cg004,-24.654581,15.517284,-1.5888463,0.11209512
ILMN_046,cg005,-19.738327,14.484365,-1.3627332,0.1729666
ILMN_046,cg006,-8.865591,14.377984,-0.6166088,0.5374928
ILMN_046,cg007,16.724545,13.282337,1.2591567,0.20797378
ILMN_046,cg008,-6.0212936,14.477459,-0.4159082,0.6774772
ILMN_046,cg009,0.4009781,14.2787695,0.028082117,0.97759664
ILMN_046,cg010,-4.677658,15.036687,-0.31108302,0.75573754
ILMN_046,cg011,-27.134567,13.372939,-2.0290654,0.04245162
ILMN_046,cg012,34.872456,14.468465,2.4102387,0.015942097
ILMN_046,cg013,-13.862464,14.084351,-0.9842459,0.32499462
ILMN_046,cg014,-5.989504,13.023077,-0.45991465,0.6455775
ILMN_046,cg015,5.5167036,14.439555,0.38205495,0.7024206
ILMN_046,cg016,-7.5898633,14.375202,-0.52798307,0.59751105
ILMN_046,cg017,13.869824,13.582684,1.0211402,0.30718803
ILMN_046,cg018,13.500765,15.635556,0.8634656,0.38788152
ILMN_046,cg019,-8.485886,12.825808,-0.66162586,0.508211
ILMN_046,cg020,-19.32027,14.948825,-1.2924274,0.19620919
ILMN_046,cg021,18.140003,14.6630335,1.2371248,0.21604073
ILMN_046,cg022,-3.3648205,14.452782,-0.23281473,0.8159053
ILMN_046,cg023,-6.8556232,13.475539,-0.50874573,0.61093044
ILMN_046,cg024,-21.005243,13.285658,-1.5810466,0.1138674
ILMN_046,cg025,-8.326944,13.188672,-0.63137096,0.527798
ILMN_046,cg026,1.0516682,14.4564295,0.07274743,0.9420071
ILMN_046,cg027,18.33695,13.092028,1.4006196,0.16132784
ILMN_046,cg028,-16.424322,15.702493,-1.0459691,0.29557526
ILMN_046,cg029,-1.8914738,16.73076,-0.113053665,0.909988
ILMN_046,cg030,-25.924744,13.255072,-1.9558358,0.05048448
ILMN_046,cg031,-12.792793,14.624074,-0.8747763,0.38169563
ILMN_046,cg032,-5.088296,13.865397,-0.36697802,0.71363544
ILMN_046,cg033,16.657915,13.558539,1.2285922,0.21922475
ILMN_046,cg034,-12.418154,15.73927,-0.7889917,0.43011683
ILMN_046,cg035,-4.6032534,12.946268,-0.35556605,0.7221656
ILMN_046,cg036,14.4631605,13.955201,1.0363992,0.30001593
ILMN_046,cg037,-0.44150352,13.812002,-0.031965207,0.9744998
ILMN_046,cg038,1.1242218,14.904391,0.075428896,0.93987346
ILMN_046,cg039,-2.5174236,14.87391,-0.16925097,0.8655993
ILMN_046,cg040,-1.7636366,15.181363,-0.11617116,0.9075169
ILMN_046,cg041,-6.670233,14.917239,-0.44714928,0.6547673
ILMN_046,cg042,-1.7638454,13.3715105,-0.13191071,0.89505494
ILMN_046,cg043,-15.738505,14.695426,-1.0709798,0.2841785
ILMN_046,cg044,-12.959154,14.136321,-0.9167275,0.35928547
ILMN_046,cg045,-24.974167,13.80886,-1.8085611,0.07051921
ILMN_046,cg046,-11.690088,12.280487,-0.95192385,0.34113562
ILMN_046,cg047,2.4643307,14.899925,0.16539215,0.86863536
ILMN_046,cg048,-21.837084,13.183797,-1.6563578,0.097649395
ILMN_046,cg049,-23.29591,13.849443,-1.6820828,0.09255278
ILMN_046,cg050,-33.3433,12.457144,-2.6766407,0.0074364543
ILMN_046,cg051,-12.070876,14.39652,-0.83845794,0.40177357
ILMN_046,cg052,23.689146,13.229304,1.7906569,0.07334834
ILMN_046,cg053,-6.618022,14.6929245,-0.45042238,0.6524059
ILMN_046,cg054,13.17512,14.74389,0.8935987,0.37153667
ILMN_046,cg055,14.021246,12.890439,1.0877244,0.27671677
ILMN_046,cg056,1.9881692,15.363308,0.12941022,0.89703304
ILMN_046,cg057,14.873747,16.841887,0.8831402,0.37716055
ILMN_046,cg058,0.8396225,13.248774,0.0633736,0.94946903
ILMN_046,cg059,-2.0167103,13.379933,-0.15072648,0.8801915
ILMN_046,cg060,4.540391,13.656411,0.33247322,0.739532
ILMN_046,cg061,-24.127743,12.890599,-1.8717316,0.061243773
ILMN_046,cg062,-3.741539,14.650298,-0.25538996,0.7984219
ILMN_046,cg063,13.199088,14.011852,0.94199455,0.34619546
ILMN_046,cg064,14.756205,13.909665,1.0608598,0.28875363
ILMN_046,cg065,-5.9759417,14.697607,-0.40659285,0.6843071
ILMN_046,cg066,-5.6645646,14.726082,-0.38466203,0.70048785
ILMN_046,cg067,-16.187025,13.364918,-1.2111578,0.2258349
ILMN_046,cg068,-2.113369,13.331912,-0.15851957,0.8740474
ILMN_046,cg069,3.1817074,14.272446,0.22292657,0.82359266
ILMN_046,cg070,4.037835,13.858715,0.2913571,0.77077824
ILMN_046,cg071,-11.729999,13.293502,-0.8823859,0.37756813
ILMN_046,cg072,-7.643291,14.68367,-0.52053005,0.6026942
ILMN_046,cg073,-21.171171,12.814552,-1.6521194,0.098510206
ILMN_046,cg074,-14.423328,16.18743,-0.8910203,0.3729183
ILMN_046,cg075,2.0930233,14.383248,0.14551812,0.8843018
ILMN_046,cg076,7.565132,16.855368,0.44882628,0.653557
ILMN_046,cg077,11.2091055,14.100765,0.7949289,0.42665488
ILMN_046,cg078,-8.569614,15.170426,-0.5648895,0.5721489
ILMN_046,cg079,8.413402,13.771211,0.6109413,0.5412384
ILMN_046,cg080,-5.4515023,12.940173,-0.42128512,0.6735469
ILMN_046,cg081,20.201992,14.606958,1.3830389,0.16665292
ILMN_046,cg082,-10.959427,13.647941,-0.80300957,0.42196918
ILMN_046,cg083,-12.154925,14.157041,-0.85857815,0.39057326
ILMN_046,cg084,5.4216156,15.135041,0.3582161,0.7201816
ILMN_046,cg085,4.6735363,15.041214,0.31071538,0.756017
ILMN_046,cg086,-2.3122025,14.464796,-0.15985033,0.87299895
ILMN_046,cg087,1.266573,13.741138,0.0921738,0.9265599
ILMN_046,cg088,-12.817177,13.407572,-0.9559656,0.33908963
ILMN_046,cg089,-13.804493,14.817185,-0.9316542,0.35151523
ILMN_046,cg090,-38.574818,15.52958,-2.4839575,0.012993157
ILMN_046,cg091,-41.170387,12.116037,-3.3980076,0.0006787777
ILMN_046,cg092,0.4808035,13.601618,0.035348993,0.97180146
ILMN_046,cg093,5.1451187,14.345683,0.35865274,0.7198549
ILMN_046,cg094,3.3499546,15.511154,0.21597068,0.8290106
ILMN_046,cg095,6.435173,14.892008,0.4321226,0.66565233
ILMN_046,cg096,-10.717266,13.3434515,-0.80318546,0.42186755
ILMN_046,cg097,14.796979,14.572029,1.0154371,0.30989754
ILMN_046,cg098,-4.417905,13.550881,-0.32602343,0.74440664
ILMN_046,cg099,-19.138906,13.422722,-1.4258589,0.15390909
ILMN_046,cg100,1.5024261,15.778298,0.09522105,0.92413926
ILMN_047,cg001,13.306368,13.8205,0.9627993,0.33564824
ILMN_047,cg002,-3.8799334,16.085062,-0.24121346,0.8093897
ILMN_047,cg003,-4.252282,15.388377,-0.27633077,0.78229403
ILMN_047,cg004,-11.421117,16.634905,-0.6865754,0.49235034
ILMN_047,cg005,35.683617,14.57895,2.4476123,0.014380634
ILMN_047,cg006,22.08652,14.791944,1.4931452,0.13539916
ILMN_047,cg007,2.7675657,14.1667385,0.19535659,0.8451138
ILMN_047,cg008,36.99239,14.205762,2.6040413,0.00921315
ILMN_047,cg009,-4.8126106,14.963179,-0.32163024,0.7477329
ILMN_047,cg010,3.4130783,15.783563,0.21624258,0.82879865
ILMN_047,cg011,31.739185,13.876079,2.287331,0.022176504
ILMN_047,cg012,-0.5915203,16.108606,-0.036720764,0.97070765
ILMN_047,cg013,-15.738336,14.749252,-1.0670599,0.28594482
ILMN_047,cg014,7.509079,13.649065,0.5501534,0.58221424
ILMN_047,cg015,12.912461,15.052643,0.8578202,0.39099175
ILMN_047,cg016,-2.8978043,15.120625,-0.1916458,0.84801966
ILMN_047,cg017,9.758571,14.338193,0.68059975,0.4961248
ILMN_047,cg018,0.3923359,16.53557,0.023726784,0.9810705
ILMN_047,cg019,-3.7804108,13.507939,-0.27986583,0.7795805
ILMN_047,cg020,2.5202103,15.960699,0.15790099,0.87453485
ILMN_047,cg021,-30.619692,14.970903,-2.0452802,0.040827274
ILMN_047,cg022,-0.36422157,15.171259,-0.02400734,0.98084676
ILMN_047,cg023,14.234386,14.020703,1.0152406,0.30999118
ILMN_047,cg024,4.043771,14.299265,0.2827957,0.77733344
ILMN_047,cg025,1.4553766,13.894409,0.104745485,0.91657776
ILMN_047,cg026,17.252623,14.952288,1.1538451,0.2485637
ILMN_047,cg027,-7.579488,13.980073,-0.54216367,0.58770573
ILMN_047,cg028,-6.9563627,16.636658,-0.41813463,0.6758487
ILMN_047,cg029,-3.4011078,17.547525,-0.19382265,0.8463148
ILMN_047,cg030,-16.683823,14.261971,-1.1698118,0.2420767
ILMN_047,cg031,-5.2298822,15.44998,-0.33850414,0.7349833
ILMN_047,cg032,-13.234232,14.436199,-0.91673934,0.35927927
ILMN_047,cg033,-2.0898323,14.452481,-0.14460024,0.8850265
ILMN_047,cg034,3.5849962,16.615025,0.21576834,0.8291683
ILMN_047,cg035,-5.3559113,13.577646,-0.39446536,0.69323754
ILMN_047,cg036,11.119626,14.719331,0.75544375,0.44998276
ILMN_047,cg037,14.436146,14.33316,1.0071851,0.3138458
ILMN_047,cg038,-7.043581,15.602651,-0.4514349,0.6516762
ILMN_047,cg039,0.3125038,15.609017,0.020020723,0.98402685
ILMN_047,cg040,-43.167294,14.602319,-2.9561944,0.003114581
ILMN_047,cg041,11.386812,15.59354,0.7302262,0.46525192
ILMN_047,cg042,-20.139736,13.712891,-1.4686718,0.14192182
ILMN_047,cg043,20.194498,15.321365,1.3180612,0.18748319
ILMN_047,cg044,-7.904331,14.919832,-0.5297869,0.5962597
ILMN_047,cg045,-3.5458837,14.983976,-0.23664504,0.8129322
ILMN_047,cg046,2.2589922,13.00548,0.17369542,0.86210483
ILMN_047,cg047,-14.504489,15.489231,-0.9364241,0.34905487
ILMN_047,cg048,-11.96184,14.127954,-0.84667885,0.39717418
ILMN_047,cg049,-8.310116,14.91941,-0.5570003,0.5775273
ILMN_047,cg050,-4.619995,14.033183,-0.32921934,0.7419899
ILMN_047,cg051,12.964162,15.097855,0.8586758,0.39051944
ILMN_047,cg052,12.986656,14.226159,0.9128716,0.36131006
ILMN_047,cg053,-30.333729,14.786729,-2.0514157,0.04022652
ILMN_047,cg054,-1.1202631,15.600627,-0.07180885,0.94275403
ILMN_047,cg055,12.791253,13.565706,0.94291097,0.34572643
ILMN_047,cg056,-9.255701,16.062721,-0.5762225,0.5644648
ILMN_047,cg057,9.4268265,17.763702,0.53067917,0.59564114
ILMN_047,cg058,-30.30615,13.162091,-2.3025331,0.021305144
ILMN_047,cg059,-24.47317,13.568767,-1.8036399,0.07128781
ILMN_047,cg060,3.7366085,14.33357,0.26068932,0.7943321
ILMN_047,cg061,-2.0544434,14.025797,-0.14647605,0.8835456
ILMN_047,cg062,10.898321,15.296359,0.7124781,0.4761688
ILMN_047,cg063,1.9602919,14.838136,0.13211173,0.8948959
ILMN_047,cg064,2.0302143,14.767037,0.13748285,0.89064914
ILMN_047,cg065,-21.163311,15.128503,-1.3989033,0.16184199
ILMN_047,cg066,11.35384,15.383154,0.7380697,0.4604721
ILMN_047,cg067,35.87635,13.224257,2.71292,0.0066693425
ILMN_047,cg068,-13.870939,13.840046,-1.0022322,0.3162315
ILMN_047,cg069,2.8414192,14.975458,0.18973838,0.8495141
ILMN_047,cg070,-28.322586,13.940572,-2.031666,0.042187452
ILMN_047,cg071,24.978477,13.572973,1.84031,0.06572276
ILMN_047,cg072,15.800257,15.273304,1.0345016,0.30090177
ILMN_047,cg073,-27.49098,13.229866,-2.0779486,0.037714124
ILMN_047,cg074,19.789154,16.877817,1.1724949,0.24099845
ILMN_047,cg075,4.011438,15.081354,0.2659866,0.7902495
ILMN_047,cg076,31.022575,17.121193,1.8119401,0.06999546
ILMN_047,cg077,3.1219454,14.88727,0.2097057,0.83389735
ILMN_047,cg078,-3.966617,15.959699,-0.2485396,0.80371696
ILMN_047,cg079,-14.825553,14.340237,-1.0338429,0.30120963
ILMN_047,cg080,6.0663776,13.572267,0.44696864,0.6548977
ILMN_047,cg081,-36.615753,14.6781845,-2.4945695,0.0126110315
ILMN_047,cg082,-21.141182,14.077088,-1.501815,0.13314492
ILMN_047,cg083,-9.666626,14.902693,-0.64864963,0.51656485
ILMN_047,cg084,-15.842004,15.727815,-1.0072603,0.3138097
ILMN_047,cg085,-11.75473,15.700931,-0.74866456,0.45405942
ILMN_047,cg086,6.070233,15.152832,0.40060055,0.68871427
ILMN_047,cg087,22.795345,14.01993,1.6259243,0.10396576
ILMN_047,cg088,5.334278,14.183136,0.37610003,0.70684254
ILMN_047,cg089,6.7544613,15.659055,0.4313454,0.66621727
ILMN_047,cg090,-53.153873,15.479496,-3.4338245,0.0005951524
ILMN_047,cg091,20.66145,13.88679,1.4878491,0.1367907
ILMN_047,cg092,4.5984263,14.253545,0.32261634,0.7469858
ILMN_047,cg093,9.835592,15.001162,0.6556554,0.51204586
ILMN_047,cg094,4.147791,16.26952,0.25494242,0.79876757
ILMN_047,cg095,-0.16433334,15.654875,-0.010497264,0.99162453
ILMN_047,cg096,-0.031778336,14.09644,-0.0022543517,0.9982013
ILMN_047,cg097,-26.520342,14.955178,-1.7733216,0.07617545
ILMN_047,cg098,12.676033,14.1094055,0.89841014,0.36896694
ILMN_047,cg099,-4.3585663,14.375254,-0.30319926,0.761738
ILMN_047,cg100,6.0000496,16.531002,0.36295742,0.7166367
ILMN_048,cg001,6.8725967,14.913668,0.46082538,0.6449239
ILMN_048,cg002,-2.1654305,17.232615,-0.12565885,0.900002
ILMN_048,cg003,-5.234701,16.47424,-0.3177507,0.75067407
ILMN_048,cg004,-37.237587,17.041933,-2.1850564,0.028884709
ILMN_048,cg005,7.0961237,16.56435,0.42839736,0.6683619
ILMN_048,cg006,-9.02714,16.164558,-0.5584526,0.57653534
ILMN_048,cg007,30.654371,14.48811,2.1158297,0.034359276
ILMN_048,cg008,2.6440868,16.290285,0.16231066,0.8710612
ILMN_048,cg009,-22.074043,15.707681,-1.4053025,0.15993136
ILMN_048,cg010,1.9357147,16.908003,0.11448512,0.90885323
ILMN_048,cg011,-20.00125,15.401672,-1.2986414,0.194067
ILMN_048,cg012,-0.86684036,17.249674,-0.050252564,0.9599211
ILMN_048,cg013,3.5558987,15.979913,0.22252303,0.8239068
ILMN_048,cg014,6.312441,14.634536,0.43133864,0.66622216
ILMN_048,cg015,25.033083,15.822748,1.5820946,0.11362797
ILMN_048,cg016,-45.827633,14.721807,-3.1129084,0.0018525124
ILMN_048,cg017,1.8174076,15.428835,0.11779293,0.90623176
ILMN_048,cg018,-7.721916,17.670574,-0.43699294,0.66211647
ILMN_048,cg019,0.0056381226,14.477282,0.0003894462,0.9996893
ILMN_048,cg020,19.389748,16.855412,1.1503574,0.24999672
ILMN_048,cg021,20.82302,16.4608,1.2650067,0.20586896
ILMN_048,cg022,0.83296967,16.245775,0.051273003,0.959108
ILMN_048,cg023,-8.6029415,15.128259,-0.568667,0.56958216
ILMN_048,cg024,17.709492,15.101593,1.1726903,0.24092
ILMN_048,cg025,-0.32369614,14.880519,-0.021753013,0.982645
ILMN_048,cg026,4.4057503,16.22871,0.27147877,0.78602284
ILMN_048,cg027,23.29541,14.620271,1.5933638,0.11107862
ILMN_048,cg028,-41.21176,16.783068,-2.455556,0.014066696
ILMN_048,cg029,-29.230772,18.297714,-1.5975095,0.110152185
ILMN_048,cg030,9.311077,15.437007,0.603166,0.5463983
ILMN_048,cg031,18.03316,16.350424,1.102917,0.27006322
ILMN_048,cg032,11.367252,15.509278,0.7329324,0.46359968
ILMN_048,cg033,15.76262,15.304495,1.029934,0.30304098
ILMN_048,cg034,-14.761481,17.66764,-0.8355095,0.40343094
ILMN_048,cg035,11.879733,14.458477,0.82164484,0.41127908
ILMN_048,cg036,-5.5735846,15.838359,-0.35190418,0.72491014
ILMN_048,cg037,5.83739,15.493088,0.37677383,0.70634174
ILMN_048,cg038,3.8767204,16.735304,0.23164923,0.8168105
ILMN_048,cg039,6.9548473,16.6835,0.4168698,0.67677367
ILMN_048,cg040,-14.290146,16.927061,-0.84421897,0.39854705
ILMN_048,cg041,7.4062967,16.759304,0.4419215,0.658546
ILMN_048,cg042,4.4157357,15.010672,0.2941731,0.7686256
ILMN_048,cg043,-15.351345,16.559858,-0.9270215,0.3539154
ILMN_048,cg044,-17.76543,15.810047,-1.1236798,0.26114893
ILMN_048,cg045,-1.0515409,16.0546,-0.06549779,0.9477777
ILMN_048,cg046,22.515936,13.530155,1.6641299,0.0960865
ILMN_048,cg047,32.96697,16.022932,2.0574865,0.039639473
ILMN_048,cg048,15.818403,15.0668955,1.0498781,0.2937742
ILMN_048,cg049,-3.4190845,16.022303,-0.21339533,0.8310186
ILMN_048,cg050,-9.000671,14.986478,-0.6005862,0.5481156
ILMN_048,cg051,-14.89234,16.147985,-0.92224133,0.3564027
ILMN_048,cg052,-15.377432,15.203319,-1.0114523,0.3118
ILMN_048,cg053,0.1875019,16.542797,0.011334353,0.99095666
ILMN_048,cg054,-9.797094,16.644297,-0.5886157,0.5561191
ILMN_048,cg055,2.4792776,14.661991,0.16909556,0.86572146
ILMN_048,cg056,13.394974,17.149378,0.7810764,0.4347576
ILMN_048,cg057,29.40765,18.581203,1.5826558,0.11349994
ILMN_048,cg058,-11.826599,14.782215,-0.8000559,0.4236784
ILMN_048,cg059,6.2050304,15.007256,0.4134687,0.67926323
ILMN_048,cg060,14.491404,15.211102,0.952686,0.3407492
ILMN_048,cg061,8.903248,14.965557,0.5949159,0.5518997
ILMN_048,cg062,13.719936,16.345533,0.8393691,0.40126222
ILMN_048,cg063,8.411705,15.843958,0.5309093,0.59548163
ILMN_048,cg064,-2.873743,15.810846,-0.1817577,0.85577285
ILMN_048,cg065,36.38118,15.647459,2.3250535,0.020069122
ILMN_048,cg066,-21.044563,16.277191,-1.2928866,0.19605029
ILMN_048,cg067,-17.879162,15.022519,-1.1901574,0.23398453
ILMN_048,cg068,-11.595921,14.88367,-0.7791036,0.43591875
ILMN_048,cg069,9.0715275,15.986884,0.5674356,0.57041824
ILMN_048,cg070,9.305431,15.523127,0.599456,0.54886883
ILMN_048,cg071,-10.182898,14.98514,-0.67953306,0.49680018
ILMN_048,cg072,-1.0534339,16.543842,-0.063675284,0.94922876
ILMN_048,cg073,-11.947953,14.712107,-0.8121171,0.41672444
ILMN_048,cg074,-19.44423,18.116245,-1.0733035,0.283135
ILMN_048,cg075,7.399234,16.125416,0.4588554,0.646338
ILMN_048,cg076,6.3953857,18.953787,0.33741996,0.7358004
ILMN_048,cg077,-16.548443,15.761912,-1.0499007,0.29376376
ILMN_048,cg078,-30.319195,16.507315,-1.8367127,0.06625235
ILMN_048,cg079,1.8480558,15.531227,0.11898968,0.9052835
ILMN_048,cg080,-17.21524,14.342513,-1.2002946,0.23002493
ILMN_048,cg081,-7.368698,16.71231,-0.4409144,0.659275
ILMN_048,cg082,-11.377295,15.348185,-0.7412795,0.45852405
ILMN_048,cg083,-2.9727297,16.025368,-0.1855015,0.8528357
ILMN_048,cg084,-15.668777,16.86939,-0.9288289,0.35297775
ILMN_048,cg085,-1.6947803,16.913614,-0.10020214,0.92018384
ILMN_048,cg086,6.825695,16.2235,0.4207289,0.67395306
ILMN_048,cg087,-5.078308,15.420451,-0.32932293,0.74191165
ILMN_048,cg088,-40.20494,14.008746,-2.8699884,0.0041048527
ILMN_048,cg089,33.017273,16.081696,2.0530965,0.040063202
ILMN_048,cg090,-14.780161,18.451385,-0.8010326,0.4231128
ILMN_048,cg091,-19.12765,14.96078,-1.2785195,0.20106632
ILMN_048,cg092,17.970392,15.049194,1.1941099,0.23243499
ILMN_048,cg093,17.790697,15.924277,1.117206,0.26390624
ILMN_048,cg094,2.752944,17.429787,0.15794478,0.87450033
ILMN_048,cg095,20.997206,16.475693,1.2744354,0.20250916
ILMN_048,cg096,-1.1864395,15.094155,-0.078602575,0.9373487
ILMN_048,cg097,-0.36200047,16.553015,-0.021869157,0.98255235
ILMN_048,cg098,-16.17413,15.053306,-1.074457,0.28261787
ILMN_048,cg099,31.300823,14.701767,2.1290517,0.033249974
ILMN_048,cg100,-44.614746,16.461918,-2.710179,0.0067247152
ILMN_049,cg001,-0.3215227,12.3715,-0.025988983,0.9792661
ILMN_049,cg002,0.98467636,14.264093,0.06903182,0.9449643
ILMN_049,cg003,-17.74855,13.396481,-1.3248667,0.18521541
ILMN_049,cg004,-20.77655,14.498389,-1.4330248,0.15185076
ILMN_049,cg005,-11.391908,13.63355,-0.835579,0.40339178
ILMN_049,cg006,-18.011238,13.15839,-1.3688025,0.17106104
ILMN_049,cg007,0.9235716,12.5601225,0.07353205,0.94138277
ILMN_049,cg008,-9.629763,13.411388,-0.7180288,0.47273952
ILMN_049,cg009,9.467815,13.202832,0.71710485,0.4733094
ILMN_049,cg010,-1.3215046,13.994358,-0.094431244,0.9247666
ILMN_049,cg011,-10.368354,12.888242,-0.8044816,0.42111892
ILMN_049,cg012,9.359186,14.21005,0.6586315,0.51013243
ILMN_049,cg013,-8.352759,13.175282,-0.633972,0.5260991
ILMN_049,cg014,4.4756746,12.1186285,0.36932188,0.71188784
ILMN_049,cg015,-3.3063354,13.438252,-0.24603909,0.80565196
ILMN_049,cg016,-11.509412,13.298575,-0.865462,0.38678527
ILMN_049,cg017,18.689068,12.47062,1.4986478,0.13396502
ILMN_049,cg018,17.505203,14.426114,1.2134385,0.22496223
ILMN_049,cg019,-10.038614,11.890194,-0.8442767,0.3985148
ILMN_049,cg020,-5.91875,14.122495,-0.41910088,0.6751424
ILMN_049,cg021,9.43121,13.788604,0.6839858,0.4939841
ILMN_049,cg022,-9.517832,13.37259,-0.71174186,0.47662467
ILMN_049,cg023,10.356886,12.471531,0.83044225,0.4062888
ILMN_049,cg024,-9.361615,12.608793,-0.74246716,0.45780432
ILMN_049,cg025,-1.1271448,12.314641,-0.09152884,0.9270724
ILMN_049,cg026,7.784606,13.393178,0.58123666,0.56108093
ILMN_049,cg027,23.271025,11.946791,1.9478892,0.05142826
ILMN_049,cg028,-28.183903,14.176175,-1.9881176,0.046798706
ILMN_049,cg029,4.9082336,15.541477,0.31581512,0.75214285
ILMN_049,cg030,-1.9338675,12.8235235,-0.15080625,0.88012856
ILMN_049,cg031,-7.3146896,13.66752,-0.5351878,0.59252
ILMN_049,cg032,13.34594,12.759981,1.0459216,0.29559726
ILMN_049,cg033,18.615524,12.514356,1.4875336,0.13687396
ILMN_049,cg034,-16.086102,14.540802,-1.1062733,0.26860827
ILMN_049,cg035,2.6963396,12.047333,0.22381216,0.82290345
ILMN_049,cg036,2.6297486,13.12035,0.2004328,0.8411421
ILMN_049,cg037,1.3628864,12.84088,0.10613652,0.91547406
ILMN_049,cg038,1.744348,13.856479,0.12588683,0.8998215
ILMN_049,cg039,1.7418442,13.83159,0.12593232,0.8997855
ILMN_049,cg040,-6.5166283,14.084872,-0.4626686,0.6436019
ILMN_049,cg041,-2.959033,13.893217,-0.21298401,0.8313395
ILMN_049,cg042,9.915232,12.348862,0.8029268,0.42201704
ILMN_049,cg043,-16.53549,13.616472,-1.2143741,0.2246049
ILMN_049,cg044,-4.2885427,13.2483015,-0.3237051,0.74616134
ILMN_049,cg045,-2.993782,13.280698,-0.22542354,0.8216498
ILMN_049,cg046,7.4334807,11.478027,0.64762706,0.5172262
ILMN_049,cg047,-3.1419792,13.850228,-0.22685397,0.8205373
ILMN_049,cg048,0.7105169,12.618033,0.05630964,0.9550952
ILMN_049,cg049,-1.1699028,13.266122,-0.08818725,0.92972785
ILMN_049,cg050,-25.39785,11.875508,-2.1386747,0.032462
ILMN_049,cg051,9.484955,13.414996,0.7070412,0.47954088
ILMN_049,cg052,-8.354865,12.6622305,-0.6598257,0.5093657
ILMN_049,cg053,18.483755,13.417509,1.3775847,0.16833156
ILMN_049,cg054,-4.2307334,13.813172,-0.30628252,0.7593895
ILMN_049,cg055,-0.44334912,12.13843,-0.036524422,0.9708642
ILMN_049,cg056,-6.7304535,14.2528,-0.47221974,0.63676995
ILMN_049,cg057,-10.362858,15.717586,-0.6593161,0.5096928
ILMN_049,cg058,9.250786,12.243426,0.75557166,0.4499061
ILMN_049,cg059,-3.8426952,12.430744,-0.30912834,0.7572239
ILMN_049,cg060,4.4320345,12.696087,0.34908664,0.72702426
ILMN_049,cg061,2.8717022,12.426425,0.23109642,0.8172399
ILMN_049,cg062,10.185446,13.548429,0.7517806,0.452183
ILMN_049,cg063,6.7819223,13.115127,0.5171069,0.60508156
ILMN_049,cg064,18.522293,12.802331,1.4467907,0.14795554
ILMN_049,cg065,-1.8109074,13.687672,-0.13230208,0.89474535
ILMN_049,cg066,-15.828842,13.514182,-1.1712763,0.24148774
ILMN_049,cg067,1.7087879,12.620685,0.13539582,0.89229894
ILMN_049,cg068,1.6911583,12.396806,0.13641888,0.89149016
ILMN_049,cg069,19.72464,12.955182,1.522529,0.12787658
ILMN_049,cg070,7.398926,12.851411,0.57572865,0.5647986
ILMN_049,cg071,3.165429,12.455639,0.25413623,0.7993903
ILMN_049,cg072,-34.995354,12.683578,-2.7591076,0.0057959557
ILMN_049,cg073,-8.985892,12.191513,-0.73706126,0.46108514
ILMN_049,cg074,-1.5678492,15.178535,-0.103293836,0.9177298
ILMN_049,cg075,-8.4068985,13.318976,-0.63119704,0.5279117
ILMN_049,cg076,13.445839,15.580673,0.8629819,0.3881474
ILMN_049,cg077,-4.8735757,13.180977,-0.36974314,0.7115739
ILMN_049,cg078,-27.12402,13.577472,-1.9977224,0.045746744
ILMN_049,cg079,11.913794,12.735658,0.9354675,0.34954745
ILMN_049,cg080,2.5752187,12.048898,0.21373065,0.83075714
ILMN_049,cg081,-4.800144,13.842876,-0.34675917,0.7287723
ILMN_049,cg082,-13.696838,12.617813,-1.085516,0.2776932
ILMN_049,cg083,-21.396534,12.887674,-1.6602323,0.09686774
ILMN_049,cg084,-14.860818,13.920699,-1.0675339,0.28573084
ILMN_049,cg085,4.784563,13.982108,0.34219182,0.7322066
ILMN_049,cg086,9.456876,13.380556,0.70676255,0.4797141
ILMN_049,cg087,-5.5986834,12.750911,-0.43908104,0.6606028
ILMN_049,cg088,-18.615456,12.286664,-1.5150944,0.12974852
ILMN_049,cg089,0.82769775,13.905762,0.05952193,0.9525364
ILMN_049,cg090,-12.871922,15.259659,-0.8435262,0.39893425
ILMN_049,cg091,-0.7548456,12.599713,-0.059909746,0.95222753
ILMN_049,cg092,10.524794,12.551306,0.83854175,0.40172654
ILMN_049,cg093,37.480705,12.160367,3.0822017,0.002054751
ILMN_049,cg094,14.940119,14.260353,1.0476682,0.29479146
ILMN_049,cg095,32.6846,13.010766,2.5121195,0.012000859
ILMN_049,cg096,3.1847792,12.484522,0.25509822,0.7986472
ILMN_049,cg097,1.3553209,13.698535,0.09893911,0.9211866
ILMN_049,cg098,-37.89412,11.309209,-3.3507311,0.000805974
ILMN_049,cg099,7.994648,12.698589,0.62956977,0.5289761
ILMN_049,cg100,-17.65093,14.439352,-1.2224184,0.22154945
ILMN_050,cg001,-18.662651,14.353503,-1.3002157,0.19352704
ILMN_050,cg002,1.3667164,16.85021,0.081109755,0.93535465
ILMN_050,cg003,18.238451,15.898905,1.1471514,0.2513191
ILMN_050,cg004,28.169289,17.00561,1.6564704,0.09762657
ILMN_050,cg005,5.2643538,16.208855,0.32478258,0.7453456
ILMN_050,cg006,-25.277065,15.413586,-1.6399212,0.10102153
ILMN_050,cg007,5.640278,14.815147,0.3807102,0.70341825
ILMN_050,cg008,-22.350098,15.587226,-1.4338727,0.15160859
ILMN_050,cg009,-1.1735888,15.682827,-0.07483273,0.9403478
ILMN_050,cg010,6.4910507,16.505777,0.39325932,0.694128
ILMN_050,cg011,-4.9802637,15.314348,-0.32520247,0.74502784
ILMN_050,cg012,11.880787,16.774448,0.7082669,0.4787795
ILMN_050,cg013,6.120432,15.60608,0.39218253,0.69492334
ILMN_050,cg014,-12.471596,14.218848,-0.87711716,0.380423
ILMN_050,cg015,-16.723263,15.692868,-1.06566,0.2865774
ILMN_050,cg016,-5.2525616,15.818392,-0.33205408,0.73984843
ILMN_050,cg017,0.9373989,15.086588,0.062134586,0.95045567
ILMN_050,cg018,-11.04536,17.235779,-0.64083904,0.5216273
ILMN_050,cg019,25.62757,13.640935,1.8787253,0.060281992
ILMN_050,cg020,-30.984768,16.078665,-1.9270735,0.053970456
ILMN_050,cg021,-14.739542,16.226572,-0.90835834,0.36368895
ILMN_050,cg022,-8.393672,15.835846,-0.5300425,0.59608245
ILMN_050,cg023,3.4466248,14.834269,0.23234208,0.8162724
ILMN_050,cg024,5.588526,14.961406,0.37352946,0.7087544
ILMN_050,cg025,1.081667,14.548052,0.074351326,0.9407308
ILMN_050,cg026,-20.600475,15.586511,-1.3216861,0.18627268
ILMN_050,cg027,-6.5628777,14.651654,-0.44792742,0.65420556
ILMN_050,cg028,10.39245,17.38395,0.59781873,0.54996085
ILMN_050,cg029,-3.7488575,18.37113,-0.20406243,0.8383047
ILMN_050,cg030,-19.108192,14.888281,-1.2834384,0.19933856
ILMN_050,cg031,-7.5711155,16.157467,-0.46858308,0.6393677
ILMN_050,cg032,3.9308472,15.240864,0.257915,0.79647255
ILMN_050,cg033,-3.996379,15.123448,-0.26425052,0.7915869
ILMN_050,cg034,-18.967049,17.178288,-1.1041292,0.2695371
ILMN_050,cg035,6.636681,14.205911,0.46717745,0.64037293
ILMN_050,cg036,3.6964312,15.496592,0.23853189,0.8114686
ILMN_050,cg037,3.4951973,15.162368,0.23051791,0.81768936
ILMN_050,cg038,-20.553314,16.088926,-1.277482,0.20143211
ILMN_050,cg039,-22.877743,15.990525,-1.4307061,0.15251446
ILMN_050,cg040,22.832241,16.334194,1.3978187,0.16216755
ILMN_050,cg041,4.73398,16.405664,0.28855765,0.7729199
ILMN_050,cg042,6.596743,14.657665,0.45005414,0.65267146
ILMN_050,cg043,-2.4523811,16.337297,-0.15010935,0.88067836
ILMN_050,cg044,-5.9145784,15.644091,-0.3780711,0.7053778
ILMN_050,cg045,-7.9073067,15.65414,-0.5051256,0.6134707
ILMN_050,cg046,-19.169317,13.324503,-1.4386516,0.1502493
ILMN_050,cg047,-1.2152004,16.3698,-0.074234284,0.940824
ILMN_050,cg048,10.313293,14.82876,0.6954926,0.4867466
ILMN_050,cg049,20.248545,15.385965,1.3160399,0.18816066
ILMN_050,cg050,-2.4848251,14.705224,-0.16897567,0.86581576
ILMN_050,cg051,-8.080791,15.888751,-0.5085857,0.6110427
ILMN_050,cg052,1.0730534,15.028007,0.07140357,0.94307655
ILMN_050,cg053,19.716915,15.9107,1.2392236,0.21526271
ILMN_050,cg054,-8.595989,16.285244,-0.5278391,0.597611
ILMN_050,cg055,8.371315,14.286428,0.5859628,0.55790055
ILMN_050,cg056,9.799915,16.816002,0.5827732,0.56004596
ILMN_050,cg057,-28.101566,18.18917,-1.5449613,0.12235564
ILMN_050,cg058,20.420395,14.238092,1.4342086,0.15151274
ILMN_050,cg059,2.4016895,14.69574,0.1634276,0.8701818
ILMN_050,cg060,-24.094769,14.591833,-1.6512502,0.09868753
ILMN_050,cg061,18.245825,14.439714,1.2635863,0.20637858
ILMN_050,cg062,-23.37034,15.730152,-1.4857033,0.1373576
ILMN_050,cg063,-12.748936,15.424088,-0.82656014,0.40848643
ILMN_050,cg064,8.239725,15.416201,0.5344848,0.59300613
ILMN_050,cg065,-21.723211,15.852344,-1.370347,0.1705786
ILMN_050,cg066,-8.675147,16.150394,-0.5371477,0.5911656
ILMN_050,cg067,-22.329807,14.544122,-1.5353149,0.12470651
ILMN_050,cg068,-5.465439,14.625443,-0.37369388,0.7086321
ILMN_050,cg069,-6.959202,15.651568,-0.44463286,0.6565851
ILMN_050,cg070,5.0990314,15.217744,0.33507144,0.73757124
ILMN_050,cg071,-13.561218,14.588102,-0.9296081,0.35257405
ILMN_050,cg072,-1.4039748,16.174492,-0.08680178,0.93082905
ILMN_050,cg073,5.775388,14.461897,0.399352,0.68963385
ILMN_050,cg074,27.667053,17.462746,1.5843472,0.113114715
ILMN_050,cg075,21.49491,15.4809675,1.3884733,0.16499299
ILMN_050,cg076,-6.282276,18.531116,-0.3390123,0.7346005
ILMN_050,cg077,9.418602,15.532192,0.6063923,0.5442543
ILMN_050,cg078,25.295055,16.299488,1.5518926,0.1206879
ILMN_050,cg079,25.981565,14.696331,1.7678946,0.07707852
ILMN_050,cg080,14.650514,14.07596,1.0408181,0.29795998
ILMN_050,cg081,11.51457,16.286057,0.70702016,0.47955394
ILMN_050,cg082,12.809275,14.976846,0.8552719,0.39240068
ILMN_050,cg083,-10.085731,15.60334,-0.6463828,0.5180315
ILMN_050,cg084,23.518372,16.282188,1.4444232,0.14861995
ILMN_050,cg085,22.13738,16.213152,1.3653965,0.1721285
ILMN_050,cg086,12.5442295,15.784397,0.7947234,0.42677438
ILMN_050,cg087,-4.3795605,15.080693,-0.29040843,0.7715038
ILMN_050,cg088,-1.4647932,14.870732,-0.09850176,0.9215339
ILMN_050,cg089,11.038014,16.347054,0.6752296,0.4995299
ILMN_050,cg090,15.382204,18.02338,0.85345834,0.3934052
ILMN_050,cg091,-27.062372,14.340171,-1.8871722,0.059137166
ILMN_050,cg092,-4.5689116,14.92488,-0.3061272,0.7595078
ILMN_050,cg093,-16.201336,15.597301,-1.0387269,0.29893178
ILMN_050,cg094,-21.469616,16.749414,-1.2818129,0.19990832
ILMN_050,cg095,12.601578,16.284737,0.77382755,0.4390328
ILMN_050,cg096,-16.841757,14.548318,-1.1576428,0.24700981
ILMN_050,cg097,34.2852,15.37443,2.2300143,0.025746465
ILMN_050,cg098,-35.335022,13.960907,-2.5309975,0.0113738775
ILMN_050,cg099,-6.3080063,15.036926,-0.41950104,0.67485
ILMN_050,cg100,-15.284618,17.18529,-0.88940126,0.37378746
ILMN_051,cg001,-22.751602,12.976391,-1.7533075,0.07954925
ILMN_051,cg002,-19.183025,15.193021,-1.2626209,0.20672548
ILMN_051,cg003,8.251361,14.73748,0.55988955,0.5755548
ILMN_051,cg004,-7.090967,16.01977,-0.44263852,0.65802723
ILMN_051,cg005,11.854817,14.778802,0.8021501,0.42246616
ILMN_051,cg006,-6.999939,14.506116,-0.4825509,0.6294147
ILMN_051,cg007,6.880559,13.570153,0.5070362,0.61212945
ILMN_051,cg008,14.31617,14.457373,0.9902332,0.32206017
ILMN_051,cg009,-3.7842684,14.372412,-0.26330087,0.7923187
ILMN_051,cg010,26.783833,14.639201,1.8295966,0.06731027
ILMN_051,cg011,6.949297,14.023191,0.49555746,0.6202067
ILMN_051,cg012,-2.4713154,15.462824,-0.15982303,0.87302047
ILMN_051,cg013,-5.036397,14.316643,-0.35178617,0.72499865
ILMN_051,cg014,-19.168388,12.841034,-1.4927449,0.13550395
ILMN_051,cg015,-7.0800056,14.530685,-0.4872451,0.6260847
ILMN_051,cg016,1.1543694,14.523066,0.07948524,0.9366467
ILMN_051,cg017,-6.659952,13.801257,-0.48256126,0.6294073
ILMN_051,cg018,22.716814,15.519621,1.463748,0.14326286
ILMN_051,cg019,-18.446491,12.692736,-1.453311,0.14613742
ILMN_051,cg020,-0.4052124,15.328912,-0.026434518,0.97891074
ILMN_051,cg021,8.900688,14.956424,0.59510803,0.5517713
ILMN_051,cg022,-17.572418,14.334712,-1.2258648,0.2202496
ILMN_051,cg023,-3.6082473,13.601748,-0.2652782,0.79079515
ILMN_051,cg024,-0.44481444,13.7414,-0.03237039,0.9741767
ILMN_051,cg025,18.764654,13.052486,1.4376307,0.15053886
ILMN_051,cg026,0.3712864,14.562809,0.02549552,0.97965974
ILMN_051,cg027,-3.4666166,13.456266,-0.257621,0.7966994
ILMN_051,cg028,-16.51997,15.817796,-1.0443914,0.29630435
ILMN_051,cg029,-7.606228,16.818016,-0.45226666,0.6510769
ILMN_051,cg030,7.1766872,13.855669,0.51796037,0.6044859
ILMN_051,cg031,-3.3815098,14.844597,-0.22779398,0.8198064
ILMN_051,cg032,24.496023,13.512798,1.8128016,0.069862425
ILMN_051,cg033,0.65113115,13.879561,0.04691295,0.9625826
ILMN_051,cg034,-24.505836,15.546864,-1.5762559,0.11496687
ILMN_051,cg035,24.79131,12.536779,1.9774863,0.047986686
ILMN_051,cg036,3.6050458,14.21042,0.2536903,0.79973483
ILMN_051,cg037,-9.473312,13.8428,-0.6843494,0.49375457
ILMN_051,cg038,-11.643095,14.915776,-0.7805893,0.4350441
ILMN_051,cg039,24.767576,14.535571,1.7039287,0.0883944
ILMN_051,cg040,-13.855036,15.157513,-0.91407055,0.36067975
ILMN_051,cg041,-0.9488268,15.058221,-0.06301055,0.9497581
ILMN_051,cg042,-12.843231,13.338023,-0.9629037,0.33559585
ILMN_051,cg043,-10.7572,14.902066,-0.72185963,0.47038078
ILMN_051,cg044,-4.1956444,14.355788,-0.2922615,0.7700867
ILMN_051,cg045,8.071358,14.346541,0.56259954,0.5737076
ILMN_051,cg046,23.180847,12.014801,1.9293575,0.0536865
ILMN_051,cg047,-7.859574,14.968481,-0.5250749,0.5995312
ILMN_051,cg048,-14.587458,13.500175,-1.0805384,0.27990252
ILMN_051,cg049,-6.197689,14.344218,-0.4320688,0.6656914
ILMN_051,cg050,-2.6592646,13.484311,-0.19721174,0.84366184
ILMN_051,cg051,14.870539,14.446691,1.0293387,0.30332053
ILMN_051,cg052,-1.8705883,13.779846,-0.13574813,0.8920204
ILMN_051,cg053,-10.279249,14.755267,-0.6966495,0.48602217
ILMN_051,cg054,-5.3403387,14.959278,-0.35699174,0.721098
ILMN_051,cg055,-7.377063,13.105507,-0.5628979,0.5735044
ILMN_051,cg056,-0.69927263,15.478052,-0.045178335,0.9639652
ILMN_051,cg057,-2.424389,17.104446,-0.14174028,0.8872852
ILMN_051,cg058,-24.91006,12.830858,-1.9414182,0.05220759
ILMN_051,cg059,-17.774542,13.223852,-1.3441274,0.17890722
ILMN_051,cg060,14.8916855,13.596582,1.0952522,0.2734062
ILMN_051,cg061,6.2469234,13.438664,0.46484706,0.64204097
ILMN_051,cg062,-3.964735,14.756242,-0.26868188,0.7881745
ILMN_051,cg063,-13.978935,14.099889,-0.99142164,0.32147974
ILMN_051,cg064,11.82583,14.074081,0.8402559,0.40076488
ILMN_051,cg065,-0.51928043,14.831396,-0.03501224,0.97207
ILMN_051,cg066,-10.106175,14.782626,-0.6836522,0.4941948
ILMN_051,cg067,-7.3683567,13.632335,-0.5405058,0.58884823
ILMN_051,cg068,2.3878193,13.428392,0.1778187,0.8588654
ILMN_051,cg069,13.235884,14.2515135,0.9287353,0.35302627
ILMN_051,cg070,-4.7027225,13.955652,-0.3369762,0.7361349
ILMN_051,cg071,13.234179,13.361772,0.9904509,0.32195377
ILMN_051,cg072,-0.67487717,14.834138,-0.04549487,0.9637129
ILMN_051,cg073,12.072196,13.165872,0.91693103,0.35917878
ILMN_051,cg074,12.250939,16.346333,0.74946105,0.45357937
ILMN_051,cg075,1.203454,14.490606,0.08305063,0.9338113
ILMN_051,cg076,12.392513,16.917292,0.7325353,0.46384192
ILMN_051,cg077,20.197666,13.987539,1.4439757,0.14874583
ILMN_051,cg078,4.3349886,15.320873,0.2829466,0.77721775
ILMN_051,cg079,28.928173,13.258861,2.1817994,0.02912432
ILMN_051,cg080,6.1225653,13.028622,0.46993193,0.63840365
ILMN_051,cg081,-1.8417492,15.014048,-0.1226684,0.9023697
ILMN_051,cg082,-22.331533,13.446438,-1.6607769,0.09675825
ILMN_051,cg083,-34.122364,13.465104,-2.534133,0.011272609
ILMN_051,cg084,-2.933259,15.260768,-0.19220914,0.8475784
ILMN_051,cg085,12.978589,15.045822,0.8626042,0.38835514
ILMN_051,cg086,8.732028,14.517572,0.6014799,0.5475204
ILMN_051,cg087,-10.770302,13.751449,-0.7832122,0.4335025
ILMN_051,cg088,-33.570236,12.709228,-2.6414065,0.008256257
ILMN_051,cg089,8.457169,15.013931,0.5632881,0.57323873
ILMN_051,cg090,5.836649,16.636936,0.35082474,0.7257198
ILMN_051,cg091,-6.5039096,13.61692,-0.4776344,0.6329105
ILMN_051,cg092,5.3168406,13.678758,0.38869324,0.6975031
ILMN_051,cg093,16.017881,14.276684,1.1219609,0.2618791
ILMN_051,cg094,1.229065,15.631375,0.07862808,0.93732846
ILMN_051,cg095,6.616383,14.99956,0.44110513,0.6591369
ILMN_051,cg096,2.3797417,13.530333,0.17588198,0.86038667
ILMN_051,cg097,-0.74670887,14.841712,-0.050311506,0.95987415
ILMN_051,cg098,-10.457939,13.578401,-0.77018934,0.44118762
ILMN_051,cg099,13.866176,13.664274,1.0147759,0.31021267
ILMN_051,cg100,-30.413572,15.249527,-1.9943944,0.04610896
ILMN_052,cg001,3.6338577,12.549512,0.2895617,0.7721516
ILMN_052,cg002,5.9660683,14.456424,0.41269323,0.6798314
ILMN_052,cg003,-12.36664,13.73812,-0.90016973,0.36802995
ILMN_052,cg004,-5.398529,15.024213,-0.35932192,0.7193543
ILMN_052,cg005,19.42419,13.6496525,1.4230539,0.15472054
ILMN_052,cg006,-9.471798,13.557411,-0.69864357,0.48477483
ILMN_052,cg007,4.591006,12.735134,0.3604992,0.71847385
ILMN_052,cg008,1.2348809,13.69154,0.09019299,0.92813385
ILMN_052,cg009,-1.0293102,13.478771,-0.076365285,0.9391285
ILMN_052,cg010,9.17998,14.145317,0.6489766,0.5163535
ILMN_052,cg011,12.140337,13.055089,0.9299314,0.35240662
ILMN_052,cg012,-11.130161,14.402215,-0.77280897,0.43963546
ILMN_052,cg013,-8.282958,13.379627,-0.6190724,0.53586864
ILMN_052,cg014,11.658703,12.201849,0.9554866,0.3393317
ILMN_052,cg015,13.734676,13.501886,1.0172412,0.3090387
ILMN_052,cg016,-5.302168,13.589133,-0.39017704,0.69640565
ILMN_052,cg017,-8.039118,12.912615,-0.6225786,0.53356147
ILMN_052,cg018,3.1910305,14.872046,0.21456566,0.83010596
ILMN_052,cg019,-1.8131866,12.162414,-0.14908116,0.8814896
ILMN_052,cg020,9.005827,14.304499,0.62958,0.5289694
ILMN_052,cg021,4.946453,14.051742,0.35201707,0.7248255
ILMN_052,cg022,21.691708,13.271895,1.6344092,0.10217297
ILMN_052,cg023,9.333855,12.68253,0.73596156,0.46175408
ILMN_052,cg024,-19.400301,12.556572,-1.5450317,0.12233859
ILMN_052,cg025,12.363045,12.370684,0.9993825,0.3176095
ILMN_052,cg026,3.981556,13.635379,0.29200184,0.77028525
ILMN_052,cg027,-5.074238,12.597786,-0.40278807,0.6871041
ILMN_052,cg028,-22.42888,14.62968,-1.5331081,0.1252492
ILMN_052,cg029,6.2737217,15.769338,0.39784306,0.69074583
ILMN_052,cg030,10.697429,12.927146,0.8275167,0.40794426
ILMN_052,cg031,-2.1637325,13.916186,-0.15548316,0.8764404
ILMN_052,cg032,12.3121605,12.982114,0.9483941,0.34292883
ILMN_052,cg033,-1.466299,13.006105,-0.11273929,0.91023725
ILMN_052,cg034,5.6600876,14.93516,0.37897736,0.7047047
ILMN_052,cg035,-7.1125813,12.193367,-0.5833156,0.5596809
ILMN_052,cg036,22.382053,12.91193,1.7334398,0.08301753
ILMN_052,cg037,-5.4728737,13.014021,-0.42053673,0.6740934
ILMN_052,cg038,8.484835,14.015261,0.6053997,0.5449134
ILMN_052,cg039,3.0859108,14.038339,0.21982023,0.8260112
ILMN_052,cg040,-1.5378819,14.33189,-0.107304886,0.9145471
ILMN_052,cg041,3.6306486,14.102656,0.25744432,0.7968358
ILMN_052,cg042,27.646446,11.949286,2.3136482,0.020687044
ILMN_052,cg043,-0.7129345,14.044343,-0.050763108,0.95951426
ILMN_052,cg044,5.322736,13.443499,0.39593384,0.6921538
ILMN_052,cg045,21.609665,13.109785,1.6483614,0.09927851
ILMN_052,cg046,4.9096336,11.68431,0.4201903,0.67434645
ILMN_052,cg047,21.933899,13.693372,1.6017895,0.10920215
ILMN_052,cg048,15.356255,12.609944,1.2177893,0.2233041
ILMN_052,cg049,23.233402,13.027456,1.7834182,0.07451826
ILMN_052,cg050,6.492275,12.606223,0.5150056,0.60654914
ILMN_052,cg051,21.542145,13.320692,1.617194,0.10583639
ILMN_052,cg052,21.154718,12.534476,1.6877226,0.09146452
ILMN_052,cg053,10.794657,13.809623,0.7816764,0.4344048
ILMN_052,cg054,-1.5773335,14.036957,-0.112370044,0.91053003
ILMN_052,cg055,-5.17058,12.300793,-0.42034525,0.6742333
ILMN_052,cg056,6.9952602,14.469267,0.48345643,0.62877166
ILMN_052,cg057,25.643284,15.581205,1.6457831,0.099808455
ILMN_052,cg058,2.718689,12.50129,0.21747267,0.82784003
ILMN_052,cg059,14.063297,12.46279,1.1284229,0.2591414
ILMN_052,cg060,-3.2299545,12.898682,-0.25040966,0.80227053
ILMN_052,cg061,19.2504,12.300724,1.5649811,0.11758733
ILMN_052,cg062,0.01573944,13.840042,0.0011372394,0.99909264
ILMN_052,cg063,3.7482412,13.343067,0.28091303,0.7787771
ILMN_052,cg064,-3.2410116,13.282133,-0.24401289,0.8072208
ILMN_052,cg065,9.92732,13.82253,0.7181985,0.4726349
ILMN_052,cg066,18.50551,13.65418,1.3553001,0.175322
ILMN_052,cg067,9.141785,12.745328,0.71726555,0.47321028
ILMN_052,cg068,2.022255,12.585559,0.16068058,0.872345
ILMN_052,cg069,22.547764,13.064464,1.7258852,0.08436811
ILMN_052,cg070,-9.24332,13.023923,-0.7097186,0.4778787
ILMN_052,cg071,12.973624,12.509751,1.0370809,0.29969817
ILMN_052,cg072,-10.982036,13.807895,-0.7953447,0.42641306
ILMN_052,cg073,-5.843651,12.42114,-0.47046012,0.63802636
ILMN_052,cg074,53.54249,13.237359,4.044801,5.2392483e-05
ILMN_052,cg075,21.235497,13.215431,1.6068712,0.10808265
ILMN_052,cg076,6.4806557,15.918034,0.40712664,0.683915
ILMN_052,cg077,4.3192673,13.38745,0.32263553,0.74697125
ILMN_052,cg078,-18.243591,14.116859,-1.2923265,0.19624412
ILMN_052,cg079,-9.5770645,12.976396,-0.73803735,0.46049178
ILMN_052,cg080,22.570177,11.7783,1.9162508,0.055333197
ILMN_052,cg081,-16.323767,13.865771,-1.1772708,0.23908746
ILMN_052,cg082,-10.611323,12.879298,-0.8239054,0.4099933
ILMN_052,cg083,5.2739563,13.448793,0.39215088,0.69494677
ILMN_052,cg084,-4.3933945,14.293097,-0.30737877,0.7585551
ILMN_052,cg085,7.1378555,14.175154,0.50354695,0.6145798
ILMN_052,cg086,14.951769,13.47984,1.1091948,0.2673462
ILMN_052,cg087,7.554496,12.925266,0.58447504,0.5589007
ILMN_052,cg088,-18.96124,12.472708,-1.5202185,0.12845606
ILMN_052,cg089,24.70974,13.640996,1.8114322,0.07007396
ILMN_052,cg090,10.95834,15.528753,0.7056806,0.4803868
ILMN_052,cg091,1.410923,12.791365,0.110302776,0.9121693
ILMN_052,cg092,4.345914,12.824439,0.3388775,0.734702
ILMN_052,cg093,1.7045994,13.559272,0.12571467,0.8999578
ILMN_052,cg094,-17.434763,14.423043,-1.2088131,0.22673464
ILMN_052,cg095,9.728085,14.013715,0.6941832,0.48756737
ILMN_052,cg096,9.892683,12.600426,0.7851071,0.4323908
ILMN_052,cg097,16.140669,13.704583,1.177757,0.23889351
ILMN_052,cg098,-3.12249,12.798859,-0.24396628,0.80725694
ILMN_052,cg099,25.65079,12.383734,2.071329,0.03832805
ILMN_052,cg100,-4.6219406,14.880976,-0.31059393,0.75610936
ILMN_053,cg001,6.228945,12.873854,0.4838446,0.62849617
ILMN_053,cg002,-7.1888905,14.843886,-0.48429975,0.6281732
ILMN_053,cg003,1.4415152,14.23834,0.1012418,0.9193585
ILMN_053,cg004,-15.32555,15.293236,-1.002113,0.316289
ILMN_053,cg005,-0.8020897,14.330145,-0.055972196,0.955364
ILMN_053,cg006,14.303867,13.844455,1.0331838,0.3015179
ILMN_053,cg007,-32.820847,12.177765,-2.6951454,0.007035792
ILMN_053,cg008,-27.819845,13.458326,-2.0671103,0.038723767
ILMN_053,cg009,-28.219479,13.210803,-2.136091,0.032671988
ILMN_053,cg010,-9.692688,14.530819,-0.66704345,0.5047444
ILMN_053,cg011,2.6664028,13.534109,0.19701354,0.84381694
ILMN_053,cg012,31.225424,14.164848,2.2044306,0.027494073
ILMN_053,cg013,-4.491598,13.789039,-0.32573685,0.7446234
ILMN_053,cg014,-8.728846,12.59582,-0.69299537,0.48831248
ILMN_053,cg015,10.166106,13.948273,0.7288434,0.46609747
ILMN_053,cg016,-3.2518482,13.97792,-0.23264179,0.81603956
ILMN_053,cg017,-16.876175,13.089294,-1.2893113,0.19728988
ILMN_053,cg018,-1.0832691,15.288075,-0.07085713,0.9435115
ILMN_053,cg019,-9.188719,12.426458,-0.7394479,0.45963508
ILMN_053,cg020,-35.91255,13.778913,-2.6063416,0.009151518
ILMN_053,cg021,3.8993301,14.446388,0.2699173,0.7872239
ILMN_053,cg022,-30.01077,13.311289,-2.2545354,0.02416253
ILMN_053,cg023,-25.662783,12.550011,-2.0448415,0.040870488
ILMN_053,cg024,-1.0899849,13.231639,-0.082377166,0.9343468
ILMN_053,cg025,7.3288555,12.802807,0.5724413,0.56702304
ILMN_053,cg026,-3.237454,14.015422,-0.23099226,0.8173208
ILMN_053,cg027,12.19643,12.841939,0.94973433,0.34224725
ILMN_053,cg028,-4.66152,15.396157,-0.30277166,0.76206386
ILMN_053,cg029,16.185081,16.054716,1.0081201,0.3133968
ILMN_053,cg030,-5.5134754,13.356637,-0.4127892,0.67976105
ILMN_053,cg031,14.820478,14.1349535,1.0484985,0.29440898
ILMN_053,cg032,1.6337376,13.466959,0.12131451,0.9034419
ILMN_053,cg033,21.953392,12.967965,1.6928941,0.09047562
ILMN_053,cg034,-15.83086,15.191787,-1.042067,0.29738063
ILMN_053,cg035,8.089718,12.518436,0.6462243,0.5181341
ILMN_053,cg036,18.787052,13.410593,1.4009113,0.16124058
ILMN_053,cg037,0.0995903,13.397786,0.00743334,0.9940691
ILMN_053,cg038,-18.14156,14.208578,-1.2768033,0.20167172
ILMN_053,cg039,-20.213448,14.121115,-1.4314343,0.15230578
ILMN_053,cg040,-6.0157166,14.701358,-0.40919462,0.6823969
ILMN_053,cg041,-11.6023245,14.399883,-0.8057235,0.4204023
ILMN_053,cg042,-8.96096,12.905369,-0.6943591,0.48745704
ILMN_053,cg043,-13.876036,14.285432,-0.9713417,0.33137816
ILMN_053,cg044,11.274511,13.736709,0.82075787,0.41178423
ILMN_053,cg045,-1.5944573,13.860647,-0.11503483,0.9084175
ILMN_053,cg046,1.3685865,12.027142,0.1137915,0.9094031
ILMN_053,cg047,-2.5388565,14.452383,-0.17567044,0.86055285
ILMN_053,cg048,-24.26611,12.668592,-1.9154543,0.055434585
ILMN_053,cg049,-16.321024,13.630158,-1.19742,0.23114294
ILMN_053,cg050,-12.011501,12.869097,-0.9333601,0.3506341
ILMN_053,cg051,-14.801716,13.90066,-1.0648211,0.2869569
ILMN_053,cg052,-0.4834242,13.271953,-0.036424495,0.97094387
ILMN_053,cg053,2.8721533,14.277259,0.2011698,0.8405658
ILMN_053,cg054,-11.479727,14.325531,-0.8013474,0.42293054
ILMN_053,cg055,8.059358,12.607636,0.63924414,0.5226641
ILMN_053,cg056,-10.351751,14.826775,-0.6981796,0.48506492
ILMN_053,cg057,-21.768257,16.158884,-1.3471386,0.1779356
ILMN_053,cg058,20.464401,12.492663,1.6381135,0.10139805
ILMN_053,cg059,-3.4316845,12.97188,-0.26454797,0.7913577
ILMN_053,cg060,-0.34238768,13.262535,-0.025816156,0.979404
ILMN_053,cg061,-5.5527687,12.945438,-0.42893633,0.6679696
ILMN_053,cg062,0.19810677,14.220835,0.013930741,0.9888852
ILMN_053,cg063,-7.5379043,13.6768875,-0.5511418,0.58153653
ILMN_053,cg064,23.10143,13.224846,1.7468204,0.08066851
ILMN_053,cg065,-6.0039825,14.254819,-0.42118967,0.67361665
ILMN_053,cg066,8.562891,14.251448,0.6008436,0.5479442
ILMN_053,cg067,-28.412086,12.485002,-2.2756975,0.022864103
ILMN_053,cg068,-5.5145874,12.909913,-0.42715913,0.6692635
ILMN_053,cg069,27.55581,13.242511,2.08086,0.037446737
ILMN_053,cg070,10.330301,13.368873,0.77271295,0.43969232
ILMN_053,cg071,7.6973257,12.953751,0.594216,0.5523677
ILMN_053,cg072,-11.010797,14.192502,-0.7758179,0.43785655
ILMN_053,cg073,-10.17937,12.705248,-0.80119413,0.4230193
ILMN_053,cg074,-8.197091,15.790546,-0.51911384,0.6036813
ILMN_053,cg075,-20.213646,13.632999,-1.4826999,0.13815421
ILMN_053,cg076,-11.235859,16.301516,-0.68925244,0.49066442
ILMN_053,cg077,22.202305,13.376643,1.6597815,0.0969584
ILMN_053,cg078,-4.4030447,14.751994,-0.29847115,0.7653436
ILMN_053,cg079,9.4988785,13.3388405,0.7121217,0.4763894
ILMN_053,cg080,-25.058468,12.021202,-2.0845227,0.037112653
ILMN_053,cg081,-17.152393,14.237476,-1.2047355,0.22830546
ILMN_053,cg082,-17.390537,13.082058,-1.3293426,0.18373495
ILMN_053,cg083,-13.593589,13.696054,-0.9925186,0.3209446
ILMN_053,cg084,-11.16881,14.608942,-0.76451874,0.4445582
ILMN_053,cg085,6.4519196,14.574272,0.4426924,0.65798825
ILMN_053,cg086,-17.379826,13.798835,-1.259514,0.20784473
ILMN_053,cg087,-16.942293,13.093991,-1.2938983,0.19570053
ILMN_053,cg088,-28.022022,12.46712,-2.247674,0.02459699
ILMN_053,cg089,-6.450857,14.47643,-0.44561106,0.65587825
ILMN_053,cg090,-4.994604,16.025267,-0.31167057,0.75529087
ILMN_053,cg091,-17.355206,12.893602,-1.3460324,0.1782921
ILMN_053,cg092,12.594107,13.06243,0.96414727,0.33497208
ILMN_053,cg093,-6.629031,13.90044,-0.4768936,0.6334379
ILMN_053,cg094,-20.682571,14.74134,-1.4030321,0.16060728
ILMN_053,cg095,3.7478776,14.463992,0.25911778,0.7955444
ILMN_053,cg096,-1.8353276,13.030786,-0.1408455,0.887992
ILMN_053,cg097,0.95331573,14.291725,0.066704035,0.94681734
ILMN_053,cg098,-5.782592,13.131889,-0.44034728,0.6596856
ILMN_053,cg099,-17.928066,13.03943,-1.3749118,0.16915882
ILMN_053,cg100,-20.311848,15.010628,-1.3531644,0.1760031
ILMN_054,cg001,-5.236599,14.069998,-0.37218192,0.70975745
ILMN_054,cg002,-15.059111,16.095129,-0.9356316,0.34946293
ILMN_054,cg003,-12.976379,15.428724,-0.8410533,0.4003181
ILMN_054,cg004,-12.415461,16.778595,-0.7399583,0.4593253
ILMN_054,cg005,1.6196208,15.64411,0.10352911,0.91754305
ILMN_054,cg006,7.9551325,15.24445,0.52183795,0.60178316
ILMN_054,cg007,-14.559739,14.144772,-1.0293372,0.3033213
ILMN_054,cg008,-8.84491,15.305397,-0.5778948,0.5633352
ILMN_054,cg009,3.9295354,15.110663,0.26005048,0.79482484
ILMN_054,cg010,-25.071432,15.506512,-1.6168325,0.105914414
ILMN_054,cg011,11.942908,14.677282,0.81370026,0.41581672
ILMN_054,cg012,0.7415886,16.26093,0.045605548,0.96362466
ILMN_054,cg013,-22.505333,14.702177,-1.5307484,0.1258316
ILMN_054,cg014,-8.347503,13.768596,-0.60627115,0.54433477
ILMN_054,cg015,7.623505,15.274856,0.49908853,0.617717
ILMN_054,cg016,8.34689,15.220146,0.54841065,0.58340997
ILMN_054,cg017,-17.477129,14.316524,-1.2207663,0.22217453
ILMN_054,cg018,13.1055355,16.579945,0.7904451,0.42926788
ILMN_054,cg019,30.424995,12.889049,2.3605309,0.018248796
ILMN_054,cg020,-1.6624289,16.114256,-0.103165105,0.91783196
ILMN_054,cg021,-6.528736,15.755418,-0.41438037,0.67859554
ILMN_054,cg022,-9.6388855,15.248854,-0.6321056,0.5273179
ILMN_054,cg023,11.3642235,14.212657,0.79958475,0.42395145
ILMN_054,cg024,19.52177,14.157505,1.3788991,0.1679259
ILMN_054,cg025,-4.359084,14.012847,-0.31107768,0.7557416
ILMN_054,cg026,-13.5601635,15.179562,-0.8933172,0.37168735
ILMN_054,cg027,4.927639,14.138743,0.3485203,0.7274495
ILMN_054,cg028,-19.598095,16.576017,-1.1823163,0.23708022
ILMN_054,cg029,-4.5069065,17.708364,-0.2545072,0.79910374
ILMN_054,cg030,6.8022814,14.575058,0.466707,0.6407095
ILMN_054,cg031,42.570847,14.2986,2.9772737,0.0029082298
ILMN_054,cg032,9.385944,14.640079,0.641113,0.52144927
ILMN_054,cg033,18.454687,14.336647,1.2872387,0.1980111
ILMN_054,cg034,23.013895,16.434105,1.400374,0.16140133
ILMN_054,cg035,-7.824566,13.68075,-0.5719398,0.5673628
ILMN_054,cg036,-3.2991557,14.942606,-0.22078851,0.8252571
ILMN_054,cg037,0.48662186,14.627301,0.033268053,0.97346085
ILMN_054,cg038,-12.890273,15.670332,-0.82259095,0.41074067
ILMN_054,cg039,-21.879715,15.423037,-1.4186386,0.15600437
ILMN_054,cg040,-9.059816,16.02429,-0.5653802,0.5718152
ILMN_054,cg041,12.281783,15.7281885,0.7808772,0.4348747
ILMN_054,cg042,-16.322044,13.957552,-1.1694059,0.24224013
ILMN_054,cg043,-23.543932,15.368551,-1.5319552,0.12553352
ILMN_054,cg044,8.540041,15.054346,0.56728077,0.57052344
ILMN_054,cg045,7.423362,15.09536,0.4917645,0.6228858
ILMN_054,cg046,13.170855,12.9885,1.0140398,0.3105638
ILMN_054,cg047,-9.238484,15.725265,-0.5874931,0.5568726
ILMN_054,cg048,-12.262177,14.25819,-0.8600094,0.38978386
ILMN_054,cg049,2.0786343,15.108203,0.13758315,0.89056987
ILMN_054,cg050,-19.279179,13.894893,-1.3875011,0.16528904
ILMN_054,cg051,-23.005222,14.983261,-1.5353949,0.1246869
ILMN_054,cg052,-5.2414865,14.469669,-0.36223954,0.71717304
ILMN_054,cg053,5.6842713,15.571979,0.36503205,0.7150875
ILMN_054,cg054,9.104181,15.691845,0.58018553,0.5617895
ILMN_054,cg055,-0.051810265,13.825796,-0.0037473622,0.99701005
ILMN_054,cg056,-20.410622,15.992474,-1.2762642,0.20186216
ILMN_054,cg057,-7.955496,17.948336,-0.44324422,0.6575891
ILMN_054,cg058,8.094906,13.980601,0.57900983,0.56258255
ILMN_054,cg059,17.850124,13.926741,1.2817159,0.19994235
ILMN_054,cg060,6.280161,14.45027,0.4346051,0.6638491
ILMN_054,cg061,-24.883312,13.6783495,-1.819175,0.06888473
ILMN_054,cg062,5.670093,15.503565,0.36572835,0.7145678
ILMN_054,cg063,-42.79373,13.587922,-3.1493948,0.0016360879
ILMN_054,cg064,28.420189,14.30891,1.9861882,0.04701245
ILMN_054,cg065,-14.6282425,15.443257,-0.9472252,0.34352404
ILMN_054,cg066,14.907736,15.464995,0.96396637,0.3350628
ILMN_054,cg067,27.334623,13.801322,1.9805801,0.047638416
ILMN_054,cg068,10.742823,14.033637,0.76550525,0.4439708
ILMN_054,cg069,9.811909,15.053746,0.6517918,0.51453555
ILMN_054,cg070,4.516119,14.675223,0.30773768,0.75828195
ILMN_054,cg071,12.721158,14.072407,0.9039788,0.3660066
ILMN_054,cg072,-4.0702105,15.584618,-0.26116845,0.7939626
ILMN_054,cg073,-8.849466,13.906741,-0.63634366,0.52455246
ILMN_054,cg074,-6.778026,17.261358,-0.39267048,0.6945629
ILMN_054,cg075,3.5493946,15.226797,0.23310184,0.8156823
ILMN_054,cg076,-56.74499,15.812336,-3.5886533,0.0003324151
ILMN_054,cg077,13.594376,14.901142,0.9123043,0.36160856
ILMN_054,cg078,1.174572,16.120626,0.07286143,0.9419164
ILMN_054,cg079,8.358573,14.591211,0.5728498,0.56674635
ILMN_054,cg080,-1.9138412,13.727534,-0.13941625,0.88912123
ILMN_054,cg081,-32.460106,15.044636,-2.1575866,0.030959964
ILMN_054,cg082,-13.8118305,14.41135,-0.9583995,0.33786136
ILMN_054,cg083,-7.0294952,15.076794,-0.46624604,0.64103943
ILMN_054,cg084,19.087122,15.802154,1.2078811,0.22709304
ILMN_054,cg085,20.756496,15.649359,1.3263481,0.18472445
ILMN_054,cg086,-3.466053,15.314374,-0.22632678,0.8209473
ILMN_054,cg087,-16.645851,14.345175,-1.1603798,0.2458942
ILMN_054,cg088,-5.6643867,14.3150215,-0.3956953,0.6923298
ILMN_054,cg089,13.395723,15.715561,0.85238594,0.39399993
ILMN_054,cg090,27.014618,17.055647,1.5839105,0.113214076
ILMN_054,cg091,3.3618674,14.342994,0.23439091,0.81468153
ILMN_054,cg092,-15.342919,14.225967,-1.078515,0.28080398
ILMN_054,cg093,3.6846676,15.204022,0.24234821,0.80851036
ILMN_054,cg094,-22.67123,16.091572,-1.4088885,0.15886813
ILMN_054,cg095,2.20008,15.799721,0.13924803,0.88925415
ILMN_054,cg096,-13.696331,14.085831,-0.9723481,0.33087742
ILMN_054,cg097,-2.9379816,15.598194,-0.18835396,0.85059917
ILMN_054,cg098,-17.632515,14.130179,-1.2478621,0.21208155
ILMN_054,cg099,10.952202,14.435758,0.75868565,0.4480406
ILMN_054,cg100,10.815352,16.635073,0.6501536,0.51559305
ILMN_055,cg001,-5.821538,13.644536,-0.42665708,0.6696291
ILMN_055,cg002,-11.003914,15.679961,-0.7017819,0.4828152
ILMN_055,cg003,6.2464857,15.055742,0.4148906,0.678222
ILMN_055,cg004,-10.533712,16.30168,-0.6461734,0.5181671
ILMN_055,cg005,-9.182031,15.119479,-0.6072981,0.54365313
ILMN_055,cg006,46.380035,13.163928,3.5232673,0.00042623281
ILMN_055,cg007,-6.481786,13.847726,-0.46807584,0.63973033
ILMN_055,cg008,3.9816775,14.891815,0.26737356,0.7891816
ILMN_055,cg009,-7.490125,14.62979,-0.5119776,0.60866666
ILMN_055,cg010,-0.49651337,15.46611,-0.03210331,0.9743897
ILMN_055,cg011,20.551613,14.01853,1.4660319,0.14263958
ILMN_055,cg012,5.4832773,15.756279,0.34800586,0.7278358
ILMN_055,cg013,-14.541528,14.46508,-1.005285,0.3147596
ILMN_055,cg014,-33.32415,12.479394,-2.670334,0.007577598
ILMN_055,cg015,-20.143234,14.560197,-1.3834451,0.1665284
ILMN_055,cg016,25.13997,14.343862,1.7526641,0.0796597
ILMN_055,cg017,-4.7074776,14.096282,-0.3339517,0.73841596
ILMN_055,cg018,23.538515,15.818804,1.4880085,0.13674867
ILMN_055,cg019,-25.337898,12.702984,-1.9946414,0.04608202
ILMN_055,cg020,-20.99754,15.326595,-1.3700068,0.17068481
ILMN_055,cg021,14.456699,15.165638,0.9532536,0.34046155
ILMN_055,cg022,-25.158266,14.388376,-1.7485132,0.080375195
ILMN_055,cg023,-24.988693,13.387123,-1.8666216,0.06195444
ILMN_055,cg024,5.9601383,13.989301,0.42604977,0.6700716
ILMN_055,cg025,24.14853,13.13582,1.8383723,0.066007555
ILMN_055,cg026,-16.18133,14.661842,-1.1036355,0.26975125
ILMN_055,cg027,-15.894246,13.534378,-1.174361,0.24025047
ILMN_055,cg028,11.077239,16.24298,0.6819709,0.49525738
ILMN_055,cg029,-8.580681,17.14646,-0.5004346,0.6167691
ILMN_055,cg030,-2.0396557,14.171237,-0.14392926,0.88555634
ILMN_055,cg031,-18.49226,14.903194,-1.2408253,0.2146703
ILMN_055,cg032,35.669876,13.262688,2.6894908,0.0071561337
ILMN_055,cg033,-5.2491465,14.136813,-0.37131044,0.7104063
ILMN_055,cg034,4.3572235,16.268314,0.26783496,0.78882635
ILMN_055,cg035,11.878899,13.204779,0.8995909,0.368338
ILMN_055,cg036,-0.17822742,14.505246,-0.012287101,0.9901966
ILMN_055,cg037,-0.58341885,14.191585,-0.0411102,0.967208
ILMN_055,cg038,-24.47817,14.883723,-1.6446269,0.10004681
ILMN_055,cg039,6.376606,15.258609,0.41790217,0.67601866
ILMN_055,cg040,4.712552,15.585502,0.3023677,0.7623718
ILMN_055,cg041,-11.793739,15.261839,-0.77276003,0.43966442
ILMN_055,cg042,-11.930694,13.628631,-0.87541395,0.38134873
ILMN_055,cg043,4.7343526,15.270543,0.3100317,0.75653684
ILMN_055,cg044,25.074074,14.183093,1.7678847,0.07708019
ILMN_055,cg045,-1.0060549,14.683493,-0.068516046,0.94537485
ILMN_055,cg046,10.231961,12.652124,0.80871487,0.41867918
ILMN_055,cg047,-0.57589626,15.313832,-0.03760628,0.9700016
ILMN_055,cg048,16.622255,13.727261,1.2108939,0.22593606
ILMN_055,cg049,-18.152088,14.414916,-1.2592573,0.20793742
ILMN_055,cg050,18.60318,13.484141,1.379634,0.16769934
ILMN_055,cg051,-9.70587,14.836023,-0.6542097,0.51297677
ILMN_055,cg052,-14.532173,13.89451,-1.0458932,0.29561037
ILMN_055,cg053,-0.74977684,15.129681,-0.049556687,0.9604757
ILMN_055,cg054,4.250574,15.267259,0.2784111,0.7806968
ILMN_055,cg055,-4.428359,13.398142,-0.3305204,0.7410068
ILMN_055,cg056,-27.269905,15.267968,-1.7860861,0.074085355
ILMN_055,cg057,-3.3100529,17.444126,-0.18975171,0.8495037
ILMN_055,cg058,-18.226692,13.345686,-1.3657366,0.17202163
ILMN_055,cg059,-16.46634,13.535117,-1.2165642,0.22377008
ILMN_055,cg060,-30.194519,13.324618,-2.2660701,0.023447096
ILMN_055,cg061,-1.0496178,13.739202,-0.07639583,0.9391042
ILMN_055,cg062,-6.666153,15.031596,-0.44347605,0.65742147
ILMN_055,cg063,3.724275,14.524857,0.25640702,0.79763657
ILMN_055,cg064,7.470356,14.4238205,0.517918,0.6045155
ILMN_055,cg065,3.7154546,15.118831,0.24575013,0.80587566
ILMN_055,cg066,-5.6553135,15.132257,-0.3737257,0.7086084
ILMN_055,cg067,3.2612152,13.941263,0.23392537,0.8150429
ILMN_055,cg068,-7.5580883,13.656751,-0.5534324,0.5799674
ILMN_055,cg069,4.0779076,14.660383,0.2781583,0.7808908
ILMN_055,cg070,-5.65771,14.228387,-0.39763537,0.690899
ILMN_055,cg071,18.824514,13.491508,1.3952862,0.16292953
ILMN_055,cg072,-20.016829,14.841082,-1.3487446,0.177419
ILMN_055,cg073,-6.1508265,13.521452,-0.45489395,0.64918554
ILMN_055,cg074,4.7673683,16.760597,0.28443906,0.77607393
ILMN_055,cg075,-27.350758,14.221335,-1.92322,0.05445242
ILMN_055,cg076,-8.021389,17.316256,-0.46322885,0.64320034
ILMN_055,cg077,2.1595218,14.584091,0.1480738,0.8822845
ILMN_055,cg078,-31.830101,14.920761,-2.133276,0.03290212
ILMN_055,cg079,18.509747,13.942477,1.3275795,0.18431705
ILMN_055,cg080,-14.694261,13.144158,-1.1179309,0.26359648
ILMN_055,cg081,-5.205041,15.298127,-0.3402404,0.7336755
ILMN_055,cg082,-1.4118366,14.11953,-0.09999176,0.92035085
ILMN_055,cg083,-39.778534,13.438177,-2.9601138,0.003075242
ILMN_055,cg084,-29.612026,14.948208,-1.980975,0.04759407
ILMN_055,cg085,5.131068,15.452392,0.33205658,0.7398465
ILMN_055,cg086,-13.845544,14.725729,-0.9402281,0.34710056
ILMN_055,cg087,-18.691849,13.848615,-1.3497269,0.17710364
ILMN_055,cg088,13.527991,13.768588,0.98252565,0.32584095
ILMN_055,cg089,-3.691059,15.357831,-0.24033727,0.81006885
ILMN_055,cg090,-1.519928,16.991476,-0.08945238,0.9287224
ILMN_055,cg091,14.117071,13.767692,1.0253768,0.30518544
ILMN_055,cg092,7.7963986,13.928357,0.5597501,0.5756499
ILMN_055,cg093,4.582983,14.74516,0.3108127,0.755943
ILMN_055,cg094,-10.94714,15.863726,-0.69007367,0.4901479
ILMN_055,cg095,17.733448,15.107821,1.1737925,0.24047816
ILMN_055,cg096,-5.7421823,13.780077,-0.41670176,0.6768966
ILMN_055,cg097,1.2535675,15.138359,0.082807355,0.9340047
ILMN_055,cg098,-6.6111693,13.905343,-0.47544095,0.6344727
ILMN_055,cg099,-8.19347,14.041318,-0.5835257,0.55953944
ILMN_055,cg100,3.9145966,16.20336,0.24159166,0.8090966
ILMN_056,cg001,-2.6898994,14.787606,-0.18190229,0.8556594
ILMN_056,cg002,-7.1810513,17.023811,-0.42182395,0.6731535
ILMN_056,cg003,-6.8976736,16.289438,-0.42344454,0.67197096
ILMN_056,cg004,-8.325787,17.676136,-0.47101846,0.63762754
ILMN_056,cg005,-20.944372,16.132214,-1.298295,0.19418597
ILMN_056,cg006,0.060359,16.050941,0.003760465,0.99699956
ILMN_056,cg007,-5.2748876,14.999088,-0.35168055,0.72507787
ILMN_056,cg008,11.654707,16.034025,0.72687346,0.46730345
ILMN_056,cg009,23.725422,15.484636,1.5321912,0.12547529
ILMN_056,cg010,0.914999,16.734373,0.054677818,0.95639515
ILMN_056,cg011,-24.980148,15.075324,-1.6570224,0.09751493
ILMN_056,cg012,12.788145,16.96668,0.7537211,0.45101672
ILMN_056,cg013,-17.321415,15.615114,-1.1092724,0.2673127
ILMN_056,cg014,10.5111,14.428928,0.728474,0.4663235
ILMN_056,cg015,-44.656624,14.668985,-3.0442886,0.0023323298
ILMN_056,cg016,-5.1633635,16.012188,-0.3224646,0.7471008
ILMN_056,cg017,7.763626,15.228057,0.5098238,0.6101749
ILMN_056,cg018,9.515508,17.4672,0.54476434,0.5859156
ILMN_056,cg019,12.846836,14.201275,0.90462554,0.36566383
ILMN_056,cg020,6.9166775,16.887955,0.40956277,0.68212676
ILMN_056,cg021,6.5759563,16.54251,0.39751866,0.690985
ILMN_056,cg022,0.6198044,16.077381,0.038551327,0.9692481
ILMN_056,cg023,-5.1116905,15.004877,-0.3406686,0.7333531
ILMN_056,cg024,2.4494133,15.16232,0.16154608,0.87166333
ILMN_056,cg025,-22.351608,14.3526745,-1.5573131,0.11939615
ILMN_056,cg026,-3.492033,16.064905,-0.21737029,0.8279198
ILMN_056,cg027,8.751791,14.806333,0.5910843,0.5544639
ILMN_056,cg028,-13.862349,17.545301,-0.79008895,0.42947584
ILMN_056,cg029,40.015274,17.642996,2.2680545,0.02332586
ILMN_056,cg030,-28.105267,14.766675,-1.9032902,0.057002723
ILMN_056,cg031,8.494907,16.345371,0.51971334,0.6032634
ILMN_056,cg032,11.973911,15.336404,0.78075093,0.43494904
ILMN_056,cg033,32.43976,14.553492,2.2290018,0.025813818
ILMN_056,cg034,-16.348862,17.45076,-0.93685675,0.34883225
ILMN_056,cg035,-7.282501,14.3729925,-0.50667953,0.61237967
ILMN_056,cg036,-23.468637,15.3088875,-1.5330074,0.12527406
ILMN_056,cg037,-6.090475,15.329664,-0.39729998,0.69114625
ILMN_056,cg038,27.076456,16.083214,1.6835227,0.09227395
ILMN_056,cg039,-40.885986,15.403938,-2.6542554,0.007948339
ILMN_056,cg040,23.6751,16.515808,1.4334812,0.15172035
ILMN_056,cg041,0.6441603,16.620275,0.038757496,0.9690837
ILMN_056,cg042,23.250605,14.468276,1.6070058,0.10805309
ILMN_056,cg043,-11.572,16.452139,-0.70337355,0.48182297
ILMN_056,cg044,-4.4800224,15.845493,-0.28273165,0.77738255
ILMN_056,cg045,10.001447,15.820149,0.6321967,0.5272584
ILMN_056,cg046,-24.51772,13.304544,-1.8428079,0.06535709
ILMN_056,cg047,12.875603,16.461111,0.7821831,0.43410695
ILMN_056,cg048,20.33878,14.787109,1.3754399,0.16899508
ILMN_056,cg049,33.269592,15.086425,2.2052667,0.027435362
ILMN_056,cg050,-6.775529,14.855434,-0.45609766,0.6483197
ILMN_056,cg051,5.00008,16.11061,0.31035948,0.75628763
ILMN_056,cg052,1.9454155,15.209223,0.12791026,0.89822
ILMN_056,cg053,2.989849,16.365204,0.1826955,0.855037
ILMN_056,cg054,-14.860228,16.387661,-0.9067937,0.3645159
ILMN_056,cg055,-16.099625,14.318915,-1.1243607,0.26086003
ILMN_056,cg056,3.6108236,17.07528,0.21146499,0.8325244
ILMN_056,cg057,22.318745,18.593424,1.200357,0.23000073
ILMN_056,cg058,-5.55481,14.70745,-0.37768683,0.70566326
ILMN_056,cg059,1.8033352,14.87671,0.12121868,0.90351784
ILMN_056,cg060,-24.323895,14.771906,-1.6466321,0.09963369
ILMN_056,cg061,-7.0143814,14.8310995,-0.47295088,0.63624823
ILMN_056,cg062,-15.262291,16.143223,-0.9454302,0.34443933
ILMN_056,cg063,8.657133,15.675615,0.5522675,0.5807651
ILMN_056,cg064,-4.5341034,15.638102,-0.2899395,0.7718625
ILMN_056,cg065,25.180624,15.94312,1.5794038,0.11424345
ILMN_056,cg066,1.8004427,16.396183,0.109808646,0.9125611
ILMN_056,cg067,11.26746,15.002071,0.75106025,0.4526164
ILMN_056,cg068,-13.990116,14.681878,-0.9528833,0.34064925
ILMN_056,cg069,-17.96222,15.653795,-1.1474674,0.25118852
ILMN_056,cg070,4.7053623,15.406306,0.30541793,0.7600479
ILMN_056,cg071,-12.255966,14.79392,-0.8284462,0.40741783
ILMN_056,cg072,-8.1990185,16.328188,-0.5021389,0.61556983
ILMN_056,cg073,-0.9357934,14.662781,-0.063821,0.9491128
ILMN_056,cg074,-0.12366295,18.151333,-0.0068128854,0.9945642
ILMN_056,cg075,1.848011,15.992227,0.11555683,0.9080038
ILMN_056,cg076,-10.805363,18.71259,-0.5774381,0.5636435
ILMN_056,cg077,-6.3515997,15.756318,-0.40311447,0.686864
ILMN_056,cg078,-3.959653,16.914356,-0.23410012,0.81490725
ILMN_056,cg079,8.613995,15.319857,0.5622764,0.5739277
ILMN_056,cg080,1.3233395,14.412906,0.091816284,0.926844
ILMN_056,cg081,-5.482813,16.554058,-0.3312066,0.7404884
ILMN_056,cg082,0.044164658,15.279353,0.0028904795,0.9976937
ILMN_056,cg083,15.5426655,15.698607,0.9900665,0.32214165
ILMN_056,cg084,-4.5734043,16.836647,-0.27163392,0.7859035
ILMN_056,cg085,-18.073689,16.526447,-1.0936221,0.2741208
ILMN_056,cg086,-5.1102257,16.068342,-0.3180307,0.7504617
ILMN_056,cg087,-0.852684,15.277883,-0.055811662,0.95549184
ILMN_056,cg088,21.122263,14.727808,1.4341756,0.15152216
ILMN_056,cg089,-18.533989,16.401915,-1.1299894,0.25848073
ILMN_056,cg090,-2.7349987,18.382393,-0.14878361,0.88172436
ILMN_056,cg091,-14.290512,14.91822,-0.9579234,0.3381014
ILMN_056,cg092,0.365242,15.121985,0.024153046,0.98073053
ILMN_056,cg093,-7.410858,15.933966,-0.46509817,0.6418612
ILMN_056,cg094,13.021247,17.146435,0.75941426,0.44760484
ILMN_056,cg095,-1.9475594,16.58758,-0.1174107,0.9065346
ILMN_056,cg096,17.231945,14.720869,1.1705793,0.24176794
ILMN_056,cg097,-16.729856,16.194536,-1.0330557,0.30157787
ILMN_056,cg098,4.730905,15.066725,0.3139969,0.75352335
ILMN_056,cg099,-11.455685,15.155366,-0.7558831,0.4497193
ILMN_056,cg100,-13.723771,17.426493,-0.7875234,0.43097556
ILMN_057,cg001,5.299492,13.354873,0.39682084,0.6914996
ILMN_057,cg002,2.0131593,15.422064,0.1305376,0.8961411
ILMN_057,cg003,-0.79857266,14.759268,-0.054106522,0.9568503
ILMN_057,cg004,-21.890196,15.695176,-1.3947085,0.16310376
ILMN_057,cg005,-8.690801,14.798384,-0.5872804,0.5570154
ILMN_057,cg006,7.3977547,14.474339,0.5110945,0.6092849
ILMN_057,cg007,-3.6956015,13.571441,-0.27230725,0.7853858
ILMN_057,cg008,-20.92426,14.253044,-1.4680555,0.14208913
ILMN_057,cg009,14.275349,14.200998,1.0052356,0.31478345
ILMN_057,cg010,3.648508,15.124354,0.24123397,0.8093738
ILMN_057,cg011,15.886498,13.83722,1.148099,0.25092775
ILMN_057,cg012,-1.0859814,15.437134,-0.07034864,0.94391614
ILMN_057,cg013,-3.8818393,14.297417,-0.27150634,0.7860016
ILMN_057,cg014,21.11296,12.74905,1.6560419,0.09771335
ILMN_057,cg015,-0.9395237,14.540017,-0.06461641,0.9484794
ILMN_057,cg016,10.722849,14.410218,0.7441143,0.45680737
ILMN_057,cg017,12.285404,13.690758,0.8973502,0.3695321
ILMN_057,cg018,-9.207891,15.788755,-0.583193,0.55976343
ILMN_057,cg019,-8.919992,12.889473,-0.69203705,0.48891407
ILMN_057,cg020,19.818996,15.018495,1.3196393,0.18695545
ILMN_057,cg021,-1.2184563,14.984512,-0.08131438,0.9351919
ILMN_057,cg022,-4.758333,14.522583,-0.3276506,0.74317586
ILMN_057,cg023,-2.5825605,13.581157,-0.19015762,0.8491856
ILMN_057,cg024,0.28432178,13.715592,0.020729821,0.9834612
ILMN_057,cg025,-2.6686172,13.311528,-0.20047414,0.84110975
ILMN_057,cg026,-4.273608,14.5218,-0.29428914,0.768537
ILMN_057,cg027,-22.615261,13.020407,-1.7369089,0.08240324
ILMN_057,cg028,35.157272,15.109622,2.3268135,0.019975185
ILMN_057,cg029,2.4020138,16.819872,0.1428081,0.88644177
ILMN_057,cg030,1.168396,13.868754,0.08424664,0.9328603
ILMN_057,cg031,2.2875748,14.8211355,0.15434545,0.87733734
ILMN_057,cg032,13.386074,13.820574,0.9685614,0.3327641
ILMN_057,cg033,-16.792202,13.630699,-1.2319399,0.21797156
ILMN_057,cg034,-19.984053,15.656271,-1.2764248,0.20180541
ILMN_057,cg035,18.830252,12.735048,1.4786165,0.13924283
ILMN_057,cg036,-32.848465,13.341668,-2.4620957,0.01381278
ILMN_057,cg037,19.765648,13.57763,1.455751,0.1454615
ILMN_057,cg038,-2.6451569,14.980864,-0.17656904,0.85984695
ILMN_057,cg039,10.662727,14.876182,0.71676505,0.4735191
ILMN_057,cg040,22.99588,14.884435,1.5449616,0.12235558
ILMN_057,cg041,19.999342,14.738402,1.3569546,0.17479563
ILMN_057,cg042,-17.004265,13.210584,-1.2871698,0.19803512
ILMN_057,cg043,-25.774014,14.467206,-1.7815474,0.07482308
ILMN_057,cg044,10.304206,14.2613325,0.72252756,0.46997017
ILMN_057,cg045,-9.051836,14.306565,-0.63270503,0.5269263
ILMN_057,cg046,-16.454811,12.229606,-1.3454899,0.1784671
ILMN_057,cg047,19.393095,14.7096405,1.3183936,0.18737197
ILMN_057,cg048,13.870694,13.490529,1.0281801,0.30386513
ILMN_057,cg049,17.429512,14.11416,1.2348955,0.21686941
ILMN_057,cg050,4.854637,13.445547,0.3610591,0.71805525
ILMN_057,cg051,-9.823086,14.512488,-0.67687124,0.49848765
ILMN_057,cg052,-27.83564,13.130152,-2.1199784,0.034007847
ILMN_057,cg053,-6.2632627,14.776114,-0.4238775,0.6716552
ILMN_057,cg054,4.2644157,14.938526,0.2854643,0.77528846
ILMN_057,cg055,-7.103057,13.083931,-0.542884,0.5872097
ILMN_057,cg056,-7.1874857,15.412833,-0.46633124,0.64097846
ILMN_057,cg057,17.41957,16.881678,1.0318625,0.30213654
ILMN_057,cg058,-5.831876,13.293241,-0.43870986,0.6608718
ILMN_057,cg059,-2.5887966,13.450214,-0.19247252,0.8473721
ILMN_057,cg060,-9.446399,13.676031,-0.69072664,0.48973733
ILMN_057,cg061,25.345875,12.915,1.9625145,0.049702585
ILMN_057,cg062,9.391476,14.674797,0.6399731,0.5221901
ILMN_057,cg063,8.232936,14.170981,0.5809715,0.5612597
ILMN_057,cg064,-6.285425,14.124578,-0.44499913,0.6563204
ILMN_057,cg065,25.183586,14.330407,1.7573532,0.07885766
ILMN_057,cg066,4.602154,14.814001,0.31066245,0.75605726
ILMN_057,cg067,-1.4471703,13.648113,-0.10603446,0.915555
ILMN_057,cg068,-1.7464733,13.405215,-0.13028312,0.89634246
ILMN_057,cg069,-9.252907,14.29243,-0.6473991,0.5173737
ILMN_057,cg070,14.29395,13.786372,1.0368173,0.29982102
ILMN_057,cg071,-0.89881897,13.477395,-0.066690855,0.9468278
ILMN_057,cg072,-9.585384,14.738911,-0.6503455,0.5154691
ILMN_057,cg073,20.232803,12.920696,1.565922,0.11736691
ILMN_057,cg074,-2.2068834,16.41161,-0.13447087,0.8930303
ILMN_057,cg075,-12.486847,14.34673,-0.87036186,0.3841027
ILMN_057,cg076,-10.451294,16.913559,-0.617924,0.5366255
ILMN_057,cg077,11.513903,14.172773,0.8123959,0.41656452
ILMN_057,cg078,-10.112267,15.232503,-0.6638611,0.5067792
ILMN_057,cg079,5.6391006,13.876875,0.40636674,0.68447316
ILMN_057,cg080,1.0346375,13.034351,0.07937775,0.9367322
ILMN_057,cg081,2.5574865,14.983458,0.17068735,0.86446965
ILMN_057,cg082,11.428268,13.714481,0.83329934,0.40467596
ILMN_057,cg083,33.800594,13.453848,2.5123365,0.011993468
ILMN_057,cg084,-30.061047,14.579282,-2.0619018,0.039217114
ILMN_057,cg085,-2.035059,15.135463,-0.13445634,0.89304173
ILMN_057,cg086,-6.240929,14.517946,-0.42987686,0.6672852
ILMN_057,cg087,-20.806149,13.471882,-1.544413,0.12248832
ILMN_057,cg088,20.199938,13.283548,1.5206734,0.12834185
ILMN_057,cg089,-4.969244,15.019368,-0.33085573,0.7407535
ILMN_057,cg090,8.905321,16.575857,0.53724647,0.59109735
ILMN_057,cg091,24.6297,13.132056,1.8755403,0.060718477
ILMN_057,cg092,-22.563791,13.264543,-1.7010607,0.08893162
ILMN_057,cg093,-18.1694,14.19282,-1.2801825,0.200481
ILMN_057,cg094,-6.5596104,15.572959,-0.42121798,0.6735959
ILMN_057,cg095,3.5998564,14.993527,0.24009402,0.8102574
ILMN_057,cg096,21.158329,13.144241,1.6097033,0.107462645
ILMN_057,cg097,-14.018988,14.669235,-0.9556727,0.33923763
ILMN_057,cg098,21.77309,13.256749,1.6424155,0.10050392
ILMN_057,cg099,-26.763308,13.213708,-2.02542,0.04282427
ILMN_057,cg100,11.614229,15.772524,0.73635834,0.46151268
ILMN_058,cg001,-21.345745,15.626608,-1.3659871,0.17194301
ILMN_058,cg002,-12.980272,18.27986,-0.710086,0.47765082
ILMN_058,cg003,-9.489541,17.531425,-0.5412875,0.58830947
ILMN_058,cg004,8.619774,19.050783,0.45246297,0.6509355
ILMN_058,cg005,-5.362944,17.681522,-0.30330783,0.7616553
ILMN_058,cg006,-22.667751,16.970009,-1.3357537,0.18162978
ILMN_058,cg007,7.561575,16.145815,0.46833032,0.6395484
ILMN_058,cg008,0.099666595,17.376698,0.0057356465,0.9954236
ILMN_058,cg009,2.029314,17.103624,0.11864819,0.9055541
ILMN_058,cg010,-23.794357,17.688467,-1.3451905,0.17856371
ILMN_058,cg011,8.247271,16.67822,0.49449342,0.62095773
ILMN_058,cg012,32.25634,17.76988,1.8152255,0.06948924
ILMN_058,cg013,17.73034,16.848322,1.0523504,0.29263884
ILMN_058,cg014,2.8894777,15.631788,0.18484627,0.8533496
ILMN_058,cg015,-5.8147473,17.304916,-0.33601707,0.736858
ILMN_058,cg016,6.1725655,17.249733,0.3578354,0.7204665
ILMN_058,cg017,23.671291,16.081194,1.4719859,0.14102465
ILMN_058,cg018,-16.119972,18.73255,-0.86053276,0.38949543
ILMN_058,cg019,-10.459888,15.361146,-0.6809315,0.49591488
ILMN_058,cg020,-2.3714333,18.22773,-0.13010031,0.89648706
ILMN_058,cg021,5.2312813,17.839617,0.29323956,0.769339
ILMN_058,cg022,-16.506855,17.152958,-0.96233284,0.33588243
ILMN_058,cg023,1.3019743,16.188032,0.0804282,0.9358967
ILMN_058,cg024,15.806017,16.176064,0.9771238,0.3285079
ILMN_058,cg025,-5.1645956,15.850179,-0.32583833,0.74454665
ILMN_058,cg026,-21.554527,17.025862,-1.2659874,0.20551759
ILMN_058,cg027,4.4055386,16.002138,0.27530938,0.78307855
ILMN_058,cg028,-6.6866856,19.00857,-0.35177216,0.72500914
ILMN_058,cg029,13.610378,19.945692,0.6823718,0.49500388
ILMN_058,cg030,11.978779,16.432133,0.728985,0.46601087
ILMN_058,cg031,13.130276,17.558493,0.74780196,0.45457965
ILMN_058,cg032,1.415535,16.633858,0.08509962,0.9321822
ILMN_058,cg033,20.63873,16.224703,1.2720559,0.20335329
ILMN_058,cg034,25.108568,18.618458,1.3485848,0.17747039
ILMN_058,cg035,-0.5284171,15.530851,-0.034023706,0.97285825
ILMN_058,cg036,20.814363,16.631754,1.2514833,0.21075821
ILMN_058,cg037,-42.03728,15.342425,-2.739937,0.0061451197
ILMN_058,cg038,6.82898,17.828287,0.38304183,0.70168877
ILMN_058,cg039,-14.873308,17.68921,-0.84081244,0.40045303
ILMN_058,cg040,-7.1232605,18.159733,-0.3922558,0.6948692
ILMN_058,cg041,-21.430601,17.628845,-1.2156554,0.2241162
ILMN_058,cg042,4.4503136,16.008776,0.27799213,0.7810184
ILMN_058,cg043,12.97967,17.72035,0.73247254,0.46388018
ILMN_058,cg044,3.0522857,17.083511,0.17866851,0.858198
ILMN_058,cg045,20.994776,16.839039,1.2467918,0.21247387
ILMN_058,cg046,5.8508854,14.831267,0.39449665,0.6932144
ILMN_058,cg047,-14.482494,17.727411,-0.81695485,0.4139542
ILMN_058,cg048,13.40174,16.137966,0.8304479,0.40628558
ILMN_058,cg049,-9.475052,17.037235,-0.55613786,0.57811666
ILMN_058,cg050,19.789795,15.776347,1.2543966,0.2096979
ILMN_058,cg051,40.207302,16.336056,2.4612613,0.013844967
ILMN_058,cg052,0.22337341,16.391863,0.013627091,0.9891275
ILMN_058,cg053,12.754049,17.54052,0.7271192,0.46715295
ILMN_058,cg054,1.210598,17.815067,0.0679536,0.9458226
ILMN_058,cg055,15.558958,15.471045,1.0056825,0.31456834
ILMN_058,cg056,-21.43074,18.135519,-1.1816999,0.23732483
ILMN_058,cg057,-7.581032,20.316338,-0.3731495,0.7090372
ILMN_058,cg058,19.628939,15.606769,1.2577196,0.20849317
ILMN_058,cg059,16.925629,15.837833,1.0686834,0.2852124
ILMN_058,cg060,-8.269156,16.334711,-0.5062322,0.61269367
ILMN_058,cg061,-2.1521044,16.017197,-0.13436212,0.89311624
ILMN_058,cg062,-6.681673,17.535975,-0.38102663,0.70318353
ILMN_058,cg063,-4.0671177,16.936848,-0.24013428,0.81022614
ILMN_058,cg064,7.866582,16.826593,0.46750888,0.6401359
ILMN_058,cg065,-18.448551,17.428486,-1.0585287,0.28981453
ILMN_058,cg066,-9.174244,17.61848,-0.5207171,0.60256386
ILMN_058,cg067,-3.3286276,16.257175,-0.20474821,0.83776885
ILMN_058,cg068,15.363287,15.814711,0.97145545,0.33132154
ILMN_058,cg069,-7.075055,17.075916,-0.41432947,0.67863286
ILMN_058,cg070,6.128483,16.593592,0.3693283,0.71188307
ILMN_058,cg071,-22.812326,15.703784,-1.4526643,0.146317
ILMN_058,cg072,1.5591235,17.641403,0.08837865,0.92957574
ILMN_058,cg073,39.155922,14.708394,2.662148,0.007764399
ILMN_058,cg074,8.980242,19.51445,0.46018422,0.645384
ILMN_058,cg075,-0.6326294,17.234974,-0.036706142,0.97071934
ILMN_058,cg076,0.8766098,20.236639,0.043317955,0.9654481
ILMN_058,cg077,-2.700429,17.003819,-0.15881309,0.87381613
ILMN_058,cg078,6.407036,18.212753,0.35178843,0.7249969
ILMN_058,cg079,6.1316404,16.540142,0.3707127,0.71085155
ILMN_058,cg080,0.4156437,15.5322,0.026760131,0.97865105
ILMN_058,cg081,12.525421,17.763653,0.7051152,0.48073858
ILMN_058,cg082,-4.697388,16.449982,-0.28555584,0.77521837
ILMN_058,cg083,-11.919304,17.005049,-0.7009274,0.4833483
ILMN_058,cg084,-13.804338,18.042753,-0.76509047,0.44421768
ILMN_058,cg085,19.74833,17.801853,1.1093411,0.26728302
ILMN_058,cg086,21.349138,17.04556,1.252475,0.21039683
ILMN_058,cg087,-19.920677,16.199411,-1.2297161,0.21880347
ILMN_058,cg088,-16.233597,16.043602,-1.0118424,0.31161344
ILMN_058,cg089,-2.8751621,17.912798,-0.16050883,0.8724803
ILMN_058,cg090,34.123688,19.1636,1.7806511,0.07496947
ILMN_058,cg091,15.474295,16.073835,0.96270084,0.33569765
ILMN_058,cg092,13.088326,16.18041,0.8088995,0.41857296
ILMN_058,cg093,16.556345,17.036266,0.9718294,0.33113545
ILMN_058,cg094,42.687252,17.494184,2.4400823,0.014683902
ILMN_058,cg095,-15.272278,17.734552,-0.8611595,0.3891502
ILMN_058,cg096,-3.3517332,16.089687,-0.20831563,0.8349825
ILMN_058,cg097,0.12444496,17.651985,0.007049913,0.99437505
ILMN_058,cg098,-9.772235,16.18883,-0.6036406,0.5460826
ILMN_058,cg099,27.672855,15.917444,1.7385238,0.08211857
ILMN_058,cg100,8.481625,18.862999,0.4496435,0.6529676
ILMN_059,cg001,16.604263,13.965346,1.1889617,0.23445469
ILMN_059,cg002,13.322816,16.229588,0.82089674,0.41170514
ILMN_059,cg003,2.0052261,15.640249,0.12820935,0.8979833
ILMN_059,cg004,-17.887695,16.776487,-1.066236,0.28631693
ILMN_059,cg005,3.9899983,15.73169,0.25362808,0.7997829
ILMN_059,cg006,2.2742624,15.380402,0.14786756,0.8824473
ILMN_059,cg007,0.024951458,14.395218,0.0017333158,0.998617
ILMN_059,cg008,7.33735,15.417938,0.47589695,0.63414776
ILMN_059,cg009,-18.02604,14.981348,-1.2032322,0.22888649
ILMN_059,cg010,1.7065468,16.03764,0.10640885,0.915258
ILMN_059,cg011,-9.237759,14.811457,-0.62369007,0.53283113
ILMN_059,cg012,20.709356,16.074417,1.2883426,0.19762671
ILMN_059,cg013,0.2804966,15.1651325,0.018496152,0.985243
ILMN_059,cg014,-7.8508644,13.860728,-0.56641066,0.57111466
ILMN_059,cg015,2.3341064,15.407029,0.1514962,0.8795843
ILMN_059,cg016,-8.419908,15.314013,-0.5498172,0.5824448
ILMN_059,cg017,-16.245514,14.439215,-1.1250968,0.260548
ILMN_059,cg018,-25.574558,16.366625,-1.5626043,0.118145704
ILMN_059,cg019,6.025425,13.70301,0.43971545,0.6601432
ILMN_059,cg020,-21.474442,15.903663,-1.3502828,0.1769253
ILMN_059,cg021,-20.206978,15.600461,-1.2952808,0.19522339
ILMN_059,cg022,7.3237667,15.371763,0.47644284,0.6337589
ILMN_059,cg023,0.31160307,14.39951,0.021639837,0.9827353
ILMN_059,cg024,11.876538,14.43062,0.82300955,0.41050255
ILMN_059,cg025,10.330368,14.0319,0.73620594,0.46160543
ILMN_059,cg026,30.277407,14.744353,2.0534916,0.040024936
ILMN_059,cg027,-16.114388,14.045407,-1.1473066,0.25125498
ILMN_059,cg028,14.520016,16.794144,0.864588,0.38726497
ILMN_059,cg029,10.117603,17.767902,0.5694315,0.56906337
ILMN_059,cg030,13.141434,14.571613,0.90185165,0.3671357
ILMN_059,cg031,32.872974,14.945921,2.1994612,0.027845144
ILMN_059,cg032,-24.55396,14.346548,-1.7114891,0.08699083
ILMN_059,cg033,6.582952,14.650701,0.44932678,0.6531959
ILMN_059,cg034,-15.340948,16.732336,-0.91684437,0.3592242
ILMN_059,cg035,-14.730072,13.642416,-1.0797261,0.2802642
ILMN_059,cg036,2.2716575,15.0392475,0.15104862,0.87993735
ILMN_059,cg037,30.31054,14.023025,2.1614838,0.030658007
ILMN_059,cg038,4.580913,15.868412,0.28868124,0.77282536
ILMN_059,cg039,-4.637779,15.839499,-0.29279834,0.7696763
ILMN_059,cg040,-5.623872,16.158047,-0.34805393,0.72779965
ILMN_059,cg041,-28.930555,15.348277,-1.8849384,0.05943817
ILMN_059,cg042,18.202435,13.996095,1.3005366,0.19341713
ILMN_059,cg043,15.221753,15.693487,0.9699408,0.332076
ILMN_059,cg044,5.542909,15.178349,0.36518526,0.7149731
ILMN_059,cg045,20.737595,14.918473,1.3900615,0.16451019
ILMN_059,cg046,14.644558,13.036477,1.1233524,0.26128787
ILMN_059,cg047,-10.159338,15.810962,-0.6425503,0.5205159
ILMN_059,cg048,-19.897678,14.160526,-1.405151,0.15997636
ILMN_059,cg049,11.399399,15.111579,0.75434864,0.4506399
ILMN_059,cg050,-5.8648252,14.244155,-0.41173556,0.6805333
ILMN_059,cg051,-3.678999,15.447882,-0.23815556,0.8117604
ILMN_059,cg052,11.332787,14.483836,0.7824437,0.43395388
ILMN_059,cg053,-27.350857,15.163891,-1.8036833,0.071280956
ILMN_059,cg054,-16.598347,15.656429,-1.0601617,0.28907108
ILMN_059,cg055,-12.889597,13.780871,-0.93532526,0.3496207
ILMN_059,cg056,-33.913567,15.591603,-2.1751173,0.029621303
ILMN_059,cg057,-2.9225273,18.092724,-0.16153054,0.87167555
ILMN_059,cg058,20.484095,13.791395,1.4852808,0.13746947
ILMN_059,cg059,-4.0972004,14.248088,-0.28756142,0.7736825
ILMN_059,cg060,2.4053802,14.565134,0.16514646,0.8688287
ILMN_059,cg061,1.7174702,14.247166,0.120548196,0.9040489
ILMN_059,cg062,-6.9920063,15.588052,-0.4485491,0.653757
ILMN_059,cg063,9.537445,15.008316,0.63547736,0.52511716
ILMN_059,cg064,0.2935133,15.001996,0.019564949,0.98439044
ILMN_059,cg065,-35.487232,14.791399,-2.3991802,0.016431808
ILMN_059,cg066,-20.113985,15.434684,-1.3031679,0.19251746
ILMN_059,cg067,-21.3566,14.119806,-1.5125278,0.13039964
ILMN_059,cg068,-3.8669548,14.198634,-0.27234694,0.78535527
ILMN_059,cg069,8.065849,15.170079,0.5316946,0.59493756
ILMN_059,cg070,1.853365,14.778641,0.12540835,0.90020025
ILMN_059,cg071,3.4096394,14.275798,0.23884055,0.8112292
ILMN_059,cg072,5.847759,15.668911,0.37320775,0.70899385
ILMN_059,cg073,-2.827526,14.048008,-0.20127594,0.84048283
ILMN_059,cg074,-19.322506,17.162333,-1.1258671,0.26022178
ILMN_059,cg075,7.277075,15.292413,0.4758618,0.63417286
ILMN_059,cg076,-11.551498,17.919245,-0.64464206,0.5191592
ILMN_059,cg077,0.77132416,15.127897,0.05098687,0.959336
ILMN_059,cg078,22.189327,15.887902,1.3966178,0.16252857
ILMN_059,cg079,-8.333854,14.682391,-0.5676088,0.5703007
ILMN_059,cg080,-21.86196,13.434046,-1.6273549,0.103661776
ILMN_059,cg081,-5.2714195,15.866151,-0.3322431,0.7397057
ILMN_059,cg082,8.738222,14.587744,0.59901124,0.54916537
ILMN_059,cg083,24.48822,14.770948,1.6578637,0.097344995
ILMN_059,cg084,-12.655176,16.041903,-0.7888825,0.43018073
ILMN_059,cg085,-4.2303524,16.032276,-0.26386476,0.7918841
ILMN_059,cg086,-33.861687,14.586901,-2.3213763,0.020266533
ILMN_059,cg087,-23.15707,14.240006,-1.626198,0.103907526
ILMN_059,cg088,6.8111324,14.393044,0.4732239,0.63605344
ILMN_059,cg089,-13.820768,15.806326,-0.8743821,0.3819102
ILMN_059,cg090,7.083618,17.591904,0.40266353,0.6871958
ILMN_059,cg091,-19.024021,14.165266,-1.3430048,0.17927045
ILMN_059,cg092,-10.7379,14.407059,-0.7453221,0.45607704
ILMN_059,cg093,-8.440299,15.257142,-0.55320317,0.5801243
ILMN_059,cg094,20.441536,16.259754,1.257186,0.20868629
ILMN_059,cg095,-27.744614,15.365575,-1.8056346,0.07097542
ILMN_059,cg096,-3.5823698,14.308103,-0.2503735,0.80229855
ILMN_059,cg097,14.8125725,15.548064,0.9526956,0.34074432
ILMN_059,cg098,31.922764,13.668509,2.3354971,0.019517481
ILMN_059,cg099,-5.8200493,14.59041,-0.39889553,0.6899702
ILMN_059,cg100,-9.0460615,16.76169,-0.53968674,0.5894131
ILMN_060,cg001,10.405762,13.954891,0.7456713,0.45586604
ILMN_060,cg002,-20.699839,15.897059,-1.3021175,0.19287622
ILMN_060,cg003,-36.6928,14.513803,-2.5281312,0.011467159
ILMN_060,cg004,-12.135309,16.720184,-0.725788,0.46796876
ILMN_060,cg005,-14.016836,15.45038,-0.90721625,0.36429244
ILMN_060,cg006,10.536549,15.153456,0.69532317,0.48685282
ILMN_060,cg007,4.3709435,14.239181,0.30696595,0.7588693
ILMN_060,cg008,3.8667603,15.293341,0.25283948,0.80039227
ILMN_060,cg009,20.055082,14.772732,1.3575743,0.17459881
ILMN_060,cg010,-8.141716,15.836564,-0.5141087,0.607176
ILMN_060,cg011,-1.0030651,14.727043,-0.06811042,0.9456977
ILMN_060,cg012,-18.472523,15.97049,-1.1566659,0.24740887
ILMN_060,cg013,-8.730284,14.960889,-0.58354044,0.55952954
ILMN_060,cg014,-7.220146,13.731092,-0.5258246,0.5990101
ILMN_060,cg015,-4.774847,15.243181,-0.3132448,0.7540947
ILMN_060,cg016,3.9804964,15.201941,0.26184133,0.7934438
ILMN_060,cg017,-18.887688,14.222631,-1.3280023,0.18417734
ILMN_060,cg018,7.822321,16.590302,0.47149962,0.637284
ILMN_060,cg019,0.8243923,13.596294,0.060633603,0.95165104
ILMN_060,cg020,18.87222,15.813484,1.1934258,0.23270267
ILMN_060,cg021,4.0966682,15.714731,0.26068968,0.7943318
ILMN_060,cg022,-9.63924,15.191881,-0.63449943,0.5257549
ILMN_060,cg023,0.7974005,14.257596,0.055928115,0.9553991
ILMN_060,cg024,-1.1289473,14.392666,-0.078439064,0.9374788
ILMN_060,cg025,-13.679428,13.829321,-0.98916125,0.32258427
ILMN_060,cg026,4.2747507,15.240932,0.2804783,0.77911055
ILMN_060,cg027,9.620169,14.033464,0.6855163,0.49301815
ILMN_060,cg028,17.088697,16.573248,1.0311013,0.30249333
ILMN_060,cg029,-1.5332985,17.65375,-0.08685399,0.93078756
ILMN_060,cg030,3.2493763,14.547529,0.22336276,0.8232532
ILMN_060,cg031,3.1080627,15.551027,0.19986221,0.8415884
ILMN_060,cg032,15.847748,14.4633465,1.0957179,0.27320224
ILMN_060,cg033,0.56596947,14.538291,0.038929574,0.9689465
ILMN_060,cg034,-4.9889755,16.702415,-0.29869786,0.7651706
ILMN_060,cg035,14.330347,13.514286,1.0603851,0.28896946
ILMN_060,cg036,-15.519001,14.718352,-1.054398,0.29170078
ILMN_060,cg037,-0.17325354,14.573279,-0.011888439,0.99051464
ILMN_060,cg038,4.269287,15.714099,0.27168512,0.7858641
ILMN_060,cg039,-19.937191,15.420776,-1.2928785,0.19605309
ILMN_060,cg040,3.5497131,16.011763,0.2216941,0.82455206
ILMN_060,cg041,5.1610794,15.75509,0.32758173,0.74322796
ILMN_060,cg042,5.739129,14.08565,0.40744507,0.68368113
ILMN_060,cg043,-35.29251,14.809792,-2.3830526,0.017169714
ILMN_060,cg044,-11.353624,14.95758,-0.7590549,0.4478197
ILMN_060,cg045,11.867472,14.977068,0.79237616,0.42814136
ILMN_060,cg046,4.9535837,13.06383,0.3791831,0.70455194
ILMN_060,cg047,18.776176,15.480093,1.212924,0.22515887
ILMN_060,cg048,11.894415,14.211328,0.8369672,0.40261108
ILMN_060,cg049,4.6534805,15.039702,0.30941308,0.7570073
ILMN_060,cg050,-22.001274,13.752746,-1.5997732,0.10964894
ILMN_060,cg051,-7.6609,15.263766,-0.50190103,0.61573714
ILMN_060,cg052,-29.458448,13.767752,-2.1396701,0.032381415
ILMN_060,cg053,25.48749,15.075442,1.6906629,0.090901196
ILMN_060,cg054,-5.3848124,15.670726,-0.3436224,0.7311303
ILMN_060,cg055,3.9084554,13.762534,0.2839924,0.7764162
ILMN_060,cg056,11.347235,16.126331,0.70364636,0.48165303
ILMN_060,cg057,36.545788,17.0907,2.1383436,0.032488883
ILMN_060,cg058,-5.3199024,13.957463,-0.3811511,0.70309114
ILMN_060,cg059,-3.8653755,14.109242,-0.27396053,0.78411496
ILMN_060,cg060,-8.095638,14.376815,-0.56310374,0.57336426
ILMN_060,cg061,-1.7574539,14.107009,-0.1245802,0.9008559
ILMN_060,cg062,24.470966,15.041912,1.6268522,0.10376853
ILMN_060,cg063,-5.4931717,14.903929,-0.36857206,0.71244675
ILMN_060,cg064,4.225915,14.841561,0.2847352,0.775847
ILMN_060,cg065,30.233543,14.882117,2.0315351,0.042200744
ILMN_060,cg066,39.888756,14.408472,2.7684238,0.0056328177
ILMN_060,cg067,10.700989,14.23734,0.75161433,0.45228302
ILMN_060,cg068,0.251297,14.070388,0.017859992,0.98575056
ILMN_060,cg069,6.473707,15.036826,0.4305235,0.66681486
ILMN_060,cg070,-23.55203,14.217993,-1.6564947,0.09762168
ILMN_060,cg071,-16.584255,13.931309,-1.1904305,0.23387724
ILMN_060,cg072,5.0725093,15.520397,0.32682857,0.74379754
ILMN_060,cg073,6.8852167,13.879007,0.49608856,0.6198319
ILMN_060,cg074,1.9081812,17.223932,0.11078662,0.91178554
ILMN_060,cg075,-14.353304,15.031112,-0.95490634,0.33962506
ILMN_060,cg076,-22.72107,17.505453,-1.2979424,0.19430715
ILMN_060,cg077,5.4421926,14.958154,0.36382782,0.7159866
ILMN_060,cg078,1.5438237,16.060236,0.096127085,0.92341965
ILMN_060,cg079,11.827874,14.484324,0.81659824,0.41415805
ILMN_060,cg080,3.613041,13.669206,0.26431975,0.7915335
ILMN_060,cg081,-17.082281,15.526115,-1.1002289,0.27123243
ILMN_060,cg082,-21.140148,14.161658,-1.4927735,0.1354965
ILMN_060,cg083,12.477814,14.9435835,0.83499473,0.40372068
ILMN_060,cg084,-14.325209,15.851252,-0.9037273,0.36614
ILMN_060,cg085,-8.170128,15.841,-0.51575834,0.6060232
ILMN_060,cg086,2.4419575,15.261901,0.1600035,0.8728783
ILMN_060,cg087,7.8405437,14.453556,0.5424647,0.5874984
ILMN_060,cg088,11.49176,14.185423,0.8101105,0.41787666
ILMN_060,cg089,31.279255,15.091573,2.0726306,0.038206697
ILMN_060,cg090,-18.518787,17.23475,-1.0745028,0.28259736
ILMN_060,cg091,0.4522357,14.298247,0.03162875,0.9747681
ILMN_060,cg092,8.72518,14.293583,0.61042637,0.5415794
ILMN_060,cg093,17.361124,14.939672,1.162082,0.24520218
ILMN_060,cg094,-25.18752,15.947529,-1.5793995,0.11424446
ILMN_060,cg095,0.097418785,15.744517,0.0061874734,0.9950631
ILMN_060,cg096,44.737736,12.54916,3.5649984,0.00036388636
ILMN_060,cg097,-24.918192,15.106054,-1.64955,0.099035025
ILMN_060,cg098,7.335859,14.273217,0.5139597,0.60728014
ILMN_060,cg099,29.879133,13.785168,2.1674843,0.030197918
ILMN_060,cg100,-1.5292511,16.647911,-0.09185844,0.9268105
ILMN_061,cg001,-0.38500595,14.2990265,-0.026925325,0.9785193
ILMN_061,cg002,17.536837,16.283342,1.0769801,0.28148913
ILMN_061,cg003,8.043886,15.731717,0.5113165,0.6091295
ILMN_061,cg004,-19.943619,16.872953,-1.1819874,0.23721069
ILMN_061,cg005,-11.346186,15.788473,-0.7186373,0.47236443
ILMN_061,cg006,-9.293068,15.454545,-0.60131615,0.5476295
ILMN_061,cg007,29.686026,13.842384,2.1445746,0.031986892
ILMN_061,cg008,14.758455,15.434936,0.9561721,0.33898532
ILMN_061,cg009,-5.2652526,15.3253,-0.34356603,0.7311727
ILMN_061,cg010,27.331556,15.666323,1.7446058,0.081053495
ILMN_061,cg011,5.314347,14.980232,0.3547573,0.7227714
ILMN_061,cg012,24.060661,16.115452,1.4930182,0.13543248
ILMN_061,cg013,14.771482,15.138568,0.97575164,0.32918757
ILMN_061,cg014,13.858147,13.877906,0.9985762,0.31800002
ILMN_061,cg015,12.819577,15.426848,0.8309913,0.40597856
ILMN_061,cg016,-16.318373,15.307255,-1.0660548,0.2863989
ILMN_061,cg017,7.06098,14.724519,0.47953892,0.6315553
ILMN_061,cg018,1.4814873,16.937119,0.08746985,0.93029803
ILMN_061,cg019,14.6579895,13.679132,1.0715584,0.28391844
ILMN_061,cg020,-3.0369425,16.347847,-0.18577018,0.852625
ILMN_061,cg021,-14.576158,15.872934,-0.91830266,0.3584605
ILMN_061,cg022,18.607716,15.296887,1.216438,0.22381812
ILMN_061,cg023,17.0221,14.303787,1.1900415,0.23403007
ILMN_061,cg024,6.002798,14.633623,0.41020587,0.68165493
ILMN_061,cg025,2.8615465,14.22836,0.2011157,0.8406081
ILMN_061,cg026,-32.953735,14.757355,-2.2330382,0.025546432
ILMN_061,cg027,-0.9972763,14.365597,-0.06942116,0.9446544
ILMN_061,cg028,-14.299374,16.943665,-0.8439363,0.398705
ILMN_061,cg029,-42.293743,16.866526,-2.5075552,0.012156963
ILMN_061,cg030,-0.98555946,14.824438,-0.06648208,0.946994
ILMN_061,cg031,-14.677273,15.697621,-0.9349998,0.34978837
ILMN_061,cg032,-18.685835,14.665844,-1.2741057,0.20262599
ILMN_061,cg033,-23.886007,14.383056,-1.6607046,0.09677279
ILMN_061,cg034,-12.890409,16.922028,-0.76175326,0.44620728
ILMN_061,cg035,5.896546,13.904787,0.4240659,0.6715178
ILMN_061,cg036,-5.7895823,15.147145,-0.38222265,0.70229626
ILMN_061,cg037,14.574751,14.686989,0.992358,0.32102293
ILMN_061,cg038,-7.5474167,15.97944,-0.4723205,0.63669807
ILMN_061,cg039,24.954624,15.560279,1.6037389,0.10877162
ILMN_061,cg040,-19.065727,16.073227,-1.1861792,0.23555154
ILMN_061,cg041,-15.065403,15.911459,-0.94682723,0.34372687
ILMN_061,cg042,-10.264506,14.29264,-0.7181673,0.47265416
ILMN_061,cg043,14.593509,15.8428135,0.9211438,0.35697538
ILMN_061,cg044,6.0581403,15.303834,0.3958577,0.69221
ILMN_061,cg045,-5.9427342,15.333354,-0.3875691,0.69833493
ILMN_061,cg046,17.881056,13.063316,1.3687991,0.17106211
ILMN_061,cg047,15.672031,15.849554,0.9887995,0.3227613
ILMN_061,cg048,2.4251995,14.580099,0.16633628,0.8678923
ILMN_061,cg049,-8.121513,15.287516,-0.5312514,0.5952446
ILMN_061,cg050,14.544079,14.231343,1.0219752,0.30679268
ILMN_061,cg051,-13.240014,15.466426,-0.8560487,0.39197087
ILMN_061,cg052,-23.232273,14.299609,-1.6246789,0.10423106
ILMN_061,cg053,0.032506943,15.8246765,0.0020541933,0.998361
ILMN_061,cg054,8.493868,15.932456,0.5331173,0.5939524
ILMN_061,cg055,0.2950554,14.029788,0.021030638,0.98322123
ILMN_061,cg056,-7.3013034,16.478207,-0.44308847,0.65770173
ILMN_061,cg057,15.215755,18.113693,0.840014,0.40090054
ILMN_061,cg058,-5.990217,14.211126,-0.421516,0.67337835
ILMN_061,cg059,0.36538506,14.382325,0.025405144,0.9797318
ILMN_061,cg060,14.925621,14.527886,1.0273774,0.30424285
ILMN_061,cg061,8.01172,14.322223,0.5593908,0.5758951
ILMN_061,cg062,-11.192962,15.668573,-0.71435744,0.47500622
ILMN_061,cg063,-9.345382,15.139947,-0.6172665,0.53705895
ILMN_061,cg064,-6.223646,15.10206,-0.41210577,0.6802619
ILMN_061,cg065,-4.9890156,15.806176,-0.3156371,0.752278
ILMN_061,cg066,-5.3444033,15.831362,-0.3375833,0.73567724
ILMN_061,cg067,-22.287958,14.215052,-1.5679126,0.11690158
ILMN_061,cg068,-10.302987,14.250443,-0.72299415,0.46968347
ILMN_061,cg069,-15.213927,15.181477,-1.0021375,0.3162772
ILMN_061,cg070,-12.363559,14.795264,-0.835643,0.40335578
ILMN_061,cg071,-35.955357,13.395517,-2.6841335,0.0072718263
ILMN_061,cg072,3.9048886,15.815879,0.24689671,0.80498815
ILMN_061,cg073,14.808561,14.004789,1.0573926,0.29033244
ILMN_061,cg074,8.4666395,17.50099,0.4837806,0.6285416
ILMN_061,cg075,-11.143515,15.373105,-0.7248708,0.4685313
ILMN_061,cg076,6.856041,18.125238,0.37825936,0.7052379
ILMN_061,cg077,16.722252,15.056719,1.1106173,0.2667331
ILMN_061,cg078,1.150219,16.358618,0.07031272,0.94394475
ILMN_061,cg079,-11.390997,14.764065,-0.7715353,0.44038975
ILMN_061,cg080,-2.0423775,13.92983,-0.14661899,0.88343275
ILMN_061,cg081,-1.648735,16.018713,-0.10292556,0.91802204
ILMN_061,cg082,7.3720264,14.729283,0.5005014,0.6167221
ILMN_061,cg083,19.375477,15.066986,1.2859557,0.19845855
ILMN_061,cg084,-4.8116245,16.272234,-0.2956954,0.76746273
ILMN_061,cg085,6.193264,16.155355,0.38335672,0.70145524
ILMN_061,cg086,-16.826075,15.349863,-1.096171,0.27300394
ILMN_061,cg087,-5.0501194,14.749629,-0.34238958,0.7320577
ILMN_061,cg088,-19.744244,14.256821,-1.3848981,0.16608363
ILMN_061,cg089,10.624184,15.996448,0.66415894,0.5065886
ILMN_061,cg090,-2.973652,17.76766,-0.16736317,0.8670843
ILMN_061,cg091,-9.336042,14.498173,-0.6439462,0.51961035
ILMN_061,cg092,3.3571472,14.608928,0.22980107,0.81824636
ILMN_061,cg093,-17.820366,15.213038,-1.1713877,0.24144304
ILMN_061,cg094,22.08443,16.356705,1.350176,0.17695951
ILMN_061,cg095,6.541539,16.007261,0.40866074,0.6827886
ILMN_061,cg096,-0.090929985,14.439865,-0.006297149,0.9949756
ILMN_061,cg097,36.21496,14.90706,2.429383,0.015124559
ILMN_061,cg098,-9.654596,14.509743,-0.66538715,0.50580287
ILMN_061,cg099,-11.659613,14.639591,-0.7964439,0.4257741
ILMN_061,cg100,-4.3659945,16.945751,-0.25764537,0.7966806
ILMN_062,cg001,-18.23986,13.159573,-1.3860526,0.16573083
ILMN_062,cg002,-3.5880928,15.477972,-0.23181932,0.81667835
ILMN_062,cg003,-0.4293902,14.8190155,-0.028975623,0.976884
ILMN_062,cg004,-17.863098,15.871042,-1.1255151,0.26037085
ILMN_062,cg005,17.606651,14.685873,1.1988835,0.23057324
ILMN_062,cg006,-17.658909,14.339341,-1.2315007,0.21813565
ILMN_062,cg007,-11.532156,13.530629,-0.85230005,0.39404756
ILMN_062,cg008,-7.1327305,14.603997,-0.48840946,0.6252599
ILMN_062,cg009,9.459579,14.346278,0.65937513,0.5096549
ILMN_062,cg010,-9.013245,15.13661,-0.59545994,0.5515361
ILMN_062,cg011,-7.3624825,14.048689,-0.524069,0.6002306
ILMN_062,cg012,-1.2370853,15.499034,-0.07981693,0.9363829
ILMN_062,cg013,0.49939108,14.366275,0.034761347,0.9722701
ILMN_062,cg014,-10.057461,13.092708,-0.76817274,0.44238454
ILMN_062,cg015,-13.653902,14.45974,-0.94427025,0.34503156
ILMN_062,cg016,-7.901922,14.508337,-0.544647,0.5859964
ILMN_062,cg017,8.08515,13.814319,0.58527315,0.55836403
ILMN_062,cg018,-3.231557,15.903669,-0.20319568,0.8389821
ILMN_062,cg019,4.233041,12.993568,0.3257797,0.74459106
ILMN_062,cg020,-0.30441093,15.361657,-0.019816283,0.9841899
ILMN_062,cg021,-13.446279,14.914722,-0.901544,0.3672992
ILMN_062,cg022,-5.4498806,14.575914,-0.3738963,0.7084815
ILMN_062,cg023,-2.0060291,13.637975,-0.14709142,0.88305986
ILMN_062,cg024,21.309467,13.407654,1.5893509,0.11198121
ILMN_062,cg025,7.274355,13.327861,0.5458006,0.585203
ILMN_062,cg026,4.3218,14.580054,0.29641867,0.7669104
ILMN_062,cg027,-9.549553,13.421037,-0.71153617,0.47675204
ILMN_062,cg028,-9.537077,15.97661,-0.59694,0.5505475
ILMN_062,cg029,-2.546688,16.887144,-0.15080632,0.8801285
ILMN_062,cg030,-4.2408314,13.911611,-0.30484116,0.76048714
ILMN_062,cg031,19.304127,14.609984,1.3212969,0.18640238
ILMN_062,cg032,-11.478874,13.9144335,-0.82496166,0.40939337
ILMN_062,cg033,4.229083,13.895514,0.30434883,0.7608622
ILMN_062,cg034,11.1172905,15.911039,0.69871557,0.48472983
ILMN_062,cg035,-21.309544,12.703875,-1.6774051,0.0934633
ILMN_062,cg036,9.389471,14.183285,0.66200966,0.507965
ILMN_062,cg037,4.4636993,13.927225,0.32050171,0.748588
ILMN_062,cg038,-11.690601,14.947204,-0.7821263,0.43414032
ILMN_062,cg039,15.890272,14.835375,1.0711069,0.2841214
ILMN_062,cg040,16.240227,15.138977,1.0727427,0.2833866
ILMN_062,cg041,17.855282,14.859589,1.2016,0.22951859
ILMN_062,cg042,6.316313,13.468349,0.46897453,0.63908786
ILMN_062,cg043,-12.966095,14.896021,-0.8704402,0.3840599
ILMN_062,cg044,-6.369002,14.369106,-0.44324273,0.65759015
ILMN_062,cg045,2.5985203,14.421432,0.18018463,0.8570076
ILMN_062,cg046,6.4777107,12.481632,0.51897943,0.6037751
ILMN_062,cg047,1.6793098,15.043256,0.11163207,0.91111517
ILMN_062,cg048,-5.2684937,13.677548,-0.38519284,0.7000946
ILMN_062,cg049,5.185093,14.38365,0.3604852,0.7184843
ILMN_062,cg050,-5.9960947,13.489844,-0.44448954,0.6566887
ILMN_062,cg051,7.898693,14.596904,0.5411211,0.5884241
ILMN_062,cg052,3.7964907,13.800655,0.27509496,0.7832433
ILMN_062,cg053,-25.902466,14.365543,-1.8030969,0.071372986
ILMN_062,cg054,-17.317572,14.7932,-1.170644,0.2417419
ILMN_062,cg055,-15.686245,12.97408,-1.2090448,0.22664565
ILMN_062,cg056,-24.999554,15.067096,-1.6592152,0.09707242
ILMN_062,cg057,-23.72219,16.784107,-1.4133723,0.15754628
ILMN_062,cg058,0.44425392,13.374483,0.03321653,0.9735019
ILMN_062,cg059,0.7774658,13.509306,0.05755039,0.95410675
ILMN_062,cg060,2.9410725,13.79529,0.21319395,0.8311757
ILMN_062,cg061,-12.345885,13.375628,-0.92301345,0.35600019
ILMN_062,cg062,-25.424135,14.3167,-1.7758377,0.07575971
ILMN_062,cg063,12.900605,14.152882,0.9115179,0.36202258
ILMN_062,cg064,25.321566,13.712772,1.8465679,0.0648098
ILMN_062,cg065,-18.330978,14.615424,-1.2542214,0.20976156
ILMN_062,cg066,-46.191128,13.240316,-3.4886725,0.00048542023
ILMN_062,cg067,3.9684343,13.69223,0.2898311,0.7719455
ILMN_062,cg068,-3.685946,13.450684,-0.2740341,0.7840584
ILMN_062,cg069,-4.278509,14.40138,-0.29709023,0.7663976
ILMN_062,cg070,-0.54683137,14.002437,-0.039052587,0.96884847
ILMN_062,cg071,16.997105,13.298221,1.2781488,0.20119697
ILMN_062,cg072,-8.372116,14.814776,-0.5651193,0.57199264
ILMN_062,cg073,-9.323635,13.242823,-0.704052,0.48140043
ILMN_062,cg074,-25.73044,16.038324,-1.6043098,0.1086458
ILMN_062,cg075,3.1113353,14.515354,0.21434787,0.8302758
ILMN_062,cg076,-10.793209,16.977554,-0.635734,0.5249498
ILMN_062,cg077,-6.66259,14.297835,-0.46598592,0.6412256
ILMN_062,cg078,5.134763,15.348247,0.33455044,0.7379643
ILMN_062,cg079,-2.6516352,13.952243,-0.19005083,0.8492693
ILMN_062,cg080,-24.646324,12.573107,-1.9602414,0.049967587
ILMN_062,cg081,0.87966156,15.047974,0.058457144,0.9533845
ILMN_062,cg082,16.439411,13.659843,1.2034847,0.22878885
ILMN_062,cg083,-4.200718,14.391645,-0.29188588,0.7703739
ILMN_062,cg084,19.599909,15.024055,1.3045685,0.19203979
ILMN_062,cg085,4.126318,15.187191,0.27169725,0.7858548
ILMN_062,cg086,-8.077048,14.557004,-0.5548565,0.57899284
ILMN_062,cg087,-26.057758,13.329717,-1.9548621,0.050599337
ILMN_062,cg088,3.5345726,13.658199,0.2587876,0.79579914
ILMN_062,cg089,-14.237066,14.951117,-0.952241,0.34097475
ILMN_062,cg090,10.574835,16.621742,0.63620496,0.5246428
ILMN_062,cg091,-6.8070536,13.642895,-0.49894497,0.6178181
ILMN_062,cg092,-0.83228445,13.729878,-0.060618486,0.9516631
ILMN_062,cg093,5.650461,14.477622,0.3902893,0.6963226
ILMN_062,cg094,4.0666046,15.65429,0.25977573,0.7950368
ILMN_062,cg095,8.250538,15.01411,0.54951894,0.58264935
ILMN_062,cg096,-35.73527,12.498572,-2.8591483,0.0042477846
ILMN_062,cg097,-0.35792637,14.873683,-0.024064407,0.9808012
ILMN_062,cg098,-11.809837,13.583667,-0.8694145,0.3846205
ILMN_062,cg099,-2.7116718,13.84007,-0.19592905,0.8446657
ILMN_062,cg100,-12.025331,15.83009,-0.7596502,0.44746375
ILMN_063,cg001,-4.1426373,15.550141,-0.2664051,0.78992724
ILMN_063,cg002,-21.929243,17.649918,-1.2424558,0.21406841
ILMN_063,cg003,10.384333,17.101425,0.6072203,0.54370475
ILMN_063,cg004,8.0583725,18.602152,0.4331957,0.6648726
ILMN_063,cg005,12.052622,17.187574,0.7012404,0.483153
ILMN_063,cg006,14.632599,16.747168,0.8737357,0.38226223
ILMN_063,cg007,4.3816295,15.787002,0.27754664,0.7813604
ILMN_063,cg008,3.1740227,16.957905,0.18717068,0.8515268
ILMN_063,cg009,10.048209,16.634472,0.6040594,0.54580414
ILMN_063,cg010,18.28348,17.397493,1.0509261,0.29329252
ILMN_063,cg011,15.42275,16.166527,0.95399284,0.3400873
ILMN_063,cg012,1.3263435,17.957735,0.07385918,0.9411224
ILMN_063,cg013,0.20316601,16.645308,0.012205603,0.99026155
ILMN_063,cg014,-0.1451149,15.266501,-0.009505445,0.99241585
ILMN_063,cg015,-5.876198,16.892792,-0.34785238,0.72795105
ILMN_063,cg016,3.870492,16.854166,0.22964601,0.8183668
ILMN_063,cg017,-17.163525,15.864521,-1.081881,0.2793054
ILMN_063,cg018,24.29976,18.083134,1.3437804,0.17901945
ILMN_063,cg019,-10.329239,14.994882,-0.688851,0.49091703
ILMN_063,cg020,23.559324,17.45621,1.3496243,0.17713654
ILMN_063,cg021,11.002773,17.35691,0.6339131,0.52613753
ILMN_063,cg022,-11.96826,16.821344,-0.7114925,0.4767791
ILMN_063,cg023,17.253002,15.59895,1.1060361,0.2687109
ILMN_063,cg024,2.5994797,15.950658,0.16297007,0.870542
ILMN_063,cg025,-14.119044,15.351399,-0.9197236,0.35771722
ILMN_063,cg026,35.75437,16.066153,2.225447,0.026051283
ILMN_063,cg027,-3.1715221,15.628284,-0.20293476,0.839186
ILMN_063,cg028,14.369871,18.461266,0.7783795,0.43634534
ILMN_063,cg029,6.6937065,19.54579,0.34246284,0.7320026
ILMN_063,cg030,11.314321,16.04813,0.70502424,0.48079515
ILMN_063,cg031,-9.910629,17.183697,-0.57674605,0.564111
ILMN_063,cg032,-3.7569046,16.23097,-0.23146519,0.8169534
ILMN_063,cg033,-17.64964,15.904391,-1.1097337,0.2671138
ILMN_063,cg034,14.872103,18.402302,0.8081654,0.41899538
ILMN_063,cg035,-26.133595,14.664728,-1.7820715,0.07473761
ILMN_063,cg036,2.9419098,16.505497,0.17823818,0.85853595
ILMN_063,cg037,-9.915605,16.088139,-0.61633015,0.5376767
ILMN_063,cg038,-33.55009,16.716415,-2.0070148,0.044748068
ILMN_063,cg039,-1.5926476,17.400068,-0.09153111,0.9270706
ILMN_063,cg040,-7.0445414,17.728033,-0.39736733,0.6910966
ILMN_063,cg041,25.867096,17.063765,1.5159079,0.12954265
ILMN_063,cg042,-25.231083,15.193203,-1.6606823,0.09677726
ILMN_063,cg043,-0.8426399,17.400003,-0.04842757,0.9613755
ILMN_063,cg044,14.123227,16.55345,0.85318935,0.39355433
ILMN_063,cg045,-8.692935,16.665705,-0.5216062,0.60194457
ILMN_063,cg046,-6.427891,14.472801,-0.4441359,0.65694433
ILMN_063,cg047,-13.777018,17.313086,-0.7957575,0.42617303
ILMN_063,cg048,-6.3526993,15.845017,-0.40092725,0.6884737
ILMN_063,cg049,7.6821747,16.650288,0.4613839,0.6445232
ILMN_063,cg050,-27.996117,15.109491,-1.8528827,0.06389916
ILMN_063,cg051,-19.033037,16.732374,-1.1374977,0.25533032
ILMN_063,cg052,-0.37453294,16.002827,-0.023404174,0.9813279
ILMN_063,cg053,-23.662052,16.865345,-1.4029984,0.16061729
ILMN_063,cg054,8.276152,17.350338,0.47700232,0.6333605
ILMN_063,cg055,3.7135978,15.259243,0.2433671,0.807721
ILMN_063,cg056,1.5890043,17.97037,0.08842357,0.92954004
ILMN_063,cg057,31.084602,19.32828,1.6082447,0.10778159
ILMN_063,cg058,-7.2950706,15.458811,-0.47190374,0.63699555
ILMN_063,cg059,-13.325947,15.528968,-0.85813475,0.39081806
ILMN_063,cg060,4.876782,15.975278,0.30527055,0.7601601
ILMN_063,cg061,-10.047144,15.569869,-0.6452941,0.51873666
ILMN_063,cg062,-1.5983739,17.145227,-0.09322558,0.9257243
ILMN_063,cg063,12.255872,16.446327,0.74520415,0.45614833
ILMN_063,cg064,-13.637437,16.343056,-0.8344484,0.40402836
ILMN_063,cg065,20.48585,16.95394,1.2083238,0.22692269
ILMN_063,cg066,18.314785,17.038357,1.0749149,0.28241283
ILMN_063,cg067,11.778263,15.783378,0.7462448,0.45551956
ILMN_063,cg068,11.3191395,15.507457,0.7299159,0.46544158
ILMN_063,cg069,-1.4935446,16.700336,-0.08943201,0.9287386
ILMN_063,cg070,-21.233223,15.918909,-1.3338366,0.18225741
ILMN_063,cg071,31.513317,14.974561,2.104457,0.03533864
ILMN_063,cg072,-0.19225407,17.224216,-0.011161847,0.9910943
ILMN_063,cg073,-22.656511,15.059863,-1.50443,0.13247067
ILMN_063,cg074,3.6615744,19.087547,0.19183053,0.847875
ILMN_063,cg075,7.7568064,16.787327,0.46206322,0.64403594
ILMN_063,cg076,1.1888084,19.756052,0.060174394,0.9520167
ILMN_063,cg077,29.756884,16.014753,1.858092,0.06315595
ILMN_063,cg078,-12.992325,17.701118,-0.7339833,0.46295893
ILMN_063,cg079,-0.2496643,16.17171,-0.015438338,0.98768246
ILMN_063,cg080,2.658845,15.158675,0.17540088,0.8607646
ILMN_063,cg081,9.832737,17.375217,0.5659058,0.5714578
ILMN_063,cg082,-10.194563,16.00342,-0.63702404,0.5241092
ILMN_063,cg083,-22.013525,16.371304,-1.344641,0.17874122
ILMN_063,cg084,3.6942034,17.717955,0.20850055,0.83483815
ILMN_063,cg085,-14.626301,17.477821,-0.8368492,0.40267736
ILMN_063,cg086,-1.2615497,16.921421,-0.074553415,0.94057006
ILMN_063,cg087,22.849861,15.715796,1.4539423,0.14596236
ILMN_063,cg088,-3.2513123,15.8289795,-0.20540252,0.8372576
ILMN_063,cg089,18.34225,17.282309,1.061331,0.28853953
ILMN_063,cg090,-26.348145,18.94877,-1.3904936,0.16437906
ILMN_063,cg091,20.72308,15.552405,1.3324678,0.18270653
ILMN_063,cg092,-5.5819645,15.887102,-0.35135195,0.72532433
ILMN_063,cg093,22.012877,16.485416,1.3352939,0.18178022
ILMN_063,cg094,-13.113495,18.047466,-0.72661144,0.46746403
ILMN_063,cg095,24.793123,17.065588,1.4528139,0.14627546
ILMN_063,cg096,-5.6898584,15.692884,-0.36257568,0.71692187
ILMN_063,cg097,-35.83459,16.403194,-2.1846106,0.028917432
ILMN_063,cg098,-0.79075813,15.866719,-0.049837533,0.96025187
ILMN_063,cg099,-1.0665665,16.041359,-0.066488534,0.9469889
ILMN_063,cg100,-12.061775,18.369928,-0.65660435,0.5114354
ILMN_064,cg001,31.262531,12.229666,2.5562866,0.010579586
ILMN_064,cg002,-11.378252,14.97585,-0.7597734,0.44739002
ILMN_064,cg003,4.8858957,14.401662,0.33925915,0.7344145
ILMN_064,cg004,-20.50633,15.359649,-1.3350781,0.18185079
ILMN_064,cg005,21.690258,14.154737,1.5323673,0.12543184
ILMN_064,cg006,11.698275,14.075651,0.83110005,0.4059171
ILMN_064,cg007,-14.792662,13.088955,-1.1301637,0.2584073
ILMN_064,cg008,1.0512567,14.246267,0.07379173,0.9411761
ILMN_064,cg009,15.066238,13.848324,1.0879468,0.27661866
ILMN_064,cg010,-4.3572884,14.771259,-0.29498422,0.76800597
ILMN_064,cg011,0.6279607,13.710409,0.045801748,0.96346825
ILMN_064,cg012,9.161996,15.021648,0.6099195,0.5419152
ILMN_064,cg013,9.3307085,13.9113245,0.67072755,0.5023941
ILMN_064,cg014,-12.142189,12.695611,-0.9564084,0.338866
ILMN_064,cg015,18.750443,13.934042,1.3456571,0.17841315
ILMN_064,cg016,4.690441,14.145782,0.33157876,0.7402074
ILMN_064,cg017,2.410696,13.487195,0.1787396,0.85814214
ILMN_064,cg018,0.5407257,15.481688,0.034926794,0.9721381
ILMN_064,cg019,-18.408554,12.363453,-1.4889493,0.13650078
ILMN_064,cg020,-5.147414,14.928333,-0.34480837,0.73023844
ILMN_064,cg021,-27.972855,14.04736,-1.9913247,0.04644519
ILMN_064,cg022,-15.4066105,14.02171,-1.0987682,0.27186918
ILMN_064,cg023,-4.23876,13.258733,-0.3196957,0.74919903
ILMN_064,cg024,-6.684116,13.36335,-0.5001827,0.61694646
ILMN_064,cg025,-0.2542591,13.010448,-0.019542687,0.9844082
ILMN_064,cg026,8.940147,14.139248,0.632293,0.52719545
ILMN_064,cg027,-1.1026134,13.129905,-0.08397726,0.93307453
ILMN_064,cg028,-16.750694,15.409352,-1.0870472,0.27701592
ILMN_064,cg029,-3.350212,16.428549,-0.20392624,0.83841115
ILMN_064,cg030,-25.558441,13.015711,-1.9636608,0.049569428
ILMN_064,cg031,-5.7830524,14.458276,-0.39998215,0.68916965
ILMN_064,cg032,13.179406,13.4999895,0.9762531,0.32893908
ILMN_064,cg033,-14.577375,13.362787,-1.0908933,0.2753198
ILMN_064,cg034,-7.938406,15.519987,-0.51149565,0.609004
ILMN_064,cg035,17.979107,12.454881,1.443539,0.14886868
ILMN_064,cg036,30.068401,13.138724,2.2885327,0.022106528
ILMN_064,cg037,8.496641,13.5089445,0.6289641,0.5293726
ILMN_064,cg038,-7.6168523,14.597519,-0.52179086,0.60181594
ILMN_064,cg039,2.0245152,14.611311,0.13855807,0.88979936
ILMN_064,cg040,3.1261692,14.906868,0.20971335,0.8338914
ILMN_064,cg041,-10.28396,14.605685,-0.7041067,0.48136634
ILMN_064,cg042,-23.423817,12.674456,-1.8481122,0.0645861
ILMN_064,cg043,-13.11666,14.484811,-0.90554583,0.36517632
ILMN_064,cg044,-12.637437,13.8871355,-0.91001034,0.36281705
ILMN_064,cg045,-17.074265,13.8100395,-1.236366,0.21632254
ILMN_064,cg046,7.75881,12.126828,0.6398054,0.5222992
ILMN_064,cg047,5.401621,14.618033,0.36951762,0.7117419
ILMN_064,cg048,-1.5435295,13.328343,-0.115808055,0.90780467
ILMN_064,cg049,-22.062592,13.632938,-1.6183299,0.105591536
ILMN_064,cg050,-6.3672314,13.120811,-0.48527727,0.6274797
ILMN_064,cg051,3.1939297,14.240761,0.22428083,0.8225388
ILMN_064,cg052,15.67925,13.23935,1.1842915,0.23629773
ILMN_064,cg053,-7.9752855,14.415951,-0.5532265,0.5801084
ILMN_064,cg054,6.7888317,14.572921,0.4658525,0.64132106
ILMN_064,cg055,-3.3525348,12.813824,-0.26163423,0.7936034
ILMN_064,cg056,-21.732555,14.7492075,-1.4734727,0.14062363
ILMN_064,cg057,-2.3771,16.678816,-0.14252211,0.8866676
ILMN_064,cg058,-12.7512865,12.87758,-0.9901928,0.3220799
ILMN_064,cg059,-16.475769,12.919204,-1.2752929,0.2022056
ILMN_064,cg060,-1.2497692,13.428773,-0.09306652,0.9258507
ILMN_064,cg061,-9.644741,13.057824,-0.7386178,0.4601391
ILMN_064,cg062,-17.440523,14.168914,-1.2309005,0.21836007
ILMN_064,cg063,0.6328101,13.89486,0.045542747,0.9636747
ILMN_064,cg064,23.163555,13.400442,1.7285665,0.08388668
ILMN_064,cg065,-15.496135,14.280941,-1.085092,0.2778809
ILMN_064,cg066,15.007888,14.317872,1.0481926,0.29454988
ILMN_064,cg067,-0.2825737,13.335219,-0.02119003,0.9830941
ILMN_064,cg068,2.5530453,13.093359,0.1949878,0.8454025
ILMN_064,cg069,-3.589985,14.016605,-0.2561237,0.7978553
ILMN_064,cg070,-16.449715,13.407591,-1.2268957,0.2198618
ILMN_064,cg071,-7.138605,13.125371,-0.5438784,0.5865252
ILMN_064,cg072,4.2568903,14.451739,0.29455903,0.76833075
ILMN_064,cg073,-8.108503,12.899794,-0.6285762,0.52962655
ILMN_064,cg074,17.186726,15.835153,1.0853527,0.2777655
ILMN_064,cg075,9.126486,14.066897,0.6487917,0.51647305
ILMN_064,cg076,-6.0141106,16.568588,-0.3629827,0.7166178
ILMN_064,cg077,-2.050354,13.941925,-0.14706391,0.88308156
ILMN_064,cg078,30.532864,14.258877,2.141323,0.03224802
ILMN_064,cg079,1.6605644,13.57925,0.1222869,0.9026718
ILMN_064,cg080,-12.654375,12.597486,-1.0045159,0.31513005
ILMN_064,cg081,0.018222809,14.642864,0.0012444839,0.99900705
ILMN_064,cg082,-4.165922,13.48526,-0.30892414,0.75737923
ILMN_064,cg083,-25.154686,13.517056,-1.8609588,0.06274998
ILMN_064,cg084,2.6824722,14.881771,0.18025222,0.8569546
ILMN_064,cg085,8.2952585,14.738979,0.5628109,0.5735637
ILMN_064,cg086,-3.7697144,14.201034,-0.26545352,0.79066014
ILMN_064,cg087,-4.8573256,13.479385,-0.36035216,0.7185838
ILMN_064,cg088,-7.6671925,13.251551,-0.5785883,0.562867
ILMN_064,cg089,-1.2246552,14.689653,-0.083368555,0.93355846
ILMN_064,cg090,-11.582813,16.154648,-0.7169957,0.47337675
ILMN_064,cg091,-9.723391,13.2335615,-0.73475236,0.46249032
ILMN_064,cg092,-10.383871,13.272278,-0.78237295,0.43399543
ILMN_064,cg093,4.501482,14.095033,0.31936654,0.74944854
ILMN_064,cg094,-23.523184,14.843651,-1.5847304,0.11302757
ILMN_064,cg095,5.355912,14.635958,0.36594203,0.71440834
ILMN_064,cg096,-7.9924526,13.145396,-0.6080039,0.5431849
ILMN_064,cg097,-7.627759,14.429057,-0.5286388,0.59705603
ILMN_064,cg098,3.3861866,13.316286,0.25428912,0.7992722
ILMN_064,cg099,19.782236,13.153083,1.504,0.13258135
ILMN_064,cg100,8.7525,15.445852,0.56665695,0.5709473
ILMN_065,cg001,5.440525,14.292958,0.38064373,0.7034676
ILMN_065,cg002,36.349487,15.611846,2.3283274,0.01989472
ILMN_065,cg003,-25.500101,15.340329,-1.6622916,0.09645432
ILMN_065,cg004,-3.7302315,17.13798,-0.21765877,0.827695
ILMN_065,cg005,9.56815,15.832233,0.60434616,0.5456135
ILMN_065,cg006,-12.834193,15.417166,-0.83246124,0.40514868
ILMN_065,cg007,6.4167595,14.5036335,0.44242427,0.6581822
ILMN_065,cg008,-19.634943,15.334463,-1.2804455,0.20038849
ILMN_065,cg009,-9.024433,15.304721,-0.5896503,0.55542517
ILMN_065,cg010,-7.104391,16.160849,-0.4396051,0.6602231
ILMN_065,cg011,-1.0136766,15.017078,-0.06750159,0.94618237
ILMN_065,cg012,-6.4263916,16.492924,-0.3896454,0.6967988
ILMN_065,cg013,-5.0302763,15.293904,-0.32890728,0.74222577
ILMN_065,cg014,22.18193,13.657374,1.6241724,0.104339
ILMN_065,cg015,29.476553,14.940657,1.9729089,0.048505962
ILMN_065,cg016,13.213852,15.390034,0.858598,0.39056236
ILMN_065,cg017,30.947908,14.056014,2.2017558,0.027682543
ILMN_065,cg018,-9.971407,16.893995,-0.5902338,0.5550339
ILMN_065,cg019,16.172596,13.6580105,1.1841106,0.23636925
ILMN_065,cg020,-20.30803,16.096504,-1.2616422,0.20707756
ILMN_065,cg021,-4.1418304,16.024405,-0.25847015,0.7960441
ILMN_065,cg022,14.769902,15.405541,0.9587396,0.33768994
ILMN_065,cg023,21.680973,14.183084,1.5286502,0.12635118
ILMN_065,cg024,9.03076,14.616563,0.6178443,0.536678
ILMN_065,cg025,-7.3200912,14.20992,-0.5151395,0.60645556
ILMN_065,cg026,1.3200579,15.55314,0.08487404,0.93236154
ILMN_065,cg027,4.3009615,14.368749,0.2993275,0.76469016
ILMN_065,cg028,25.947351,16.660194,1.5574459,0.11936468
ILMN_065,cg029,-14.333726,17.878405,-0.8017341,0.42270684
ILMN_065,cg030,-27.054523,14.295973,-1.8924577,0.058430016
ILMN_065,cg031,1.398056,15.862819,0.08813415,0.92977005
ILMN_065,cg032,-28.563108,14.333521,-1.992749,0.046288908
ILMN_065,cg033,-9.3815975,14.760166,-0.6356024,0.5250356
ILMN_065,cg034,19.244755,16.810051,1.1448362,0.25227702
ILMN_065,cg035,-23.755781,13.500879,-1.7595729,0.0784803
ILMN_065,cg036,4.944455,15.170976,0.32591543,0.74448836
ILMN_065,cg037,0.8747196,14.859738,0.058865074,0.95305955
ILMN_065,cg038,-0.43536663,16.036282,-0.027148852,0.978341
ILMN_065,cg039,12.315703,15.904281,0.77436405,0.43871552
ILMN_065,cg040,-29.141983,15.7606,-1.8490402,0.06445205
ILMN_065,cg041,-14.310478,15.9450865,-0.89748514,0.3694601
ILMN_065,cg042,25.71321,13.880495,1.8524706,0.06395829
ILMN_065,cg043,-7.0713387,15.9725065,-0.4427194,0.65796876
ILMN_065,cg044,-10.890123,15.263138,-0.7134918,0.47554147
ILMN_065,cg045,22.24931,15.021862,1.4811286,0.13857234
ILMN_065,cg046,14.913045,13.159465,1.1332562,0.25710666
ILMN_065,cg047,-16.734383,15.844418,-1.056169,0.290891
ILMN_065,cg048,-4.4268923,14.586521,-0.30349198,0.76151496
ILMN_065,cg049,-10.887661,15.267669,-0.71311873,0.47577232
ILMN_065,cg050,6.061468,14.38067,0.4215011,0.6733892
ILMN_065,cg051,1.0052242,15.6062155,0.06441179,0.9486424
ILMN_065,cg052,-11.593217,14.621353,-0.79289633,0.4278382
ILMN_065,cg053,13.299076,15.720913,0.8459481,0.3975817
ILMN_065,cg054,2.9661398,15.993849,0.18545504,0.85287213
ILMN_065,cg055,-1.7296991,14.043543,-0.12316687,0.901975
ILMN_065,cg056,-14.84437,16.386648,-0.905882,0.36499828
ILMN_065,cg057,-26.922432,17.836544,-1.5093974,0.13119727
ILMN_065,cg058,24.870087,13.775084,1.80544,0.07100588
ILMN_065,cg059,-1.6586094,14.396753,-0.11520718,0.9082809
ILMN_065,cg060,4.0676365,14.698147,0.27674484,0.78197604
ILMN_065,cg061,8.834299,14.328161,0.6165689,0.5375191
ILMN_065,cg062,0.94171894,15.772602,0.059706,0.9523898
ILMN_065,cg063,-0.005736351,15.219857,-0.00037689914,0.9996993
ILMN_065,cg064,-12.780892,15.029491,-0.8503876,0.39510965
ILMN_065,cg065,-10.644729,15.763391,-0.67528164,0.49949688
ILMN_065,cg066,6.22332,15.842489,0.39282462,0.69444907
ILMN_065,cg067,2.1346288,14.6032,0.14617541,0.8837829
ILMN_065,cg068,13.00004,14.218918,0.91427773,0.36057097
ILMN_065,cg069,5.6045303,15.34157,0.3653166,0.7148751
ILMN_065,cg070,-24.35346,14.485742,-1.6812022,0.09272367
ILMN_065,cg071,1.4074697,14.421326,0.09759642,0.9222528
ILMN_065,cg072,8.42975,15.795583,0.5336777,0.5935645
ILMN_065,cg073,11.604436,14.086607,0.8237921,0.41005772
ILMN_065,cg074,-11.865423,17.47813,-0.6788726,0.4972186
ILMN_065,cg075,-25.389069,15.018797,-1.6904862,0.09093499
ILMN_065,cg076,-1.6169357,18.172546,-0.08897684,0.92910033
ILMN_065,cg077,-27.359959,14.732346,-1.8571353,0.06329191
ILMN_065,cg078,0.5697365,16.377941,0.03478682,0.97224975
ILMN_065,cg079,-11.856733,14.773159,-0.8025862,0.42221397
ILMN_065,cg080,9.152706,13.883544,0.65924853,0.5097362
ILMN_065,cg081,-10.9600315,15.957214,-0.6868386,0.49218446
ILMN_065,cg082,-3.5334206,14.776999,-0.23911624,0.8110155
ILMN_065,cg083,36.258755,14.392065,2.5193574,0.011756957
ILMN_065,cg084,-13.974485,16.17557,-0.8639254,0.3876289
ILMN_065,cg085,-11.227371,16.114794,-0.6967121,0.485983
ILMN_065,cg086,-27.154007,15.043126,-1.8050774,0.071062565
ILMN_065,cg087,7.860442,14.739763,0.53328145,0.5938388
ILMN_065,cg088,-10.5345955,14.484553,-0.7272986,0.46704304
ILMN_065,cg089,5.771103,16.068779,0.35915005,0.7194829
ILMN_065,cg090,-13.0342865,17.68925,-0.7368479,0.46121484
ILMN_065,cg091,-2.1222124,14.576624,-0.14559011,0.884245
ILMN_065,cg092,5.5587544,14.611012,0.38044965,0.7036117
ILMN_065,cg093,-8.421737,15.405916,-0.546656,0.5846151
ILMN_065,cg094,9.218203,16.641273,0.5539361,0.57962257
ILMN_065,cg095,-18.408173,15.823501,-1.1633439,0.24469
ILMN_065,cg096,6.674341,14.422807,0.46276298,0.6435343
ILMN_065,cg097,4.968287,15.835639,0.31374085,0.7537179
ILMN_065,cg098,-1.8853502,14.593384,-0.12919213,0.89720565
ILMN_065,cg099,-11.573942,14.657995,-0.78959924,0.4297619
ILMN_065,cg100,-5.891739,16.955076,-0.34749115,0.72822237
ILMN_066,cg001,12.247217,12.531746,0.97729534,0.32842296
ILMN_066,cg002,2.284171,14.594849,0.1565053,0.87563473
ILMN_066,cg003,-6.91941,13.931878,-0.49666026,0.61942863
ILMN_066,cg004,18.575796,14.915976,1.2453625,0.21299851
ILMN_066,cg005,6.3399324,14.027051,0.451979,0.6512841
ILMN_066,cg006,-3.6517525,13.727353,-0.26602015,0.7902237
ILMN_066,cg007,23.60838,12.374629,1.907805,0.056416452
ILMN_066,cg008,16.635696,13.582318,1.2248054,0.22064859
ILMN_066,cg009,-2.1837492,13.583375,-0.16076632,0.87227744
ILMN_066,cg010,-3.3800058,14.314646,-0.2361222,0.81333786
ILMN_066,cg011,0.2189188,13.282345,0.01648194,0.9868499
ILMN_066,cg012,-8.942727,14.551465,-0.6145585,0.5388464
ILMN_066,cg013,14.004298,13.384122,1.0463368,0.29540557
ILMN_066,cg014,-8.623511,12.355419,-0.69795376,0.48520613
ILMN_066,cg015,-6.3633995,13.729834,-0.46347246,0.64302576
ILMN_066,cg016,0.41447735,13.720083,0.030209536,0.97589993
ILMN_066,cg017,-7.289567,13.026112,-0.5596119,0.57574415
ILMN_066,cg018,-21.239992,14.667627,-1.4480864,0.1475929
ILMN_066,cg019,22.941471,11.78667,1.9463912,0.051607788
ILMN_066,cg020,15.462987,14.300029,1.0813255,0.27955234
ILMN_066,cg021,-16.51305,13.972394,-1.181834,0.2372716
ILMN_066,cg022,17.135933,13.526824,1.2668113,0.20522279
ILMN_066,cg023,6.6524267,12.821313,0.5188569,0.60386056
ILMN_066,cg024,-2.982913,12.97357,-0.2299223,0.8181522
ILMN_066,cg025,-7.650816,12.553461,-0.6094587,0.5422205
ILMN_066,cg026,-3.5066848,13.747199,-0.2550836,0.79865855
ILMN_066,cg027,-10.694882,12.622574,-0.84728223,0.39683783
ILMN_066,cg028,0.8613844,15.117937,0.05697764,0.954563
ILMN_066,cg029,-11.796588,15.827213,-0.74533576,0.45606875
ILMN_066,cg030,-7.285366,13.08291,-0.5568613,0.5776222
ILMN_066,cg031,9.706163,13.957747,0.6953961,0.4868071
ILMN_066,cg032,-10.691608,13.118651,-0.81499296,0.41507638
ILMN_066,cg033,-22.988947,12.666008,-1.8150113,0.0695222
ILMN_066,cg034,9.222653,15.016378,0.61417294,0.53910106
ILMN_066,cg035,-15.438883,12.124196,-1.2733943,0.20287812
ILMN_066,cg036,0.5220175,13.433104,0.038860526,0.9690016
ILMN_066,cg037,2.800303,13.136576,0.21316841,0.8311956
ILMN_066,cg038,10.569683,14.097389,0.74976176,0.45339823
ILMN_066,cg039,-20.47334,13.832241,-1.4801173,0.13884199
ILMN_066,cg040,5.0299773,14.429016,0.34860155,0.7273885
ILMN_066,cg041,-1.5789661,14.223524,-0.111010894,0.91160774
ILMN_066,cg042,-2.4564996,12.721015,-0.19310562,0.84687626
ILMN_066,cg043,23.484505,13.726823,1.7108479,0.08710921
ILMN_066,cg044,-6.3276134,13.541744,-0.46726725,0.64030874
ILMN_066,cg045,10.031307,13.518401,0.7420483,0.45805806
ILMN_066,cg046,1.8927584,11.796828,0.16044638,0.87252945
ILMN_066,cg047,-4.6487837,14.165779,-0.32817,0.7427831
ILMN_066,cg048,8.763013,12.849036,0.68199766,0.49524045
ILMN_066,cg049,7.720093,13.530002,0.5705907,0.5682771
ILMN_066,cg050,-3.376484,12.733669,-0.2651619,0.79088473
ILMN_066,cg051,3.375496,13.794429,0.24469994,0.8066888
ILMN_066,cg052,13.438816,12.86814,1.044348,0.29632443
ILMN_066,cg053,-1.6142063,14.009943,-0.115218624,0.90827185
ILMN_066,cg054,16.090914,13.950613,1.1534199,0.24873811
ILMN_066,cg055,2.4215603,12.417607,0.19501022,0.84538496
ILMN_066,cg056,1.895725,14.619064,0.12967485,0.8968237
ILMN_066,cg057,6.136936,16.13597,0.38032648,0.7037031
ILMN_066,cg058,-4.371085,12.59104,-0.3471584,0.72847235
ILMN_066,cg059,8.951063,12.666352,0.7066804,0.47976512
ILMN_066,cg060,-10.446828,12.918968,-0.80864257,0.41872078
ILMN_066,cg061,4.319296,12.70873,0.33986843,0.7339556
ILMN_066,cg062,-17.002195,13.723403,-1.2389197,0.21537524
ILMN_066,cg063,-2.0923424,13.457538,-0.15547736,0.876445
ILMN_066,cg064,-4.886406,13.3773985,-0.36527327,0.7149074
ILMN_066,cg065,-9.822379,13.9356785,-0.7048368,0.4809118
ILMN_066,cg066,8.99226,13.972474,0.64356965,0.51985455
ILMN_066,cg067,19.547514,12.593075,1.5522431,0.12060404
ILMN_066,cg068,6.418333,12.654212,0.50720924,0.612008
ILMN_066,cg069,-11.976599,13.47316,-0.8889228,0.3740446
ILMN_066,cg070,-12.078629,13.078837,-0.9235246,0.35573387
ILMN_066,cg071,-13.797575,12.5928755,-1.0956652,0.2732253
ILMN_066,cg072,28.816628,13.353823,2.1579309,0.030933201
ILMN_066,cg073,6.769327,12.510593,0.5410876,0.5884472
ILMN_066,cg074,11.3523035,15.445195,0.7350055,0.46233618
ILMN_066,cg075,27.130867,13.092153,2.0723,0.038237512
ILMN_066,cg076,-14.944767,15.922192,-0.93861246,0.34792978
ILMN_066,cg077,-9.060442,13.443329,-0.6739731,0.5003284
ILMN_066,cg078,26.88868,13.932441,1.9299332,0.053615093
ILMN_066,cg079,-3.770679,13.145407,-0.28684384,0.7742319
ILMN_066,cg080,11.79406,12.213884,0.96562725,0.33423078
ILMN_066,cg081,-7.2417583,14.1451645,-0.51195997,0.60867906
ILMN_066,cg082,-11.242096,12.972037,-0.86664075,0.38613892
ILMN_066,cg083,12.240604,13.45828,0.90952224,0.36307454
ILMN_066,cg084,20.660913,14.09654,1.4656726,0.14273751
ILMN_066,cg085,8.870171,14.267779,0.6216924,0.53414416
ILMN_066,cg086,15.81288,13.569067,1.1653624,0.24387234
ILMN_066,cg087,11.833374,12.959777,0.9130847,0.361198
ILMN_066,cg088,16.245045,12.659592,1.2832203,0.19941491
ILMN_066,cg089,10.6014595,14.145708,0.74944705,0.45358783
ILMN_066,cg090,15.937053,15.560749,1.0241829,0.30574888
ILMN_066,cg091,-6.386075,12.860721,-0.49655655,0.6195018
ILMN_066,cg092,-6.9986777,12.9017,-0.5424617,0.5875005
ILMN_066,cg093,-11.735001,13.559876,-0.86542094,0.3868078
ILMN_066,cg094,4.4095764,14.752921,0.29889515,0.7650201
ILMN_066,cg095,-2.8674173,14.193042,-0.2020298,0.83989346
ILMN_066,cg096,0.7499695,12.785309,0.058658693,0.95322394
ILMN_066,cg097,7.4191995,13.977936,0.53077936,0.59557164
ILMN_066,cg098,9.3762245,12.835098,0.7305144,0.46507585
ILMN_066,cg099,24.415165,12.545444,1.946138,0.051638186
ILMN_066,cg100,1.6827831,15.013393,0.11208546,0.91075563
ILMN_067,cg001,-5.8229885,13.914672,-0.4184783,0.6755974
ILMN_067,cg002,2.2495003,16.071142,0.1399714,0.8886826
ILMN_067,cg003,20.32254,15.086685,1.3470514,0.17796367
ILMN_067,cg004,-2.2162573,16.695251,-0.13274777,0.89439285
ILMN_067,cg005,-8.594184,15.427394,-0.55707294,0.5774776
ILMN_067,cg006,21.253633,14.798565,1.4361956,0.15094674
ILMN_067,cg007,-10.791717,14.064698,-0.767291,0.44290853
ILMN_067,cg008,-5.9534574,15.17193,-0.39239946,0.69476306
ILMN_067,cg009,22.670635,14.582571,1.5546391,0.12003207
ILMN_067,cg010,-8.620838,15.72,-0.5483994,0.5834177
ILMN_067,cg011,-2.1017895,14.621857,-0.143743,0.88570344
ILMN_067,cg012,10.721783,16.010302,0.66968024,0.50306165
ILMN_067,cg013,11.024824,14.822641,0.7437827,0.45700794
ILMN_067,cg014,16.849419,13.448778,1.2528586,0.21025717
ILMN_067,cg015,-9.28376,15.09113,-0.6151799,0.53843594
ILMN_067,cg016,-10.316957,15.03046,-0.6864033,0.49245882
ILMN_067,cg017,16.248903,14.190887,1.1450237,0.25219935
ILMN_067,cg018,-51.304623,14.680108,-3.4948397,0.00047433376
ILMN_067,cg019,11.569233,13.393889,0.8637695,0.38771456
ILMN_067,cg020,10.815689,15.864577,0.68175083,0.49539655
ILMN_067,cg021,13.184992,15.495258,0.85090494,0.39482218
ILMN_067,cg022,-4.695986,15.1360445,-0.31025186,0.7563694
ILMN_067,cg023,-2.7526913,14.152891,-0.19449675,0.8457869
ILMN_067,cg024,5.5831633,14.269588,0.3912631,0.6956028
ILMN_067,cg025,-6.0067973,13.849934,-0.43370587,0.664502
ILMN_067,cg026,-11.336555,15.055144,-0.75300205,0.45144874
ILMN_067,cg027,1.2798729,14.005389,0.091384314,0.9271872
ILMN_067,cg028,-3.1097956,16.640526,-0.18688084,0.85175407
ILMN_067,cg029,6.788784,17.503553,0.38785177,0.6981257
ILMN_067,cg030,-16.770405,14.240904,-1.1776222,0.23894727
ILMN_067,cg031,7.26223,15.412198,0.47120014,0.63749784
ILMN_067,cg032,-5.0476456,14.52972,-0.34740144,0.7282897
ILMN_067,cg033,-9.841042,14.364102,-0.68511355,0.4932723
ILMN_067,cg034,13.053662,16.490145,0.79160386,0.42859167
ILMN_067,cg035,-15.477644,13.390054,-1.1559061,0.24771959
ILMN_067,cg036,1.4609137,14.78977,0.09877866,0.921314
ILMN_067,cg037,-1.3830452,14.470297,-0.095578216,0.92385554
ILMN_067,cg038,29.993382,14.977887,2.0025108,0.045229852
ILMN_067,cg039,-9.397281,15.527348,-0.6052084,0.54504055
ILMN_067,cg040,15.769899,15.737827,1.0020379,0.3163253
ILMN_067,cg041,3.0332265,15.657135,0.19372806,0.8463888
ILMN_067,cg042,4.8227477,13.994643,0.34461385,0.7303847
ILMN_067,cg043,26.266476,15.099212,1.7395926,0.08193058
ILMN_067,cg044,3.201006,14.93861,0.21427736,0.8303308
ILMN_067,cg045,-15.756945,14.792516,-1.0651971,0.28678674
ILMN_067,cg046,-8.497566,12.932491,-0.6570711,0.5111352
ILMN_067,cg047,-20.59377,15.3180485,-1.3444121,0.17881519
ILMN_067,cg048,18.115911,13.966206,1.2971247,0.1945883
ILMN_067,cg049,27.517218,14.389377,1.9123287,0.055834055
ILMN_067,cg050,5.6278057,14.00711,0.4017821,0.6878444
ILMN_067,cg051,-10.841991,15.1145315,-0.71732235,0.47317523
ILMN_067,cg052,-0.48979664,14.335828,-0.03416591,0.9727448
ILMN_067,cg053,-16.035652,15.246239,-1.0517776,0.29290164
ILMN_067,cg054,-13.412913,15.455458,-0.86784315,0.38548023
ILMN_067,cg055,7.05419,13.638992,0.51720756,0.6050113
ILMN_067,cg056,15.466547,15.93757,0.97044575,0.33182436
ILMN_067,cg057,-9.829903,17.735996,-0.55423456,0.5794183
ILMN_067,cg058,12.11761,13.766604,0.8802178,0.37874132
ILMN_067,cg059,18.646523,13.750175,1.3560934,0.17506945
ILMN_067,cg060,-24.594027,13.859201,-1.7745631,0.07597005
ILMN_067,cg061,-7.468995,13.967708,-0.53473306,0.5928345
ILMN_067,cg062,-11.810425,15.261757,-0.7738575,0.4390151
ILMN_067,cg063,-3.4661407,14.813081,-0.23399189,0.8149913
ILMN_067,cg064,15.736435,14.567489,1.0802435,0.28003377
ILMN_067,cg065,-17.752739,15.20344,-1.1676791,0.24293625
ILMN_067,cg066,-2.962432,15.447926,-0.19176891,0.8479232
ILMN_067,cg067,-2.4163437,14.220201,-0.16992332,0.86507046
ILMN_067,cg068,-11.71096,13.8652725,-0.84462535,0.39832002
ILMN_067,cg069,3.149456,14.954871,0.21059734,0.8332015
ILMN_067,cg070,-13.475789,14.397457,-0.93598396,0.34928143
ILMN_067,cg071,19.985111,13.7331295,1.4552481,0.14560062
ILMN_067,cg072,-16.384789,15.239824,-1.0751297,0.28231668
ILMN_067,cg073,-11.308296,13.718143,-0.8243314,0.4097513
ILMN_067,cg074,-3.0376272,17.100304,-0.17763586,0.85900897
ILMN_067,cg075,-18.305182,14.829971,-1.234337,0.21707737
ILMN_067,cg076,-7.3280754,17.66589,-0.41481495,0.6782774
ILMN_067,cg077,-28.573133,14.266221,-2.0028522,0.045193136
ILMN_067,cg078,8.073885,15.905418,0.50761855,0.6117209
ILMN_067,cg079,-30.1584,13.787972,-2.1872976,0.028720796
ILMN_067,cg080,2.1940665,13.580389,0.16156138,0.8716513
ILMN_067,cg081,-7.9837513,15.575031,-0.51259935,0.60823166
ILMN_067,cg082,20.975292,14.063526,1.4914675,0.1358388
ILMN_067,cg083,12.88578,14.830266,0.86888397,0.38491064
ILMN_067,cg084,10.276166,15.807449,0.6500838,0.5156381
ILMN_067,cg085,-17.833187,15.555355,-1.146434,0.25161564
ILMN_067,cg086,-2.197976,15.156285,-0.14502077,0.88469446
ILMN_067,cg087,8.013199,14.3501005,0.5584072,0.57656634
ILMN_067,cg088,10.719577,14.098369,0.76034164,0.4470504
ILMN_067,cg089,-19.636467,15.4007635,-1.275032,0.20229793
ILMN_067,cg090,18.271692,17.117382,1.067435,0.28577542
ILMN_067,cg091,11.769951,14.0923,0.83520436,0.40360266
ILMN_067,cg092,-12.821148,14.125407,-0.9076657,0.36405486
ILMN_067,cg093,-1.6848936,15.049691,-0.11195536,0.9108588
ILMN_067,cg094,-13.927883,16.129908,-0.8634819,0.38787258
ILMN_067,cg095,-5.6619053,15.612488,-0.36265233,0.71686465
ILMN_067,cg096,-2.0655918,14.075045,-0.14675562,0.8833249
ILMN_067,cg097,-3.3093529,15.430352,-0.21447034,0.8301803
ILMN_067,cg098,5.2101974,14.193604,0.36708063,0.7135589
ILMN_067,cg099,-14.045416,14.221144,-0.9876432,0.32332742
ILMN_067,cg100,-0.14456272,16.533382,-0.008743687,0.99302363
ILMN_068,cg001,-11.041901,12.997037,-0.84957063,0.39556384
ILMN_068,cg002,15.318159,14.933276,1.0257735,0.30499834
ILMN_068,cg003,5.0377617,14.4327,0.34905192,0.7270503
ILMN_068,cg004,25.011322,15.249739,1.6401148,0.100981295
ILMN_068,cg005,24.20008,14.099375,1.716394,0.08608997
ILMN_068,cg006,-20.04968,13.901698,-1.4422469,0.14923275
ILMN_068,cg007,-2.7935867,13.29262,-0.21016073,0.8335422
ILMN_068,cg008,9.697488,14.207092,0.68258077,0.4948718
ILMN_068,cg009,-26.397293,13.507033,-1.9543369,0.050661385
ILMN_068,cg010,-34.62941,13.910741,-2.4894009,0.012795866
ILMN_068,cg011,10.608229,13.651969,0.7770475,0.43713075
ILMN_068,cg012,-27.099407,14.578234,-1.8588951,0.063042045
ILMN_068,cg013,7.280283,13.969154,0.5211685,0.6022494
ILMN_068,cg014,8.086117,12.79436,0.63200635,0.52738273
ILMN_068,cg015,1.2364483,14.236143,0.08685276,0.9307886
ILMN_068,cg016,2.4998703,14.18945,0.1761781,0.86015403
ILMN_068,cg017,2.991459,13.514749,0.22134773,0.8248217
ILMN_068,cg018,-18.21928,15.282091,-1.1921982,0.23318356
ILMN_068,cg019,13.312995,12.533303,1.0622096,0.28814054
ILMN_068,cg020,27.776905,14.410242,1.9275807,0.053907275
ILMN_068,cg021,-6.251136,14.643963,-0.4268746,0.66947067
ILMN_068,cg022,-1.4189148,14.234637,-0.09968043,0.92059803
ILMN_068,cg023,-5.6986036,13.276473,-0.4292257,0.66775894
ILMN_068,cg024,-3.7708478,13.417989,-0.28102928,0.77868795
ILMN_068,cg025,32.4155,12.132016,2.6718972,0.0075423717
ILMN_068,cg026,16.999931,14.009749,1.2134358,0.22496325
ILMN_068,cg027,-27.24139,12.532267,-2.1737,0.029727638
ILMN_068,cg028,-7.0424576,15.606292,-0.4512576,0.6518039
ILMN_068,cg029,-12.230116,16.373606,-0.7469409,0.45509928
ILMN_068,cg030,16.68436,13.355794,1.2492226,0.21158367
ILMN_068,cg031,10.466425,14.433411,0.72515255,0.46835846
ILMN_068,cg032,2.5816593,13.66422,0.18893573,0.8501432
ILMN_068,cg033,-11.328194,13.4614725,-0.8415271,0.40005273
ILMN_068,cg034,-7.432276,15.560205,-0.47764638,0.6329019
ILMN_068,cg035,-1.3404264,12.760707,-0.10504328,0.9163415
ILMN_068,cg036,-7.57034,13.852534,-0.54649496,0.58472574
ILMN_068,cg037,-4.0004435,13.584341,-0.29448932,0.76838404
ILMN_068,cg038,0.29291105,14.67322,0.019962288,0.98407346
ILMN_068,cg039,-5.5855083,14.623755,-0.3819476,0.7025002
ILMN_068,cg040,-21.203953,14.616619,-1.4506743,0.14687055
ILMN_068,cg041,20.734842,14.395863,1.4403335,0.14977306
ILMN_068,cg042,-16.452503,12.940443,-1.2714019,0.20358574
ILMN_068,cg043,13.816061,14.503555,0.9525982,0.34079373
ILMN_068,cg044,12.580814,13.919755,0.90381,0.36609614
ILMN_068,cg045,6.7667637,14.033482,0.4821871,0.629673
ILMN_068,cg046,24.394278,11.665937,2.0910687,0.03652191
ILMN_068,cg047,31.351974,13.925122,2.2514684,0.024355888
ILMN_068,cg048,-0.23309422,13.359948,-0.017447239,0.9860798
ILMN_068,cg049,18.473536,13.780287,1.340577,0.18005782
ILMN_068,cg050,-0.45524693,13.183496,-0.03453158,0.97245324
ILMN_068,cg051,-3.032648,14.273295,-0.21247007,0.8317403
ILMN_068,cg052,9.99624,13.38874,0.7466154,0.45529574
ILMN_068,cg053,5.669259,14.471943,0.3917414,0.6952493
ILMN_068,cg054,12.117405,14.530381,0.8339358,0.4043172
ILMN_068,cg055,5.8649054,12.822805,0.45738083,0.6473974
ILMN_068,cg056,-12.456583,15.014987,-0.82961,0.40675932
ILMN_068,cg057,-18.772005,16.488995,-1.1384566,0.2549299
ILMN_068,cg058,-5.7990227,13.015044,-0.44556305,0.6559129
ILMN_068,cg059,-8.489519,13.115303,-0.64729875,0.5174386
ILMN_068,cg060,1.1677828,13.458863,0.086766824,0.9308569
ILMN_068,cg061,2.8010082,13.157821,0.21287782,0.83142227
ILMN_068,cg062,24.221361,13.983631,1.7321224,0.083251774
ILMN_068,cg063,7.4421453,13.882842,0.53606784,0.5919117
ILMN_068,cg064,5.9886713,13.831473,0.43297422,0.6650335
ILMN_068,cg065,-7.5232334,14.452279,-0.52055687,0.6026755
ILMN_068,cg066,-2.1049566,14.516821,-0.14500122,0.8847099
ILMN_068,cg067,17.904171,13.101702,1.3665531,0.17176545
ILMN_068,cg068,-4.7773037,13.109048,-0.36442795,0.7155385
ILMN_068,cg069,-10.695936,13.969115,-0.7656846,0.443864
ILMN_068,cg070,36.289703,12.563644,2.8884695,0.0038712025
ILMN_068,cg071,16.902706,12.959395,1.304282,0.19213748
ILMN_068,cg072,16.042809,14.303332,1.1216134,0.26202685
ILMN_068,cg073,10.992091,12.882397,0.85326445,0.39351267
ILMN_068,cg074,-6.979105,16.039389,-0.43512288,0.66347325
ILMN_068,cg075,14.053813,14.010198,1.0031132,0.31580627
ILMN_068,cg076,2.310421,16.625786,0.13896613,0.8894769
ILMN_068,cg077,-14.447167,13.812999,-1.045911,0.29560214
ILMN_068,cg078,-8.341461,14.935426,-0.5585017,0.57650185
ILMN_068,cg079,-15.052287,13.429578,-1.120831,0.2623598
ILMN_068,cg080,-1.0261803,12.762387,-0.080406606,0.93591386
ILMN_068,cg081,-10.546547,14.59288,-0.72271866,0.46985275
ILMN_068,cg082,7.3150873,13.486264,0.5424102,0.587536
ILMN_068,cg083,-10.018327,13.970007,-0.71713114,0.4732932
ILMN_068,cg084,16.743502,14.714546,1.1378877,0.25516737
ILMN_068,cg085,-0.4180336,14.822469,-0.028202698,0.9775005
ILMN_068,cg086,13.765398,14.098236,0.9763915,0.32887048
ILMN_068,cg087,11.644986,13.419082,0.8677931,0.38550764
ILMN_068,cg088,0.31154203,13.329241,0.023372827,0.98135287
ILMN_068,cg089,-4.779829,14.706624,-0.32501197,0.745172
ILMN_068,cg090,-4.8055973,16.265444,-0.29544827,0.76765144
ILMN_068,cg091,2.8295135,13.334131,0.21220082,0.83195037
ILMN_068,cg092,-24.704098,12.88513,-1.9172564,0.055205405
ILMN_068,cg093,-16.326141,13.935725,-1.1715316,0.24138522
ILMN_068,cg094,-9.5123415,15.212917,-0.62528056,0.5317869
ILMN_068,cg095,2.151043,14.686485,0.14646411,0.88355505
ILMN_068,cg096,-1.3680701,13.225984,-0.103438064,0.9176153
ILMN_068,cg097,-15.903433,14.31429,-1.111018,0.26656067
ILMN_068,cg098,-10.807016,13.259943,-0.8150123,0.4150653
ILMN_068,cg099,7.538332,13.456798,0.56018764,0.5753515
ILMN_068,cg100,0.08678532,15.534203,0.0055867247,0.99554247
ILMN_069,cg001,22.481054,14.518245,1.5484692,0.12150937
ILMN_069,cg002,-24.448753,16.788086,-1.4563158,0.14530534
ILMN_069,cg003,-17.01058,16.237713,-1.047597,0.2948243
ILMN_069,cg004,-21.674835,17.548548,-1.2351356,0.21678007
ILMN_069,cg005,18.34085,16.3123,1.1243571,0.26086158
ILMN_069,cg006,-12.00808,16.060959,-0.74765646,0.4546674
ILMN_069,cg007,-10.248822,15.043946,-0.6812589,0.4957077
ILMN_069,cg008,-25.603184,15.788635,-1.6216211,0.104884505
ILMN_069,cg009,20.425192,15.69466,1.3014103,0.19311804
ILMN_069,cg010,8.367493,16.801563,0.4980187,0.61847085
ILMN_069,cg011,-27.743404,15.077437,-1.840061,0.0657593
ILMN_069,cg012,26.660181,16.729662,1.5935875,0.11102843
ILMN_069,cg013,14.915622,15.775818,0.94547373,0.3444171
ILMN_069,cg014,-1.1137829,14.608016,-0.07624464,0.9392245
ILMN_069,cg015,-28.865463,15.616869,-1.8483515,0.06455153
ILMN_069,cg016,15.484598,15.975126,0.96929425,0.3323984
ILMN_069,cg017,11.448904,15.280153,0.7492663,0.45369673
ILMN_069,cg018,-6.0850306,17.617777,-0.3453915,0.7298001
ILMN_069,cg019,-22.313938,14.042565,-1.5890214,0.11205554
ILMN_069,cg020,-17.790335,16.82863,-1.0571469,0.29044455
ILMN_069,cg021,-9.760939,16.619486,-0.58731896,0.55698955
ILMN_069,cg022,-23.974226,15.794411,-1.5178931,0.12904137
ILMN_069,cg023,-3.3007603,15.116402,-0.21835622,0.82715154
ILMN_069,cg024,3.294074,15.260289,0.21585922,0.8290975
ILMN_069,cg025,-33.540985,13.975438,-2.3999953,0.01639527
ILMN_069,cg026,-0.76340723,16.180218,-0.047181517,0.96236855
ILMN_069,cg027,12.061974,14.855742,0.81194013,0.41682595
ILMN_069,cg028,1.6463213,17.780382,0.09259201,0.9262277
ILMN_069,cg029,36.17478,17.952139,2.015068,0.04389751
ILMN_069,cg030,-15.847279,15.261807,-1.0383619,0.2991016
ILMN_069,cg031,14.213932,16.369274,0.86833,0.38521367
ILMN_069,cg032,-5.4627323,15.520007,-0.35198,0.7248533
ILMN_069,cg033,-13.28767,15.296769,-0.8686586,0.3850339
ILMN_069,cg034,4.9575047,17.71916,0.27978215,0.77964467
ILMN_069,cg035,-5.329253,14.488109,-0.36783636,0.7129953
ILMN_069,cg036,12.872248,15.6856,0.82064104,0.41185075
ILMN_069,cg037,8.886622,15.402975,0.57694197,0.5639787
ILMN_069,cg038,7.6981425,16.643414,0.46253386,0.6436986
ILMN_069,cg039,-3.8237133,16.642561,-0.2297551,0.81828207
ILMN_069,cg040,26.105253,16.551882,1.5771774,0.11475474
ILMN_069,cg041,10.268912,16.663017,0.6162697,0.5377165
ILMN_069,cg042,-11.769527,14.867334,-0.7916367,0.42857254
ILMN_069,cg043,-13.327595,16.534597,-0.8060429,0.4202181
ILMN_069,cg044,1.0553684,15.964521,0.06610712,0.94729257
ILMN_069,cg045,-32.016903,15.282477,-2.0950074,0.036170363
ILMN_069,cg046,-29.290527,13.190069,-2.22065,0.026374698
ILMN_069,cg047,-20.554497,16.403389,-1.253064,0.21018243
ILMN_069,cg048,-2.555544,15.184315,-0.16830157,0.86634606
ILMN_069,cg049,-4.6609573,15.955136,-0.29212895,0.77018803
ILMN_069,cg050,-22.48075,14.617431,-1.5379412,0.124063015
ILMN_069,cg051,1.2608871,16.234222,0.077668466,0.93809175
ILMN_069,cg052,4.9734354,15.296058,0.32514492,0.7450714
ILMN_069,cg053,-10.066953,16.413612,-0.6133295,0.5396584
ILMN_069,cg054,7.436002,16.607866,0.44773975,0.65434104
ILMN_069,cg055,5.1114044,14.591926,0.3502899,0.7261212
ILMN_069,cg056,-9.033236,17.146137,-0.52683794,0.5983062
ILMN_069,cg057,0.17910767,19.008598,0.009422455,0.99248207
ILMN_069,cg058,1.7692223,14.82642,0.11932903,0.9050147
ILMN_069,cg059,-28.394983,14.381566,-1.9744014,0.04833615
ILMN_069,cg060,6.118138,15.276038,0.40050554,0.68878424
ILMN_069,cg061,-8.124257,14.918494,-0.5445762,0.586045
ILMN_069,cg062,-40.953842,15.256814,-2.6842985,0.00726825
ILMN_069,cg063,32.205788,15.103787,2.1322987,0.03298229
ILMN_069,cg064,3.1262598,15.750284,0.1984891,0.84266245
ILMN_069,cg065,-10.5344095,16.405777,-0.64211583,0.52079797
ILMN_069,cg066,5.194276,16.490187,0.31499195,0.75276774
ILMN_069,cg067,8.799854,15.139189,0.58126324,0.56106305
ILMN_069,cg068,15.2040825,14.755879,1.0303745,0.3028342
ILMN_069,cg069,-14.833008,15.832047,-0.93689764,0.3488112
ILMN_069,cg070,-3.299591,15.517396,-0.2126382,0.8316092
ILMN_069,cg071,-23.934788,14.582577,-1.6413277,0.100729406
ILMN_069,cg072,-30.93723,15.838582,-1.9532827,0.050786078
ILMN_069,cg073,-6.06455,14.734354,-0.4115925,0.68063813
ILMN_069,cg074,2.4519753,18.269115,0.13421424,0.8932332
ILMN_069,cg075,-3.5894318,16.09278,-0.22304611,0.8234996
ILMN_069,cg076,-10.695202,18.839962,-0.56768703,0.57024753
ILMN_069,cg077,12.069174,15.789688,0.7643706,0.44464642
ILMN_069,cg078,11.652498,16.950731,0.68743336,0.49180967
ILMN_069,cg079,27.932892,14.917085,1.8725436,0.061131477
ILMN_069,cg080,-12.226809,14.398171,-0.8491918,0.3957746
ILMN_069,cg081,17.190784,16.490938,1.0424383,0.29720855
ILMN_069,cg082,18.42614,15.139674,1.2170764,0.22357517
ILMN_069,cg083,-7.5010967,15.9327135,-0.47079843,0.6377847
ILMN_069,cg084,25.77851,16.531485,1.5593584,0.118911564
ILMN_069,cg085,3.0245476,16.845924,0.1795418,0.8575123
ILMN_069,cg086,-17.149712,15.994904,-1.0721985,0.2836309
ILMN_069,cg087,-5.1055393,15.36211,-0.33234623,0.73962784
ILMN_069,cg088,-0.96939087,15.153445,-0.063971646,0.9489928
ILMN_069,cg089,-24.74113,16.33685,-1.5144371,0.129915
ILMN_069,cg090,5.200302,18.493849,0.2811909,0.778564
ILMN_069,cg091,-8.794796,15.111472,-0.58199465,0.56057024
ILMN_069,cg092,8.98545,15.16542,0.592496,0.55351853
ILMN_069,cg093,27.377747,15.563191,1.7591345,0.07855469
ILMN_069,cg094,3.4480238,17.361486,0.19860187,0.8425742
ILMN_069,cg095,29.672073,16.117773,1.8409537,0.06562835
ILMN_069,cg096,-23.113226,14.647167,-1.5779997,0.11456567
ILMN_069,cg097,3.141294,16.484327,0.19056246,0.8488684
ILMN_069,cg098,-6.093422,15.157095,-0.4020178,0.68767095
ILMN_069,cg099,-7.9764886,15.306028,-0.5211338,0.6022736
ILMN_069,cg100,9.490379,17.60534,0.53906256,0.58984375
ILMN_070,cg001,-2.4548187,13.414286,-0.18300033,0.8547978
ILMN_070,cg002,-7.5997696,15.432094,-0.49246523,0.6223905
ILMN_070,cg003,8.975898,14.746211,0.6086918,0.5427288
ILMN_070,cg004,3.9614887,16.062634,0.2466276,0.80519646
ILMN_070,cg005,18.244778,14.654942,1.2449573,0.21314746
ILMN_070,cg006,-6.7973576,14.525826,-0.4679498,0.63982046
ILMN_070,cg007,4.226264,13.610208,0.31052163,0.7561643
ILMN_070,cg008,22.30756,14.253747,1.5650313,0.117575586
ILMN_070,cg009,-5.7050076,14.376031,-0.39684165,0.6914843
ILMN_070,cg010,-12.481775,15.068852,-0.8283163,0.40749145
ILMN_070,cg011,8.544657,14.021078,0.6094151,0.5422493
ILMN_070,cg012,18.805954,15.235545,1.2343473,0.2170735
ILMN_070,cg013,0.70098114,14.3528385,0.0488392,0.9610475
ILMN_070,cg014,1.6086712,13.162124,0.12221973,0.902725
ILMN_070,cg015,-2.265305,14.581913,-0.15535033,0.87654513
ILMN_070,cg016,19.017218,14.268722,1.3327906,0.18260056
ILMN_070,cg017,4.903455,13.833987,0.35444987,0.7230018
ILMN_070,cg018,8.0000515,15.852302,0.5046618,0.6137964
ILMN_070,cg019,8.322821,12.938485,0.64326084,0.5200549
ILMN_070,cg020,-3.024416,15.341071,-0.19714503,0.84371406
ILMN_070,cg021,-6.7142186,14.999397,-0.44763255,0.6544184
ILMN_070,cg022,-2.472948,14.580018,-0.16961214,0.8653152
ILMN_070,cg023,15.841393,13.426959,1.17982,0.23807186
ILMN_070,cg024,-1.501854,13.756379,-0.10917509,0.91306365
ILMN_070,cg025,7.6334476,13.311114,0.5734642,0.56633043
ILMN_070,cg026,-6.9280434,14.5446825,-0.47632825,0.63384056
ILMN_070,cg027,-13.838374,13.326958,-1.0383745,0.29909575
ILMN_070,cg028,0.2217331,16.02354,0.013837959,0.98895925
ILMN_070,cg029,-3.8262444,16.866302,-0.22685733,0.8205347
ILMN_070,cg030,-8.187797,13.860332,-0.590736,0.5546974
ILMN_070,cg031,-1.6029701,14.869036,-0.10780592,0.91414964
ILMN_070,cg032,-6.0482693,13.975631,-0.43277255,0.66518
ILMN_070,cg033,-7.4911957,13.8527,-0.5407751,0.5886626
ILMN_070,cg034,-13.955021,15.847479,-0.88058305,0.37854356
ILMN_070,cg035,-9.97615,12.991562,-0.76789457,0.44254982
ILMN_070,cg036,18.258015,13.980726,1.3059418,0.19157237
ILMN_070,cg037,-2.8798828,13.9234295,-0.20683718,0.83613706
ILMN_070,cg038,-22.86283,14.649546,-1.5606511,0.11860609
ILMN_070,cg039,-1.9298134,15.002681,-0.12863123,0.89764947
ILMN_070,cg040,3.093151,15.306236,0.20208436,0.8398508
ILMN_070,cg041,16.009691,14.891139,1.0751153,0.28232312
ILMN_070,cg042,-8.347078,13.431788,-0.6214421,0.5343088
ILMN_070,cg043,-9.14816,14.943592,-0.61217946,0.54041904
ILMN_070,cg044,-6.368637,14.355797,-0.44362825,0.6573114
ILMN_070,cg045,3.54954,14.403706,0.24643242,0.8053475
ILMN_070,cg046,14.645911,12.318734,1.1889137,0.23447365
ILMN_070,cg047,-0.34395027,15.031327,-0.022882229,0.9817442
ILMN_070,cg048,0.7020149,13.686559,0.05129229,0.9590926
ILMN_070,cg049,2.5874977,14.385605,0.17986715,0.8572569
ILMN_070,cg050,-3.337757,13.497342,-0.24728996,0.8046838
ILMN_070,cg051,-12.939256,14.504851,-0.892064,0.37235868
ILMN_070,cg052,-14.541134,13.63169,-1.0667154,0.2861004
ILMN_070,cg053,8.107912,14.802629,0.54773456,0.5838742
ILMN_070,cg054,-5.2779565,14.977883,-0.35238335,0.72455084
ILMN_070,cg055,40.579395,11.728511,3.4598932,0.0005403757
ILMN_070,cg056,-25.166391,15.046314,-1.6725951,0.09440702
ILMN_070,cg057,1.5048771,17.127417,0.08786364,0.92998505
ILMN_070,cg058,9.489687,13.288847,0.7141091,0.4751597
ILMN_070,cg059,-1.5510406,13.495391,-0.11493114,0.9084997
ILMN_070,cg060,-0.6234522,13.789063,-0.045213528,0.9639371
ILMN_070,cg061,-4.3061733,13.471515,-0.31965026,0.7492335
ILMN_070,cg062,-12.737038,14.665914,-0.86847895,0.3851322
ILMN_070,cg063,-7.4377575,14.224742,-0.5228747,0.60106146
ILMN_070,cg064,-7.511447,14.155555,-0.530636,0.59567106
ILMN_070,cg065,-13.121369,14.722949,-0.89121884,0.3728118
ILMN_070,cg066,-0.9728737,14.874796,-0.06540417,0.9478522
ILMN_070,cg067,3.9743075,13.679537,0.2905294,0.7714113
ILMN_070,cg068,16.305182,13.232628,1.2321953,0.21787614
ILMN_070,cg069,11.929583,14.294076,0.83458227,0.40395296
ILMN_070,cg070,5.480402,13.966395,0.39239916,0.6947633
ILMN_070,cg071,12.6384,13.390781,0.9438135,0.34526497
ILMN_070,cg072,15.207079,14.682179,1.0357507,0.30031848
ILMN_070,cg073,17.68401,13.043653,1.3557559,0.17517686
ILMN_070,cg074,-0.55627966,16.465498,-0.033784565,0.9730489
ILMN_070,cg075,-37.23658,13.4303465,-2.7725704,0.0055615306
ILMN_070,cg076,-12.989811,16.928244,-0.7673455,0.4428761
ILMN_070,cg077,23.206636,13.903476,1.6691248,0.095092654
ILMN_070,cg078,-25.640385,14.879997,-1.7231444,0.08486241
ILMN_070,cg079,-3.7295856,13.933995,-0.2676609,0.78896034
ILMN_070,cg080,5.1352396,13.053698,0.3933935,0.69402885
ILMN_070,cg081,-13.637337,14.899586,-0.91528296,0.3600431
ILMN_070,cg082,-24.172314,13.394371,-1.8046621,0.07112759
ILMN_070,cg083,-15.190077,14.216339,-1.0684943,0.28529757
ILMN_070,cg084,2.913468,15.279305,0.19068065,0.8487758
ILMN_070,cg085,-6.609661,15.154047,-0.43616474,0.6627172
ILMN_070,cg086,36.117092,13.585787,2.6584468,0.00785017
ILMN_070,cg087,-12.066685,13.744893,-0.87790316,0.37999624
ILMN_070,cg088,10.10809,13.573956,0.744668,0.45647246
ILMN_070,cg089,-8.1998415,15.035297,-0.5453727,0.5854972
ILMN_070,cg090,-30.704557,16.053173,-1.9126784,0.055789232
ILMN_070,cg091,-0.085199356,13.667134,-0.006233886,0.9950261
ILMN_070,cg092,-14.912491,13.540402,-1.1013329,0.27075177
ILMN_070,cg093,-14.625703,14.326811,-1.0208625,0.30731964
ILMN_070,cg094,-36.581837,14.692571,-2.4898186,0.012780845
ILMN_070,cg095,16.989233,14.839479,1.1448672,0.2522642
ILMN_070,cg096,-15.82568,13.348837,-1.1855475,0.2358011
ILMN_070,cg097,8.558141,14.806384,0.5780034,0.56326187
ILMN_070,cg098,-4.618636,13.665225,-0.33798465,0.73537475
ILMN_070,cg099,-9.80994,13.757243,-0.71307456,0.47579962
ILMN_070,cg100,22.492006,15.565016,1.4450359,0.14844781
ILMN_071,cg001,-11.363422,13.159865,-0.86349076,0.3878677
ILMN_071,cg002,13.402927,15.168029,0.88363016,0.3768959
ILMN_071,cg003,-23.44291,14.222607,-1.648285,0.099294186
ILMN_071,cg004,31.116478,15.213159,2.045366,0.04081881
ILMN_071,cg005,-16.274403,14.533061,-1.1198193,0.2627908
ILMN_071,cg006,12.466324,14.276428,0.87321025,0.3825485
ILMN_071,cg007,-1.5455294,13.467117,-0.11476319,0.9086328
ILMN_071,cg008,-5.2848396,14.440427,-0.36597532,0.7143835
ILMN_071,cg009,-0.30207396,14.236276,-0.021218609,0.98307127
ILMN_071,cg010,-25.115112,14.543624,-1.7268813,0.084189
ILMN_071,cg011,2.7848377,13.910919,0.20019078,0.84133136
ILMN_071,cg012,-16.285583,15.119673,-1.0771122,0.28143013
ILMN_071,cg013,12.3272705,14.072589,0.87597746,0.3810423
ILMN_071,cg014,10.370408,12.923955,0.8024175,0.42231148
ILMN_071,cg015,10.380705,14.3378935,0.72400486,0.46906275
ILMN_071,cg016,25.897877,13.859335,1.8686234,0.06167525
ILMN_071,cg017,-7.0728416,13.655077,-0.51796424,0.60448325
ILMN_071,cg018,11.978538,15.615232,0.76710594,0.44301856
ILMN_071,cg019,9.9818325,12.7637205,0.7820473,0.43418682
ILMN_071,cg020,0.82517815,15.171988,0.05438827,0.9566258
ILMN_071,cg021,24.343853,14.420575,1.6881332,0.09138566
ILMN_071,cg022,6.5341434,14.3859825,0.4542021,0.64968336
ILMN_071,cg023,-9.11273,13.405968,-0.67975175,0.49666166
ILMN_071,cg024,-10.3818865,13.514807,-0.7681861,0.4423766
ILMN_071,cg025,-8.020787,13.153169,-0.60979885,0.54199505
ILMN_071,cg026,-5.761347,14.389132,-0.40039572,0.68886507
ILMN_071,cg027,-4.02207,13.315245,-0.30206504,0.7626025
ILMN_071,cg028,-8.045606,15.796306,-0.5093346,0.6105177
ILMN_071,cg029,-0.17451668,16.683207,-0.01046062,0.9916538
ILMN_071,cg030,19.186878,13.460024,1.4254713,0.15402102
ILMN_071,cg031,-9.796295,14.630149,-0.66959643,0.50311506
ILMN_071,cg032,7.26416,13.802812,0.5262812,0.5986929
ILMN_071,cg033,-12.381346,13.61631,-0.9093026,0.3631904
ILMN_071,cg034,32.599083,15.049279,2.1661558,0.030299306
ILMN_071,cg035,10.118417,12.839033,0.78809804,0.4306394
ILMN_071,cg036,18.760483,13.800652,1.3593911,0.17402273
ILMN_071,cg037,-10.798401,13.678651,-0.7894347,0.42985803
ILMN_071,cg038,-24.641514,14.409938,-1.710036,0.08725923
ILMN_071,cg039,11.415279,14.738417,0.77452546,0.4386201
ILMN_071,cg040,-5.2421265,15.118606,-0.34673345,0.7287916
ILMN_071,cg041,-3.9960642,14.893428,-0.26831058,0.78846025
ILMN_071,cg042,-27.151373,12.719067,-2.1346986,0.032785654
ILMN_071,cg043,16.961323,14.620848,1.1600779,0.2460171
ILMN_071,cg044,13.967654,14.072469,0.9925518,0.32092845
ILMN_071,cg045,-3.4970255,14.239461,-0.24558693,0.806002
ILMN_071,cg046,-2.4370594,12.358682,-0.19719413,0.8436756
ILMN_071,cg047,-18.88432,14.596759,-1.2937337,0.19575745
ILMN_071,cg048,17.196505,13.291139,1.2938323,0.19572335
ILMN_071,cg049,-14.990555,14.053762,-1.0666578,0.28612643
ILMN_071,cg050,25.794567,12.79914,2.015336,0.043869436
ILMN_071,cg051,-10.633891,14.377654,-0.7396124,0.45953524
ILMN_071,cg052,8.837423,13.579476,0.65079266,0.51518035
ILMN_071,cg053,19.524408,14.396421,1.3561987,0.17503595
ILMN_071,cg054,11.306332,14.732987,0.7674161,0.44283414
ILMN_071,cg055,-6.3756466,12.982271,-0.4911041,0.6233528
ILMN_071,cg056,31.617893,14.593826,2.1665254,0.030271053
ILMN_071,cg057,-24.514732,16.543198,-1.4818618,0.13837707
ILMN_071,cg058,13.913225,13.049621,1.0661786,0.28634292
ILMN_071,cg059,16.627312,13.116214,1.2676914,0.20490819
ILMN_071,cg060,-14.740924,13.457695,-1.0953528,0.2733621
ILMN_071,cg061,16.462442,13.109817,1.255734,0.20921248
ILMN_071,cg062,11.827475,14.512596,0.8149799,0.41508383
ILMN_071,cg063,2.6027384,14.098982,0.1846047,0.8535391
ILMN_071,cg064,-15.068281,13.859908,-1.0871848,0.27695513
ILMN_071,cg065,1.2055216,14.679046,0.082125336,0.93454707
ILMN_071,cg066,13.534165,14.569779,0.9289204,0.35293037
ILMN_071,cg067,11.986973,13.4200115,0.8932163,0.37174135
ILMN_071,cg068,-18.411724,13.015737,-1.4145741,0.15719336
ILMN_071,cg069,0.8149092,14.237095,0.05723845,0.95435524
ILMN_071,cg070,-2.54216,13.825084,-0.18388027,0.8541074
ILMN_071,cg071,11.378151,13.259886,0.85808814,0.3908438
ILMN_071,cg072,-11.619219,14.582686,-0.7967818,0.42557776
ILMN_071,cg073,-17.863716,12.883489,-1.3865589,0.16557628
ILMN_071,cg074,-16.419762,16.096834,-1.0200615,0.30769932
ILMN_071,cg075,0.41710854,14.343558,0.02907985,0.9768009
ILMN_071,cg076,-17.241032,16.648954,-1.0355624,0.30040634
ILMN_071,cg077,-6.7912097,14.119526,-0.48098,0.6305307
ILMN_071,cg078,5.2692566,15.157699,0.34762907,0.7281188
ILMN_071,cg079,-17.53997,13.541023,-1.2953209,0.19520956
ILMN_071,cg080,2.8264318,12.919762,0.2187681,0.8268307
ILMN_071,cg081,-2.87916,14.857079,-0.19379045,0.84633994
ILMN_071,cg082,0.14892483,13.702297,0.010868603,0.9913283
ILMN_071,cg083,-22.888996,13.821456,-1.656048,0.0977121
ILMN_071,cg084,15.353124,14.940459,1.0276206,0.30412835
ILMN_071,cg085,21.966988,14.658573,1.4985762,0.13398361
ILMN_071,cg086,8.770273,14.367626,0.6104191,0.54158425
ILMN_071,cg087,20.745865,13.35566,1.5533388,0.120342195
ILMN_071,cg088,5.5117803,13.475271,0.40902928,0.6825182
ILMN_071,cg089,9.340481,14.84803,0.62907207,0.5293019
ILMN_071,cg090,17.166138,16.293633,1.0535488,0.29208952
ILMN_071,cg091,7.869157,13.461325,0.58457524,0.55883336
ILMN_071,cg092,18.543232,13.282812,1.3960321,0.16270483
ILMN_071,cg093,-9.093982,14.260022,-0.63772565,0.5236523
ILMN_071,cg094,5.2238226,15.453593,0.33803287,0.73533845
ILMN_071,cg095,-5.201912,14.857958,-0.3501095,0.7262565
ILMN_071,cg096,-20.915531,13.036886,-1.6043348,0.10864025
ILMN_071,cg097,-12.676174,14.571163,-0.86994934,0.38432813
ILMN_071,cg098,-1.7325015,13.523692,-0.12810862,0.898063
ILMN_071,cg099,7.3877516,13.63182,0.54194903,0.5878536
ILMN_071,cg100,20.182491,15.448852,1.3064072,0.19141412
ILMN_072,cg001,9.511518,14.061456,0.6764248,0.49877095
ILMN_072,cg002,-12.847479,16.18325,-0.79387504,0.4272682
ILMN_072,cg003,-0.002723217,15.591087,-0.00017466498,0.99986064
ILMN_072,cg004,9.769535,16.864727,0.57928807,0.5623948
ILMN_072,cg005,-8.172205,15.644067,-0.5223837,0.60140324
ILMN_072,cg006,-2.8156567,15.327339,-0.18370159,0.85424757
ILMN_072,cg007,2.947751,14.340822,0.20554966,0.8371427
ILMN_072,cg008,-14.811144,15.248938,-0.97129023,0.3314038
ILMN_072,cg009,2.8803139,15.158797,0.1900094,0.84930176
ILMN_072,cg010,19.423124,15.727743,1.2349594,0.21684563
ILMN_072,cg011,8.616889,14.770005,0.5834046,0.559621
ILMN_072,cg012,19.031414,16.064283,1.1847036,0.23613465
ILMN_072,cg013,18.503757,14.866558,1.2446564,0.21325809
ILMN_072,cg014,35.952858,12.809236,2.8067918,0.0050037503
ILMN_072,cg015,-5.6145687,15.337363,-0.3660713,0.71431184
ILMN_072,cg016,-21.294722,14.987887,-1.4207954,0.15537626
ILMN_072,cg017,6.4841423,14.556565,0.44544452,0.6559986
ILMN_072,cg018,-30.856403,16.109507,-1.9154158,0.055439472
ILMN_072,cg019,17.139103,13.450851,1.2742021,0.20259184
ILMN_072,cg020,14.069414,16.02824,0.8777891,0.38005823
ILMN_072,cg021,-2.060523,15.826744,-0.13019247,0.89641416
ILMN_072,cg022,1.9647713,15.355732,0.12795036,0.89818823
ILMN_072,cg023,20.260077,14.037437,1.4432888,0.14893913
ILMN_072,cg024,8.247058,14.43708,0.5712414,0.56783605
ILMN_072,cg025,0.15173149,14.067429,0.010786015,0.99139416
ILMN_072,cg026,-5.5912,15.332033,-0.3646744,0.71535444
ILMN_072,cg027,0.33491135,14.197551,0.023589374,0.98118013
ILMN_072,cg028,-11.003815,16.795635,-0.6551592,0.5123653
ILMN_072,cg029,1.8018911,17.769209,0.10140525,0.9192288
ILMN_072,cg030,-15.032202,14.482435,-1.0379609,0.29928827
ILMN_072,cg031,-22.667538,15.299198,-1.481616,0.13844252
ILMN_072,cg032,1.6139183,14.745217,0.10945368,0.91284263
ILMN_072,cg033,-3.3036976,14.62594,-0.22587933,0.82129526
ILMN_072,cg034,-14.689077,16.688501,-0.8801915,0.37875557
ILMN_072,cg035,5.124954,13.747577,0.37278965,0.70930505
ILMN_072,cg036,-13.132907,14.86745,-0.88333285,0.37705642
ILMN_072,cg037,-2.3414173,14.664988,-0.15966037,0.8731486
ILMN_072,cg038,11.047545,15.746003,0.7016095,0.48292273
ILMN_072,cg039,23.349018,15.422023,1.514005,0.13002455
ILMN_072,cg040,-4.2416763,16.11344,-0.26323843,0.7923668
ILMN_072,cg041,13.735121,15.747405,0.87221485,0.38309115
ILMN_072,cg042,6.417679,14.172201,0.4528357,0.6506671
ILMN_072,cg043,9.850573,15.733606,0.62608486,0.5312593
ILMN_072,cg044,-21.428478,14.816738,-1.4462346,0.1481114
ILMN_072,cg045,9.969966,15.106652,0.6599719,0.50927186
ILMN_072,cg046,-12.122533,13.0483465,-0.9290474,0.35286456
ILMN_072,cg047,13.463374,15.704045,0.8573189,0.39126873
ILMN_072,cg048,16.63409,14.20301,1.1711665,0.24153185
ILMN_072,cg049,27.556417,14.599447,1.8874973,0.059093475
ILMN_072,cg050,5.1615777,14.202607,0.36342466,0.71628773
ILMN_072,cg051,-3.2025776,15.398825,-0.20797546,0.8352481
ILMN_072,cg052,-16.682905,14.321781,-1.1648625,0.24407464
ILMN_072,cg053,2.5103626,15.634458,0.16056602,0.8724352
ILMN_072,cg054,-28.721138,15.215621,-1.8876086,0.059078515
ILMN_072,cg055,2.1986651,13.861303,0.15861893,0.87396914
ILMN_072,cg056,20.849726,16.027252,1.3008921,0.19329542
ILMN_072,cg057,14.776978,17.90568,0.8252676,0.40921968
ILMN_072,cg058,-1.1549482,14.070302,-0.08208411,0.93457985
ILMN_072,cg059,-7.847149,14.166355,-0.55392855,0.57962775
ILMN_072,cg060,8.444037,14.46759,0.58365196,0.5594545
ILMN_072,cg061,19.786007,13.899235,1.4235321,0.15458196
ILMN_072,cg062,5.1624126,15.551601,0.33195376,0.7399242
ILMN_072,cg063,18.38622,14.777386,1.2442133,0.21342105
ILMN_072,cg064,-0.0907135,14.952226,-0.0060668895,0.9951593
ILMN_072,cg065,13.183683,15.516176,0.84967345,0.39550668
ILMN_072,cg066,3.3955383,15.65681,0.21687293,0.8283074
ILMN_072,cg067,-11.878412,14.311851,-0.8299704,0.40655553
ILMN_072,cg068,-11.581028,14.059571,-0.82371134,0.41010362
ILMN_072,cg069,1.7643986,15.163851,0.116355576,0.90737075
ILMN_072,cg070,-12.120683,14.623279,-0.8288622,0.4071824
ILMN_072,cg071,-14.457296,14.076725,-1.0270355,0.30440378
ILMN_072,cg072,-2.0413225,15.637599,-0.13053937,0.89613974
ILMN_072,cg073,-12.2386055,13.890799,-0.88105845,0.37828618
ILMN_072,cg074,-3.9683342,17.329535,-0.22899254,0.8188747
ILMN_072,cg075,-20.957556,14.963366,-1.400591,0.16133642
ILMN_072,cg076,18.81506,17.724436,1.0615323,0.2884481
ILMN_072,cg077,0.1606741,15.078058,0.010656153,0.99149776
ILMN_072,cg078,-1.9353218,16.164858,-0.11972402,0.90470177
ILMN_072,cg079,-10.797749,14.5982275,-0.73966163,0.45950538
ILMN_072,cg080,20.216608,13.442953,1.5038815,0.13261187
ILMN_072,cg081,-6.460785,15.803733,-0.40881386,0.6826763
ILMN_072,cg082,-0.42290497,14.595756,-0.028974516,0.9768849
ILMN_072,cg083,11.5039,15.060114,0.76386535,0.44494748
ILMN_072,cg084,8.051386,16.05258,0.5015634,0.6159747
ILMN_072,cg085,-11.018806,15.908373,-0.692642,0.48853427
ILMN_072,cg086,31.102499,14.666222,2.1206894,0.033947945
ILMN_072,cg087,11.504204,14.496076,0.7936081,0.4274236
ILMN_072,cg088,-6.478447,14.348359,-0.45151135,0.65162104
ILMN_072,cg089,17.740683,15.667353,1.1323345,0.25749385
ILMN_072,cg090,10.316347,17.498362,0.58956075,0.5554852
ILMN_072,cg091,8.41474,14.338771,0.58685225,0.55730295
ILMN_072,cg092,8.794991,14.387328,0.6113012,0.54100025
ILMN_072,cg093,-0.9415188,15.256334,-0.061713304,0.9507911
ILMN_072,cg094,1.0548258,16.481071,0.06400226,0.9489684
ILMN_072,cg095,21.734955,15.520574,1.4003963,0.16139466
ILMN_072,cg096,7.4643984,14.227791,0.5246351,0.5998369
ILMN_072,cg097,9.856905,15.580925,0.6326264,0.52697766
ILMN_072,cg098,-5.4135017,14.386061,-0.37630188,0.70669246
ILMN_072,cg099,5.3217545,14.545932,0.3658586,0.71447057
ILMN_072,cg100,-18.962923,16.523954,-1.147602,0.2511329
ILMN_073,cg001,-19.115753,11.266662,-1.6966653,0.089759946
ILMN_073,cg002,2.962458,13.384004,0.22134317,0.8248252
ILMN_073,cg003,-6.3758163,12.779122,-0.49892443,0.6178326
ILMN_073,cg004,8.813337,13.85004,0.6363402,0.5245547
ILMN_073,cg005,-12.106628,12.7711315,-0.94796836,0.34314555
ILMN_073,cg006,-11.101389,12.494753,-0.88848406,0.37428045
ILMN_073,cg007,15.937866,11.5549965,1.3793051,0.16780072
ILMN_073,cg008,0.37303066,12.660195,0.029464843,0.97649384
ILMN_073,cg009,2.9113894,12.455865,0.23373643,0.8151896
ILMN_073,cg010,15.8174095,12.929855,1.2233245,0.22120714
ILMN_073,cg011,-28.730438,11.423549,-2.5150187,0.01190263
ILMN_073,cg012,-18.582148,13.119423,-1.4163846,0.15666294
ILMN_073,cg013,-22.206821,11.982955,-1.8532008,0.06385356
ILMN_073,cg014,-2.4837112,11.387344,-0.21811154,0.8273422
ILMN_073,cg015,7.626111,12.573298,0.6065323,0.5441614
ILMN_073,cg016,23.490894,12.099306,1.9415076,0.05219674
ILMN_073,cg017,21.477161,11.563444,1.8573326,0.06326383
ILMN_073,cg018,3.4687614,13.748061,0.25230914,0.8008021
ILMN_073,cg019,0.21627808,11.248038,0.019228071,0.9846592
ILMN_073,cg020,-3.534008,13.272573,-0.26626396,0.79003596
ILMN_073,cg021,22.701607,12.571772,1.8057604,0.07095581
ILMN_073,cg022,17.855019,12.344889,1.4463491,0.14807928
ILMN_073,cg023,-22.892199,11.301857,-2.0255253,0.04281348
ILMN_073,cg024,-11.829976,11.778789,-1.0043458,0.315212
ILMN_073,cg025,5.106006,11.536899,0.4425805,0.65806925
ILMN_073,cg026,-0.34859782,12.618844,-0.027625179,0.9779611
ILMN_073,cg027,1.7198105,11.665677,0.14742483,0.8827967
ILMN_073,cg028,14.757477,13.696113,1.0774938,0.28125972
ILMN_073,cg029,1.4114933,14.603907,0.09665176,0.92300296
ILMN_073,cg030,-4.3122673,12.024276,-0.35863012,0.7198718
ILMN_073,cg031,-18.605244,12.574541,-1.4795963,0.13898104
ILMN_073,cg032,-11.43343,12.002236,-0.9526083,0.34078854
ILMN_073,cg033,-4.1824684,12.011283,-0.34821162,0.7276813
ILMN_073,cg034,18.974495,13.544681,1.4008816,0.16124946
ILMN_073,cg035,-3.0589867,11.306612,-0.27054846,0.78673834
ILMN_073,cg036,-10.94153,12.216061,-0.8956676,0.37043035
ILMN_073,cg037,-2.4329987,12.05053,-0.2018997,0.83999515
ILMN_073,cg038,17.40556,12.754405,1.3646704,0.17235667
ILMN_073,cg039,13.154434,12.841013,1.0244079,0.30564266
ILMN_073,cg040,8.946318,13.187115,0.67841357,0.49750954
ILMN_073,cg041,17.715971,12.78459,1.3857286,0.16582978
ILMN_073,cg042,21.542229,11.233043,1.9177555,0.055142045
ILMN_073,cg043,-15.067558,12.794316,-1.177676,0.23892581
ILMN_073,cg044,-11.6943035,12.331052,-0.94836223,0.34294504
ILMN_073,cg045,6.81985,12.433563,0.5485033,0.58334637
ILMN_073,cg046,-3.5358381,10.8114605,-0.32704538,0.74363357
ILMN_073,cg047,14.915947,12.821948,1.1633136,0.24470228
ILMN_073,cg048,-9.480414,11.76284,-0.80596304,0.42026412
ILMN_073,cg049,-10.240255,12.362785,-0.82831293,0.4074933
ILMN_073,cg050,1.7867107,11.6862955,0.1528894,0.8784855
ILMN_073,cg051,22.748919,12.209241,1.8632541,0.062426567
ILMN_073,cg052,29.805742,11.104857,2.6840274,0.0072740912
ILMN_073,cg053,10.582077,12.757845,0.82945645,0.40684617
ILMN_073,cg054,6.9980974,12.939273,0.54084164,0.5886167
ILMN_073,cg055,-17.415127,11.102065,-1.5686386,0.11673218
ILMN_073,cg056,-7.3984346,13.367793,-0.5534522,0.5799538
ILMN_073,cg057,-9.010311,14.76481,-0.61025584,0.5416924
ILMN_073,cg058,-7.2562904,11.515035,-0.63015795,0.5285913
ILMN_073,cg059,-12.450394,11.53635,-1.0792316,0.2804845
ILMN_073,cg060,-19.327084,11.58904,-1.6677036,0.095374584
ILMN_073,cg061,12.878708,11.5166,1.1182735,0.2634502
ILMN_073,cg062,7.194401,12.752459,0.56415796,0.5726466
ILMN_073,cg063,18.947014,12.027405,1.5753202,0.11518252
ILMN_073,cg064,-8.740213,12.220848,-0.7151888,0.47449243
ILMN_073,cg065,14.497129,12.672768,1.1439593,0.25264055
ILMN_073,cg066,18.224504,12.590707,1.4474568,0.14776903
ILMN_073,cg067,17.33223,11.571214,1.4978749,0.13416576
ILMN_073,cg068,-0.64081573,11.639487,-0.055055324,0.9560944
ILMN_073,cg069,-19.102238,12.141982,-1.5732388,0.11566353
ILMN_073,cg070,11.489423,11.988572,0.95836455,0.33787894
ILMN_073,cg071,-11.039852,11.58718,-0.95276433,0.3407095
ILMN_073,cg072,1.7588005,12.851642,0.13685416,0.89114606
ILMN_073,cg073,3.9754553,11.49725,0.34577447,0.7295122
ILMN_073,cg074,-6.2414465,14.220777,-0.43889633,0.6607367
ILMN_073,cg075,-0.59181404,12.556932,-0.04713046,0.96240926
ILMN_073,cg076,18.944183,14.477314,1.3085427,0.19068927
ILMN_073,cg077,-11.162085,12.282261,-0.9087972,0.3634572
ILMN_073,cg078,5.8818755,13.258947,0.4436156,0.65732056
ILMN_073,cg079,23.542053,11.558871,2.0367086,0.041679263
ILMN_073,cg080,-4.966695,11.292814,-0.4398102,0.6600746
ILMN_073,cg081,13.147034,12.866796,1.0217799,0.30688512
ILMN_073,cg082,-1.484045,11.993744,-0.12373493,0.90152514
ILMN_073,cg083,2.3121796,12.450854,0.18570448,0.8526765
ILMN_073,cg084,4.3459263,13.213431,0.32890218,0.7422296
ILMN_073,cg085,17.284712,12.892958,1.340632,0.18004
ILMN_073,cg086,-11.341673,12.517829,-0.9060415,0.36491388
ILMN_073,cg087,21.590805,11.564854,1.8669329,0.061910987
ILMN_073,cg088,16.188457,11.574872,1.3985863,0.16193706
ILMN_073,cg089,-20.181026,12.710926,-1.5876913,0.11235613
ILMN_073,cg090,5.3745403,14.413623,0.3728792,0.70923835
ILMN_073,cg091,-13.853243,11.650769,-1.189041,0.23442352
ILMN_073,cg092,10.433392,11.7721815,0.8862751,0.37546933
ILMN_073,cg093,-15.030922,12.341651,-1.2179021,0.22326118
ILMN_073,cg094,2.1998463,13.541812,0.16244844,0.8709527
ILMN_073,cg095,-18.829817,12.725442,-1.4796984,0.13895375
ILMN_073,cg096,9.716066,11.640327,0.8346901,0.40389222
ILMN_073,cg097,-1.0554128,12.859943,-0.082069784,0.93459123
ILMN_073,cg098,27.142612,11.144723,2.4354677,0.014872551
ILMN_073,cg099,-2.8678284,11.964594,-0.23969291,0.81056833
ILMN_073,cg100,1.2844238,13.772063,0.09326299,0.92569464
ILMN_074,cg001,-0.12120056,14.301399,-0.008474735,0.9932382
ILMN_074,cg002,-3.3383331,16.482628,-0.20253646,0.8394973
ILMN_074,cg003,1.5981035,15.777106,0.101292565,0.9193182
ILMN_074,cg004,3.809533,17.120775,0.22250938,0.8239174
ILMN_074,cg005,-5.679949,15.857275,-0.358192,0.72019964
ILMN_074,cg006,-8.890522,15.462165,-0.57498556,0.56530106
ILMN_074,cg007,1.4859414,14.518553,0.10234776,0.91848063
ILMN_074,cg008,-3.4561691,15.581713,-0.22180933,0.8244623
ILMN_074,cg009,22.312317,14.990655,1.4884151,0.13664144
ILMN_074,cg010,5.972373,16.1549,0.36969423,0.7116103
ILMN_074,cg011,-21.32408,14.669959,-1.4535882,0.14606053
ILMN_074,cg012,-5.3603616,16.484983,-0.32516634,0.7450552
ILMN_074,cg013,-2.6479797,15.291879,-0.17316249,0.8625237
ILMN_074,cg014,12.166627,13.914588,0.8743792,0.3819118
ILMN_074,cg015,-13.257526,15.421286,-0.85969007,0.38995987
ILMN_074,cg016,12.296354,15.391237,0.79891914,0.42433733
ILMN_074,cg017,-16.734354,14.555987,-1.1496544,0.25028628
ILMN_074,cg018,-29.294235,16.381372,-1.788265,0.07373327
ILMN_074,cg019,7.3760815,13.808244,0.53417957,0.5932173
ILMN_074,cg020,13.825571,16.229053,0.8519025,0.3942682
ILMN_074,cg021,-6.79212,15.988979,-0.4248001,0.67098236
ILMN_074,cg022,-17.517076,15.32736,-1.1428633,0.2530954
ILMN_074,cg023,10.948116,14.434632,0.7584617,0.44817466
ILMN_074,cg024,8.272628,14.61187,0.56615806,0.5712863
ILMN_074,cg025,-20.36913,13.9165,-1.4636675,0.1432848
ILMN_074,cg026,-1.898776,15.536581,-0.12221325,0.9027301
ILMN_074,cg027,5.0403385,14.3494,0.3512578,0.72539496
ILMN_074,cg028,-10.91492,17.001043,-0.6420147,0.52086365
ILMN_074,cg029,31.982735,17.356026,1.8427453,0.06536621
ILMN_074,cg030,22.078562,14.465747,1.5262649,0.12694395
ILMN_074,cg031,2.067402,15.84567,0.1304711,0.89619374
ILMN_074,cg032,-20.328138,14.620699,-1.390367,0.16441745
ILMN_074,cg033,-17.960651,14.571626,-1.2325771,0.21773362
ILMN_074,cg034,0.36257553,17.031046,0.021289093,0.98301506
ILMN_074,cg035,8.659641,13.875533,0.6240943,0.53256565
ILMN_074,cg036,-18.559406,14.924803,-1.2435278,0.21367341
ILMN_074,cg037,31.922935,14.079835,2.2672806,0.023373067
ILMN_074,cg038,25.547369,15.571573,1.6406415,0.10087186
ILMN_074,cg039,-14.673035,15.844896,-0.9260417,0.3544243
ILMN_074,cg040,15.282675,16.163477,0.94550663,0.3444003
ILMN_074,cg041,9.17062,16.011318,0.5727586,0.56680816
ILMN_074,cg042,-21.051258,14.035732,-1.4998332,0.13365763
ILMN_074,cg043,6.587286,15.961278,0.41270417,0.6798234
ILMN_074,cg044,-22.139074,14.980809,-1.477829,0.13945353
ILMN_074,cg045,-0.9070387,15.360226,-0.05905113,0.9529114
ILMN_074,cg046,5.7959137,13.301393,0.43573737,0.6630273
ILMN_074,cg047,-26.796082,15.524817,-1.7260159,0.084344566
ILMN_074,cg048,-14.942444,14.419462,-1.0362692,0.30007654
ILMN_074,cg049,17.777153,15.111141,1.1764269,0.23942435
ILMN_074,cg050,-1.7719083,14.391912,-0.12311833,0.9020134
ILMN_074,cg051,21.067406,15.279065,1.3788413,0.16794372
ILMN_074,cg052,-3.4793224,14.697542,-0.23672818,0.8128677
ILMN_074,cg053,-13.102396,15.708849,-0.8340774,0.4042374
ILMN_074,cg054,25.188446,15.546706,1.6201789,0.10519385
ILMN_074,cg055,-2.3103018,14.027948,-0.16469277,0.8691858
ILMN_074,cg056,19.59959,16.261175,1.2052997,0.2280876
ILMN_074,cg057,-4.8086815,18.241217,-0.26361626,0.79207563
ILMN_074,cg058,-10.059179,14.1633625,-0.71022534,0.47756445
ILMN_074,cg059,5.0474987,14.365445,0.3513639,0.72531533
ILMN_074,cg060,10.956097,14.6069,0.75006306,0.45321673
ILMN_074,cg061,21.117115,14.031852,1.5049415,0.13233912
ILMN_074,cg062,8.153666,15.711819,0.5189511,0.6037948
ILMN_074,cg063,3.1333265,15.197912,0.20616822,0.8366595
ILMN_074,cg064,-14.587235,14.978691,-0.9738658,0.3301232
ILMN_074,cg065,-24.364645,15.412679,-1.5808183,0.113919616
ILMN_074,cg066,7.4691772,15.815182,0.47227895,0.6367277
ILMN_074,cg067,14.541338,14.433902,1.0074433,0.31372178
ILMN_074,cg068,15.828905,14.142178,1.1192693,0.26302528
ILMN_074,cg069,-8.637968,15.29581,-0.5647277,0.57225895
ILMN_074,cg070,4.8888283,14.892072,0.32828397,0.742697
ILMN_074,cg071,2.6703396,14.403294,0.18539785,0.85291696
ILMN_074,cg072,6.1351566,15.803,0.3882273,0.69784784
ILMN_074,cg073,-11.901965,14.067186,-0.84608,0.39750808
ILMN_074,cg074,13.382613,17.436956,0.7674856,0.44279283
ILMN_074,cg075,9.545857,15.398923,0.6199042,0.5353209
ILMN_074,cg076,-13.963024,18.039192,-0.7740382,0.43890822
ILMN_074,cg077,-3.8100858,15.249333,-0.24985261,0.80270135
ILMN_074,cg078,38.14581,15.365075,2.4826307,0.0130416155
ILMN_074,cg079,23.360428,14.457015,1.6158541,0.10612589
ILMN_074,cg080,0.06376076,13.935293,0.004575487,0.9963493
ILMN_074,cg081,-13.978411,15.889998,-0.8796987,0.37902254
ILMN_074,cg082,2.1808996,14.76818,0.14767559,0.8825988
ILMN_074,cg083,10.22613,15.263569,0.66996974,0.5028771
ILMN_074,cg084,35.659725,15.418472,2.3127923,0.020734072
ILMN_074,cg085,10.093267,16.115143,0.6263219,0.53110385
ILMN_074,cg086,14.518137,15.403496,0.9425222,0.34592533
ILMN_074,cg087,6.183999,14.742588,0.41946495,0.67487633
ILMN_074,cg088,17.467175,14.323623,1.2194662,0.22266728
ILMN_074,cg089,10.629362,15.998937,0.6643793,0.50644755
ILMN_074,cg090,42.852875,16.615091,2.5791538,0.009904265
ILMN_074,cg091,16.531359,14.3603,1.1511848,0.2496562
ILMN_074,cg092,7.1911516,14.581133,0.49318194,0.62188405
ILMN_074,cg093,-3.856102,15.430248,-0.24990538,0.8026605
ILMN_074,cg094,0.8820982,16.679804,0.052884206,0.9578242
ILMN_074,cg095,-3.218377,16.031816,-0.20074937,0.8408946
ILMN_074,cg096,6.021288,14.414851,0.41771418,0.6761561
ILMN_074,cg097,-8.377886,15.788781,-0.5306227,0.59568024
ILMN_074,cg098,18.597435,14.32158,1.2985603,0.1940949
ILMN_074,cg099,10.750686,14.657063,0.7334816,0.46326476
ILMN_074,cg100,-2.9026718,16.955267,-0.17119588,0.86406976
ILMN_075,cg001,5.813549,14.395458,0.40384606,0.6863259
ILMN_075,cg002,4.7431974,16.6131,0.28550947,0.7752539
ILMN_075,cg003,-2.6989372,15.905783,-0.16968277,0.86525965
ILMN_075,cg004,-22.623701,16.948032,-1.3348866,0.1819135
ILMN_075,cg005,27.264755,15.499273,1.7590989,0.07856071
ILMN_075,cg006,-29.127836,15.0464325,-1.9358633,0.05288446
ILMN_075,cg007,14.83256,14.477332,1.0245368,0.30558175
ILMN_075,cg008,8.294725,15.672716,0.5292462,0.5966347
ILMN_075,cg009,-38.485527,14.39784,-2.673007,0.007517457
ILMN_075,cg010,-3.4687757,16.3061,-0.21272871,0.83153856
ILMN_075,cg011,-4.0883694,15.11649,-0.27045757,0.78680825
ILMN_075,cg012,-14.691881,16.50029,-0.8904014,0.37325037
ILMN_075,cg013,0.40138197,15.424613,0.026022175,0.97923964
ILMN_075,cg014,-21.269386,13.795059,-1.541812,0.123119295
ILMN_075,cg015,-11.230616,15.586906,-0.720516,0.47120732
ILMN_075,cg016,7.531168,15.587693,0.48314834,0.6289904
ILMN_075,cg017,7.54745,14.84538,0.50840396,0.61117005
ILMN_075,cg018,-17.24139,16.892622,-1.0206462,0.3074221
ILMN_075,cg019,2.138361,13.963226,0.15314233,0.878286
ILMN_075,cg020,-12.005652,16.398035,-0.7321397,0.4640833
ILMN_075,cg021,12.501818,16.048714,0.7789919,0.4359845
ILMN_075,cg022,-26.185818,15.1903925,-1.7238407,0.084736586
ILMN_075,cg023,-12.073606,14.537432,-0.8305185,0.4062457
ILMN_075,cg024,8.927883,14.7265415,0.6062444,0.54435253
ILMN_075,cg025,30.608643,13.628063,2.246001,0.02470392
ILMN_075,cg026,4.2833285,15.656262,0.27358565,0.7844031
ILMN_075,cg027,-32.609818,13.667703,-2.3859034,0.017037213
ILMN_075,cg028,9.82516,17.158745,0.57260364,0.5669131
ILMN_075,cg029,-2.9565258,18.130327,-0.16307074,0.8704627
ILMN_075,cg030,0.74961853,14.951037,0.050138228,0.96001226
ILMN_075,cg031,21.11191,15.674994,1.3468528,0.17802763
ILMN_075,cg032,6.402197,15.019872,0.42624843,0.6699268
ILMN_075,cg033,-5.2126923,14.9143095,-0.34950945,0.72670686
ILMN_075,cg034,-27.548464,16.68624,-1.650969,0.09874493
ILMN_075,cg035,-17.862185,13.801597,-1.2942115,0.1955924
ILMN_075,cg036,-7.078596,15.264785,-0.46372065,0.6428479
ILMN_075,cg037,18.483963,14.719652,1.2557337,0.20921254
ILMN_075,cg038,1.9932737,16.151926,0.1234078,0.9017842
ILMN_075,cg039,17.101006,15.927242,1.0736953,0.28295928
ILMN_075,cg040,-11.89819,16.362429,-0.7271652,0.46712476
ILMN_075,cg041,-2.7849846,16.197418,-0.17194003,0.8634847
ILMN_075,cg042,20.663288,14.171185,1.45812,0.14480746
ILMN_075,cg043,-9.231266,16.06692,-0.5745511,0.5655949
ILMN_075,cg044,6.805179,15.42788,0.4410962,0.6591433
ILMN_075,cg045,34.78521,14.615434,2.3800328,0.017311096
ILMN_075,cg046,17.068218,13.202525,1.2927995,0.19608045
ILMN_075,cg047,28.535877,15.5960045,1.8296915,0.06729609
ILMN_075,cg048,-1.4915447,14.707085,-0.10141675,0.9192196
ILMN_075,cg049,8.633781,15.412495,0.56018066,0.57535625
ILMN_075,cg050,-11.559832,14.414185,-0.8019761,0.42256683
ILMN_075,cg051,-1.517662,15.720349,-0.09654124,0.9230907
ILMN_075,cg052,2.508946,14.824806,0.16923971,0.8656081
ILMN_075,cg053,-13.240095,15.839647,-0.8358832,0.4032206
ILMN_075,cg054,2.9257116,16.111973,0.18158618,0.8559075
ILMN_075,cg055,-11.162804,14.053328,-0.7943175,0.42701066
ILMN_075,cg056,-20.68576,16.37235,-1.263457,0.20642501
ILMN_075,cg057,11.710482,18.326426,0.63899434,0.5228267
ILMN_075,cg058,-26.32198,13.825455,-1.903878,0.05692607
ILMN_075,cg059,-37.00177,13.439861,-2.7531364,0.0059027076
ILMN_075,cg060,8.556352,14.764997,0.57950246,0.5622502
ILMN_075,cg061,-8.496677,14.439036,-0.5884518,0.55622905
ILMN_075,cg062,2.4409752,15.8853855,0.15366168,0.8778765
ILMN_075,cg063,28.875172,14.72907,1.9604206,0.049946666
ILMN_075,cg064,10.162407,15.18506,0.6692372,0.5033442
ILMN_075,cg065,-6.1714363,15.932119,-0.38735816,0.6984911
ILMN_075,cg066,8.986231,15.930993,0.56407225,0.572705
ILMN_075,cg067,3.6182957,14.704568,0.2460661,0.80563104
ILMN_075,cg068,9.950748,14.378612,0.6920521,0.4889046
ILMN_075,cg069,-5.5898676,15.45508,-0.3616848,0.7175876
ILMN_075,cg070,0.8382902,15.033626,0.055761013,0.9555322
ILMN_075,cg071,18.900806,14.259351,1.3255026,0.18500447
ILMN_075,cg072,-4.4255924,15.947838,-0.27750424,0.78139293
ILMN_075,cg073,20.175827,13.981765,1.4430101,0.14901763
ILMN_075,cg074,3.9662886,17.685259,0.22427088,0.82254654
ILMN_075,cg075,-2.381321,15.588411,-0.15276226,0.87858576
ILMN_075,cg076,-5.2748337,18.291529,-0.28837577,0.7730591
ILMN_075,cg077,-8.271043,15.338831,-0.5392225,0.58973336
ILMN_075,cg078,-15.704362,16.335575,-0.9613596,0.33637142
ILMN_075,cg079,7.5795026,14.944145,0.5071888,0.6120224
ILMN_075,cg080,16.22314,13.846698,1.1716253,0.24134755
ILMN_075,cg081,2.7304935,16.15202,0.16904967,0.8657576
ILMN_075,cg082,18.299776,14.648743,1.2492387,0.21157777
ILMN_075,cg083,34.2462,14.618599,2.342646,0.019147575
ILMN_075,cg084,-19.079609,16.183771,-1.1789347,0.23842418
ILMN_075,cg085,-1.8716049,16.316656,-0.114705175,0.9086788
ILMN_075,cg086,-12.601369,15.571058,-0.80928147,0.41835326
ILMN_075,cg087,12.557217,14.778702,0.84968334,0.3955012
ILMN_075,cg088,6.8846736,14.639811,0.47027066,0.63816166
ILMN_075,cg089,-5.7096367,16.188013,-0.35270768,0.7243076
ILMN_075,cg090,-7.304409,17.892094,-0.40824786,0.6830917
ILMN_075,cg091,-36.190796,13.683842,-2.6447833,0.0081743
ILMN_075,cg092,-29.822931,14.070781,-2.1194937,0.034048796
ILMN_075,cg093,-13.835616,15.435572,-0.8963462,0.3700679
ILMN_075,cg094,-6.0340986,16.796194,-0.3592539,0.7194052
ILMN_075,cg095,-18.643171,15.937602,-1.1697601,0.24209756
ILMN_075,cg096,8.03492,14.514618,0.5535743,0.5798702
ILMN_075,cg097,14.004217,15.835358,0.88436383,0.3764999
ILMN_075,cg098,2.5953853,14.698623,0.17657337,0.8598435
ILMN_075,cg099,-17.884024,14.630027,-1.222419,0.22154921
ILMN_075,cg100,3.7409353,17.093544,0.21885078,0.8267663
ILMN_076,cg001,2.4233875,13.2259445,0.18322983,0.8546177
ILMN_076,cg002,-12.970581,15.13515,-0.85698396,0.39145374
ILMN_076,cg003,-6.7554975,14.563596,-0.4638619,0.6427467
ILMN_076,cg004,7.738912,15.806459,0.4896044,0.62441385
ILMN_076,cg005,30.1277,14.002916,2.1515305,0.031434357
ILMN_076,cg006,2.1627502,14.352397,0.15068913,0.88022095
ILMN_076,cg007,12.1329775,13.313537,0.9113264,0.36212343
ILMN_076,cg008,-13.942741,14.275676,-0.9766782,0.3287285
ILMN_076,cg009,-36.495182,13.139302,-2.7775586,0.005476892
ILMN_076,cg010,-14.636982,14.811286,-0.98823166,0.32303923
ILMN_076,cg011,5.6766577,13.854665,0.40972897,0.68200475
ILMN_076,cg012,-20.112196,14.977661,-1.3428129,0.17933261
ILMN_076,cg013,-4.9646897,14.132754,-0.3512896,0.7253711
ILMN_076,cg014,-16.824162,12.740196,-1.3205575,0.18664896
ILMN_076,cg015,7.019854,14.343668,0.48940438,0.62455547
ILMN_076,cg016,20.644226,14.01063,1.4734688,0.14062464
ILMN_076,cg017,-6.347742,13.626273,-0.4658458,0.6413259
ILMN_076,cg018,3.0493622,15.666503,0.19464217,0.8456731
ILMN_076,cg019,-19.81139,12.476711,-1.5878695,0.11231583
ILMN_076,cg020,7.636967,15.090127,0.50609034,0.6127932
ILMN_076,cg021,3.9379482,14.809611,0.2659049,0.79031247
ILMN_076,cg022,10.262423,14.299987,0.71765256,0.47297156
ILMN_076,cg023,-16.976671,13.202066,-1.2859101,0.1984744
ILMN_076,cg024,-5.489477,13.540836,-0.40540165,0.68518233
ILMN_076,cg025,8.078112,13.117101,0.6158458,0.5379963
ILMN_076,cg026,17.432121,14.1441765,1.2324593,0.21777755
ILMN_076,cg027,-27.960222,12.637549,-2.212472,0.026934087
ILMN_076,cg028,20.596745,15.503993,1.32848,0.18401963
ILMN_076,cg029,-16.545158,16.45901,-1.0052341,0.3147841
ILMN_076,cg030,15.03565,13.537156,1.1106949,0.26669973
ILMN_076,cg031,11.183958,14.569113,0.7676485,0.44269603
ILMN_076,cg032,5.098337,13.786965,0.369794,0.711536
ILMN_076,cg033,-22.348547,13.2994375,-1.6804129,0.09287703
ILMN_076,cg034,-7.72814,15.714879,-0.49177215,0.62288046
ILMN_076,cg035,-2.265997,12.886676,-0.1758403,0.8604194
ILMN_076,cg036,-24.102646,13.580378,-1.7748141,0.07592857
ILMN_076,cg037,-6.9596767,13.695946,-0.508156,0.611344
ILMN_076,cg038,-5.5190034,14.79898,-0.37293133,0.70919955
ILMN_076,cg039,25.352583,14.314699,1.7710874,0.07654613
ILMN_076,cg040,-10.3076725,15.021358,-0.68620116,0.49258626
ILMN_076,cg041,10.635139,14.782459,0.7194432,0.47186792
ILMN_076,cg042,-9.455723,13.225408,-0.7149665,0.47462976
ILMN_076,cg043,10.812432,14.70754,0.73516256,0.46224052
ILMN_076,cg044,18.745247,13.912625,1.3473551,0.17786592
ILMN_076,cg045,8.450161,14.156135,0.59692574,0.55055696
ILMN_076,cg046,3.2680635,12.321568,0.26523116,0.7908314
ILMN_076,cg047,24.283949,14.381371,1.6885699,0.09130192
ILMN_076,cg048,8.472936,13.436844,0.6305748,0.5283186
ILMN_076,cg049,2.2628574,14.184701,0.15952803,0.87325287
ILMN_076,cg050,4.656616,13.298979,0.3501484,0.7262273
ILMN_076,cg051,1.1273651,14.423426,0.07816209,0.93769914
ILMN_076,cg052,-20.420694,13.268195,-1.539071,0.123786986
ILMN_076,cg053,4.4604187,14.62755,0.3049327,0.7604174
ILMN_076,cg054,8.697137,14.731819,0.5903641,0.55494654
ILMN_076,cg055,11.269327,12.874829,0.87529916,0.38141114
ILMN_076,cg056,-18.92444,15.022597,-1.2597315,0.20776623
ILMN_076,cg057,17.562801,16.68867,1.0523788,0.29262584
ILMN_076,cg058,-7.5047703,13.128153,-0.5716547,0.56755596
ILMN_076,cg059,-5.8433933,13.279914,-0.4400174,0.6599245
ILMN_076,cg060,7.621544,13.549254,0.5625065,0.573771
ILMN_076,cg061,9.097965,13.229291,0.68771374,0.49163306
ILMN_076,cg062,6.1270084,14.550061,0.42109847,0.67368317
ILMN_076,cg063,26.591358,13.509215,1.9683865,0.04902357
ILMN_076,cg064,-18.831291,13.721375,-1.3724055,0.16993725
ILMN_076,cg065,31.59555,13.880139,2.2763135,0.022827268
ILMN_076,cg066,-0.5732565,14.666401,-0.03908638,0.9688215
ILMN_076,cg067,1.6350079,13.497701,0.12113232,0.9035862
ILMN_076,cg068,17.849451,12.996635,1.3733902,0.16963106
ILMN_076,cg069,24.241953,13.742484,1.7640153,0.077729404
ILMN_076,cg070,8.727423,13.733189,0.63549864,0.5251033
ILMN_076,cg071,20.639824,12.977983,1.5903722,0.1117509
ILMN_076,cg072,-2.475298,14.63933,-0.16908547,0.8657294
ILMN_076,cg073,13.262968,12.968341,1.0227189,0.30644077
ILMN_076,cg074,-1.5206261,16.232985,-0.09367508,0.92536724
ILMN_076,cg075,-17.694231,14.0656,-1.257979,0.20839936
ILMN_076,cg076,8.062019,16.754948,0.48117247,0.630394
ILMN_076,cg077,12.804564,13.990489,0.9152335,0.3600691
ILMN_076,cg078,-25.701653,14.65517,-1.7537601,0.07947165
ILMN_076,cg079,-17.084518,13.516343,-1.2639897,0.20623374
ILMN_076,cg080,12.387811,12.762025,0.9706775,0.3317089
ILMN_076,cg081,16.55677,14.621181,1.1323826,0.2574736
ILMN_076,cg082,-8.471556,13.60863,-0.6225135,0.53360426
ILMN_076,cg083,10.7308655,14.101141,0.7609927,0.4466614
ILMN_076,cg084,-7.908848,15.025566,-0.5263594,0.59863853
ILMN_076,cg085,-15.510491,14.79647,-1.0482563,0.29452056
ILMN_076,cg086,23.546902,13.96212,1.6864847,0.09170246
ILMN_076,cg087,-6.683177,13.629405,-0.49034986,0.62388635
ILMN_076,cg088,5.551278,13.43891,0.41307503,0.67955166
ILMN_076,cg089,1.6224823,14.870134,0.10911013,0.91311514
ILMN_076,cg090,-14.971729,16.296312,-0.9187189,0.35824263
ILMN_076,cg091,15.651485,13.276191,1.1789138,0.23843253
ILMN_076,cg092,3.0202327,13.517835,0.22342578,0.82320416
ILMN_076,cg093,11.555632,14.182814,0.814763,0.41520798
ILMN_076,cg094,1.5049419,15.429984,0.097533606,0.92230266
ILMN_076,cg095,3.0855575,14.831153,0.20804569,0.8351933
ILMN_076,cg096,5.98312,13.331831,0.44878456,0.6535871
ILMN_076,cg097,-12.325434,14.538287,-0.8477913,0.39655423
ILMN_076,cg098,9.777723,13.412837,0.7289825,0.46601236
ILMN_076,cg099,-13.88788,13.484273,-1.0299317,0.3030421
ILMN_076,cg100,6.2621803,15.663758,0.39978784,0.6893128
ILMN_077,cg001,6.3195133,14.300834,0.44189826,0.65856284
ILMN_077,cg002,-0.3789816,16.524176,-0.022934977,0.98170215
ILMN_077,cg003,-21.176401,15.500344,-1.3661891,0.17187965
ILMN_077,cg004,50.020576,15.5005045,3.2270288,0.0012508035
ILMN_077,cg005,13.945929,15.778988,0.8838291,0.3767885
ILMN_077,cg006,-13.848471,15.415263,-0.89836097,0.36899316
ILMN_077,cg007,-1.553339,14.548603,-0.10676894,0.9149723
ILMN_077,cg008,-0.32923317,15.622394,-0.021074438,0.98318624
ILMN_077,cg009,-20.952984,15.065819,-1.390763,0.16429728
ILMN_077,cg010,-7.7655945,16.172047,-0.48018625,0.63109493
ILMN_077,cg011,-6.409851,15.004562,-0.42719346,0.66923845
ILMN_077,cg012,-28.203781,16.006905,-1.761976,0.07807338
ILMN_077,cg013,-11.007817,15.242511,-0.72217876,0.47018456
ILMN_077,cg014,-14.122732,13.903864,-1.0157416,0.30975246
ILMN_077,cg015,-9.184792,15.518029,-0.5918787,0.55393183
ILMN_077,cg016,-1.2867908,15.528725,-0.0828652,0.9339587
ILMN_077,cg017,4.721342,14.77794,0.3194858,0.7493582
ILMN_077,cg018,24.550474,16.586052,1.4801879,0.13882309
ILMN_077,cg019,-10.81547,13.787905,-0.7844172,0.43279535
ILMN_077,cg020,-31.83004,15.704346,-2.02683,0.042679787
ILMN_077,cg021,-8.264971,16.00731,-0.51632476,0.60562766
ILMN_077,cg022,0.013238907,15.575767,0.00084996823,0.9993218
ILMN_077,cg023,16.187616,14.357794,1.1274445,0.25955462
ILMN_077,cg024,-0.2132349,14.693153,-0.014512535,0.9884211
ILMN_077,cg025,-11.213875,14.170351,-0.7913618,0.42873293
ILMN_077,cg026,24.99326,15.129097,1.6519995,0.09853464
ILMN_077,cg027,22.66014,14.00552,1.6179434,0.1056748
ILMN_077,cg028,27.069221,16.640629,1.6266947,0.103801966
ILMN_077,cg029,-19.736843,17.786148,-1.1096749,0.26713914
ILMN_077,cg030,9.044838,14.798374,0.61120486,0.54106396
ILMN_077,cg031,-27.252678,15.364836,-1.7737045,0.07611203
ILMN_077,cg032,-25.778044,14.464781,-1.7821248,0.074728906
ILMN_077,cg033,-1.2200031,14.8400135,-0.08221038,0.9344794
ILMN_077,cg034,23.156994,16.721529,1.384861,0.16609496
ILMN_077,cg035,-5.59482,13.9387455,-0.4013862,0.68813586
ILMN_077,cg036,15.294678,15.03699,1.0171369,0.3090883
ILMN_077,cg037,-15.471941,14.700655,-1.0524662,0.29258573
ILMN_077,cg038,-43.660103,14.706862,-2.9686892,0.0029907227
ILMN_077,cg039,16.564041,15.837977,1.0458432,0.29563344
ILMN_077,cg040,-12.240037,16.253845,-0.75305486,0.45141697
ILMN_077,cg041,-7.7848654,16.060766,-0.4847132,0.6278798
ILMN_077,cg042,5.0634437,14.385362,0.35198584,0.72484887
ILMN_077,cg043,15.837315,15.853006,0.99901015,0.3177898
ILMN_077,cg044,-10.903731,15.279858,-0.71360165,0.47547358
ILMN_077,cg045,7.1341076,15.356772,0.46455774,0.6422482
ILMN_077,cg046,4.965246,13.336459,0.37230617,0.70966494
ILMN_077,cg047,-15.17387,15.896306,-0.95455325,0.3398037
ILMN_077,cg048,-1.4251823,14.615625,-0.09751087,0.9223207
ILMN_077,cg049,-19.879847,15.08657,-1.3177181,0.18759805
ILMN_077,cg050,1.8471622,14.421648,0.1280826,0.8980836
ILMN_077,cg051,9.9000635,15.555705,0.6364265,0.52449846
ILMN_077,cg052,3.3444672,14.728826,0.22706951,0.8203697
ILMN_077,cg053,10.252119,15.78791,0.6493652,0.5161024
ILMN_077,cg054,-0.45950127,16.017239,-0.02868792,0.9771135
ILMN_077,cg055,-20.815155,13.722258,-1.5168899,0.12929451
ILMN_077,cg056,0.9701271,16.549688,0.058619056,0.95325553
ILMN_077,cg057,-32.61253,17.649675,-1.8477694,0.064635694
ILMN_077,cg058,14.096535,14.118258,0.9984613,0.31805575
ILMN_077,cg059,-5.530672,14.391543,-0.38430014,0.70075595
ILMN_077,cg060,-14.569478,14.568999,-1.0000329,0.3172946
ILMN_077,cg061,-5.203352,14.382583,-0.36178148,0.71751535
ILMN_077,cg062,-3.3426332,15.7828245,-0.2117893,0.83227146
ILMN_077,cg063,13.242758,15.11093,0.8763695,0.38082922
ILMN_077,cg064,-14.477798,15.012789,-0.96436435,0.3348633
ILMN_077,cg065,15.245547,15.698598,0.9711407,0.33147824
ILMN_077,cg066,17.42474,15.677336,1.1114606,0.26637018
ILMN_077,cg067,4.211131,14.609428,0.2882475,0.7731573
ILMN_077,cg068,10.045134,14.286703,0.7031107,0.48198676
ILMN_077,cg069,-6.4817705,15.350944,-0.4222392,0.6728504
ILMN_077,cg070,-17.09501,14.726369,-1.1608436,0.24570554
ILMN_077,cg071,6.57646,14.406047,0.4565069,0.6480255
ILMN_077,cg072,13.478486,15.736804,0.8564945,0.39172435
ILMN_077,cg073,-2.3073406,14.20163,-0.16247013,0.8709357
ILMN_077,cg074,-0.1515007,17.584724,-0.008615472,0.9931259
ILMN_077,cg075,3.5461445,15.486446,0.22898374,0.8188816
ILMN_077,cg076,31.152126,17.60473,1.7695316,0.076805234
ILMN_077,cg077,-6.3782597,15.262469,-0.41790482,0.6760167
ILMN_077,cg078,16.46496,16.215412,1.0153896,0.3099202
ILMN_077,cg079,7.582425,14.850533,0.5105827,0.60964334
ILMN_077,cg080,0.80941105,13.963769,0.057965085,0.9537764
ILMN_077,cg081,8.752554,16.004482,0.54688144,0.58446014
ILMN_077,cg082,6.3967924,14.772324,0.43302548,0.66499627
ILMN_077,cg083,-7.8881702,15.325689,-0.5147025,0.6067609
ILMN_077,cg084,14.156642,16.190163,0.87439775,0.38190168
ILMN_077,cg085,-17.818542,16.00315,-1.1134397,0.26551968
ILMN_077,cg086,-3.0078106,15.577554,-0.19308619,0.84689146
ILMN_077,cg087,7.2344265,14.762993,0.49003792,0.62410706
ILMN_077,cg088,-4.3766747,14.569294,-0.30040404,0.763869
ILMN_077,cg089,17.971092,15.889534,1.1310018,0.25805432
ILMN_077,cg090,-21.188934,17.536755,-1.2082586,0.22694778
ILMN_077,cg091,-6.986225,14.5595875,-0.47983676,0.6313435
ILMN_077,cg092,33.359665,13.799667,2.4174254,0.015630722
ILMN_077,cg093,15.439925,15.304449,1.0088521,0.31304556
ILMN_077,cg094,6.1282473,16.690563,0.3671684,0.71349347
ILMN_077,cg095,-13.717519,15.94443,-0.86033297,0.38960558
ILMN_077,cg096,-8.75741,14.414486,-0.60754234,0.54349107
ILMN_077,cg097,-19.173515,15.616145,-1.2278008,0.21952176
ILMN_077,cg098,-18.178164,14.36413,-1.2655249,0.20568323
ILMN_077,cg099,-4.8503876,14.755866,-0.3287091,0.7423756
ILMN_077,cg100,0.0013332367,16.995941,7.844442e-05,0.9999374
ILMN_078,cg001,-3.8817434,12.537679,-0.30960622,0.75686044
ILMN_078,cg002,3.6434379,14.461417,0.25194198,0.80108595
ILMN_078,cg003,-2.0527897,13.844022,-0.14827986,0.8821219
ILMN_078,cg004,-1.006707,15.032324,-0.066969484,0.946606
ILMN_078,cg005,-3.407217,13.926477,-0.24465749,0.8067217
ILMN_078,cg006,33.405884,12.696146,2.631183,0.008508801
ILMN_078,cg007,-1.6684961,12.740372,-0.13096134,0.8958059
ILMN_078,cg008,19.029102,13.390852,1.4210525,0.15530151
ILMN_078,cg009,7.906328,13.41813,0.58922726,0.5557089
ILMN_078,cg010,13.033825,14.067725,0.9265055,0.35418338
ILMN_078,cg011,21.442295,12.781324,1.677627,0.09341997
ILMN_078,cg012,16.190315,14.285558,1.1333345,0.25707382
ILMN_078,cg013,-18.642992,13.139898,-1.418808,0.15595502
ILMN_078,cg014,7.604931,12.261159,0.6202457,0.53509605
ILMN_078,cg015,2.59515,13.636442,0.1903099,0.8490663
ILMN_078,cg016,10.865879,13.505851,0.8045313,0.42109025
ILMN_078,cg017,7.1905026,12.912917,0.5568457,0.57763284
ILMN_078,cg018,11.517258,14.770097,0.7797686,0.43552715
ILMN_078,cg019,7.2466507,12.108415,0.5984806,0.5495193
ILMN_078,cg020,-8.204052,14.303263,-0.5735791,0.5662527
ILMN_078,cg021,-8.54959,14.002593,-0.6105719,0.54148304
ILMN_078,cg022,-9.114216,13.574369,-0.6714283,0.50194776
ILMN_078,cg023,12.055717,12.622064,0.95513046,0.33951175
ILMN_078,cg024,-3.5026367,12.857423,-0.27242136,0.78529805
ILMN_078,cg025,6.426136,12.458121,0.515819,0.6059808
ILMN_078,cg026,-4.7145967,13.61919,-0.34617305,0.72921264
ILMN_078,cg027,1.6678419,12.607328,0.13229147,0.89475375
ILMN_078,cg028,12.349464,14.87557,0.8301843,0.4064346
ILMN_078,cg029,0.5480871,15.783399,0.034725547,0.97229856
ILMN_078,cg030,-18.333729,12.728559,-1.4403617,0.14976513
ILMN_078,cg031,-3.9757109,13.896172,-0.28610116,0.77480066
ILMN_078,cg032,9.917501,13.015889,0.7619534,0.44608784
ILMN_078,cg033,1.0370026,12.99643,0.07979134,0.9364032
ILMN_078,cg034,16.777004,14.740185,1.1381814,0.2550447
ILMN_078,cg035,-4.13945,12.213193,-0.33893266,0.7346605
ILMN_078,cg036,18.724613,13.026809,1.4373907,0.15060705
ILMN_078,cg037,-12.197744,12.9036875,-0.94529134,0.34451014
ILMN_078,cg038,-3.5344973,14.049886,-0.2515677,0.80137527
ILMN_078,cg039,-31.167633,13.2606,-2.3503938,0.018753588
ILMN_078,cg040,-17.702003,14.082206,-1.2570477,0.20873642
ILMN_078,cg041,-23.471165,13.670107,-1.7169701,0.08598465
ILMN_078,cg042,16.698732,12.372564,1.3496581,0.17712569
ILMN_078,cg043,8.07849,13.982682,0.57774967,0.5634332
ILMN_078,cg044,13.924437,13.297892,1.0471162,0.29504603
ILMN_078,cg045,2.2131324,13.476497,0.16422164,0.86955667
ILMN_078,cg046,-0.17886353,11.697168,-0.015291181,0.9877999
ILMN_078,cg047,-2.607811,14.053383,-0.18556464,0.8527862
ILMN_078,cg048,19.167711,12.485329,1.5352188,0.12473011
ILMN_078,cg049,19.482845,13.149243,1.4816705,0.13842803
ILMN_078,cg050,18.859211,12.322397,1.5304823,0.12589741
ILMN_078,cg051,0.36973476,13.68289,0.027021687,0.97844243
ILMN_078,cg052,15.3029,12.707474,1.2042441,0.22849524
ILMN_078,cg053,1.937686,13.886802,0.13953435,0.8890279
ILMN_078,cg054,-5.7850604,14.001516,-0.41317385,0.67947924
ILMN_078,cg055,-11.120688,12.204729,-0.91117865,0.36220127
ILMN_078,cg056,-20.419132,14.178067,-1.4401915,0.14981323
ILMN_078,cg057,6.4759464,15.991866,0.40495253,0.6855124
ILMN_078,cg058,7.0428653,12.454335,0.5654951,0.57173705
ILMN_078,cg059,9.651083,12.543381,0.7694164,0.44164622
ILMN_078,cg060,-36.616707,11.712585,-3.1262703,0.0017703772
ILMN_078,cg061,0.3274479,12.613588,0.025959931,0.9792893
ILMN_078,cg062,5.37928,13.806031,0.3896326,0.6968082
ILMN_078,cg063,-28.247044,12.677049,-2.2282035,0.025866926
ILMN_078,cg064,6.0233593,13.250196,0.45458642,0.6494068
ILMN_078,cg065,-0.5744066,13.888259,-0.041359153,0.9670096
ILMN_078,cg066,28.39516,13.267943,2.140133,0.032344043
ILMN_078,cg067,5.5210896,12.780087,0.4320072,0.6657362
ILMN_078,cg068,-14.796942,12.388217,-1.1944368,0.23230714
ILMN_078,cg069,1.7707157,13.467329,0.13148232,0.8953938
ILMN_078,cg070,-19.478226,12.765322,-1.5258703,0.12704217
ILMN_078,cg071,13.848504,12.478924,1.1097515,0.26710612
ILMN_078,cg072,3.9374251,13.879076,0.28369504,0.7766441
ILMN_078,cg073,-6.5108633,12.403776,-0.5249098,0.5996459
ILMN_078,cg074,38.967598,14.288218,2.727254,0.0063863993
ILMN_078,cg075,-9.089167,13.503893,-0.6730775,0.500898
ILMN_078,cg076,-0.31446266,15.933659,-0.019735748,0.9842542
ILMN_078,cg077,7.9776554,13.339939,0.5980279,0.5498214
ILMN_078,cg078,5.861967,14.333128,0.4089803,0.6825541
ILMN_078,cg079,10.91375,12.942741,0.8432332,0.39909804
ILMN_078,cg080,-7.623824,12.177669,-0.6260496,0.5312824
ILMN_078,cg081,-30.95193,13.300525,-2.327121,0.019958854
ILMN_078,cg082,-17.879885,12.692553,-1.408691,0.15892655
ILMN_078,cg083,-6.06505,13.430569,-0.4515855,0.65156764
ILMN_078,cg084,-24.170414,13.844836,-1.7458072,0.08084446
ILMN_078,cg085,1.8917732,14.199878,0.1332246,0.8940157
ILMN_078,cg086,-40.361027,12.282079,-3.2861724,0.0010156035
ILMN_078,cg087,7.1576614,12.919595,0.55401593,0.5795679
ILMN_078,cg088,-15.381471,12.568833,-1.2237787,0.22103572
ILMN_078,cg089,14.217516,13.951054,1.0190998,0.3081556
ILMN_078,cg090,-15.825909,15.424395,-1.0260311,0.30487692
ILMN_078,cg091,9.150737,12.711256,0.71989244,0.47159123
ILMN_078,cg092,-6.355196,12.795739,-0.496665,0.6194253
ILMN_078,cg093,-5.2105627,13.528782,-0.38514647,0.7001289
ILMN_078,cg094,-6.4547234,14.607458,-0.44187862,0.6585771
ILMN_078,cg095,-20.275717,13.754351,-1.4741311,0.1404463
ILMN_078,cg096,23.02958,12.210945,1.8859785,0.05929786
ILMN_078,cg097,-7.4518156,13.8548765,-0.5378479,0.5906821
ILMN_078,cg098,3.1447363,12.788325,0.24590681,0.80575436
ILMN_078,cg099,4.5193996,12.92068,0.34978032,0.7265036
ILMN_078,cg100,1.6266146,14.882532,0.109296896,0.912967
ILMN_079,cg001,13.984958,12.487094,1.1199529,0.26273388
ILMN_079,cg002,11.126993,14.500475,0.7673537,0.44287127
ILMN_079,cg003,-3.3326216,13.955034,-0.23881142,0.8112518
ILMN_079,cg004,2.492505,15.154917,0.16446841,0.8693624
ILMN_079,cg005,-7.931661,14.003883,-0.5663901,0.5711286
ILMN_079,cg006,-1.7122307,13.730179,-0.124705635,0.9007566
ILMN_079,cg007,3.9589748,12.836553,0.3084142,0.7577672
ILMN_079,cg008,-8.590477,13.738319,-0.62529314,0.5317787
ILMN_079,cg009,-10.877424,13.486818,-0.8065226,0.4199416
ILMN_079,cg010,-9.296825,14.251912,-0.6523213,0.51419395
ILMN_079,cg011,-8.782301,13.213861,-0.6646279,0.5062885
ILMN_079,cg012,-10.927496,14.516189,-0.75277996,0.45158213
ILMN_079,cg013,-22.302097,13.131685,-1.6983423,0.08944315
ILMN_079,cg014,-16.897362,12.163247,-1.3892148,0.16476744
ILMN_079,cg015,-20.87673,13.407639,-1.5570773,0.11945218
ILMN_079,cg016,-15.110046,13.532661,-1.1165613,0.26418197
ILMN_079,cg017,-10.723536,12.969211,-0.82684565,0.40832454
ILMN_079,cg018,-15.393709,14.81952,-1.0387455,0.29892313
ILMN_079,cg019,4.1470222,12.242342,0.3387442,0.7348025
ILMN_079,cg020,-21.349663,14.12851,-1.511105,0.13076174
ILMN_079,cg021,-19.117374,13.894323,-1.3759125,0.1688487
ILMN_079,cg022,-5.2160254,13.733825,-0.3797941,0.7040982
ILMN_079,cg023,2.7388313,12.84737,0.21318226,0.8311848
ILMN_079,cg024,19.553963,12.651568,1.5455762,0.122206986
ILMN_079,cg025,-14.972669,12.404165,-1.2070678,0.22740602
ILMN_079,cg026,-12.9531975,13.618237,-0.95116556,0.34152037
ILMN_079,cg027,10.260157,12.625372,0.8126617,0.41641206
ILMN_079,cg028,9.949597,15.041151,0.66149175,0.50829697
ILMN_079,cg029,-15.290736,15.755746,-0.97048634,0.33180416
ILMN_079,cg030,-3.3690681,13.112358,-0.2569384,0.7972263
ILMN_079,cg031,5.817505,13.999144,0.4155615,0.6777309
ILMN_079,cg032,-16.159178,12.991156,-1.2438599,0.21355116
ILMN_079,cg033,3.545762,13.09611,0.27074924,0.7865839
ILMN_079,cg034,-8.838018,15.0154505,-0.588595,0.55613303
ILMN_079,cg035,4.3242807,12.314691,0.35114816,0.7254772
ILMN_079,cg036,-14.758216,13.250558,-1.1137807,0.2653733
ILMN_079,cg037,36.735336,11.969441,3.0690937,0.0021470785
ILMN_079,cg038,1.6025286,14.175714,0.11304747,0.90999293
ILMN_079,cg039,-21.20472,13.802552,-1.5362898,0.12446731
ILMN_079,cg040,1.3915529,14.440918,0.09636181,0.9232332
ILMN_079,cg041,-26.97649,13.652227,-1.9759772,0.048157394
ILMN_079,cg042,4.2602005,12.705643,0.33529988,0.73739886
ILMN_079,cg043,9.549852,14.081014,0.67820776,0.49764
ILMN_079,cg044,2.639957,13.562916,0.19464524,0.8456707
ILMN_079,cg045,1.138793,13.59268,0.08377987,0.9332315
ILMN_079,cg046,-9.495594,11.7121,-0.8107508,0.41750884
ILMN_079,cg047,-26.501892,13.627631,-1.9447174,0.051809013
ILMN_079,cg048,5.899144,12.879414,0.45802894,0.64693165
ILMN_079,cg049,10.449196,13.484726,0.77489126,0.43840396
ILMN_079,cg050,-4.7924385,12.718767,-0.37680057,0.70632184
ILMN_079,cg051,-4.730772,13.780328,-0.34329894,0.73137355
ILMN_079,cg052,-24.90212,12.486032,-1.9943984,0.046108544
ILMN_079,cg053,-6.6306944,13.972286,-0.47456044,0.6351003
ILMN_079,cg054,0.5310204,14.1451235,0.037540883,0.97005373
ILMN_079,cg055,10.386193,12.323064,0.8428256,0.39932597
ILMN_079,cg056,26.865095,14.06901,1.9095228,0.056194663
ILMN_079,cg057,-34.86591,15.315215,-2.2765536,0.022812903
ILMN_079,cg058,-0.695055,12.602144,-0.05515371,0.956016
ILMN_079,cg059,-1.8095293,12.727113,-0.14217909,0.8869386
ILMN_079,cg060,-12.04984,12.883421,-0.93529814,0.34963465
ILMN_079,cg061,2.668068,12.713584,0.20985962,0.83377725
ILMN_079,cg062,6.497033,13.91205,0.4670076,0.64049447
ILMN_079,cg063,-5.31483,13.432938,-0.39565656,0.69235843
ILMN_079,cg064,-6.6180277,13.355914,-0.4955129,0.62023807
ILMN_079,cg065,-17.43813,13.767185,-1.2666445,0.20528245
ILMN_079,cg066,-14.491762,13.86605,-1.0451255,0.29596502
ILMN_079,cg067,-9.489609,12.837566,-0.7392062,0.45978183
ILMN_079,cg068,-13.111226,12.53638,-1.0458542,0.29562837
ILMN_079,cg069,1.4377604,13.5813875,0.10586255,0.91569144
ILMN_079,cg070,-4.190196,13.179862,-0.3179241,0.7505425
ILMN_079,cg071,-4.766716,12.731733,-0.37439647,0.7081094
ILMN_079,cg072,-13.2952,13.870095,-0.95855147,0.33778477
ILMN_079,cg073,-16.793242,12.298635,-1.3654557,0.17210984
ILMN_079,cg074,-16.892126,15.32849,-1.1020085,0.27045798
ILMN_079,cg075,-3.7206268,13.673252,-0.27210987,0.78553754
ILMN_079,cg076,-3.7874413,16.057903,-0.23586151,0.81354016
ILMN_079,cg077,-18.113548,13.237499,-1.3683512,0.17120218
ILMN_079,cg078,15.781592,14.2916355,1.1042538,0.2694831
ILMN_079,cg079,13.32411,13.004429,1.0245825,0.30556023
ILMN_079,cg080,1.4200172,12.330419,0.11516375,0.90831536
ILMN_079,cg081,-13.462906,14.040197,-0.9588829,0.3376177
ILMN_079,cg082,15.431483,12.872836,1.1987633,0.23062003
ILMN_079,cg083,22.166473,13.174058,1.6825851,0.09245545
ILMN_079,cg084,10.296232,14.336107,0.71820277,0.4726323
ILMN_079,cg085,9.218314,14.257315,0.64656734,0.51791203
ILMN_079,cg086,-4.2418823,13.748273,-0.3085393,0.757672
ILMN_079,cg087,-7.307043,13.027073,-0.56091213,0.5748575
ILMN_079,cg088,18.015562,12.60222,1.4295547,0.15284485
ILMN_079,cg089,10.484438,14.141967,0.74137056,0.4584688
ILMN_079,cg090,-10.707335,15.651555,-0.6841068,0.4939077
ILMN_079,cg091,-11.641069,12.775282,-0.9112182,0.3621804
ILMN_079,cg092,18.453772,12.648468,1.4589728,0.14457256
ILMN_079,cg093,1.8672967,13.661663,0.13668151,0.89128256
ILMN_079,cg094,14.466605,14.606508,0.9904219,0.32196796
ILMN_079,cg095,-9.49188,14.124587,-0.6720112,0.50157654
ILMN_079,cg096,-2.1511002,12.776818,-0.16835961,0.8663004
ILMN_079,cg097,9.616416,13.94325,0.68968254,0.49039388
ILMN_079,cg098,-11.0591135,12.800818,-0.863938,0.38762194
ILMN_079,cg099,-8.126022,12.99143,-0.62549096,0.5316489
ILMN_079,cg100,-21.42562,14.673327,-1.4601746,0.14424211
ILMN_080,cg001,24.318663,13.15909,1.8480505,0.06459504
ILMN_080,cg002,-41.409473,14.492433,-2.857317,0.0042724013
ILMN_080,cg003,-33.104885,14.234227,-2.3257241,0.0200333
ILMN_080,cg004,-27.638407,15.819957,-1.7470596,0.080627024
ILMN_080,cg005,7.1950083,15.1065,0.4762856,0.63387096
ILMN_080,cg006,10.227768,14.721685,0.69474167,0.48721725
ILMN_080,cg007,-11.1335535,13.749859,-0.8097213,0.41810036
ILMN_080,cg008,-14.152684,14.720614,-0.9614194,0.33634138
ILMN_080,cg009,-22.264757,14.263469,-1.5609637,0.1185323
ILMN_080,cg010,-45.657673,13.883313,-3.2886727,0.0010066032
ILMN_080,cg011,-8.577469,14.252019,-0.60184234,0.5472791
ILMN_080,cg012,24.54026,15.317773,1.6020776,0.10913843
ILMN_080,cg013,1.3077106,14.586903,0.08964965,0.9285656
ILMN_080,cg014,-11.656341,13.268927,-0.878469,0.37968928
ILMN_080,cg015,23.512829,14.413454,1.6313112,0.10282469
ILMN_080,cg016,25.630285,14.288379,1.7937855,0.072847426
ILMN_080,cg017,-21.42697,13.720626,-1.5616612,0.11836779
ILMN_080,cg018,3.4812279,16.148195,0.21558,0.8293152
ILMN_080,cg019,-15.673955,13.005578,-1.2051717,0.22813702
ILMN_080,cg020,-24.187222,15.18567,-1.5927662,0.11121267
ILMN_080,cg021,10.738794,15.195845,0.7066928,0.47975737
ILMN_080,cg022,-15.883461,14.63717,-1.0851456,0.27785718
ILMN_080,cg023,-14.03093,13.696348,-1.0244285,0.30563295
ILMN_080,cg024,-9.985151,13.90567,-0.7180633,0.4727183
ILMN_080,cg025,-18.516476,13.299983,-1.392218,0.16385639
ILMN_080,cg026,4.3942995,14.805028,0.29681128,0.7666106
ILMN_080,cg027,4.800723,13.684657,0.35081062,0.7257304
ILMN_080,cg028,-12.965296,16.173302,-0.8016481,0.42275655
ILMN_080,cg029,18.319908,16.937973,1.081588,0.27943563
ILMN_080,cg030,10.5178585,14.055271,0.7483213,0.45426643
ILMN_080,cg031,25.49862,14.639311,1.7417909,0.081545055
ILMN_080,cg032,-18.112595,13.980526,-1.2955589,0.19512749
ILMN_080,cg033,10.207687,14.043743,0.7268495,0.46731818
ILMN_080,cg034,-12.804646,16.132002,-0.7937419,0.4273457
ILMN_080,cg035,-22.813692,12.855833,-1.774579,0.07596743
ILMN_080,cg036,3.9494753,14.458894,0.27315196,0.7847364
ILMN_080,cg037,-22.501707,13.763725,-1.6348559,0.10207927
ILMN_080,cg038,-6.7950563,15.245582,-0.4457066,0.65580916
ILMN_080,cg039,-3.2523994,15.243483,-0.21336327,0.8310436
ILMN_080,cg040,13.452625,15.436803,0.8714645,0.38350058
ILMN_080,cg041,-13.3026905,15.197844,-0.8753012,0.38141006
ILMN_080,cg042,-8.4789095,13.651737,-0.6210865,0.53454274
ILMN_080,cg043,1.4053001,15.248561,0.092159525,0.9265713
ILMN_080,cg044,3.5269356,14.612737,0.24136037,0.80927587
ILMN_080,cg045,19.654512,14.359667,1.3687304,0.17108357
ILMN_080,cg046,-14.720669,12.524637,-1.175337,0.23985994
ILMN_080,cg047,3.3609142,15.2694435,0.22010718,0.82578766
ILMN_080,cg048,-18.493793,13.641152,-1.3557354,0.17518336
ILMN_080,cg049,-12.649296,14.506846,-0.87195355,0.38323373
ILMN_080,cg050,-10.205364,13.644696,-0.74793637,0.45449853
ILMN_080,cg051,-4.1156178,14.856885,-0.27701753,0.78176665
ILMN_080,cg052,-8.431213,13.96996,-0.6035245,0.54615986
ILMN_080,cg053,-11.79126,14.993481,-0.78642577,0.4316181
ILMN_080,cg054,11.466789,15.149564,0.75690556,0.44910645
ILMN_080,cg055,11.781797,13.268767,0.88793457,0.37457597
ILMN_080,cg056,-15.419211,15.585856,-0.98930794,0.3225125
ILMN_080,cg057,20.556,17.14341,1.1990614,0.2305041
ILMN_080,cg058,14.903355,13.402106,1.1120158,0.26613134
ILMN_080,cg059,12.891598,13.585964,0.9488909,0.3426761
ILMN_080,cg060,25.611305,13.496801,1.8975834,0.057751
ILMN_080,cg061,-12.022032,13.592156,-0.88448304,0.37643552
ILMN_080,cg062,11.036979,14.939339,0.7387863,0.46003675
ILMN_080,cg063,21.124401,14.162055,1.4916197,0.13579887
ILMN_080,cg064,3.1489906,14.423783,0.21831933,0.8271803
ILMN_080,cg065,3.9782946,15.081206,0.26379153,0.79194057
ILMN_080,cg066,17.646927,14.893438,1.1848793,0.23606521
ILMN_080,cg067,-6.232973,13.885849,-0.4488723,0.6535238
ILMN_080,cg068,11.433599,13.565058,0.8428714,0.3993004
ILMN_080,cg069,40.021347,13.395568,2.9876559,0.002811253
ILMN_080,cg070,-3.150711,14.211177,-0.22170655,0.82454234
ILMN_080,cg071,10.961468,13.645763,0.80328727,0.42180872
ILMN_080,cg072,-8.224701,15.046749,-0.5466098,0.5846468
ILMN_080,cg073,-0.93566895,13.51875,-0.06921268,0.94482034
ILMN_080,cg074,-24.473217,16.341612,-1.4976012,0.13423693
ILMN_080,cg075,-23.343227,14.339458,-1.6279016,0.103545785
ILMN_080,cg076,-21.453608,17.023754,-1.260216,0.20759147
ILMN_080,cg077,13.99898,14.405599,0.97177356,0.33116323
ILMN_080,cg078,-9.89942,15.535645,-0.6372069,0.52399004
ILMN_080,cg079,-7.4361653,14.130652,-0.52624357,0.598719
ILMN_080,cg080,-0.8493805,13.289102,-0.063915566,0.94903743
ILMN_080,cg081,-13.273527,15.154928,-0.8758555,0.38110858
ILMN_080,cg082,-18.046015,13.833771,-1.30449,0.19206655
ILMN_080,cg083,7.8248043,14.581704,0.53661793,0.5915315
ILMN_080,cg084,0.55519295,15.535356,0.035737384,0.97149175
ILMN_080,cg085,-11.498287,15.340547,-0.7495357,0.45353442
ILMN_080,cg086,20.811852,14.510125,1.4342985,0.15148711
ILMN_080,cg087,-0.26805305,14.0863905,-0.019029222,0.9848178
ILMN_080,cg088,-7.765664,13.831763,-0.561437,0.57449967
ILMN_080,cg089,-25.446356,14.864577,-1.7118789,0.08691901
ILMN_080,cg090,-2.4547176,16.94849,-0.144834,0.8848419
ILMN_080,cg091,-11.442459,13.788044,-0.8298827,0.40660512
ILMN_080,cg092,11.078875,13.846302,0.8001324,0.4236341
ILMN_080,cg093,8.952293,14.666094,0.6104075,0.54159194
ILMN_080,cg094,-3.609375,15.898629,-0.22702429,0.8204049
ILMN_080,cg095,-7.8486896,15.251942,-0.51460266,0.6068307
ILMN_080,cg096,-9.778824,13.697402,-0.71391815,0.47527778
ILMN_080,cg097,-20.96676,14.78356,-1.4182484,0.15611827
ILMN_080,cg098,5.580515,13.881802,0.40200222,0.6876824
ILMN_080,cg099,-31.607582,13.264687,-2.3828368,0.017179787
ILMN_080,cg100,25.939884,15.716222,1.6505165,0.098837376
ILMN_081,cg001,1.1750774,14.924613,0.0787342,0.93724406
ILMN_081,cg002,-8.36411,17.165464,-0.48726383,0.6260714
ILMN_081,cg003,1.5442767,16.465984,0.093785875,0.92527926
ILMN_081,cg004,-10.062132,17.815987,-0.56478107,0.5722227
ILMN_081,cg005,14.421566,16.435476,0.87746567,0.38023376
ILMN_081,cg006,1.2795448,16.19382,0.07901438,0.9370212
ILMN_081,cg007,-1.9999757,15.151093,-0.13200207,0.89498264
ILMN_081,cg008,23.309078,15.903392,1.4656671,0.142739
ILMN_081,cg009,11.568044,15.926176,0.7263541,0.46762168
ILMN_081,cg010,5.3259277,16.866762,0.31576467,0.7521812
ILMN_081,cg011,8.912346,15.60269,0.57120574,0.5678602
ILMN_081,cg012,25.306446,16.81526,1.5049691,0.13233203
ILMN_081,cg013,3.8512974,15.954413,0.24139385,0.8092499
ILMN_081,cg014,29.470413,13.9825,2.107664,0.035060048
ILMN_081,cg015,-0.7000265,16.22282,-0.043150727,0.96558136
ILMN_081,cg016,-2.5690098,16.169632,-0.15887868,0.87376446
ILMN_081,cg017,26.865685,14.890131,1.8042611,0.07119042
ILMN_081,cg018,4.2437973,17.669565,0.24017553,0.8101942
ILMN_081,cg019,-35.481365,13.475721,-2.6329844,0.0084638
ILMN_081,cg020,-9.2375965,17.01606,-0.5428752,0.5872158
ILMN_081,cg021,27.777529,16.210161,1.7135874,0.086604536
ILMN_081,cg022,-32.827255,15.482957,-2.1202188,0.03398758
ILMN_081,cg023,19.677563,14.878319,1.3225663,0.18597966
ILMN_081,cg024,1.9549866,15.299952,0.12777731,0.8983252
ILMN_081,cg025,-10.017513,14.78467,-0.6775608,0.4980502
ILMN_081,cg026,17.313515,16.01516,1.0810704,0.27966583
ILMN_081,cg027,10.174807,14.920543,0.68193275,0.49528152
ILMN_081,cg028,-3.6165724,17.814417,-0.2030138,0.83912426
ILMN_081,cg029,4.641103,18.757744,0.24742329,0.8045807
ILMN_081,cg030,31.178259,14.776103,2.1100461,0.034854412
ILMN_081,cg031,-20.894539,16.250904,-1.2857462,0.19853169
ILMN_081,cg032,17.627813,15.357786,1.1478095,0.2510472
ILMN_081,cg033,8.833012,15.401753,0.5735069,0.5663016
ILMN_081,cg034,-8.157491,17.733738,-0.45999837,0.64551735
ILMN_081,cg035,14.298448,14.388706,0.99372715,0.32035577
ILMN_081,cg036,25.964104,15.366177,1.6896919,0.091086924
ILMN_081,cg037,11.55371,15.399755,0.75025284,0.4531024
ILMN_081,cg038,-27.325113,16.22727,-1.6839008,0.092200816
ILMN_081,cg039,-17.042444,16.499657,-1.0328969,0.3016522
ILMN_081,cg040,-7.4921656,16.996225,-0.4408135,0.659348
ILMN_081,cg041,2.101265,16.766773,0.12532316,0.9002677
ILMN_081,cg042,-2.1300488,14.998947,-0.14201322,0.8870696
ILMN_081,cg043,6.202384,16.66367,0.37220997,0.7097366
ILMN_081,cg044,25.921686,15.538378,1.6682364,0.095268846
ILMN_081,cg045,-23.674932,15.6466055,-1.5131035,0.13025337
ILMN_081,cg046,-10.046807,13.831475,-0.7263728,0.4676103
ILMN_081,cg047,-34.027294,15.948334,-2.1335955,0.032875896
ILMN_081,cg048,13.914104,15.084597,0.9224048,0.35631746
ILMN_081,cg049,6.6967525,15.975691,0.4191839,0.67508173
ILMN_081,cg050,-3.78195,15.012191,-0.25192526,0.8010988
ILMN_081,cg051,-6.8921547,16.24037,-0.4243841,0.67128575
ILMN_081,cg052,-2.744934,15.343042,-0.17890416,0.858013
ILMN_081,cg053,13.829119,16.391663,0.84366786,0.39885503
ILMN_081,cg054,-8.806504,16.631178,-0.52951777,0.59644634
ILMN_081,cg055,16.61624,14.438153,1.1508563,0.24979138
ILMN_081,cg056,3.3818207,17.229607,0.19627962,0.84439135
ILMN_081,cg057,4.8772945,19.038181,0.2561849,0.79780805
ILMN_081,cg058,13.716148,14.724135,0.93154186,0.35157335
ILMN_081,cg059,-9.232468,14.950709,-0.61752707,0.53688717
ILMN_081,cg060,-13.327982,15.21097,-0.87620854,0.38091666
ILMN_081,cg061,10.660456,14.917897,0.7146085,0.474851
ILMN_081,cg062,-1.1751385,16.444603,-0.07146043,0.9430313
ILMN_081,cg063,-0.0064549446,15.868573,-0.00040677536,0.99967545
ILMN_081,cg064,-9.343876,15.732583,-0.59391874,0.55256647
ILMN_081,cg065,5.3629427,16.497599,0.32507414,0.74512494
ILMN_081,cg066,36.223225,15.659718,2.3131468,0.020714581
ILMN_081,cg067,-4.3741274,15.2155075,-0.28747824,0.77374613
ILMN_081,cg068,-6.491371,14.928414,-0.43483326,0.6636835
ILMN_081,cg069,-5.574436,15.997561,-0.34845537,0.72749823
ILMN_081,cg070,-10.053843,15.489485,-0.6490753,0.5162897
ILMN_081,cg071,16.033918,14.85057,1.0796838,0.28028303
ILMN_081,cg072,-36.43293,15.621984,-2.3321579,0.019692421
ILMN_081,cg073,-15.991948,14.605865,-1.094899,0.27356088
ILMN_081,cg074,22.726604,18.005005,1.2622381,0.2068631
ILMN_081,cg075,-13.15088,16.021112,-0.82084686,0.4117335
ILMN_081,cg076,34.818146,18.24008,1.9088812,0.056277394
ILMN_081,cg077,16.01773,15.749621,1.0170232,0.3091424
ILMN_081,cg078,-24.494787,16.689957,-1.4676363,0.14220303
ILMN_081,cg079,0.27584553,15.510252,0.017784722,0.9858106
ILMN_081,cg080,-0.2475357,14.543477,-0.017020393,0.98642033
ILMN_081,cg081,9.229618,16.66699,0.5537663,0.5797388
ILMN_081,cg082,15.817947,15.238978,1.0379926,0.2992735
ILMN_081,cg083,-15.704937,15.838935,-0.99153996,0.32142198
ILMN_081,cg084,-27.810093,16.49942,-1.6855195,0.09188843
ILMN_081,cg085,-4.6440945,16.876186,-0.27518624,0.78317314
ILMN_081,cg086,-6.1322107,16.205088,-0.3784127,0.705124
ILMN_081,cg087,8.08873,15.3692465,0.5262932,0.5986845
ILMN_081,cg088,-6.909251,15.154309,-0.4559265,0.64844286
ILMN_081,cg089,-0.89619446,16.776634,-0.053419206,0.9573979
ILMN_081,cg090,-28.930897,18.054688,-1.6024036,0.10906637
ILMN_081,cg091,8.774749,15.146272,0.5793339,0.56236386
ILMN_081,cg092,-3.9282837,15.24673,-0.25764763,0.7966789
ILMN_081,cg093,31.20668,15.443809,2.0206597,0.043314993
ILMN_081,cg094,0.67575073,17.408064,0.03881826,0.96903527
ILMN_081,cg095,0.27335262,16.738829,0.01633045,0.9869708
ILMN_081,cg096,5.8422384,15.047879,0.38824332,0.697836
ILMN_081,cg097,-16.770004,16.342264,-1.0261738,0.30480963
ILMN_081,cg098,-7.1349564,15.181754,-0.46996918,0.6383771
ILMN_081,cg099,-6.5531425,15.355617,-0.42675868,0.66955507
ILMN_081,cg100,7.079672,17.670135,0.40065747,0.6886723
ILMN_082,cg001,37.208893,14.518696,2.5628262,0.010382414
ILMN_082,cg002,28.49595,17.395592,1.6381134,0.10139805
ILMN_082,cg003,-9.171582,17.070578,-0.5372743,0.59107816
ILMN_082,cg004,2.668539,18.586197,0.14357638,0.885835
ILMN_082,cg005,8.32709,17.189342,0.48443332,0.6280784
ILMN_082,cg006,5.206747,16.823042,0.30950093,0.7569405
ILMN_082,cg007,-5.3196917,15.738559,-0.33800372,0.7353604
ILMN_082,cg008,12.076277,16.825182,0.71775013,0.47291136
ILMN_082,cg009,-28.753117,16.107224,-1.7851069,0.07424396
ILMN_082,cg010,-4.072434,17.547901,-0.23207527,0.81647956
ILMN_082,cg011,13.247974,16.164555,0.8195694,0.41246164
ILMN_082,cg012,-25.45798,17.51319,-1.4536461,0.1460445
ILMN_082,cg013,-9.502225,16.541735,-0.57443947,0.5656705
ILMN_082,cg014,20.340408,14.927534,1.3626101,0.17300546
ILMN_082,cg015,-14.461254,16.734613,-0.86415225,0.38750428
ILMN_082,cg016,-25.447044,16.395031,-1.5521194,0.12063366
ILMN_082,cg017,14.358264,15.8817835,0.9040713,0.36595762
ILMN_082,cg018,-33.18084,17.722652,-1.8722277,0.061175108
ILMN_082,cg019,-8.228863,14.982795,-0.5492208,0.5828539
ILMN_082,cg020,22.651787,17.433992,1.2992885,0.19384497
ILMN_082,cg021,-46.74366,15.9617195,-2.9284852,0.003406167
ILMN_082,cg022,18.435776,16.648113,1.1073793,0.26813
ILMN_082,cg023,11.713497,15.667972,0.74760777,0.45469677
ILMN_082,cg024,-6.7515907,15.881556,-0.4251215,0.6707481
ILMN_082,cg025,-13.180844,15.327892,-0.85992545,0.38983017
ILMN_082,cg026,19.524189,16.616339,1.1749995,0.23999494
ILMN_082,cg027,-12.769926,15.479508,-0.82495683,0.4093961
ILMN_082,cg028,45.742954,17.262133,2.6499016,0.008051515
ILMN_082,cg029,-6.8700676,19.492212,-0.35245192,0.72449934
ILMN_082,cg030,-6.788023,16.060432,-0.42265505,0.672547
ILMN_082,cg031,5.609226,17.17984,0.3265005,0.74404573
ILMN_082,cg032,-3.0835047,16.19074,-0.19044866,0.8489576
ILMN_082,cg033,-20.257587,15.792958,-1.2826974,0.19959807
ILMN_082,cg034,18.923208,18.271276,1.0356807,0.30035114
ILMN_082,cg035,3.3469725,15.114022,0.22144817,0.8247435
ILMN_082,cg036,0.87994766,16.466663,0.053438127,0.9573828
ILMN_082,cg037,30.099495,15.488083,1.943397,0.051968217
ILMN_082,cg038,-15.692614,17.231848,-0.91067505,0.36246663
ILMN_082,cg039,13.017656,17.248802,0.7546992,0.4504295
ILMN_082,cg040,1.9426937,17.708773,0.109702334,0.91264546
ILMN_082,cg041,2.7034397,17.433619,0.15507048,0.8767657
ILMN_082,cg042,-15.659759,15.428505,-1.0149888,0.31011117
ILMN_082,cg043,-8.940769,17.303917,-0.5166905,0.60537225
ILMN_082,cg044,12.209688,16.541761,0.7381129,0.46044582
ILMN_082,cg045,-10.190482,16.602507,-0.61379176,0.53935295
ILMN_082,cg046,27.852058,13.869974,2.0080829,0.04463446
ILMN_082,cg047,14.231851,17.258268,0.82463956,0.4095763
ILMN_082,cg048,9.927822,15.76254,0.62983644,0.52880156
ILMN_082,cg049,-10.929268,16.566086,-0.65973747,0.5094223
ILMN_082,cg050,-8.620679,15.569636,-0.5536853,0.5797942
ILMN_082,cg051,-39.701103,15.876079,-2.500687,0.012395263
ILMN_082,cg052,-28.618101,15.392389,-1.8592371,0.06299353
ILMN_082,cg053,5.123154,17.159883,0.29855412,0.76528025
ILMN_082,cg054,15.388101,17.19781,0.894771,0.37090957
ILMN_082,cg055,1.4810171,15.22679,0.0972639,0.9225168
ILMN_082,cg056,5.918169,17.90273,0.33057353,0.7409667
ILMN_082,cg057,-25.271772,19.457716,-1.2988046,0.19401097
ILMN_082,cg058,3.8584661,15.444399,0.24982949,0.80271924
ILMN_082,cg059,-25.370995,15.156235,-1.6739643,0.09413761
ILMN_082,cg060,-8.373107,15.900967,-0.5265785,0.5984863
ILMN_082,cg061,3.1364918,15.591627,0.20116514,0.84056944
ILMN_082,cg062,-8.133249,17.059034,-0.4767708,0.6335254
ILMN_082,cg063,10.297163,16.431198,0.62668365,0.5308666
ILMN_082,cg064,-2.7189245,16.41749,-0.16561146,0.86846274
ILMN_082,cg065,8.782959,17.126097,0.5128407,0.60806274
ILMN_082,cg066,3.1870575,17.198606,0.18530905,0.85298663
ILMN_082,cg067,3.3585467,15.82855,0.21218283,0.8319644
ILMN_082,cg068,6.1973076,15.528562,0.3990909,0.68982625
ILMN_082,cg069,-28.985153,16.099703,-1.8003533,0.07180488
ILMN_082,cg070,-31.657486,15.492716,-2.0433788,0.04101497
ILMN_082,cg071,-11.675735,15.542001,-0.75123763,0.45250964
ILMN_082,cg072,12.54052,17.07852,0.7342861,0.4627744
ILMN_082,cg073,18.379616,15.14423,1.2136382,0.22488594
ILMN_082,cg074,-22.521084,18.752554,-1.2009609,0.22976637
ILMN_082,cg075,1.0001488,16.780733,0.059601016,0.9524734
ILMN_082,cg076,-13.821194,19.5985,-0.70521694,0.48067528
ILMN_082,cg077,-20.922575,16.270748,-1.2859012,0.19847757
ILMN_082,cg078,39.459023,16.776863,2.3519905,0.018673241
ILMN_082,cg079,-3.3016062,16.12129,-0.2047979,0.83773005
ILMN_082,cg080,-22.195343,14.765,-1.5032402,0.1327771
ILMN_082,cg081,-13.558361,17.27382,-0.78490806,0.43250751
ILMN_082,cg082,14.571148,15.886392,0.9172094,0.35903293
ILMN_082,cg083,41.45444,15.482664,2.6774747,0.007417977
ILMN_082,cg084,-24.644245,17.301632,-1.4243885,0.15433407
ILMN_082,cg085,-29.902786,17.001024,-1.7588814,0.078597665
ILMN_082,cg086,4.2329407,16.865784,0.250978,0.8018311
ILMN_082,cg087,-21.91208,15.7010565,-1.39558,0.16284102
ILMN_082,cg088,4.2503004,15.78158,0.26932034,0.7876832
ILMN_082,cg089,18.27169,17.23673,1.0600438,0.28912467
ILMN_082,cg090,-13.473145,19.18878,-0.7021366,0.482594
ILMN_082,cg091,-1.7366042,15.805374,-0.109874286,0.9125091
ILMN_082,cg092,12.809803,15.753174,0.81315696,0.4161281
ILMN_082,cg093,-27.129559,16.272661,-1.6671864,0.09547734
ILMN_082,cg094,3.516643,18.094923,0.19434418,0.8459064
ILMN_082,cg095,-20.618946,17.13865,-1.2030671,0.22895038
ILMN_082,cg096,12.023661,15.572813,0.77209306,0.44005936
ILMN_082,cg097,4.9091187,17.171928,0.28588045,0.7749697
ILMN_082,cg098,26.924469,15.318828,1.7576064,0.07881451
ILMN_082,cg099,11.520871,15.908934,0.7241762,0.46895754
ILMN_082,cg100,-9.759422,18.350277,-0.5318406,0.59483635
ILMN_083,cg001,-14.930065,12.313277,-1.2125176,0.22531432
ILMN_083,cg002,-16.547255,14.214841,-1.164083,0.24439037
ILMN_083,cg003,30.426735,13.051224,2.331332,0.019735873
ILMN_083,cg004,-3.0831966,14.975572,-0.20588173,0.8368833
ILMN_083,cg005,2.2379384,13.884723,0.16117992,0.8719517
ILMN_083,cg006,5.765106,13.545605,0.42560714,0.6703942
ILMN_083,cg007,1.9045391,12.696761,0.15000196,0.88076305
ILMN_083,cg008,-0.7661381,13.635115,-0.056188606,0.95519155
ILMN_083,cg009,10.1793995,13.339178,0.7631205,0.4453916
ILMN_083,cg010,19.09845,13.867593,1.3772,0.16845042
ILMN_083,cg011,14.553038,12.945597,1.124169,0.26094133
ILMN_083,cg012,2.9024525,14.428545,0.20116045,0.84057313
ILMN_083,cg013,3.819365,13.3673,0.2857245,0.77508914
ILMN_083,cg014,-8.72883,12.203215,-0.7152894,0.4744302
ILMN_083,cg015,-4.607814,13.57892,-0.3393358,0.73435676
ILMN_083,cg016,-4.0810175,13.541411,-0.30137312,0.76312995
ILMN_083,cg017,-3.6893501,12.901304,-0.28596723,0.77490324
ILMN_083,cg018,-8.402977,14.765478,-0.56909615,0.5692909
ILMN_083,cg019,2.9083405,12.10697,0.24022034,0.81015944
ILMN_083,cg020,14.480039,14.145816,1.0236269,0.3060115
ILMN_083,cg021,-11.736099,13.904653,-0.84404117,0.3986464
ILMN_083,cg022,-6.323475,13.562815,-0.46623617,0.64104646
ILMN_083,cg023,1.640976,12.701414,0.12919632,0.8972023
ILMN_083,cg024,12.182255,12.698083,0.95937747,0.33736867
ILMN_083,cg025,2.5679584,12.446298,0.20632307,0.83653855
ILMN_083,cg026,-12.703075,13.461355,-0.94366986,0.34533834
ILMN_083,cg027,-13.706631,12.403738,-1.1050403,0.26914215
ILMN_083,cg028,6.4811516,14.905564,0.43481424,0.66369724
ILMN_083,cg029,-5.198389,15.71181,-0.3308587,0.7407512
ILMN_083,cg030,3.8368645,12.956296,0.296139,0.76712394
ILMN_083,cg031,18.02892,13.60446,1.3252213,0.18509775
ILMN_083,cg032,8.448391,12.994126,0.65016997,0.51558244
ILMN_083,cg033,-9.841627,12.872062,-0.76457274,0.44452602
ILMN_083,cg034,-5.7651443,14.871733,-0.38765788,0.69826925
ILMN_083,cg035,8.984657,12.115076,0.74160963,0.4583239
ILMN_083,cg036,-26.57514,12.679725,-2.0958767,0.036093116
ILMN_083,cg037,10.926866,12.88424,0.8480799,0.39639348
ILMN_083,cg038,0.6726799,14.011887,0.048007805,0.96171004
ILMN_083,cg039,-13.7133255,13.840157,-0.990836,0.32176566
ILMN_083,cg040,16.26694,14.070894,1.15607,0.24765253
ILMN_083,cg041,6.177411,14.024347,0.4404776,0.6595912
ILMN_083,cg042,-17.33458,12.310189,-1.4081489,0.159087
ILMN_083,cg043,13.37307,13.8464155,0.9658146,0.33413696
ILMN_083,cg044,28.383354,12.740452,2.2278137,0.025892973
ILMN_083,cg045,-18.59216,13.152452,-1.4135888,0.15748268
ILMN_083,cg046,-13.257132,11.492802,-1.153516,0.24869865
ILMN_083,cg047,-18.943424,13.730125,-1.3796978,0.16767973
ILMN_083,cg048,21.5642,12.35558,1.7453004,0.08093262
ILMN_083,cg049,28.890905,12.719746,2.271343,0.023126245
ILMN_083,cg050,-2.6373386,12.583723,-0.20958333,0.8339929
ILMN_083,cg051,-3.5678787,13.626806,-0.26182795,0.7934541
ILMN_083,cg052,-4.874692,12.842704,-0.37956896,0.7042654
ILMN_083,cg053,-11.891588,13.731515,-0.86600703,0.38648635
ILMN_083,cg054,-8.020845,13.9301605,-0.57578987,0.5647572
ILMN_083,cg055,-1.5516229,12.270806,-0.12644832,0.89937705
ILMN_083,cg056,-5.4122686,14.423361,-0.37524325,0.7074796
ILMN_083,cg057,16.747496,15.774337,1.0616925,0.28837532
ILMN_083,cg058,-19.779377,12.109273,-1.6334075,0.102383316
ILMN_083,cg059,10.121487,12.4925375,0.8102026,0.41782373
ILMN_083,cg060,6.882859,12.813457,0.53715867,0.59115803
ILMN_083,cg061,17.56601,12.301545,1.4279515,0.15330583
ILMN_083,cg062,-12.034918,13.667554,-0.88054657,0.37856328
ILMN_083,cg063,-21.39405,12.919239,-1.6559838,0.09772509
ILMN_083,cg064,11.887674,13.118668,0.90616477,0.36484867
ILMN_083,cg065,-0.9023113,13.841142,-0.065190524,0.9480223
ILMN_083,cg066,-20.538681,13.531273,-1.5178676,0.12904781
ILMN_083,cg067,-8.49765,12.701248,-0.66904056,0.5034696
ILMN_083,cg068,5.297575,12.512174,0.42339367,0.67200804
ILMN_083,cg069,-7.654457,13.377009,-0.5722099,0.5671798
ILMN_083,cg070,9.34173,12.967419,0.72040015,0.47127867
ILMN_083,cg071,30.885977,11.750767,2.6284223,0.008578181
ILMN_083,cg072,-16.069817,13.640214,-1.1781206,0.23874855
ILMN_083,cg073,2.9946718,12.391141,0.24167846,0.80902934
ILMN_083,cg074,25.678913,14.873973,1.7264327,0.08426958
ILMN_083,cg075,17.59843,13.273324,1.3258495,0.18488955
ILMN_083,cg076,4.112259,15.86853,0.25914556,0.7955229
ILMN_083,cg077,12.913523,13.210125,0.97754735,0.32829827
ILMN_083,cg078,-0.85981274,14.310285,-0.060083553,0.9520891
ILMN_083,cg079,-16.472513,12.769585,-1.2899803,0.19705755
ILMN_083,cg080,9.258053,12.111607,0.7643951,0.44463181
ILMN_083,cg081,1.1619568,14.013303,0.08291812,0.9339166
ILMN_083,cg082,5.422839,12.89505,0.4205365,0.6740936
ILMN_083,cg083,6.986514,13.375404,0.5223404,0.60143334
ILMN_083,cg084,-25.753614,13.732736,-1.8753448,0.0607453
ILMN_083,cg085,17.136414,13.927499,1.2304014,0.21854687
ILMN_083,cg086,8.6728,13.541649,0.64045376,0.52187765
ILMN_083,cg087,-14.3286915,12.745096,-1.1242514,0.2609064
ILMN_083,cg088,1.8417573,12.7259245,0.14472483,0.8849281
ILMN_083,cg089,4.013975,14.04773,0.28573835,0.77507854
ILMN_083,cg090,13.095854,15.427032,0.84889,0.3959425
ILMN_083,cg091,24.044037,12.236456,1.964951,0.04941994
ILMN_083,cg092,-20.657648,12.418779,-1.6634202,0.09622836
ILMN_083,cg093,17.465343,13.2571945,1.3174238,0.18769658
ILMN_083,cg094,21.962677,14.225252,1.5439218,0.12260729
ILMN_083,cg095,3.9500284,14.01602,0.2818224,0.7780797
ILMN_083,cg096,-2.0797348,12.627887,-0.16469382,0.869185
ILMN_083,cg097,-5.356288,13.829074,-0.3873208,0.69851875
ILMN_083,cg098,-13.137277,12.605717,-1.0421681,0.29733372
ILMN_083,cg099,-5.410184,12.8696165,-0.42038423,0.6742048
ILMN_083,cg100,-18.895224,14.570426,-1.2968203,0.19469303
ILMN_084,cg001,8.038984,14.225313,0.56511825,0.57199335
ILMN_084,cg002,11.889463,16.36545,0.7264978,0.46753365
ILMN_084,cg003,5.743536,15.726508,0.3652137,0.7149519
ILMN_084,cg004,4.163104,17.086859,0.24364361,0.80750686
ILMN_084,cg005,-5.022232,15.832306,-0.3172142,0.7510811
ILMN_084,cg006,9.129422,15.429946,0.5916691,0.5540722
ILMN_084,cg007,-8.739331,14.435597,-0.6054014,0.54491234
ILMN_084,cg008,27.10128,15.039027,1.8020633,0.07153547
ILMN_084,cg009,20.054436,15.030542,1.3342457,0.18212336
ILMN_084,cg010,-0.45428848,16.148418,-0.028132074,0.9775568
ILMN_084,cg011,-7.8570957,14.930099,-0.5262588,0.5987084
ILMN_084,cg012,23.677345,16.098822,1.4707502,0.14135867
ILMN_084,cg013,10.61961,15.1876955,0.6992246,0.48441172
ILMN_084,cg014,-5.0336876,13.983769,-0.35996643,0.71887225
ILMN_084,cg015,-15.493149,15.346462,-1.0095583,0.31270695
ILMN_084,cg016,-5.503581,15.447306,-0.35628098,0.72163016
ILMN_084,cg017,-6.1971807,14.707597,-0.42135918,0.67349285
ILMN_084,cg018,-19.242157,16.66976,-1.1543152,0.24837095
ILMN_084,cg019,21.208408,13.4667635,1.5748705,0.11528635
ILMN_084,cg020,0.113306046,16.325912,0.006940258,0.9944625
ILMN_084,cg021,-22.13555,15.653672,-1.4140803,0.15733838
ILMN_084,cg022,-19.171547,15.254625,-1.2567694,0.20883715
ILMN_084,cg023,11.079083,14.405064,0.7691103,0.44182783
ILMN_084,cg024,15.626603,14.452712,1.0812229,0.279598
ILMN_084,cg025,-5.271517,14.188919,-0.3715235,0.71024764
ILMN_084,cg026,-14.238239,15.367251,-0.9265313,0.35416996
ILMN_084,cg027,0.38223267,14.341591,0.02665204,0.9787373
ILMN_084,cg028,-8.4668255,16.999262,-0.49807018,0.61843455
ILMN_084,cg029,-1.0178871,17.950893,-0.05670398,0.954781
ILMN_084,cg030,1.6720982,14.797661,0.112997465,0.9100326
ILMN_084,cg031,13.999935,15.683644,0.89264554,0.372047
ILMN_084,cg032,5.924803,14.871141,0.39840943,0.69032836
ILMN_084,cg033,6.9515457,14.746969,0.4713881,0.6373636
ILMN_084,cg034,7.107433,16.966879,0.41890043,0.6752889
ILMN_084,cg035,9.604209,13.83576,0.6941584,0.48758286
ILMN_084,cg036,15.712681,14.966911,1.0498279,0.29379725
ILMN_084,cg037,8.887495,14.759847,0.60214007,0.5470809
ILMN_084,cg038,10.365245,15.91746,0.6511871,0.5149257
ILMN_084,cg039,-19.998375,15.687227,-1.274819,0.20237333
ILMN_084,cg040,14.8316345,16.141743,0.91883725,0.3581807
ILMN_084,cg041,-8.130026,15.993335,-0.5083384,0.61121607
ILMN_084,cg042,7.005718,14.310652,0.4895457,0.62445545
ILMN_084,cg043,3.2982388,15.953421,0.2067418,0.8362115
ILMN_084,cg044,-22.038181,14.954638,-1.4736687,0.14057082
ILMN_084,cg045,-11.232589,15.242308,-0.7369349,0.46116197
ILMN_084,cg046,-13.196388,13.160786,-1.0027052,0.31600308
ILMN_084,cg047,-21.530474,15.671338,-1.3738759,0.16948026
ILMN_084,cg048,0.8450346,14.558928,0.058042366,0.9537149
ILMN_084,cg049,2.2517414,15.304432,0.14713003,0.8830294
ILMN_084,cg050,10.705612,14.2803335,0.7496752,0.45345038
ILMN_084,cg051,-16.848934,15.362828,-1.0967339,0.2727577
ILMN_084,cg052,6.7356396,14.645295,0.45991832,0.64557487
ILMN_084,cg053,2.9990554,15.791339,0.18991774,0.8493736
ILMN_084,cg054,-5.419759,15.9341545,-0.3401347,0.7337551
ILMN_084,cg055,-3.9892378,13.993429,-0.28507936,0.7755833
ILMN_084,cg056,-13.945585,16.356268,-0.85261416,0.39387333
ILMN_084,cg057,0.9095993,18.220284,0.049922347,0.9601843
ILMN_084,cg058,14.725147,14.04733,1.0482523,0.2945224
ILMN_084,cg059,9.16346,14.29404,0.6410686,0.5214782
ILMN_084,cg060,-4.826704,14.651135,-0.32944232,0.7418214
ILMN_084,cg061,-27.360222,13.767349,-1.9873267,0.046886206
ILMN_084,cg062,2.3289642,15.724463,0.14811088,0.88225526
ILMN_084,cg063,-26.342838,14.671008,-1.7955711,0.072562754
ILMN_084,cg064,14.5646,14.950518,0.974187,0.32996368
ILMN_084,cg065,-40.323395,14.634565,-2.755353,0.0058628917
ILMN_084,cg066,4.0921164,15.81226,0.2587939,0.79579425
ILMN_084,cg067,-8.016813,14.516877,-0.5522409,0.58078337
ILMN_084,cg068,3.9858932,14.294519,0.27884066,0.78036714
ILMN_084,cg069,-15.713431,15.143777,-1.0376164,0.29944867
ILMN_084,cg070,3.3600388,14.873314,0.22591056,0.821271
ILMN_084,cg071,-15.904491,14.189202,-1.1208869,0.26233602
ILMN_084,cg072,8.341543,15.751258,0.5295795,0.5964035
ILMN_084,cg073,-6.8349857,14.113718,-0.4842796,0.6281874
ILMN_084,cg074,-6.011231,17.492914,-0.34363806,0.7311185
ILMN_084,cg075,9.079359,15.375966,0.59049034,0.55486196
ILMN_084,cg076,-9.635685,18.066486,-0.5333458,0.5937942
ILMN_084,cg077,-21.181953,14.907447,-1.4208975,0.15534657
ILMN_084,cg078,24.171295,15.937832,1.5165987,0.129368
ILMN_084,cg079,6.1734033,14.80584,0.41695732,0.67670965
ILMN_084,cg080,-12.996826,13.776543,-0.9434026,0.34547502
ILMN_084,cg081,-12.287903,15.890119,-0.77330464,0.43934208
ILMN_084,cg082,16.803038,14.534357,1.1560909,0.247644
ILMN_084,cg083,-13.361337,15.181828,-0.8800875,0.3788119
ILMN_084,cg084,20.783585,15.968372,1.3015468,0.19307137
ILMN_084,cg085,9.300484,16.09507,0.57784677,0.5633676
ILMN_084,cg086,-21.027195,15.209612,-1.3824939,0.16682011
ILMN_084,cg087,-9.924984,14.670269,-0.6765373,0.4986996
ILMN_084,cg088,0.89626694,14.525433,0.061703287,0.9507991
ILMN_084,cg089,-2.3660145,16.041592,-0.1474925,0.8827433
ILMN_084,cg090,13.32717,17.633429,0.75579005,0.4497751
ILMN_084,cg091,-20.951126,14.206418,-1.4747648,0.14027578
ILMN_084,cg092,-17.20938,14.36993,-1.1975965,0.2310741
ILMN_084,cg093,0.8880253,15.411225,0.05762198,0.95404977
ILMN_084,cg094,-15.075572,16.500004,-0.91367084,0.36088985
ILMN_084,cg095,-0.6503935,16.008492,-0.04062803,0.9675924
ILMN_084,cg096,-20.15946,14.105324,-1.4292094,0.15294403
ILMN_084,cg097,15.4450035,15.642455,0.9873772,0.32345778
ILMN_084,cg098,-9.387633,14.488422,-0.64794034,0.51702356
ILMN_084,cg099,6.084116,14.687526,0.41423696,0.67870057
ILMN_084,cg100,33.819065,16.177864,2.0904531,0.036577106
ILMN_085,cg001,6.104452,14.344734,0.42555353,0.6704332
ILMN_085,cg002,-21.723907,16.259981,-1.3360353,0.18153775
ILMN_085,cg003,22.069183,15.520353,1.421951,0.15504044
ILMN_085,cg004,-9.968185,17.152813,-0.58114,0.56114614
ILMN_085,cg005,-1.7235379,15.956776,-0.10801292,0.91398543
ILMN_085,cg006,-9.83712,15.527652,-0.6335227,0.52639234
ILMN_085,cg007,21.842945,14.233014,1.5346676,0.12486553
ILMN_085,cg008,15.590664,15.498474,1.0059483,0.3144405
ILMN_085,cg009,2.1219902,15.420978,0.13760413,0.8905533
ILMN_085,cg010,-14.105726,16.126242,-0.8747064,0.38173372
ILMN_085,cg011,-9.121374,15.018038,-0.60736126,0.54361117
ILMN_085,cg012,-0.3958435,16.586365,-0.023865597,0.98095983
ILMN_085,cg013,-20.16914,15.083009,-1.3372093,0.18115431
ILMN_085,cg014,4.6935883,14.082924,0.33328223,0.7389213
ILMN_085,cg015,-3.5226405,15.613791,-0.22561084,0.8215041
ILMN_085,cg016,-5.5055304,15.553998,-0.3539624,0.7233671
ILMN_085,cg017,0.66341114,14.837142,0.044712868,0.96433616
ILMN_085,cg018,0.14534378,17.025938,0.008536609,0.99318886
ILMN_085,cg019,-9.628149,13.84771,-0.6952882,0.4868747
ILMN_085,cg020,28.023106,15.910652,1.7612795,0.0781911
ILMN_085,cg021,-0.11775875,16.10043,-0.007314013,0.9941643
ILMN_085,cg022,6.896084,15.588058,0.4423953,0.6582032
ILMN_085,cg023,-1.6106863,14.595325,-0.110356316,0.9121268
ILMN_085,cg024,28.570942,14.121081,2.0232828,0.04304403
ILMN_085,cg025,23.727924,13.873779,1.7102711,0.08721578
ILMN_085,cg026,-8.957155,15.560885,-0.5756199,0.56487215
ILMN_085,cg027,10.782582,14.352718,0.7512571,0.4524979
ILMN_085,cg028,5.823167,17.140966,0.33972222,0.7340658
ILMN_085,cg029,0.20746613,18.07516,0.01147797,0.9908421
ILMN_085,cg030,-4.2376585,14.888562,-0.2846251,0.77593136
ILMN_085,cg031,-9.262432,15.869217,-0.58367294,0.5594404
ILMN_085,cg032,-12.473128,14.886229,-0.8378971,0.40208846
ILMN_085,cg033,8.472485,14.831864,0.5712353,0.56784016
ILMN_085,cg034,12.746515,17.012825,0.7492298,0.45371872
ILMN_085,cg035,-10.372917,13.92008,-0.74517655,0.45616502
ILMN_085,cg036,-4.7811813,15.233179,-0.3138663,0.7536226
ILMN_085,cg037,-12.022035,14.81431,-0.811515,0.41706997
ILMN_085,cg038,37.419,15.126054,2.473811,0.01336807
ILMN_085,cg039,15.38809,15.910945,0.96713865,0.33347476
ILMN_085,cg040,-20.38832,16.123577,-1.2645036,0.20604932
ILMN_085,cg041,-15.108593,15.994293,-0.944624,0.3448509
ILMN_085,cg042,11.420906,14.348247,0.7959792,0.4260441
ILMN_085,cg043,2.444767,16.06674,0.15216322,0.8790582
ILMN_085,cg044,-13.797758,15.274116,-0.90334255,0.36634415
ILMN_085,cg045,7.7075596,15.395752,0.500629,0.6166322
ILMN_085,cg046,0.61015415,13.39518,0.045550276,0.9636687
ILMN_085,cg047,20.751072,15.806386,1.3128284,0.18924075
ILMN_085,cg048,8.487011,14.606252,0.5810533,0.56120455
ILMN_085,cg049,13.543026,15.283598,0.886115,0.37555557
ILMN_085,cg050,-5.34764,14.444776,-0.37021273,0.71122396
ILMN_085,cg051,-2.3275146,15.665838,-0.14857262,0.8818909
ILMN_085,cg052,9.23742,14.717163,0.6276631,0.5302247
ILMN_085,cg053,-28.35309,15.347182,-1.847446,0.06468254
ILMN_085,cg054,-13.020517,15.948957,-0.81638676,0.41427898
ILMN_085,cg055,28.543947,13.459639,2.1207068,0.033946514
ILMN_085,cg056,-15.270097,16.44516,-0.92854655,0.35312414
ILMN_085,cg057,23.1452,18.026117,1.2839814,0.19914848
ILMN_085,cg058,-31.429218,13.541063,-2.3210304,0.02028519
ILMN_085,cg059,-11.077132,14.364104,-0.77116764,0.4406076
ILMN_085,cg060,31.696308,14.010585,2.2623115,0.023678184
ILMN_085,cg061,-23.037968,14.039971,-1.6408843,0.100821435
ILMN_085,cg062,2.879961,15.830866,0.18192062,0.85564506
ILMN_085,cg063,12.53576,15.168791,0.82641786,0.40856713
ILMN_085,cg064,-9.878073,15.138102,-0.6525305,0.514059
ILMN_085,cg065,-5.8574085,15.881488,-0.3688199,0.712262
ILMN_085,cg066,-30.89663,15.267644,-2.023667,0.043004394
ILMN_085,cg067,13.363085,14.532297,0.91954386,0.3578112
ILMN_085,cg068,5.492668,14.382367,0.38190293,0.70253336
ILMN_085,cg069,-13.270343,15.300917,-0.86729074,0.38578278
ILMN_085,cg070,18.982727,14.720363,1.2895557,0.197205
ILMN_085,cg071,-8.2843685,14.429134,-0.57414174,0.5658719
ILMN_085,cg072,22.68752,15.552363,1.4587827,0.14462495
ILMN_085,cg073,1.5529423,14.245285,0.109014474,0.913191
ILMN_085,cg074,-37.21634,16.760641,-2.2204604,0.026387513
ILMN_085,cg075,-31.004488,14.852886,-2.0874386,0.036848545
ILMN_085,cg076,7.4831657,18.213715,0.41085336,0.6811801
ILMN_085,cg077,-4.0592785,15.32432,-0.26489127,0.79109323
ILMN_085,cg078,-16.405085,16.265064,-1.0086087,0.3131624
ILMN_085,cg079,-5.8335123,14.911194,-0.391217,0.69563687
ILMN_085,cg080,0.012348175,14.004995,0.0008816979,0.9992965
ILMN_085,cg081,5.265379,16.084518,0.32735696,0.74339795
ILMN_085,cg082,-8.2064705,14.796171,-0.55463475,0.5791445
ILMN_085,cg083,8.767254,15.360276,0.5707745,0.56815255
ILMN_085,cg084,30.4092,15.74585,1.9312518,0.053451955
ILMN_085,cg085,-5.2684546,16.246096,-0.3242905,0.7457181
ILMN_085,cg086,14.761309,15.477024,0.9537563,0.34020704
ILMN_085,cg087,7.497712,14.803415,0.5064853,0.61251605
ILMN_085,cg088,9.596527,14.557499,0.6592154,0.5097575
ILMN_085,cg089,3.4173355,16.14806,0.21162514,0.8323995
ILMN_085,cg090,-27.441626,17.40059,-1.5770514,0.114783704
ILMN_085,cg091,5.2308598,14.618209,0.35783178,0.72046924
ILMN_085,cg092,4.3083763,14.679015,0.29350582,0.7691356
ILMN_085,cg093,-5.151417,15.49935,-0.33236343,0.73961484
ILMN_085,cg094,-9.269129,16.70794,-0.5547739,0.57904935
ILMN_085,cg095,5.6966767,16.09716,0.35389328,0.7234189
ILMN_085,cg096,0.15069199,14.514381,0.010382254,0.9917163
ILMN_085,cg097,-3.7028852,15.906873,-0.23278524,0.81592816
ILMN_085,cg098,8.593351,14.599774,0.5885948,0.55613315
ILMN_085,cg099,26.552303,14.2896805,1.8581454,0.06314838
ILMN_085,cg100,-11.885237,16.955183,-0.70097953,0.48331583
ILMN_086,cg001,-23.610998,14.112198,-1.6730915,0.09430927
ILMN_086,cg002,14.310171,16.626247,0.86069757,0.38940465
ILMN_086,cg003,-2.35429,16.033094,-0.14683941,0.88325876
ILMN_086,cg004,-8.030454,17.369755,-0.46232396,0.643849
ILMN_086,cg005,-4.0461464,16.127974,-0.25087753,0.8019088
ILMN_086,cg006,22.391739,15.421918,1.4519426,0.14651757
ILMN_086,cg007,9.577808,14.689891,0.65199995,0.5144012
ILMN_086,cg008,8.028319,15.800666,0.5081001,0.6113832
ILMN_086,cg009,-2.6966677,15.593251,-0.17293812,0.8627001
ILMN_086,cg010,11.423363,16.35692,0.698381,0.48493898
ILMN_086,cg011,25.83928,14.7647915,1.7500606,0.08010787
ILMN_086,cg012,30.98542,16.139624,1.9198353,0.05487871
ILMN_086,cg013,-16.173807,15.3629875,-1.0527775,0.29244298
ILMN_086,cg014,-8.545332,14.20336,-0.6016416,0.54741275
ILMN_086,cg015,-32.31581,15.063227,-2.1453445,0.03192532
ILMN_086,cg016,36.67596,14.793693,2.479162,0.013169169
ILMN_086,cg017,-9.466109,14.939957,-0.63361025,0.52633524
ILMN_086,cg018,-1.339942,17.217073,-0.07782635,0.93796617
ILMN_086,cg019,10.4226,13.993344,0.7448255,0.45637727
ILMN_086,cg020,15.9903145,16.455976,0.9717026,0.3311985
ILMN_086,cg021,0.16296768,16.282228,0.01000893,0.99201417
ILMN_086,cg022,0.86315346,15.797065,0.054640118,0.9564252
ILMN_086,cg023,-22.61701,14.380511,-1.5727543,0.115775764
ILMN_086,cg024,-2.2098572,14.898867,-0.14832385,0.88208723
ILMN_086,cg025,13.265823,14.336842,0.92529607,0.35481197
ILMN_086,cg026,-36.273922,14.860013,-2.4410424,0.014644921
ILMN_086,cg027,-42.471718,13.192799,-3.2193108,0.0012850165
ILMN_086,cg028,-1.5868196,17.354677,-0.091434695,0.9271472
ILMN_086,cg029,-4.3956604,18.267796,-0.24062347,0.809847
ILMN_086,cg030,-11.049849,14.981609,-0.73756087,0.4607814
ILMN_086,cg031,10.225664,16.037014,0.6376289,0.52371526
ILMN_086,cg032,49.58425,13.290742,3.7307363,0.00019091368
ILMN_086,cg033,-0.97927094,15.051759,-0.065060236,0.948126
ILMN_086,cg034,-8.424496,17.264965,-0.48795325,0.62558293
ILMN_086,cg035,8.907341,14.100953,0.6316836,0.5275937
ILMN_086,cg036,-21.023943,15.106931,-1.3916754,0.16402072
ILMN_086,cg037,-18.834621,14.830697,-1.2699754,0.2040934
ILMN_086,cg038,29.913399,15.673909,1.9084836,0.056328714
ILMN_086,cg039,5.404808,16.233831,0.33293483,0.7391835
ILMN_086,cg040,-8.668212,16.537304,-0.52416116,0.60016644
ILMN_086,cg041,14.580758,16.18891,0.9006634,0.36776733
ILMN_086,cg042,1.4251032,14.608344,0.09755405,0.9222864
ILMN_086,cg043,11.62055,16.161688,0.71901834,0.47212964
ILMN_086,cg044,18.433073,15.344162,1.2013086,0.22963154
ILMN_086,cg045,7.0548735,15.577267,0.45289546,0.65062404
ILMN_086,cg046,-9.160034,13.479252,-0.6795655,0.49677962
ILMN_086,cg047,13.183077,16.165134,0.81552535,0.41477168
ILMN_086,cg048,-8.703682,14.7696495,-0.5892951,0.55566335
ILMN_086,cg049,8.173527,15.54088,0.5259372,0.59893185
ILMN_086,cg050,12.110525,14.520253,0.8340437,0.4042564
ILMN_086,cg051,-16.78402,15.652117,-1.0723163,0.28357798
ILMN_086,cg052,-0.07117844,14.946941,-0.0047620735,0.99620044
ILMN_086,cg053,7.5238037,16.047672,0.4688408,0.6391834
ILMN_086,cg054,20.980068,15.948256,1.3155086,0.18833905
ILMN_086,cg055,-4.2241893,14.247905,-0.2964779,0.76686513
ILMN_086,cg056,-19.092024,16.548279,-1.1537166,0.2486164
ILMN_086,cg057,15.800327,18.406622,0.8584045,0.3906691
ILMN_086,cg058,-7.0483723,14.436289,-0.4882399,0.6253799
ILMN_086,cg059,-3.2455845,14.612069,-0.2221167,0.82422304
ILMN_086,cg060,-13.447765,14.804045,-0.90838456,0.36367512
ILMN_086,cg061,1.1458149,14.607163,0.078441985,0.93747646
ILMN_086,cg062,-15.550859,15.8504095,-0.98110145,0.32654274
ILMN_086,cg063,0.46319675,15.453384,0.029973807,0.9760879
ILMN_086,cg064,7.815281,15.336502,0.50958693,0.6103409
ILMN_086,cg065,-14.259741,15.946546,-0.8942213,0.37120354
ILMN_086,cg066,6.4715314,16.084406,0.4023482,0.68742776
ILMN_086,cg067,6.8766146,14.796157,0.46475682,0.64210564
ILMN_086,cg068,-19.1297,14.292159,-1.3384751,0.18074161
ILMN_086,cg069,7.6428914,15.558942,0.4912218,0.62326956
ILMN_086,cg070,-8.070378,15.106488,-0.5342326,0.59318066
ILMN_086,cg071,-23.316458,14.235016,-1.637965,0.101428986
ILMN_086,cg072,-4.578785,16.073502,-0.28486544,0.77574724
ILMN_086,cg073,10.67228,14.32182,0.74517626,0.4561652
ILMN_086,cg074,13.354588,17.726133,0.7533841,0.45121914
ILMN_086,cg075,1.6681223,15.714009,0.106155105,0.9154593
ILMN_086,cg076,-29.55175,17.931362,-1.6480483,0.09934276
ILMN_086,cg077,1.3762288,15.507846,0.08874404,0.92928535
ILMN_086,cg078,-2.6505957,16.625025,-0.1594341,0.8733269
ILMN_086,cg079,26.592081,14.586893,1.823012,0.06830156
ILMN_086,cg080,8.687441,14.105102,0.6159077,0.5379554
ILMN_086,cg081,-5.2813406,16.266453,-0.32467684,0.7454257
ILMN_086,cg082,-20.878391,14.694212,-1.4208581,0.15535802
ILMN_086,cg083,-14.500853,15.441318,-0.93909425,0.34768236
ILMN_086,cg084,15.643536,16.395178,0.9541547,0.34000534
ILMN_086,cg085,4.3957615,16.435543,0.2674546,0.7891192
ILMN_086,cg086,-14.717501,15.656123,-0.94004756,0.34719318
ILMN_086,cg087,-13.532344,14.87908,-0.90948796,0.3630926
ILMN_086,cg088,-1.9828248,14.78837,-0.13408001,0.8933393
ILMN_086,cg089,-9.642021,16.276384,-0.5923933,0.5535873
ILMN_086,cg090,37.49966,17.19969,2.180252,0.02923876
ILMN_086,cg091,-14.13089,14.656489,-0.9641388,0.33497632
ILMN_086,cg092,1.9891186,14.855769,0.13389537,0.8934853
ILMN_086,cg093,-20.607466,15.396232,-1.3384746,0.18074179
ILMN_086,cg094,0.019347668,16.953035,0.001141251,0.9990894
ILMN_086,cg095,11.509684,16.212502,0.7099264,0.47774976
ILMN_086,cg096,4.3142405,14.664506,0.2941961,0.7686081
ILMN_086,cg097,27.390862,15.581081,1.7579564,0.07875496
ILMN_086,cg098,8.868134,14.762338,0.6007269,0.5480219
ILMN_086,cg099,-8.81732,14.927061,-0.59069365,0.5547257
ILMN_086,cg100,7.325508,17.204105,0.4258,0.6702536
ILMN_087,cg001,6.2636833,12.720575,0.49240565,0.6224326
ILMN_087,cg002,20.63619,14.38762,1.4343019,0.15148616
ILMN_087,cg003,6.388587,14.040092,0.45502457,0.6490916
ILMN_087,cg004,4.962879,15.259055,0.32524157,0.7449982
ILMN_087,cg005,7.605071,14.116825,0.5387239,0.5900774
ILMN_087,cg006,-11.388329,13.736439,-0.8290598,0.40707058
ILMN_087,cg007,15.960379,12.733558,1.2534108,0.21005625
ILMN_087,cg008,-22.299501,13.508906,-1.6507258,0.09879458
ILMN_087,cg009,17.982231,13.427608,1.3391985,0.18050611
ILMN_087,cg010,18.440844,14.1698885,1.3014107,0.19311792
ILMN_087,cg011,3.5604439,13.369516,0.2663106,0.79
ILMN_087,cg012,3.9843578,14.706533,0.27092433,0.78644925
ILMN_087,cg013,-10.967419,13.545622,-0.8096652,0.41813266
ILMN_087,cg014,-4.4878006,12.494272,-0.35918865,0.719454
ILMN_087,cg015,-7.0353317,13.823942,-0.5089237,0.61080575
ILMN_087,cg016,6.981941,13.782475,0.50658107,0.6124488
ILMN_087,cg017,0.7745762,13.165761,0.05883262,0.9530854
ILMN_087,cg018,23.438583,14.707693,1.5936275,0.11101949
ILMN_087,cg019,10.667328,12.251841,0.87067145,0.38393354
ILMN_087,cg020,-3.5702648,14.577355,-0.24491856,0.8065195
ILMN_087,cg021,9.497158,14.218189,0.6679583,0.5041602
ILMN_087,cg022,16.864307,13.636864,1.2366705,0.21620947
ILMN_087,cg023,-9.344034,12.879629,-0.7254894,0.46815187
ILMN_087,cg024,10.533955,12.98368,0.81132275,0.41718036
ILMN_087,cg025,0.6484308,12.69614,0.051073067,0.9592673
ILMN_087,cg026,30.764616,13.094439,2.3494413,0.01880163
ILMN_087,cg027,-3.0344734,12.80619,-0.23695366,0.81269276
ILMN_087,cg028,24.272253,14.802919,1.6396936,0.101068854
ILMN_087,cg029,17.230743,15.836819,1.088018,0.2765872
ILMN_087,cg030,-9.508865,13.148692,-0.7231796,0.46956956
ILMN_087,cg031,-3.4654999,14.124606,-0.24535197,0.80618393
ILMN_087,cg032,3.1497765,13.3018465,0.23679242,0.8128178
ILMN_087,cg033,13.4507475,13.058144,1.0300658,0.3029791
ILMN_087,cg034,2.0957012,15.185285,0.13800868,0.8902336
ILMN_087,cg035,-0.576437,12.426241,-0.046388686,0.9630005
ILMN_087,cg036,14.606961,13.35938,1.0933862,0.27422428
ILMN_087,cg037,-3.1568413,13.231291,-0.23858906,0.81142426
ILMN_087,cg038,-16.94748,14.067102,-1.2047598,0.22829604
ILMN_087,cg039,8.730934,14.20343,0.61470604,0.53874886
ILMN_087,cg040,6.3422337,14.523977,0.43667334,0.6623483
ILMN_087,cg041,3.0068045,14.322923,0.20992953,0.83372265
ILMN_087,cg042,-12.47768,12.686829,-0.98351455,0.32535428
ILMN_087,cg043,-27.767702,13.660329,-2.0327258,0.042080224
ILMN_087,cg044,3.1919737,13.665316,0.23358214,0.8153094
ILMN_087,cg045,-2.4704275,13.693984,-0.1804024,0.8568367
ILMN_087,cg046,-2.6615238,11.88021,-0.22403003,0.82273394
ILMN_087,cg047,-0.7088356,14.286007,-0.049617477,0.9604272
ILMN_087,cg048,-3.5414085,12.99808,-0.2724563,0.78527117
ILMN_087,cg049,5.188713,13.655985,0.3799589,0.7039759
ILMN_087,cg050,-11.427483,12.725823,-0.89797586,0.36919844
ILMN_087,cg051,-7.812195,13.85687,-0.56377774,0.5729054
ILMN_087,cg052,15.088705,12.925245,1.1673825,0.24305594
ILMN_087,cg053,-0.1903553,14.114724,-0.013486292,0.9892398
ILMN_087,cg054,0.012366295,14.254716,0.0008675231,0.9993078
ILMN_087,cg055,2.7978067,12.507066,0.2236981,0.8229922
ILMN_087,cg056,-4.569501,14.713577,-0.31056356,0.7561324
ILMN_087,cg057,21.61785,15.964801,1.3540945,0.17570627
ILMN_087,cg058,15.480496,12.49322,1.2391118,0.21530408
ILMN_087,cg059,-22.80108,12.38,-1.8417674,0.0655092
ILMN_087,cg060,-11.533598,12.995116,-0.88753325,0.37479186
ILMN_087,cg061,7.5838013,12.7691555,0.59391564,0.55256855
ILMN_087,cg062,-14.109993,13.897973,-1.0152555,0.3099841
ILMN_087,cg063,30.467115,12.794115,2.3813381,0.017249882
ILMN_087,cg064,-23.683495,13.035452,-1.8168526,0.069239676
ILMN_087,cg065,6.3912926,14.082013,0.45386213,0.6499281
ILMN_087,cg066,-3.4991927,14.1287775,-0.24766423,0.80439425
ILMN_087,cg067,7.947817,12.960572,0.6132304,0.539724
ILMN_087,cg068,7.5724373,12.733781,0.59467316,0.552062
ILMN_087,cg069,-17.975758,13.429023,-1.3385752,0.180709
ILMN_087,cg070,19.88813,12.968983,1.5335151,0.12514901
ILMN_087,cg071,-1.9262466,12.846573,-0.14994246,0.88081
ILMN_087,cg072,-6.158578,14.087012,-0.43718126,0.6619799
ILMN_087,cg073,-10.794137,12.541836,-0.8606505,0.38943058
ILMN_087,cg074,2.4456182,15.645436,0.15631512,0.87578464
ILMN_087,cg075,16.377678,13.576995,1.2062815,0.227709
ILMN_087,cg076,-21.088387,15.890509,-1.3271059,0.18447363
ILMN_087,cg077,27.1787,13.005259,2.089824,0.03663361
ILMN_087,cg078,-10.43346,14.510464,-0.7190301,0.47212243
ILMN_087,cg079,0.92678547,13.252969,0.069930404,0.94424903
ILMN_087,cg080,7.761181,12.374756,0.6271785,0.53054225
ILMN_087,cg081,17.701572,14.049089,1.2599801,0.20767659
ILMN_087,cg082,14.4105,13.000969,1.1084174,0.2676816
ILMN_087,cg083,-8.285976,13.623693,-0.60820335,0.5430526
ILMN_087,cg084,2.072309,14.524519,0.1426766,0.8865456
ILMN_087,cg085,-2.2531853,14.428872,-0.1561581,0.8759084
ILMN_087,cg086,-7.01188,13.83032,-0.5069933,0.6121595
ILMN_087,cg087,-13.5915575,13.019294,-1.0439551,0.29650617
ILMN_087,cg088,6.25935,12.945845,0.48350263,0.6287389
ILMN_087,cg089,4.1895638,14.322892,0.2925082,0.76989806
ILMN_087,cg090,-5.707325,15.83026,-0.3605326,0.7184489
ILMN_087,cg091,-10.454742,12.89795,-0.81057394,0.4176104
ILMN_087,cg092,-7.1315727,12.995376,-0.5487777,0.583158
ILMN_087,cg093,-3.145937,13.76228,-0.22859125,0.8191866
ILMN_087,cg094,-7.8624477,14.830329,-0.53016,0.596001
ILMN_087,cg095,22.446754,13.915336,1.6130947,0.106723964
ILMN_087,cg096,-22.728788,12.435964,-1.827666,0.067599714
ILMN_087,cg097,4.5305357,14.107718,0.3211388,0.74810517
ILMN_087,cg098,4.8211217,12.98459,0.37129566,0.71041733
ILMN_087,cg099,-5.1815796,13.125225,-0.39478025,0.6930051
ILMN_087,cg100,-10.829239,15.04108,-0.71997744,0.4715389
ILMN_088,cg001,-0.1894207,12.551378,-0.015091625,0.9879591
ILMN_088,cg002,6.967065,14.435665,0.4826286,0.6293595
ILMN_088,cg003,20.77235,13.505142,1.5381068,0.12402254
ILMN_088,cg004,48.050102,13.259922,3.6237092,0.00029039383
ILMN_088,cg005,-9.851156,13.860388,-0.71074176,0.47724426
ILMN_088,cg006,-8.86396,13.555951,-0.65387964,0.5131894
ILMN_088,cg007,25.673067,12.168263,2.1098382,0.034872293
ILMN_088,cg008,-10.99996,13.585894,-0.8096604,0.4181354
ILMN_088,cg009,0.12655163,13.469381,0.009395504,0.9925036
ILMN_088,cg010,22.051237,13.821897,1.5953844,0.11062634
ILMN_088,cg011,-8.274704,13.110587,-0.6311467,0.52794456
ILMN_088,cg012,9.387175,14.418128,0.6510675,0.51500297
ILMN_088,cg013,0.9805727,13.424273,0.073044755,0.9417705
ILMN_088,cg014,6.1677656,12.279358,0.5022873,0.6154654
ILMN_088,cg015,-22.657082,13.227218,-1.7129136,0.08672845
ILMN_088,cg016,8.781673,13.539501,0.6485965,0.5165992
ILMN_088,cg017,10.217811,12.869181,0.79397523,0.42720985
ILMN_088,cg018,10.408045,14.788786,0.7037795,0.48157012
ILMN_088,cg019,23.583366,11.648194,2.0246372,0.042904615
ILMN_088,cg020,-6.964019,14.318323,-0.48637113,0.6267041
ILMN_088,cg021,-3.62494,14.049812,-0.25800627,0.7964021
ILMN_088,cg022,0.71107197,13.641054,0.052127346,0.95842725
ILMN_088,cg023,14.509303,12.5665045,1.1546013,0.24825376
ILMN_088,cg024,-2.8250122,12.861738,-0.21964467,0.8261479
ILMN_088,cg025,-10.407763,12.400179,-0.8393236,0.4012878
ILMN_088,cg026,17.780016,13.383316,1.328521,0.18400604
ILMN_088,cg027,11.023115,12.50523,0.8814804,0.3780579
ILMN_088,cg028,33.391903,14.155658,2.3589087,0.018328786
ILMN_088,cg029,7.4592266,15.746093,0.4737192,0.63570017
ILMN_088,cg030,5.754339,12.98544,0.4431378,0.6576661
ILMN_088,cg031,-5.309595,13.887229,-0.38233656,0.70221174
ILMN_088,cg032,0.13896179,13.098456,0.0106090205,0.99153537
ILMN_088,cg033,-3.2732735,12.989065,-0.25200224,0.80103934
ILMN_088,cg034,7.563923,14.90544,0.50746053,0.6118317
ILMN_088,cg035,11.959423,12.101297,0.9882761,0.32301748
ILMN_088,cg036,-23.824646,12.84521,-1.8547494,0.06363201
ILMN_088,cg037,-0.8599682,13.028501,-0.06600669,0.9473725
ILMN_088,cg038,-9.487165,13.990549,-0.67811245,0.4977004
ILMN_088,cg039,-7.192787,13.994924,-0.51395684,0.60728216
ILMN_088,cg040,3.6594934,14.312638,0.25568265,0.7981959
ILMN_088,cg041,22.598988,13.702802,1.6492239,0.09910178
ILMN_088,cg042,-16.738081,12.372103,-1.352889,0.17609113
ILMN_088,cg043,7.693346,13.988159,0.5499899,0.5823263
ILMN_088,cg044,-9.245509,13.386937,-0.69063663,0.4897939
ILMN_088,cg045,-29.32034,12.76923,-2.2961712,0.02166611
ILMN_088,cg046,-11.305948,11.578444,-0.9764653,0.32883394
ILMN_088,cg047,-2.587327,14.054222,-0.18409607,0.8539381
ILMN_088,cg048,5.152137,12.779317,0.40316215,0.686829
ILMN_088,cg049,12.74288,13.328309,0.95607626,0.33903372
ILMN_088,cg050,-9.412086,12.556463,-0.7495809,0.45350713
ILMN_088,cg051,-13.549776,13.537109,-1.0009357,0.31685793
ILMN_088,cg052,8.769685,12.841991,0.68289137,0.49467552
ILMN_088,cg053,18.945187,13.606728,1.3923397,0.16381955
ILMN_088,cg054,12.246885,13.911527,0.8803409,0.3786747
ILMN_088,cg055,-3.5659146,12.303811,-0.28982195,0.77195245
ILMN_088,cg056,-11.385605,14.397432,-0.790808,0.42905605
ILMN_088,cg057,13.669262,15.893934,0.8600301,0.38977242
ILMN_088,cg058,14.37274,12.317258,1.1668782,0.24325955
ILMN_088,cg059,-0.6392765,12.624164,-0.05063912,0.9596131
ILMN_088,cg060,-14.288002,12.724463,-1.1228765,0.26148993
ILMN_088,cg061,15.320152,12.410466,1.2344542,0.21703374
ILMN_088,cg062,-5.268426,13.807706,-0.38155693,0.70279
ILMN_088,cg063,3.4543223,13.334647,0.25904864,0.79559773
ILMN_088,cg064,-25.42594,12.740547,-1.9956709,0.045969784
ILMN_088,cg065,3.9719849,13.876911,0.28622976,0.77470213
ILMN_088,cg066,0.023598671,13.913556,0.001696092,0.99864674
ILMN_088,cg067,6.963452,12.765453,0.54549193,0.58541524
ILMN_088,cg068,20.303696,12.218142,1.6617663,0.096559644
ILMN_088,cg069,-25.510408,12.934804,-1.97223,0.04858339
ILMN_088,cg070,40.57125,11.637723,3.4861846,0.0004899502
ILMN_088,cg071,-12.245358,12.515994,-0.9783768,0.327888
ILMN_088,cg072,14.224916,13.732721,1.0358411,0.30027628
ILMN_088,cg073,9.491242,12.362585,0.7677393,0.4426421
ILMN_088,cg074,22.572332,15.037041,1.5011153,0.13332576
ILMN_088,cg075,19.790419,13.253548,1.4932166,0.1353805
ILMN_088,cg076,-4.3685265,15.921559,-0.27437806,0.7837941
ILMN_088,cg077,21.647285,13.006526,1.6643403,0.09604442
ILMN_088,cg078,1.2990599,14.358658,0.09047224,0.92791194
ILMN_088,cg079,29.384422,12.302508,2.3884904,0.016917765
ILMN_088,cg080,11.087297,12.120349,0.9147672,0.3603139
ILMN_088,cg081,21.641144,13.695638,1.5801487,0.1140728
ILMN_088,cg082,0.89443207,12.963463,0.068996385,0.9449925
ILMN_088,cg083,-17.834415,13.201697,-1.3509184,0.17672157
ILMN_088,cg084,10.617913,14.210934,0.7471651,0.45496392
ILMN_088,cg085,-1.732605,14.201082,-0.122005135,0.902895
ILMN_088,cg086,2.6140285,13.6431055,0.1916007,0.848055
ILMN_088,cg087,-0.16000748,12.963302,-0.012343111,0.9901519
ILMN_088,cg088,11.120996,12.666798,0.8779643,0.3799631
ILMN_088,cg089,17.588251,13.868045,1.2682575,0.20470601
ILMN_088,cg090,8.5839615,15.549308,0.55204785,0.5809156
ILMN_088,cg091,10.976681,12.680483,0.8656359,0.3866899
ILMN_088,cg092,-13.882208,12.666378,-1.0959888,0.2730837
ILMN_088,cg093,-0.9703636,13.550551,-0.07161064,0.9429118
ILMN_088,cg094,4.6717014,14.623001,0.31947625,0.7493654
ILMN_088,cg095,17.339985,13.842106,1.2526984,0.21031547
ILMN_088,cg096,0.067923546,12.674935,0.005358887,0.99572426
ILMN_088,cg097,10.298464,13.815929,0.7454051,0.4560269
ILMN_088,cg098,-12.953455,12.6540985,-1.0236568,0.30599737
ILMN_088,cg099,-5.8180466,12.910078,-0.45065928,0.65223515
ILMN_088,cg100,20.278404,14.581895,1.3906564,0.16432965
ILMN_089,cg001,9.8029995,14.275115,0.6867195,0.4922595
ILMN_089,cg002,12.299065,16.444126,0.7479306,0.45450205
ILMN_089,cg003,-17.640127,15.615258,-1.1296724,0.2586143
ILMN_089,cg004,-34.94648,16.395317,-2.1314917,0.03304869
ILMN_089,cg005,21.249763,15.620092,1.3604121,0.17369956
ILMN_089,cg006,13.632544,15.437991,0.88305163,0.3772084
ILMN_089,cg007,-0.6836958,14.567263,-0.046933718,0.9625661
ILMN_089,cg008,11.003696,15.556568,0.70733446,0.47935867
ILMN_089,cg009,-13.358513,15.270996,-0.87476367,0.38170254
ILMN_089,cg010,0.21100998,16.231668,0.012999895,0.9896279
ILMN_089,cg011,-9.686249,14.984169,-0.64643216,0.51799953
ILMN_089,cg012,-6.399769,16.530893,-0.38713992,0.6986526
ILMN_089,cg013,-16.555647,15.15143,-1.0926788,0.27453488
ILMN_089,cg014,-15.828231,13.880731,-1.1403024,0.25416034
ILMN_089,cg015,12.661425,15.483291,0.81774765,0.41350132
ILMN_089,cg016,19.346684,15.284343,1.2657845,0.20559025
ILMN_089,cg017,0.7236023,14.811438,0.04885429,0.96103543
ILMN_089,cg018,0.33929634,16.996452,0.019962775,0.98407304
ILMN_089,cg019,-22.996267,13.4762335,-1.7064314,0.08792782
ILMN_089,cg020,8.217016,16.36519,0.5021033,0.61559486
ILMN_089,cg021,-9.641192,16.009628,-0.60221213,0.54703295
ILMN_089,cg022,25.12352,15.147841,1.6585544,0.09720564
ILMN_089,cg023,-47.413727,12.785664,-3.708351,0.00020861626
ILMN_089,cg024,-16.897484,14.498053,-1.1655003,0.24381655
ILMN_089,cg025,-3.5722659,14.27364,-0.25027016,0.8023784
ILMN_089,cg026,2.527399,15.5853815,0.16216472,0.8711761
ILMN_089,cg027,-30.8317,13.680013,-2.253777,0.024210215
ILMN_089,cg028,-5.754977,17.11177,-0.33631688,0.73663193
ILMN_089,cg029,10.150606,17.981773,0.5644942,0.57241786
ILMN_089,cg030,1.5402279,14.874177,0.103550464,0.9175261
ILMN_089,cg031,24.696129,15.4778,1.5955839,0.110581696
ILMN_089,cg032,29.848522,14.31212,2.0855415,0.037020206
ILMN_089,cg033,-9.6965065,14.789712,-0.6556251,0.5120654
ILMN_089,cg034,1.3257198,17.085613,0.07759276,0.938152
ILMN_089,cg035,7.4928474,13.935925,0.5376642,0.59080887
ILMN_089,cg036,10.935735,15.137495,0.72242695,0.47003204
ILMN_089,cg037,14.106127,14.748262,0.95646024,0.33883977
ILMN_089,cg038,22.759563,15.718782,1.4479215,0.14763904
ILMN_089,cg039,11.542595,15.953602,0.72351027,0.46936643
ILMN_089,cg040,10.908436,16.293877,0.6694807,0.5031889
ILMN_089,cg041,-9.726576,16.056852,-0.60575855,0.5446751
ILMN_089,cg042,-18.07458,14.173393,-1.2752471,0.20222181
ILMN_089,cg043,-2.5880222,16.038467,-0.16136344,0.87180716
ILMN_089,cg044,34.712795,14.505936,2.3930063,0.016710937
ILMN_089,cg045,0.9919548,15.410262,0.06436975,0.9486758
ILMN_089,cg046,2.177411,13.368475,0.16287655,0.8706156
ILMN_089,cg047,3.1266537,16.06534,0.19462107,0.8456896
ILMN_089,cg048,-12.67667,14.514573,-0.87337536,0.3824585
ILMN_089,cg049,-21.679592,15.051163,-1.4403932,0.1497562
ILMN_089,cg050,-3.7559414,14.430654,-0.26027521,0.7946515
ILMN_089,cg051,-6.2717686,15.615159,-0.40164617,0.6879445
ILMN_089,cg052,14.602523,14.596572,1.0004077,0.31711322
ILMN_089,cg053,0.4473133,15.878726,0.028170604,0.97752607
ILMN_089,cg054,23.592558,15.6545,1.5070783,0.13179058
ILMN_089,cg055,-11.403852,13.977124,-0.81589407,0.41456074
ILMN_089,cg056,-4.123359,16.558718,-0.2490144,0.8033496
ILMN_089,cg057,-3.6686668,18.306599,-0.20040134,0.84116673
ILMN_089,cg058,-11.181007,14.191871,-0.7878459,0.43078685
ILMN_089,cg059,-14.354111,14.275645,-1.0054965,0.3146578
ILMN_089,cg060,-2.5449557,14.739156,-0.17266631,0.8629137
ILMN_089,cg061,6.3153267,14.389966,0.43887016,0.66075563
ILMN_089,cg062,-28.117905,15.255925,-1.8430809,0.06531721
ILMN_089,cg063,6.43503,15.225038,0.42266104,0.6725426
ILMN_089,cg064,7.4734874,15.141676,0.4935707,0.62160945
ILMN_089,cg065,-1.4139214,15.876094,-0.08905978,0.9290344
ILMN_089,cg066,19.336681,15.647622,1.2357584,0.21654838
ILMN_089,cg067,9.301688,14.575527,0.6381717,0.5233619
ILMN_089,cg068,1.1921883,14.379179,0.08291073,0.9339225
ILMN_089,cg069,5.282882,15.379139,0.3435096,0.7312151
ILMN_089,cg070,-26.052784,14.456548,-1.8021442,0.07152271
ILMN_089,cg071,-4.2754803,14.441963,-0.29604563,0.7671952
ILMN_089,cg072,-16.120876,15.701659,-1.026699,0.30456227
ILMN_089,cg073,7.7832365,14.176129,0.5490382,0.58297926
ILMN_089,cg074,0.92515755,17.605003,0.05255083,0.95808977
ILMN_089,cg075,21.986437,15.171119,1.4492297,0.14727348
ILMN_089,cg076,-16.727692,18.047823,-0.9268537,0.35400248
ILMN_089,cg077,3.676836,15.299894,0.24031773,0.810084
ILMN_089,cg078,44.054905,15.07571,2.922244,0.0034751892
ILMN_089,cg079,-12.200812,14.801248,-0.8243097,0.40976363
ILMN_089,cg080,-4.01836,13.968232,-0.2876785,0.7735928
ILMN_089,cg081,3.928306,16.064976,0.24452612,0.8068234
ILMN_089,cg082,-5.3302183,14.799053,-0.36017293,0.7187178
ILMN_089,cg083,24.13842,14.970699,1.6123776,0.10687977
ILMN_089,cg084,-8.226039,16.298397,-0.5047146,0.6137593
ILMN_089,cg085,1.4858322,16.235067,0.09151993,0.92707944
ILMN_089,cg086,-4.152222,15.590277,-0.2663341,0.7899819
ILMN_089,cg087,-9.393173,14.754121,-0.63664746,0.5243545
ILMN_089,cg088,-2.6704373,14.595513,-0.1829629,0.85482717
ILMN_089,cg089,-35.806244,15.239452,-2.3495755,0.018794835
ILMN_089,cg090,29.35333,17.30081,1.6966449,0.08976382
ILMN_089,cg091,-23.365108,14.2013645,-1.6452721,0.09991372
ILMN_089,cg092,8.097111,14.618693,0.5538874,0.5796559
ILMN_089,cg093,-16.512163,15.298625,-1.0793233,0.2804436
ILMN_089,cg094,9.79171,16.672377,0.5873014,0.55700135
ILMN_089,cg095,-30.454031,15.452023,-1.9708767,0.048738003
ILMN_089,cg096,5.116845,14.469659,0.35362583,0.72361934
ILMN_089,cg097,5.303217,15.86948,0.3341771,0.73824596
ILMN_089,cg098,42.164078,13.242698,3.1839492,0.0014528036
ILMN_089,cg099,-1.5895233,14.788796,-0.107481584,0.91440696
ILMN_089,cg100,3.399784,17.008654,0.19988555,0.8415701
ILMN_090,cg001,18.662693,12.403445,1.5046378,0.1324172
ILMN_090,cg002,-0.66339684,14.648939,-0.04528634,0.9638791
ILMN_090,cg003,-3.207646,14.009554,-0.22896132,0.818899
ILMN_090,cg004,13.268854,15.091557,0.8792237,0.37927997
ILMN_090,cg005,0.36914396,14.106719,0.026167953,0.97912335
ILMN_090,cg006,-21.05679,13.431307,-1.5677395,0.11694193
ILMN_090,cg007,0.5097952,12.899155,0.039521597,0.9684745
ILMN_090,cg008,11.115228,13.752485,0.8082341,0.41895586
ILMN_090,cg009,2.4492736,13.629438,0.17970467,0.85738444
ILMN_090,cg010,7.8472595,14.326252,0.5477538,0.583861
ILMN_090,cg011,0.8949151,13.327706,0.06714697,0.9464647
ILMN_090,cg012,-17.418846,14.43496,-1.2067125,0.22754288
ILMN_090,cg013,6.485451,13.55565,0.4784316,0.63234305
ILMN_090,cg014,-5.35161,12.438659,-0.43024012,0.667021
ILMN_090,cg015,-10.311378,13.725544,-0.75125456,0.4524995
ILMN_090,cg016,-12.083236,13.651953,-0.88509214,0.37610692
ILMN_090,cg017,2.145567,13.111802,0.16363631,0.87001747
ILMN_090,cg018,-11.903046,14.947458,-0.79632574,0.4258427
ILMN_090,cg019,-2.0779686,12.301059,-0.168926,0.86585486
ILMN_090,cg020,-7.5722256,14.4878025,-0.5226621,0.6012094
ILMN_090,cg021,-25.237408,13.736972,-1.8371886,0.06618208
ILMN_090,cg022,-5.612217,13.783573,-0.40716705,0.68388534
ILMN_090,cg023,23.9008,12.41275,1.9255041,0.054166317
ILMN_090,cg024,-18.857052,12.725774,-1.4818,0.13839352
ILMN_090,cg025,-26.687439,12.020003,-2.2202523,0.026401639
ILMN_090,cg026,3.9188747,13.7924385,0.28413212,0.77630913
ILMN_090,cg027,17.626719,12.497346,1.410437,0.15841073
ILMN_090,cg028,-11.972729,15.067748,-0.7945931,0.42685026
ILMN_090,cg029,-15.181185,15.820046,-0.95961696,0.33724803
ILMN_090,cg030,5.1000843,13.150888,0.3878129,0.69815445
ILMN_090,cg031,-3.6602573,14.0691395,-0.26016214,0.7947387
ILMN_090,cg032,-17.440548,13.007009,-1.3408577,0.17996663
ILMN_090,cg033,-25.222174,12.620593,-1.9984936,0.045663178
ILMN_090,cg034,-21.996157,14.7783375,-1.4884053,0.136644
ILMN_090,cg035,6.205114,12.344885,0.50264657,0.6152128
ILMN_090,cg036,-22.065065,13.081345,-1.6867582,0.09164983
ILMN_090,cg037,27.274977,12.560483,2.1714911,0.029894054
ILMN_090,cg038,7.4070234,14.190396,0.5219744,0.60168815
ILMN_090,cg039,14.512339,14.044738,1.0332937,0.30146646
ILMN_090,cg040,2.160751,14.494573,0.14907311,0.88149595
ILMN_090,cg041,-2.0919733,14.271337,-0.14658566,0.8834591
ILMN_090,cg042,-8.249155,12.712169,-0.648918,0.5163914
ILMN_090,cg043,36.307014,13.158595,2.7591863,0.005794525
ILMN_090,cg044,-11.713541,13.510891,-0.8669703,0.3859583
ILMN_090,cg045,-19.962017,13.32496,-1.498092,0.13410932
ILMN_090,cg046,3.1636314,11.831782,0.26738417,0.78917336
ILMN_090,cg047,-14.992708,14.058714,-1.0664352,0.28622693
ILMN_090,cg048,8.418031,12.898956,0.65261334,0.51400554
ILMN_090,cg049,11.193325,13.52447,0.827635,0.40787727
ILMN_090,cg050,-17.223972,12.5328,-1.3743116,0.16934496
ILMN_090,cg051,9.034518,13.7869835,0.65529335,0.5122789
ILMN_090,cg052,-20.718437,12.702722,-1.6310235,0.102885365
ILMN_090,cg053,4.0552483,14.047747,0.28867605,0.7728293
ILMN_090,cg054,4.3553505,14.185365,0.30703127,0.7588196
ILMN_090,cg055,10.347809,12.37202,0.836388,0.4029367
ILMN_090,cg056,14.407009,14.517767,0.9923709,0.3210166
ILMN_090,cg057,-28.64566,15.657617,-1.8295033,0.06732422
ILMN_090,cg058,-8.257436,12.592443,-0.6557453,0.51198804
ILMN_090,cg059,7.2980213,12.73362,0.57313013,0.5665566
ILMN_090,cg060,1.0835814,13.054525,0.08300428,0.93384814
ILMN_090,cg061,6.8432064,12.728794,0.53761625,0.590842
ILMN_090,cg062,-4.7161484,13.98149,-0.3373137,0.73588043
ILMN_090,cg063,0.17315292,13.507645,0.012818883,0.9897723
ILMN_090,cg064,2.6760197,13.437365,0.19914766,0.84214723
ILMN_090,cg065,-18.269445,13.798765,-1.3239913,0.18550593
ILMN_090,cg066,3.1360025,14.076225,0.22278719,0.82370114
ILMN_090,cg067,6.787561,12.924705,0.5251618,0.59947073
ILMN_090,cg068,0.9260578,12.73274,0.07273044,0.94202065
ILMN_090,cg069,14.217865,13.473317,1.0552609,0.29130602
ILMN_090,cg070,-10.054871,13.16199,-0.7639324,0.44490755
ILMN_090,cg071,0.81170654,12.799734,0.06341589,0.94943535
ILMN_090,cg072,-27.40373,13.468977,-2.0345814,0.041893005
ILMN_090,cg073,4.83883,12.573561,0.38484165,0.7003547
ILMN_090,cg074,33.602932,14.781156,2.2733629,0.023004293
ILMN_090,cg075,-12.863544,13.605465,-0.94546896,0.34441954
ILMN_090,cg076,1.5451584,16.127966,0.09580615,0.9236745
ILMN_090,cg077,-12.397541,13.4325,-0.92295116,0.35603267
ILMN_090,cg078,22.081207,14.166364,1.5587068,0.11906582
ILMN_090,cg079,7.353049,13.158112,0.5588225,0.57628286
ILMN_090,cg080,23.569649,11.881989,1.9836451,0.04729545
ILMN_090,cg081,-3.0595207,14.227358,-0.2150449,0.8297323
ILMN_090,cg082,-7.4364796,13.07689,-0.56867343,0.5695778
ILMN_090,cg083,6.6579943,13.590346,0.48990616,0.62420034
ILMN_090,cg084,7.2216587,14.432636,0.50037,0.6168146
ILMN_090,cg085,-7.430217,14.335388,-0.51831293,0.60423994
ILMN_090,cg086,32.178806,12.975344,2.4799964,0.013138354
ILMN_090,cg087,15.208755,12.928936,1.1763346,0.23946118
ILMN_090,cg088,25.506405,12.36974,2.0620003,0.039207697
ILMN_090,cg089,11.32248,14.183158,0.7983046,0.4246937
ILMN_090,cg090,-5.322913,15.772125,-0.33748865,0.7357485
ILMN_090,cg091,18.121405,12.660925,1.431286,0.15234828
ILMN_090,cg092,0.31811714,12.987617,0.024493882,0.9804587
ILMN_090,cg093,19.28672,13.419139,1.4372547,0.15064567
ILMN_090,cg094,10.261368,14.740916,0.69611466,0.48635703
ILMN_090,cg095,-2.4443455,14.243929,-0.17160612,0.8637472
ILMN_090,cg096,12.858894,12.689186,1.0133742,0.31088144
ILMN_090,cg097,6.5949244,14.035563,0.46987244,0.63844615
ILMN_090,cg098,-25.691574,12.387798,-2.073942,0.038084686
ILMN_090,cg099,-6.765354,13.058834,-0.51806724,0.60441136
ILMN_090,cg100,18.487404,14.818803,1.247564,0.2121908
ILMN_091,cg001,1.4720249,13.264443,0.11097525,0.911636
ILMN_091,cg002,-17.741379,15.071041,-1.1771834,0.23912233
ILMN_091,cg003,14.810094,14.472925,1.0232965,0.30616766
ILMN_091,cg004,-14.483983,15.745891,-0.919858,0.35764694
ILMN_091,cg005,21.235458,14.393354,1.4753655,0.1401143
ILMN_091,cg006,-2.1923141,14.390772,-0.15234166,0.87891746
ILMN_091,cg007,1.4305916,13.467523,0.1062253,0.9154036
ILMN_091,cg008,11.728019,14.35782,0.81683844,0.41402078
ILMN_091,cg009,-9.25615,14.170917,-0.65317935,0.51364064
ILMN_091,cg010,-6.473767,14.977403,-0.4322356,0.6655702
ILMN_091,cg011,23.770893,13.46856,1.7649171,0.07757771
ILMN_091,cg012,-5.326824,15.289141,-0.34840572,0.7275355
ILMN_091,cg013,-8.274717,14.137066,-0.5853207,0.5583321
ILMN_091,cg014,-19.97842,12.67647,-1.5760239,0.115020275
ILMN_091,cg015,31.62847,13.644589,2.3180227,0.020448089
ILMN_091,cg016,-14.4118595,14.217958,-1.0136378,0.3107556
ILMN_091,cg017,-15.589068,13.500711,-1.1546849,0.24821949
ILMN_091,cg018,-7.4150124,15.676867,-0.47299072,0.6362198
ILMN_091,cg019,2.4172688,12.843471,0.18820994,0.85071206
ILMN_091,cg020,-12.42353,15.061643,-0.8248456,0.40945923
ILMN_091,cg021,11.945986,14.755946,0.80957097,0.41818678
ILMN_091,cg022,-4.594572,14.402421,-0.31901386,0.74971604
ILMN_091,cg023,9.8786545,13.3942995,0.7375268,0.46080208
ILMN_091,cg024,6.2256017,13.570338,0.4587654,0.64640266
ILMN_091,cg025,15.755457,13.000436,1.2119176,0.22554392
ILMN_091,cg026,-3.911502,14.402779,-0.27157968,0.78594524
ILMN_091,cg027,-5.442039,13.304398,-0.40904063,0.68250984
ILMN_091,cg028,-11.001595,15.757669,-0.69817394,0.48506844
ILMN_091,cg029,-49.16989,15.025883,-3.2723463,0.0010665655
ILMN_091,cg030,19.05398,13.464261,1.4151523,0.15702385
ILMN_091,cg031,-2.9982605,14.694769,-0.20403591,0.83832544
ILMN_091,cg032,-1.9029446,13.841594,-0.13748017,0.8906513
ILMN_091,cg033,-12.735054,13.60935,-0.9357577,0.34939796
ILMN_091,cg034,-23.431541,15.415973,-1.5199522,0.12852299
ILMN_091,cg035,3.0545425,12.917696,0.23646186,0.8130743
ILMN_091,cg036,18.67154,13.803412,1.3526756,0.17615932
ILMN_091,cg037,1.6558828,13.768966,0.12026196,0.90427566
ILMN_091,cg038,-35.74863,13.8949175,-2.5727847,0.010088384
ILMN_091,cg039,9.847954,14.763118,0.6670646,0.5047309
ILMN_091,cg040,-5.734413,15.114864,-0.379389,0.704399
ILMN_091,cg041,-0.6511259,14.904911,-0.04368533,0.96515524
ILMN_091,cg042,-2.2414846,13.330219,-0.16815062,0.8664648
ILMN_091,cg043,-12.727234,14.714146,-0.86496586,0.38705754
ILMN_091,cg044,-9.943548,14.146731,-0.70288664,0.4821264
ILMN_091,cg045,7.4412336,14.206626,0.5237861,0.60042727
ILMN_091,cg046,13.027998,12.213897,1.0666537,0.28612822
ILMN_091,cg047,4.104869,14.847756,0.27646393,0.78219175
ILMN_091,cg048,-11.871572,13.417256,-0.88479877,0.37626517
ILMN_091,cg049,-4.115348,14.213694,-0.28953403,0.77217275
ILMN_091,cg050,-6.2269917,13.320765,-0.46746504,0.64016724
ILMN_091,cg051,-10.974844,14.372221,-0.763615,0.44509673
ILMN_091,cg052,-6.0401487,13.612878,-0.44370845,0.6572534
ILMN_091,cg053,-22.041357,14.317357,-1.5394851,0.1236859
ILMN_091,cg054,-3.9208107,14.8158655,-0.26463595,0.7912899
ILMN_091,cg055,11.235573,12.910538,0.87026376,0.3841563
ILMN_091,cg056,-7.741248,15.277888,-0.5066962,0.612368
ILMN_091,cg057,-2.9441967,16.928055,-0.1739241,0.8619251
ILMN_091,cg058,5.7974215,13.182316,0.43978778,0.6600908
ILMN_091,cg059,16.459543,13.120943,1.2544482,0.20967913
ILMN_091,cg060,10.110385,13.550451,0.74612904,0.45558947
ILMN_091,cg061,0.3327999,13.332661,0.024961252,0.98008585
ILMN_091,cg062,0.7841339,14.616677,0.053646524,0.9572168
ILMN_091,cg063,-22.539307,13.707242,-1.6443356,0.100106895
ILMN_091,cg064,19.41607,13.741958,1.4129043,0.15768391
ILMN_091,cg065,-2.88878,14.67408,-0.19686277,0.84393495
ILMN_091,cg066,8.878414,14.64756,0.606136,0.5444244
ILMN_091,cg067,-4.3822923,13.52059,-0.3241199,0.7458473
ILMN_091,cg068,-3.530489,13.28575,-0.265735,0.7904433
ILMN_091,cg069,24.425817,13.774732,1.7732337,0.076189995
ILMN_091,cg070,-8.0633745,13.779102,-0.5851887,0.5584209
ILMN_091,cg071,29.739092,12.626005,2.355384,0.018503547
ILMN_091,cg072,18.260857,14.434148,1.265115,0.2058301
ILMN_091,cg073,-3.0164442,13.142565,-0.22951716,0.818467
ILMN_091,cg074,15.049037,16.126093,0.9332104,0.35071135
ILMN_091,cg075,1.8191452,14.341321,0.12684642,0.899062
ILMN_091,cg076,9.271652,16.786493,0.5523281,0.5807236
ILMN_091,cg077,0.8112173,14.154615,0.05731115,0.95429736
ILMN_091,cg078,-5.9616704,15.152266,-0.39345077,0.69398654
ILMN_091,cg079,-16.347622,13.573554,-1.204373,0.22844547
ILMN_091,cg080,17.566208,12.664478,1.3870455,0.16542792
ILMN_091,cg081,-17.046392,14.649243,-1.1636363,0.24457145
ILMN_091,cg082,-10.3368845,13.61742,-0.7590927,0.44779712
ILMN_091,cg083,0.2978859,14.227573,0.020937225,0.98329574
ILMN_091,cg084,-7.2538414,15.073226,-0.48124015,0.6303458
ILMN_091,cg085,16.500313,14.8138275,1.1138453,0.2653455
ILMN_091,cg086,22.229984,14.048557,1.5823678,0.11356568
ILMN_091,cg087,-8.100332,13.649438,-0.5934554,0.5528765
ILMN_091,cg088,-3.6740322,13.48901,-0.27237228,0.7853358
ILMN_091,cg089,30.660528,14.2101555,2.157649,0.030955136
ILMN_091,cg090,-7.2775,16.454252,-0.4422869,0.65828156
ILMN_091,cg091,-3.813219,13.4996605,-0.28246778,0.77758485
ILMN_091,cg092,-1.6752701,13.559154,-0.1235527,0.90166944
ILMN_091,cg093,-6.2464623,14.293417,-0.43701673,0.66209924
ILMN_091,cg094,-48.42043,13.727455,-3.5272691,0.00041985512
ILMN_091,cg095,-1.6253185,14.875953,-0.109258115,0.9129978
ILMN_091,cg096,-14.681521,13.22074,-1.1104916,0.26678723
ILMN_091,cg097,-0.6356096,14.690382,-0.04326706,0.9654887
ILMN_091,cg098,-9.176901,13.458388,-0.6818722,0.49531978
ILMN_091,cg099,5.427429,13.651969,0.3975565,0.6909571
ILMN_091,cg100,-19.498121,15.4681015,-1.2605375,0.20747554
ILMN_092,cg001,16.757544,14.8875065,1.1256112,0.26033014
ILMN_092,cg002,-18.127209,17.194073,-1.0542707,0.291759
ILMN_092,cg003,10.989515,16.571152,0.66317147,0.50722075
ILMN_092,cg004,16.648975,17.908455,0.9296712,0.35254133
ILMN_092,cg005,-0.38472414,16.756145,-0.022960182,0.98168206
ILMN_092,cg006,29.963713,15.767277,1.9003733,0.057384133
ILMN_092,cg007,6.8489037,15.288706,0.44797143,0.65417385
ILMN_092,cg008,3.4630475,16.443007,0.21060914,0.8331923
ILMN_092,cg009,-34.013054,15.398836,-2.2088068,0.027188063
ILMN_092,cg010,-1.5998831,17.070656,-0.09372124,0.9253306
ILMN_092,cg011,3.179306,15.824631,0.2009087,0.84076995
ILMN_092,cg012,7.6822853,17.378399,0.44205943,0.6584462
ILMN_092,cg013,1.2672148,16.14048,0.07851159,0.9374211
ILMN_092,cg014,-2.2218866,14.800847,-0.15011889,0.8806708
ILMN_092,cg015,-0.0049772263,16.40306,-0.00030343278,0.9997579
ILMN_092,cg016,-8.932241,16.300322,-0.5479795,0.583706
ILMN_092,cg017,-18.570951,15.33636,-1.21091,0.22592992
ILMN_092,cg018,-14.255478,17.752724,-0.8030023,0.4219734
ILMN_092,cg019,-7.6442757,14.572343,-0.5245742,0.5998792
ILMN_092,cg020,19.028833,17.03023,1.1173563,0.26384205
ILMN_092,cg021,-23.119814,16.557703,-1.3963177,0.16261888
ILMN_092,cg022,-10.790595,16.32441,-0.66100985,0.50860596
ILMN_092,cg023,1.3176136,15.325433,0.085975625,0.9314858
ILMN_092,cg024,8.817336,15.417659,0.5718985,0.56739074
ILMN_092,cg025,18.00323,14.786674,1.2175307,0.22340232
ILMN_092,cg026,7.4695544,16.360153,0.45656997,0.64798015
ILMN_092,cg027,-2.9604626,15.155788,-0.19533543,0.8451304
ILMN_092,cg028,15.541672,17.873755,0.8695247,0.38456017
ILMN_092,cg029,-13.119892,18.87954,-0.6949265,0.48710138
ILMN_092,cg030,16.810287,15.448724,1.0881344,0.2765358
ILMN_092,cg031,12.152788,16.627502,0.7308848,0.46484953
ILMN_092,cg032,-17.396566,15.538621,-1.1195695,0.26289725
ILMN_092,cg033,-6.5430603,15.598327,-0.41947195,0.67487127
ILMN_092,cg034,-5.504568,17.95326,-0.3066055,0.7591437
ILMN_092,cg035,-3.0865002,14.696559,-0.21001516,0.83365583
ILMN_092,cg036,-26.371407,15.532194,-1.6978545,0.08953524
ILMN_092,cg037,2.661972,15.660595,0.16997899,0.86502665
ILMN_092,cg038,23.712708,16.539867,1.4336698,0.15166652
ILMN_092,cg039,-24.08187,16.49721,-1.4597541,0.14435768
ILMN_092,cg040,-11.543116,17.136665,-0.67359173,0.5005709
ILMN_092,cg041,-25.556362,16.531612,-1.5459086,0.1221267
ILMN_092,cg042,-12.440834,15.057291,-0.8262332,0.40867186
ILMN_092,cg043,47.294342,15.365569,3.0779428,0.0020843744
ILMN_092,cg044,22.125072,15.8466835,1.3961958,0.16265553
ILMN_092,cg045,17.23369,16.008635,1.0765247,0.28169262
ILMN_092,cg046,4.2470627,14.050893,0.30226284,0.7624517
ILMN_092,cg047,-4.0520473,16.893705,-0.23985545,0.8104423
ILMN_092,cg048,6.326104,15.364002,0.41174844,0.6805238
ILMN_092,cg049,33.652233,15.404304,2.1845994,0.028918266
ILMN_092,cg050,11.264318,15.098068,0.7460768,0.45562106
ILMN_092,cg051,11.425085,16.366123,0.69809353,0.48511875
ILMN_092,cg052,-16.923996,15.316663,-1.1049402,0.26918554
ILMN_092,cg053,-13.705992,16.578465,-0.82673466,0.40838748
ILMN_092,cg054,-3.7474918,16.857735,-0.22230104,0.8240796
ILMN_092,cg055,-0.16301727,14.806922,-0.011009531,0.9912158
ILMN_092,cg056,-6.6637897,17.400257,-0.38297075,0.70174146
ILMN_092,cg057,28.207512,18.808712,1.4997046,0.13369095
ILMN_092,cg058,-18.144741,14.787129,-1.2270631,0.21979892
ILMN_092,cg059,10.532915,15.099386,0.6975724,0.48544466
ILMN_092,cg060,1.7823734,15.505241,0.11495296,0.90848243
ILMN_092,cg061,-1.5324211,15.165144,-0.1010489,0.9195116
ILMN_092,cg062,35.223225,15.7960615,2.229874,0.025755823
ILMN_092,cg063,-18.070324,15.8217945,-1.142116,0.2534058
ILMN_092,cg064,-7.4315596,15.93029,-0.46650496,0.6408541
ILMN_092,cg065,19.157887,16.45908,1.1639707,0.2444359
ILMN_092,cg066,9.054233,16.675562,0.54296416,0.5871545
ILMN_092,cg067,-25.336119,14.938055,-1.6960788,0.08987099
ILMN_092,cg068,18.58974,14.874535,1.2497696,0.21138376
ILMN_092,cg069,13.759422,16.068748,0.8562846,0.39184034
ILMN_092,cg070,13.954932,15.597693,0.89467925,0.37095857
ILMN_092,cg071,14.506813,15.053127,0.96370757,0.33519256
ILMN_092,cg072,22.993216,16.35528,1.4058589,0.15976602
ILMN_092,cg073,5.565072,14.936516,0.37258166,0.70945984
ILMN_092,cg074,-7.4301004,18.484827,-0.4019567,0.6877159
ILMN_092,cg075,-16.471392,16.135246,-1.020833,0.3073336
ILMN_092,cg076,25.32388,18.791533,1.3476218,0.17778003
ILMN_092,cg077,27.716661,15.575124,1.7795467,0.07515019
ILMN_092,cg078,4.41214,17.253357,0.25572646,0.7981621
ILMN_092,cg079,-12.711186,15.569921,-0.8163938,0.41427493
ILMN_092,cg080,-11.126282,14.613017,-0.7613953,0.44642103
ILMN_092,cg081,-21.128592,16.618439,-1.2713945,0.20358837
ILMN_092,cg082,-10.786008,15.506041,-0.6956004,0.48667914
ILMN_092,cg083,28.041565,15.6478195,1.792043,0.07312608
ILMN_092,cg084,-3.829862,17.180557,-0.22291839,0.82359904
ILMN_092,cg085,-23.83889,16.711754,-1.4264745,0.15373147
ILMN_092,cg086,-7.167904,16.376215,-0.43770212,0.66160226
ILMN_092,cg087,-8.328023,15.537963,-0.5359791,0.591973
ILMN_092,cg088,-23.116945,14.973934,-1.5438124,0.122633755
ILMN_092,cg089,-12.61099,16.860996,-0.7479386,0.45449722
ILMN_092,cg090,-1.7462997,18.755718,-0.09310759,0.9258181
ILMN_092,cg091,22.171452,15.018349,1.476291,0.13986582
ILMN_092,cg092,-18.724619,15.177888,-1.2336775,0.21732312
ILMN_092,cg093,13.536013,16.17067,0.8370719,0.40255213
ILMN_092,cg094,31.930508,16.960106,1.8826833,0.059743285
ILMN_092,cg095,-20.882198,16.642097,-1.2547816,0.20955807
ILMN_092,cg096,40.606987,14.014321,2.897535,0.003761053
ILMN_092,cg097,-20.771954,16.428518,-1.2643839,0.2060923
ILMN_092,cg098,12.807657,15.270607,0.83871305,0.4016304
ILMN_092,cg099,-11.204283,15.468652,-0.72432184,0.4688682
ILMN_092,cg100,-0.14539433,17.89723,-0.008123845,0.9935182
ILMN_093,cg001,-5.750901,14.371336,-0.4001647,0.68903524
ILMN_093,cg002,-3.0280828,16.593414,-0.18248703,0.8552005
ILMN_093,cg003,18.690796,15.642695,1.1948577,0.23214263
ILMN_093,cg004,29.421444,16.689114,1.7629123,0.07791525
ILMN_093,cg005,-19.368158,15.7276125,-1.2314748,0.21814537
ILMN_093,cg006,11.317875,15.531229,0.72871727,0.46617466
ILMN_093,cg007,-3.737197,14.606186,-0.255864,0.7980559
ILMN_093,cg008,3.6764698,15.684148,0.23440672,0.81466925
ILMN_093,cg009,3.2127028,15.441983,0.20804988,0.83519006
ILMN_093,cg010,13.847611,16.157774,0.8570247,0.3914312
ILMN_093,cg011,-0.51944923,15.102475,-0.034394972,0.9725622
ILMN_093,cg012,-2.4160843,16.609634,-0.14546283,0.8843455
ILMN_093,cg013,-18.490658,15.155117,-1.2200934,0.22242951
ILMN_093,cg014,26.794659,13.559036,1.9761478,0.048138022
ILMN_093,cg015,-13.167515,15.526941,-0.8480431,0.39641398
ILMN_093,cg016,-9.596598,15.53621,-0.61769235,0.5367782
ILMN_093,cg017,5.6024504,14.838632,0.3775584,0.7057587
ILMN_093,cg018,-9.162359,17.000063,-0.53896034,0.5899142
ILMN_093,cg019,-0.8009758,13.942434,-0.05744878,0.9541877
ILMN_093,cg020,21.96362,16.143532,1.3605213,0.17366505
ILMN_093,cg021,13.650223,16.000557,0.85310924,0.39359874
ILMN_093,cg022,11.139387,15.560161,0.71589154,0.47405833
ILMN_093,cg023,-1.1224365,14.620071,-0.076773666,0.9388036
ILMN_093,cg024,4.5182285,14.744965,0.30642518,0.7592809
ILMN_093,cg025,33.618187,13.446889,2.5000718,0.01241684
ILMN_093,cg026,-0.5972824,15.641989,-0.038184557,0.96954054
ILMN_093,cg027,-1.8675222,14.461374,-0.12913865,0.8972479
ILMN_093,cg028,4.7980347,17.175821,0.2793482,0.7799776
ILMN_093,cg029,-7.515951,18.070648,-0.4159204,0.67746824
ILMN_093,cg030,-11.716389,14.825608,-0.79028046,0.42936397
ILMN_093,cg031,-42.152424,14.693421,-2.8687956,0.00412035
ILMN_093,cg032,14.751476,14.865536,0.9923273,0.32103795
ILMN_093,cg033,7.5244923,14.867259,0.5061116,0.6127783
ILMN_093,cg034,39.883316,16.10411,2.4765923,0.013264358
ILMN_093,cg035,15.117422,13.848403,1.0916365,0.27499288
ILMN_093,cg036,6.488117,15.244308,0.42560914,0.6703927
ILMN_093,cg037,-4.303911,14.930776,-0.28825772,0.7731495
ILMN_093,cg038,5.469412,16.106838,0.3395708,0.73417974
ILMN_093,cg039,4.0211163,16.087124,0.24995868,0.80261934
ILMN_093,cg040,-15.813421,16.261805,-0.9724272,0.33083808
ILMN_093,cg041,19.698088,15.912073,1.2379334,0.2157408
ILMN_093,cg042,21.763863,14.109941,1.5424489,0.12296456
ILMN_093,cg043,-3.8750448,16.086788,-0.24088368,0.8096453
ILMN_093,cg044,-1.0308199,15.433324,-0.066791825,0.9467474
ILMN_093,cg045,15.836079,15.285453,1.0360229,0.30019146
ILMN_093,cg046,18.956257,13.122943,1.4445126,0.14859486
ILMN_093,cg047,23.168987,15.759994,1.470114,0.14153087
ILMN_093,cg048,18.935057,14.41576,1.313497,0.18901557
ILMN_093,cg049,12.176365,15.333825,0.79408526,0.42714584
ILMN_093,cg050,6.4966345,14.458122,0.4493415,0.65318537
ILMN_093,cg051,2.427887,15.691011,0.15473107,0.87703335
ILMN_093,cg052,29.010595,14.172696,2.0469356,0.040664434
ILMN_093,cg053,25.184067,15.493495,1.6254606,0.104064465
ILMN_093,cg054,-28.598125,15.527905,-1.8417246,0.06551546
ILMN_093,cg055,-13.044427,13.993664,-0.9321667,0.3512504
ILMN_093,cg056,-2.6816902,16.620869,-0.16134477,0.8718219
ILMN_093,cg057,11.89233,18.292301,0.6501276,0.51560986
ILMN_093,cg058,-15.671264,14.147881,-1.1076757,0.2680019
ILMN_093,cg059,-13.658676,14.339456,-0.95252407,0.34083128
ILMN_093,cg060,-31.950975,14.023361,-2.2784107,0.022702157
ILMN_093,cg061,1.241106,14.467374,0.085786544,0.9316361
ILMN_093,cg062,0.5551443,15.862117,0.034998123,0.97208124
ILMN_093,cg063,5.909154,15.28103,0.38669866,0.6989793
ILMN_093,cg064,5.582163,15.210495,0.36699417,0.7136234
ILMN_093,cg065,25.179348,15.492219,1.6252899,0.10410082
ILMN_093,cg066,36.78987,15.008538,2.4512627,0.014235616
ILMN_093,cg067,-1.1252575,14.688179,-0.07660973,0.938934
ILMN_093,cg068,-7.873348,14.381814,-0.5474517,0.5840685
ILMN_093,cg069,-31.466679,14.737581,-2.1351318,0.03275025
ILMN_093,cg070,-9.422135,14.944028,-0.630495,0.52837074
ILMN_093,cg071,-13.583229,14.36537,-0.9455537,0.34437627
ILMN_093,cg072,7.264718,15.89788,0.45696145,0.64769876
ILMN_093,cg073,-21.601717,13.9103365,-1.5529256,0.1204409
ILMN_093,cg074,-0.351727,17.664633,-0.019911367,0.98411405
ILMN_093,cg075,-14.732174,15.413435,-0.95580083,0.33917284
ILMN_093,cg076,19.963116,18.038221,1.106712,0.2684185
ILMN_093,cg077,0.26405144,15.360905,0.017189836,0.98628515
ILMN_093,cg078,-4.863737,16.45507,-0.2955768,0.7675533
ILMN_093,cg079,-1.8369708,14.95783,-0.12280998,0.90225756
ILMN_093,cg080,-15.483012,13.840785,-1.1186513,0.26328892
ILMN_093,cg081,-1.3925514,16.128138,-0.086342975,0.93119377
ILMN_093,cg082,-2.217907,14.866121,-0.14919204,0.88140213
ILMN_093,cg083,-12.762203,15.324561,-0.8327941,0.40496087
ILMN_093,cg084,14.318891,16.261923,0.88051647,0.37857962
ILMN_093,cg085,6.791806,16.260313,0.4176922,0.67617214
ILMN_093,cg086,-8.633661,15.602893,-0.5533372,0.5800325
ILMN_093,cg087,4.2390614,14.855649,0.2853501,0.7753759
ILMN_093,cg088,-5.6374855,14.626301,-0.3854348,0.6999153
ILMN_093,cg089,23.272587,15.81422,1.471624,0.14112246
ILMN_093,cg090,-0.21098137,17.893843,-0.0117907245,0.9905926
ILMN_093,cg091,-9.553247,14.594544,-0.6545766,0.5127404
ILMN_093,cg092,9.777673,14.64588,0.6676057,0.50438535
ILMN_093,cg093,-13.331985,15.418402,-0.8646801,0.38721436
ILMN_093,cg094,-18.094803,16.577707,-1.0915142,0.2750467
ILMN_093,cg095,-2.0652065,16.142416,-0.12793665,0.8981991
ILMN_093,cg096,24.969734,14.064133,1.7754194,0.07582867
ILMN_093,cg097,5.9029884,15.918362,0.3708289,0.710765
ILMN_093,cg098,22.459675,14.300077,1.5705981,0.116276026
ILMN_093,cg099,41.49722,13.520408,3.0692284,0.0021461248
ILMN_093,cg100,-25.331406,16.659706,-1.5205194,0.12838048
ILMN_094,cg001,-9.42687,13.599473,-0.6931791,0.4881972
ILMN_094,cg002,-47.880768,14.092972,-3.3974926,0.000680089
ILMN_094,cg003,-11.663399,14.984216,-0.77837896,0.43634564
ILMN_094,cg004,-12.714104,16.26641,-0.78161705,0.43443966
ILMN_094,cg005,13.505592,15.0474615,0.89753294,0.36943465
ILMN_094,cg006,-6.449198,14.802354,-0.4356873,0.66306365
ILMN_094,cg007,-7.1447353,13.83942,-0.51625973,0.605673
ILMN_094,cg008,16.247957,14.708264,1.1046822,0.2692973
ILMN_094,cg009,5.2111197,14.650001,0.35570782,0.72205937
ILMN_094,cg010,2.331318,15.461115,0.15078588,0.88014466
ILMN_094,cg011,4.0147305,14.328814,0.28018582,0.77933496
ILMN_094,cg012,15.935837,15.599676,1.0215492,0.30699432
ILMN_094,cg013,23.281967,14.21318,1.6380548,0.10141027
ILMN_094,cg014,9.4811125,13.33758,0.71085703,0.47717285
ILMN_094,cg015,5.897559,14.833254,0.3975904,0.69093215
ILMN_094,cg016,3.2199879,14.806158,0.21747626,0.8278372
ILMN_094,cg017,2.9375076,14.105483,0.20825289,0.8350315
ILMN_094,cg018,-1.6469669,16.19181,-0.10171604,0.9189821
ILMN_094,cg019,-24.19003,12.7503395,-1.8972067,0.05780065
ILMN_094,cg020,-7.6877103,15.593647,-0.4930027,0.6220107
ILMN_094,cg021,-7.5126076,15.273251,-0.49188006,0.62280416
ILMN_094,cg022,-14.444729,14.704099,-0.9823607,0.3259222
ILMN_094,cg023,11.666719,13.7766905,0.84684485,0.3970816
ILMN_094,cg024,-4.159032,14.002233,-0.29702634,0.7664464
ILMN_094,cg025,-5.126459,13.587619,-0.377289,0.70595884
ILMN_094,cg026,-5.697691,14.829617,-0.38421026,0.7008226
ILMN_094,cg027,-5.2225,13.712968,-0.38084388,0.7033191
ILMN_094,cg028,-10.5279255,16.24949,-0.64789265,0.5170544
ILMN_094,cg029,22.559132,16.866737,1.3374923,0.18106198
ILMN_094,cg030,14.216721,14.017332,1.0142244,0.3104757
ILMN_094,cg031,-4.5526714,15.134353,-0.30081704,0.763554
ILMN_094,cg032,-21.212954,13.919073,-1.5240206,0.12750357
ILMN_094,cg033,1.3337603,14.155384,0.09422282,0.9249322
ILMN_094,cg034,-20.434612,15.998341,-1.2772957,0.20149791
ILMN_094,cg035,-4.8591237,13.299982,-0.36534813,0.71485156
ILMN_094,cg036,-5.9334846,14.477598,-0.409839,0.6819241
ILMN_094,cg037,-6.073696,14.162323,-0.428863,0.66802293
ILMN_094,cg038,4.976861,15.296129,0.32536736,0.7449031
ILMN_094,cg039,-13.222984,15.161375,-0.8721494,0.3831269
ILMN_094,cg040,2.0915184,15.596574,0.13410114,0.8933226
ILMN_094,cg041,-4.936239,15.34199,-0.32174695,0.7476444
ILMN_094,cg042,5.9780226,13.71219,0.4359641,0.6628628
ILMN_094,cg043,21.36295,14.957098,1.4282817,0.15321082
ILMN_094,cg044,9.099425,14.594187,0.6234966,0.53295827
ILMN_094,cg045,12.194718,14.572457,0.83683336,0.40268624
ILMN_094,cg046,-23.980274,12.24021,-1.9591392,0.050096452
ILMN_094,cg047,-6.0825977,15.286449,-0.39790782,0.69069815
ILMN_094,cg048,1.096014,13.942173,0.07861142,0.9373417
ILMN_094,cg049,11.973768,14.553303,0.82275265,0.41064864
ILMN_094,cg050,5.7777395,13.732693,0.4207288,0.6739531
ILMN_094,cg051,44.04799,13.414096,3.283709,0.0010244846
ILMN_094,cg052,-1.7388601,14.055184,-0.12371664,0.9015396
ILMN_094,cg053,-10.378585,15.051176,-0.6895531,0.4904753
ILMN_094,cg054,-16.604311,15.08137,-1.1009816,0.27090466
ILMN_094,cg055,8.477913,13.3545,0.63483566,0.5255356
ILMN_094,cg056,-0.3165002,15.787067,-0.020048067,0.98400503
ILMN_094,cg057,28.771444,16.92593,1.6998442,0.089160204
ILMN_094,cg058,-21.850801,13.225639,-1.6521547,0.09850305
ILMN_094,cg059,-9.843319,13.67313,-0.7199024,0.4715851
ILMN_094,cg060,25.938799,13.51681,1.9190029,0.054983974
ILMN_094,cg061,12.23797,13.619871,0.8985379,0.36889887
ILMN_094,cg062,8.655876,15.008218,0.5767424,0.5641135
ILMN_094,cg063,1.85742,14.531386,0.12782125,0.89829046
ILMN_094,cg064,6.114599,14.436431,0.42355338,0.67189157
ILMN_094,cg065,3.7488031,15.1173315,0.24798048,0.8041495
ILMN_094,cg066,5.3112044,15.133645,0.35095343,0.7256233
ILMN_094,cg067,-3.650772,13.937946,-0.2619304,0.79337513
ILMN_094,cg068,-6.9783516,13.66226,-0.5107758,0.60950804
ILMN_094,cg069,2.9081116,14.665163,0.19830066,0.84280986
ILMN_094,cg070,-14.899562,14.0812435,-1.058114,0.29000348
ILMN_094,cg071,1.519207,13.771024,0.1103191,0.9121563
ILMN_094,cg072,-3.755434,15.120234,-0.24837144,0.803847
ILMN_094,cg073,10.039952,13.46955,0.7453814,0.45604116
ILMN_094,cg074,21.670952,16.466734,1.3160443,0.18815917
ILMN_094,cg075,-0.26910448,14.780699,-0.018206479,0.9854741
ILMN_094,cg076,47.34492,15.8892975,2.9796736,0.00288558
ILMN_094,cg077,27.397291,14.015787,1.954745,0.050613165
ILMN_094,cg078,-6.6998234,15.608837,-0.42923272,0.66775393
ILMN_094,cg079,-14.727702,14.038883,-1.0490651,0.29414815
ILMN_094,cg080,6.5875797,13.284899,0.4958698,0.6199863
ILMN_094,cg081,1.7779236,15.3137865,0.116099544,0.90757364
ILMN_094,cg082,2.6589355,14.114388,0.18838476,0.85057503
ILMN_094,cg083,9.605663,14.592458,0.6582622,0.51036966
ILMN_094,cg084,-26.368824,15.078247,-1.7487991,0.08032578
ILMN_094,cg085,0.6568661,15.46925,0.0424627,0.96612984
ILMN_094,cg086,14.736142,14.705618,1.0020757,0.31630707
ILMN_094,cg087,15.301771,13.937528,1.0978827,0.27225572
ILMN_094,cg088,0.37129307,13.910991,0.026690627,0.9787065
ILMN_094,cg089,-27.655052,14.815259,-1.86666,0.061949074
ILMN_094,cg090,-18.994831,16.759075,-1.1334057,0.25704396
ILMN_094,cg091,20.22675,13.59978,1.487285,0.13693953
ILMN_094,cg092,2.5446668,13.969457,0.18215932,0.8554577
ILMN_094,cg093,28.727955,14.1385,2.0318954,0.042164266
ILMN_094,cg094,40.57767,14.779185,2.745596,0.0060400963
ILMN_094,cg095,-10.941231,15.245965,-0.7176476,0.4729746
ILMN_094,cg096,15.305706,13.619155,1.1238366,0.26108235
ILMN_094,cg097,-23.866245,14.723505,-1.6209623,0.10502577
ILMN_094,cg098,3.6250138,13.928,0.26026806,0.794657
ILMN_094,cg099,-9.719085,14.018914,-0.6932837,0.48813152
ILMN_094,cg100,4.407378,16.199194,0.27207392,0.7855652
ILMN_095,cg001,-10.080738,13.8303585,-0.7288848,0.46607214
ILMN_095,cg002,-28.732027,15.469078,-1.8573846,0.0632565
ILMN_095,cg003,-15.639914,15.17278,-1.0307876,0.30264044
ILMN_095,cg004,-18.175156,16.444235,-1.10526,0.26904696
ILMN_095,cg005,-1.5497761,15.443082,-0.10035407,0.92006326
ILMN_095,cg006,16.08966,14.905324,1.0794573,0.28038394
ILMN_095,cg007,-7.197199,14.082877,-0.51106024,0.6093089
ILMN_095,cg008,-0.22284698,15.163323,-0.014696447,0.98827434
ILMN_095,cg009,15.0942135,14.760511,1.0226078,0.30649334
ILMN_095,cg010,-2.254054,15.73257,-0.1432731,0.8860745
ILMN_095,cg011,7.840069,14.546617,0.53896165,0.58991337
ILMN_095,cg012,18.884676,15.808891,1.1945604,0.23225886
ILMN_095,cg013,-12.655109,14.760735,-0.8573496,0.39125168
ILMN_095,cg014,0.999444,13.644969,0.07324634,0.9416101
ILMN_095,cg015,-22.203167,14.760565,-1.504222,0.13252419
ILMN_095,cg016,25.214838,14.607832,1.7261177,0.08432621
ILMN_095,cg017,-15.2118,14.183315,-1.0725137,0.28348935
ILMN_095,cg018,-5.603571,16.456823,-0.34050137,0.733479
ILMN_095,cg019,13.6434,13.320885,1.0242113,0.30573553
ILMN_095,cg020,13.995462,15.774514,0.88721985,0.37496054
ILMN_095,cg021,-1.3013439,15.5806675,-0.08352299,0.9334357
ILMN_095,cg022,-20.731123,14.805804,-1.4002024,0.16145271
ILMN_095,cg023,12.145976,14.013118,0.8667576,0.3860749
ILMN_095,cg024,17.206398,14.033926,1.2260573,0.22017711
ILMN_095,cg025,12.088417,13.7320385,0.88030756,0.3786927
ILMN_095,cg026,-16.941208,14.905976,-1.1365379,0.25573152
ILMN_095,cg027,-19.003838,13.691607,-1.3879917,0.16513962
ILMN_095,cg028,1.3933601,16.60839,0.08389495,0.93314
ILMN_095,cg029,34.876682,16.720095,2.0859141,0.03698641
ILMN_095,cg030,-1.1577473,14.420678,-0.08028383,0.93601155
ILMN_095,cg031,17.40711,15.199678,1.1452289,0.25211436
ILMN_095,cg032,42.185875,13.116179,3.2163234,0.0012984276
ILMN_095,cg033,3.8484879,14.393777,0.26737165,0.789183
ILMN_095,cg034,-20.70393,16.281301,-1.2716385,0.20350158
ILMN_095,cg035,5.2948227,13.530285,0.3913312,0.69555247
ILMN_095,cg036,-0.7047844,14.757936,-0.0477563,0.9619105
ILMN_095,cg037,-4.5012026,14.4241495,-0.31206018,0.7549948
ILMN_095,cg038,12.048303,15.480623,0.77828276,0.43640232
ILMN_095,cg039,-19.715681,15.280174,-1.2902786,0.19695395
ILMN_095,cg040,-5.1721687,15.8548,-0.326221,0.74425715
ILMN_095,cg041,-0.40346622,15.628422,-0.025816185,0.979404
ILMN_095,cg042,-1.667758,13.979236,-0.11930252,0.9050357
ILMN_095,cg043,-18.559607,15.310524,-1.2122123,0.22543114
ILMN_095,cg044,9.630104,14.844933,0.64871323,0.5165238
ILMN_095,cg045,-1.2074194,14.939335,-0.0808215,0.9355839
ILMN_095,cg046,-1.4231558,12.962319,-0.109791756,0.9125745
ILMN_095,cg047,-3.1094894,15.574463,-0.19965307,0.84175193
ILMN_095,cg048,1.8984375,14.184809,0.13383596,0.8935323
ILMN_095,cg049,26.92258,14.379169,1.8723321,0.061160684
ILMN_095,cg050,-4.570408,13.9840975,-0.32682896,0.74379724
ILMN_095,cg051,-28.581627,14.567593,-1.9620007,0.049762428
ILMN_095,cg052,-0.075350285,14.303986,-0.0052677826,0.9957969
ILMN_095,cg053,-9.298227,15.332847,-0.6064254,0.5442323
ILMN_095,cg054,-0.19330406,15.546639,-0.012433817,0.9900795
ILMN_095,cg055,-4.932112,13.628651,-0.3618929,0.717432
ILMN_095,cg056,-13.408606,15.94181,-0.8410968,0.4002937
ILMN_095,cg057,-0.66679955,17.755096,-0.03755539,0.97004217
ILMN_095,cg058,7.546484,13.806287,0.54659766,0.58465517
ILMN_095,cg059,-3.8886967,13.979261,-0.27817613,0.7808772
ILMN_095,cg060,-0.80430555,14.293245,-0.056271724,0.95512533
ILMN_095,cg061,2.715374,13.974023,0.19431584,0.8459286
ILMN_095,cg062,-3.221218,15.319109,-0.2102745,0.8334534
ILMN_095,cg063,-16.473911,14.587956,-1.1292816,0.25877905
ILMN_095,cg064,16.744534,14.509615,1.1540302,0.24848777
ILMN_095,cg065,-9.828865,15.324286,-0.6413914,0.5212684
ILMN_095,cg066,4.601432,15.40465,0.2987041,0.7651658
ILMN_095,cg067,24.25066,13.735119,1.7655952,0.077463806
ILMN_095,cg068,-5.8660126,13.9143095,-0.4215813,0.67333066
ILMN_095,cg069,12.649728,14.811697,0.8540364,0.39308482
ILMN_095,cg070,-3.3765965,14.492899,-0.23298281,0.81577474
ILMN_095,cg071,6.6053085,13.980441,0.4724678,0.63659286
ILMN_095,cg072,8.721436,15.341851,0.56847346,0.56971353
ILMN_095,cg073,-3.6380358,13.777793,-0.2640507,0.7917409
ILMN_095,cg074,-1.822473,17.065847,-0.106790654,0.9149551
ILMN_095,cg075,-4.1556263,15.027414,-0.27653635,0.78213614
ILMN_095,cg076,-29.673515,17.108816,-1.7343991,0.0828473
ILMN_095,cg077,13.999456,14.6978035,0.9524863,0.3408504
ILMN_095,cg078,10.899453,15.8329315,0.68840396,0.49119842
ILMN_095,cg079,29.729221,13.774266,2.1583161,0.03090328
ILMN_095,cg080,-0.04746437,13.553898,-0.0035018981,0.9972059
ILMN_095,cg081,-18.469786,15.344794,-1.2036515,0.2287243
ILMN_095,cg082,-19.346409,14.081384,-1.3738997,0.16947281
ILMN_095,cg083,-2.3673916,14.913989,-0.1587363,0.87387663
ILMN_095,cg084,15.542421,15.677833,0.99136287,0.32150847
ILMN_095,cg085,5.505331,15.719834,0.35021558,0.7261769
ILMN_095,cg086,-4.2757854,15.112746,-0.28292578,0.7772337
ILMN_095,cg087,-12.590204,14.246061,-0.88376737,0.37682182
ILMN_095,cg088,-3.1064255,14.147589,-0.21957278,0.8262039
ILMN_095,cg089,8.000486,15.5909815,0.51314837,0.6078476
ILMN_095,cg090,34.796463,16.510637,2.107518,0.035072684
ILMN_095,cg091,7.9782305,14.118115,0.5651059,0.5720017
ILMN_095,cg092,-5.8571014,14.193258,-0.41266784,0.67985
ILMN_095,cg093,0.9034252,15.01753,0.06015804,0.95202976
ILMN_095,cg094,-29.705818,15.621389,-1.9016118,0.05722195
ILMN_095,cg095,14.228693,15.4581585,0.92046493,0.35732985
ILMN_095,cg096,-1.6274643,14.044846,-0.115876265,0.9077506
ILMN_095,cg097,-1.1071782,15.4027195,-0.071881995,0.9426958
ILMN_095,cg098,14.342618,14.024086,1.0227132,0.30644345
ILMN_095,cg099,22.362652,13.954801,1.602506,0.10904378
ILMN_095,cg100,-13.64759,16.373285,-0.83352786,0.4045471
ILMN_096,cg001,2.3792791,14.179694,0.16779481,0.8667447
ILMN_096,cg002,-19.77959,16.092516,-1.2291174,0.21902782
ILMN_096,cg003,-10.106663,15.578253,-0.6487674,0.51648873
ILMN_096,cg004,-14.939029,16.846003,-0.88679963,0.3751868
ILMN_096,cg005,32.28405,15.01248,2.1504807,0.031517208
ILMN_096,cg006,-10.322898,15.314824,-0.67404616,0.50028193
ILMN_096,cg007,-10.127138,14.323413,-0.7070339,0.4795454
ILMN_096,cg008,11.457951,15.36952,0.74549824,0.4559706
ILMN_096,cg009,-21.446434,14.889351,-1.4403875,0.1497578
ILMN_096,cg010,-11.450443,15.957028,-0.7175799,0.47301638
ILMN_096,cg011,15.669442,14.699506,1.0659842,0.28643078
ILMN_096,cg012,6.7822266,16.33789,0.41512254,0.6780522
ILMN_096,cg013,-4.356523,15.157709,-0.28741303,0.7737961
ILMN_096,cg014,3.5516672,13.904738,0.25542855,0.7983921
ILMN_096,cg015,-15.442167,15.248046,-1.012731,0.3111887
ILMN_096,cg016,-8.844872,15.31503,-0.5775289,0.56358224
ILMN_096,cg017,27.192858,14.082837,1.9309218,0.053492725
ILMN_096,cg018,-19.63879,16.550789,-1.1865773,0.23539436
ILMN_096,cg019,-38.728676,12.494294,-3.099709,0.0019370914
ILMN_096,cg020,0.19409275,16.222305,0.0119645605,0.9904539
ILMN_096,cg021,-12.829211,15.775827,-0.81321955,0.41609216
ILMN_096,cg022,5.512001,15.394431,0.35805163,0.72030467
ILMN_096,cg023,-2.9971633,14.398619,-0.2081563,0.8351069
ILMN_096,cg024,-4.7658367,14.525362,-0.3281045,0.74283266
ILMN_096,cg025,22.152603,13.737064,1.6126155,0.10682809
ILMN_096,cg026,-9.707384,15.344963,-0.63261044,0.5269881
ILMN_096,cg027,-23.0927,13.837976,-1.6687917,0.095158696
ILMN_096,cg028,-3.4634094,16.929184,-0.20458218,0.8378986
ILMN_096,cg029,-20.919907,17.568909,-1.1907345,0.23375785
ILMN_096,cg030,3.9283714,14.694396,0.26733807,0.7892089
ILMN_096,cg031,-5.355009,15.698683,-0.341112,0.7330193
ILMN_096,cg032,15.445042,14.626034,1.0559965,0.2909698
ILMN_096,cg033,5.259241,14.668263,0.35854557,0.71993506
ILMN_096,cg034,-8.719473,16.84235,-0.51771116,0.6046598
ILMN_096,cg035,8.700057,13.760128,0.6322657,0.5272133
ILMN_096,cg036,16.049007,14.861849,1.0798796,0.28019577
ILMN_096,cg037,-21.16097,14.389511,-1.470583,0.14140391
ILMN_096,cg038,4.2185364,15.877015,0.26570085,0.79046965
ILMN_096,cg039,9.204376,15.802488,0.58246374,0.56025434
ILMN_096,cg040,-7.453293,16.148493,-0.4615473,0.644406
ILMN_096,cg041,-0.69045067,15.936106,-0.043326184,0.9654415
ILMN_096,cg042,11.927338,14.147965,0.8430426,0.3992046
ILMN_096,cg043,0.784997,15.859135,0.049498096,0.96052235
ILMN_096,cg044,28.232502,14.625633,1.9303439,0.05356425
ILMN_096,cg045,3.482172,15.226078,0.2286979,0.8191037
ILMN_096,cg046,9.763959,13.140798,0.7430264,0.4574657
ILMN_096,cg047,25.813635,15.42557,1.6734315,0.094242394
ILMN_096,cg048,-6.6374435,14.433941,-0.45984972,0.6456241
ILMN_096,cg049,-4.427208,15.196888,-0.29132333,0.77080405
ILMN_096,cg050,16.534323,14.066453,1.1754436,0.23981726
ILMN_096,cg051,23.504185,15.070323,1.5596337,0.118846476
ILMN_096,cg052,0.7764921,14.5853405,0.053237848,0.9575424
ILMN_096,cg053,-5.916334,15.673032,-0.37748498,0.7058132
ILMN_096,cg054,4.561021,15.8386755,0.28796732,0.77337176
ILMN_096,cg055,-0.65931654,13.916576,-0.047376346,0.9622133
ILMN_096,cg056,-13.217646,16.264055,-0.8126907,0.4163955
ILMN_096,cg057,-9.477201,18.05116,-0.52501893,0.59957004
ILMN_096,cg058,-6.162531,14.094668,-0.43722427,0.66194874
ILMN_096,cg059,-21.696304,13.903379,-1.5605057,0.11864042
ILMN_096,cg060,-2.775897,14.569588,-0.19052681,0.8488963
ILMN_096,cg061,-8.423406,14.200966,-0.59315723,0.5530759
ILMN_096,cg062,-9.955417,15.55933,-0.63983583,0.5222794
ILMN_096,cg063,11.976027,14.976401,0.79965985,0.42390794
ILMN_096,cg064,23.051558,14.618205,1.5769075,0.114816844
ILMN_096,cg065,15.565177,15.527223,1.0024444,0.31612903
ILMN_096,cg066,9.231682,15.664335,0.58934397,0.55563056
ILMN_096,cg067,-0.64795876,14.472186,-0.044772692,0.9642885
ILMN_096,cg068,-8.902042,14.155093,-0.62889326,0.52941895
ILMN_096,cg069,-14.947859,15.06238,-0.9923969,0.32100397
ILMN_096,cg070,-9.744648,14.71717,-0.66212785,0.5078893
ILMN_096,cg071,-24.604858,13.8222685,-1.7800883,0.0750615
ILMN_096,cg072,3.4100056,15.6909,0.21732378,0.827956
ILMN_096,cg073,22.29508,13.670187,1.6309272,0.10290569
ILMN_096,cg074,4.6503906,17.390703,0.2674067,0.789156
ILMN_096,cg075,6.674551,15.304591,0.43611428,0.6627538
ILMN_096,cg076,44.905067,16.74591,2.6815543,0.007328093
ILMN_096,cg077,1.1107168,15.133547,0.07339435,0.9414923
ILMN_096,cg078,3.5329282,16.21944,0.2178206,0.8275689
ILMN_096,cg079,0.7353313,14.739271,0.04988926,0.9602106
ILMN_096,cg080,-12.486965,13.697744,-0.9116074,0.36197543
ILMN_096,cg081,4.617112,15.877004,0.290805,0.7712004
ILMN_096,cg082,29.083977,14.008812,2.0761201,0.037882864
ILMN_096,cg083,13.03097,15.090151,0.86354136,0.38783985
ILMN_096,cg084,-5.572193,16.135674,-0.34533378,0.72984344
ILMN_096,cg085,-11.966784,15.953611,-0.7500987,0.45319527
ILMN_096,cg086,-1.7937827,15.421614,-0.11631615,0.907402
ILMN_096,cg087,-32.892376,13.823491,-2.379455,0.017338276
ILMN_096,cg088,-28.653656,13.801736,-2.0760908,0.037885547
ILMN_096,cg089,-30.257977,15.30668,-1.9767824,0.0480662
ILMN_096,cg090,3.7962847,17.621107,0.21543962,0.82942456
ILMN_096,cg091,-10.404404,14.364458,-0.72431576,0.4688719
ILMN_096,cg092,11.908461,14.392941,0.82738197,0.40802062
ILMN_096,cg093,9.0299225,15.256005,0.59189296,0.5539223
ILMN_096,cg094,24.987032,16.127972,1.5492978,0.121310174
ILMN_096,cg095,-19.246365,15.652042,-1.2296392,0.21883225
ILMN_096,cg096,2.5890522,14.3185425,0.18081814,0.85651034
ILMN_096,cg097,8.695627,15.654631,0.5554668,0.57857543
ILMN_096,cg098,14.191711,14.309863,0.9917433,0.32132274
ILMN_096,cg099,1.2525587,14.620359,0.08567222,0.931727
ILMN_096,cg100,-10.103065,16.755377,-0.6029745,0.54652566
ILMN_097,cg001,-2.5657444,11.354719,-0.22596282,0.82123035
ILMN_097,cg002,-3.1456103,13.0914,-0.24028066,0.8101127
ILMN_097,cg003,9.891575,12.449572,0.79453135,0.4268862
ILMN_097,cg004,19.903034,13.287855,1.4978365,0.13417578
ILMN_097,cg005,-8.9478035,12.545374,-0.7132353,0.4757002
ILMN_097,cg006,-10.705366,12.22571,-0.87564373,0.3812238
ILMN_097,cg007,10.517731,11.430112,0.9201774,0.35748005
ILMN_097,cg008,4.547372,12.366545,0.36771563,0.7130853
ILMN_097,cg009,-4.051055,12.177301,-0.33267263,0.73938143
ILMN_097,cg010,26.468885,12.245642,2.1614943,0.030657172
ILMN_097,cg011,-21.51745,11.488423,-1.8729681,0.061072826
ILMN_097,cg012,-15.906876,12.899205,-1.233167,0.21751344
ILMN_097,cg013,-1.2705603,12.150358,-0.10456978,0.9167172
ILMN_097,cg014,5.051963,11.120289,0.45430142,0.6496119
ILMN_097,cg015,-9.173494,12.27437,-0.7473699,0.45484036
ILMN_097,cg016,2.367424,12.306361,0.192374,0.84744924
ILMN_097,cg017,16.969105,11.458222,1.4809544,0.13861871
ILMN_097,cg018,30.607029,12.678911,2.4140108,0.015778005
ILMN_097,cg019,-11.800486,10.864788,-1.086122,0.277425
ILMN_097,cg020,0.717577,12.993207,0.055227086,0.95595753
ILMN_097,cg021,8.397133,12.666144,0.66295886,0.5073569
ILMN_097,cg022,16.80638,12.096488,1.3893602,0.16472328
ILMN_097,cg023,-6.410324,11.499551,-0.55744123,0.57722604
ILMN_097,cg024,-16.021896,11.40596,-1.4046952,0.16011196
ILMN_097,cg025,19.728657,10.929281,1.8051193,0.07105601
ILMN_097,cg026,-1.3269596,12.3426895,-0.10750976,0.9143846
ILMN_097,cg027,9.493387,11.328271,0.83802617,0.40201598
ILMN_097,cg028,5.661998,13.540266,0.41816002,0.6758301
ILMN_097,cg029,-18.304344,14.030226,-1.3046365,0.19201666
ILMN_097,cg030,-3.77742,11.765771,-0.32105163,0.74817127
ILMN_097,cg031,-32.675404,11.631864,-2.8091288,0.0049675703
ILMN_097,cg032,8.235544,11.793854,0.6982912,0.48499513
ILMN_097,cg033,-5.0250893,11.741929,-0.42796114,0.6686794
ILMN_097,cg034,14.413428,13.361556,1.0787238,0.28071088
ILMN_097,cg035,19.021523,10.708087,1.7763698,0.07567197
ILMN_097,cg036,-4.3169727,12.037059,-0.35864016,0.71986425
ILMN_097,cg037,6.003023,11.760161,0.5104541,0.60973334
ILMN_097,cg038,-5.643112,12.69958,-0.44435424,0.6567865
ILMN_097,cg039,42.435963,11.056326,3.8381612,0.00012397766
ILMN_097,cg040,2.3238907,12.959885,0.17931415,0.85769105
ILMN_097,cg041,28.74669,12.040409,2.3875177,0.016962588
ILMN_097,cg042,5.096266,11.394589,0.44725314,0.6546923
ILMN_097,cg043,-9.124317,12.63163,-0.72233886,0.47008622
ILMN_097,cg044,-0.6306193,12.17961,-0.05177664,0.9587067
ILMN_097,cg045,-10.106231,12.111281,-0.8344477,0.40402877
ILMN_097,cg046,6.5340967,10.544472,0.6196704,0.53547484
ILMN_097,cg047,19.810991,12.386229,1.5994369,0.10972357
ILMN_097,cg048,10.563593,11.48258,0.9199668,0.35759008
ILMN_097,cg049,-13.241465,12.026067,-1.1010636,0.27086902
ILMN_097,cg050,-7.4259043,11.382257,-0.6524105,0.51413643
ILMN_097,cg051,3.4099464,12.375745,0.27553463,0.7829055
ILMN_097,cg052,16.193096,11.43625,1.4159446,0.15679175
ILMN_097,cg053,22.07908,12.144352,1.8180534,0.069055974
ILMN_097,cg054,-19.802603,12.3575325,-1.6024722,0.10905123
ILMN_097,cg055,-23.612728,10.5894375,-2.229838,0.025758207
ILMN_097,cg056,1.9535408,13.117089,0.14893097,0.8816081
ILMN_097,cg057,13.21925,14.370159,0.9199098,0.35761994
ILMN_097,cg058,-28.435165,10.507318,-2.706225,0.0068053007
ILMN_097,cg059,-17.955458,11.116297,-1.6152374,0.10625929
ILMN_097,cg060,-1.1450815,11.673222,-0.09809473,0.92185706
ILMN_097,cg061,6.597597,11.376486,0.5799328,0.56196
ILMN_097,cg062,-17.96613,12.234444,-1.4684876,0.14197183
ILMN_097,cg063,12.630817,11.934344,1.0583587,0.28989196
ILMN_097,cg064,-3.0014858,12.012939,-0.2498544,0.8026999
ILMN_097,cg065,27.554096,11.897477,2.3159614,0.020560384
ILMN_097,cg066,8.419043,12.532654,0.67176855,0.50173104
ILMN_097,cg067,-6.214427,11.555806,-0.5377753,0.5907322
ILMN_097,cg068,5.418289,11.358418,0.4770285,0.63334185
ILMN_097,cg069,-19.335392,11.855052,-1.6309834,0.10289383
ILMN_097,cg070,5.144703,11.819776,0.43526232,0.66337204
ILMN_097,cg071,-9.744949,11.355691,-0.85815555,0.39080662
ILMN_097,cg072,-4.4425416,12.557358,-0.35377997,0.7235038
ILMN_097,cg073,6.684454,11.218358,0.5958496,0.55127573
ILMN_097,cg074,-0.64056873,13.939976,-0.045951925,0.96334857
ILMN_097,cg075,-8.658979,12.217346,-0.7087447,0.4784829
ILMN_097,cg076,27.810417,13.828192,2.0111392,0.04431075
ILMN_097,cg077,16.265522,11.882668,1.3688443,0.17104799
ILMN_097,cg078,-15.932156,12.783993,-1.2462581,0.21266967
ILMN_097,cg079,-0.92192745,11.805285,-0.07809447,0.9377529
ILMN_097,cg080,1.0144806,11.069168,0.09164922,0.92697674
ILMN_097,cg081,22.517754,12.288111,1.8324829,0.06687951
ILMN_097,cg082,-0.16908836,11.734573,-0.014409417,0.98850334
ILMN_097,cg083,-9.023534,12.111514,-0.7450376,0.456249
ILMN_097,cg084,4.3876896,12.92479,0.33947858,0.73424923
ILMN_097,cg085,1.7018738,12.853866,0.1324017,0.89466655
ILMN_097,cg086,-0.34385443,12.354,-0.027833449,0.977795
ILMN_097,cg087,8.894072,11.66036,0.7627613,0.44560575
ILMN_097,cg088,-1.350647,11.559412,-0.11684392,0.90698373
ILMN_097,cg089,-3.9928894,12.756786,-0.3130012,0.75427973
ILMN_097,cg090,-15.046055,13.945795,-1.0788954,0.28063434
ILMN_097,cg091,-15.438614,11.344847,-1.3608482,0.17356169
ILMN_097,cg092,2.6528454,11.607225,0.22855121,0.81921774
ILMN_097,cg093,-1.4339275,12.264263,-0.116919175,0.9069241
ILMN_097,cg094,-0.04355812,13.2508135,-0.0032872036,0.9973772
ILMN_097,cg095,7.2388296,12.6964445,0.5701462,0.56857854
ILMN_097,cg096,14.327404,11.276674,1.2705345,0.20389432
ILMN_097,cg097,13.636942,12.419201,1.0980531,0.27218127
ILMN_097,cg098,0.42752552,11.583523,0.036908075,0.9705583
ILMN_097,cg099,4.1714897,11.695277,0.35668156,0.7213302
ILMN_097,cg100,11.298412,13.370149,0.8450476,0.39808428
ILMN_098,cg001,39.242836,14.559203,2.6953971,0.007030487
ILMN_098,cg002,8.479427,18.020998,0.4705304,0.63797617
ILMN_098,cg003,-2.6269886,17.280973,-0.15201624,0.8791741
ILMN_098,cg004,-4.634698,18.75298,-0.24714462,0.80479634
ILMN_098,cg005,18.533733,17.17944,1.0788323,0.28066248
ILMN_098,cg006,30.538933,16.391953,1.8630443,0.06245601
ILMN_098,cg007,7.908699,15.863685,0.49854112,0.61810267
ILMN_098,cg008,6.6166945,17.050575,0.38806283,0.69796956
ILMN_098,cg009,-30.561275,16.197548,-1.8867841,0.05918938
ILMN_098,cg010,4.771511,17.709549,0.26943153,0.78759766
ILMN_098,cg011,5.454711,16.415785,0.3322845,0.73967445
ILMN_098,cg012,-14.748968,17.94833,-0.821746,0.4112215
ILMN_098,cg013,-0.17360735,16.75727,-0.010360121,0.99173397
ILMN_098,cg014,-2.6547518,15.364212,-0.17278802,0.86281806
ILMN_098,cg015,-16.071724,16.863085,-0.9530714,0.34055388
ILMN_098,cg016,1.6103973,16.975588,0.094865486,0.92442167
ILMN_098,cg017,13.414726,16.051743,0.83571774,0.4033137
ILMN_098,cg018,-22.510235,18.25945,-1.232799,0.21765077
ILMN_098,cg019,-10.571924,15.09312,-0.7004466,0.48364842
ILMN_098,cg020,9.509705,17.863234,0.53236187,0.5944754
ILMN_098,cg021,-15.571913,17.398975,-0.8949902,0.37079233
ILMN_098,cg022,11.078255,16.948885,0.65362734,0.5133519
ILMN_098,cg023,-17.424551,15.702528,-1.1096654,0.26714325
ILMN_098,cg024,-15.837941,15.891923,-0.9966032,0.31895715
ILMN_098,cg025,-6.4751635,15.566854,-0.4159584,0.6774404
ILMN_098,cg026,4.907121,17.007277,0.28853068,0.7729406
ILMN_098,cg027,-9.934014,15.672144,-0.6338644,0.5261693
ILMN_098,cg028,12.043621,18.622961,0.6467082,0.51782084
ILMN_098,cg029,-4.7443147,19.6899,-0.2409517,0.80959255
ILMN_098,cg030,-26.159039,15.778563,-1.6578847,0.09734076
ILMN_098,cg031,2.6037369,17.35746,0.15000679,0.88075924
ILMN_098,cg032,23.401611,15.981425,1.4643006,0.14311182
ILMN_098,cg033,-26.821434,15.734936,-1.7045785,0.08827305
ILMN_098,cg034,-7.5848947,18.623585,-0.40727362,0.683807
ILMN_098,cg035,17.910988,15.0343075,1.191341,0.23351973
ILMN_098,cg036,-18.564907,16.395323,-1.1323295,0.25749594
ILMN_098,cg037,20.979984,15.966187,1.314026,0.18883747
ILMN_098,cg038,11.956021,17.461462,0.6847091,0.49352753
ILMN_098,cg039,3.3334312,17.511799,0.19035344,0.84903216
ILMN_098,cg040,-12.728619,17.779097,-0.7159317,0.47403347
ILMN_098,cg041,11.203384,17.524714,0.6392906,0.5226339
ILMN_098,cg042,-38.81879,14.670258,-2.646088,0.008142889
ILMN_098,cg043,-1.6742256,17.515743,-0.09558404,0.92385095
ILMN_098,cg044,11.37758,16.712141,0.6807973,0.49599975
ILMN_098,cg045,-27.182657,16.343084,-1.6632514,0.09626216
ILMN_098,cg046,21.730299,14.245492,1.5254158,0.12715542
ILMN_098,cg047,2.2921739,17.545832,0.13063923,0.8960607
ILMN_098,cg048,-5.845915,15.956172,-0.36637327,0.71408653
ILMN_098,cg049,-31.413025,16.149996,-1.9450794,0.051765442
ILMN_098,cg050,-7.9148045,15.725298,-0.50331664,0.6147417
ILMN_098,cg051,-30.200321,16.489546,-1.8314829,0.06702852
ILMN_098,cg052,-32.02738,15.402957,-2.0793009,0.03758973
ILMN_098,cg053,14.106882,17.213041,0.81954616,0.41247487
ILMN_098,cg054,33.50162,16.799028,1.9942595,0.046123743
ILMN_098,cg055,22.540356,15.008201,1.5018693,0.13313091
ILMN_098,cg056,4.940249,18.078104,0.2732725,0.78464377
ILMN_098,cg057,-2.2175503,19.995163,-0.110904336,0.9116922
ILMN_098,cg058,-17.28492,15.390835,-1.1230657,0.26140958
ILMN_098,cg059,-38.55197,14.697154,-2.623091,0.008713603
ILMN_098,cg060,5.247303,16.08041,0.3263165,0.7441849
ILMN_098,cg061,-1.3211784,15.744169,-0.08391541,0.9331237
ILMN_098,cg062,-14.04105,17.137583,-0.81931335,0.41260767
ILMN_098,cg063,10.638212,16.582567,0.64152986,0.5211785
ILMN_098,cg064,-10.022296,16.51104,-0.6070057,0.54384714
ILMN_098,cg065,11.682224,17.250946,0.6771932,0.4982834
ILMN_098,cg066,15.517402,17.215683,0.90135264,0.36740088
ILMN_098,cg067,23.996246,15.58897,1.5393093,0.12372881
ILMN_098,cg068,25.568802,15.242626,1.6774539,0.093453765
ILMN_098,cg069,-7.255518,16.780058,-0.43238932,0.66545844
ILMN_098,cg070,-10.737128,16.256048,-0.6605005,0.5089327
ILMN_098,cg071,-9.935168,15.716185,-0.6321616,0.5272813
ILMN_098,cg072,9.540335,17.28294,0.5520088,0.58094233
ILMN_098,cg073,7.4449215,15.490815,0.4806023,0.6307992
ILMN_098,cg074,-4.7590485,19.210806,-0.24772768,0.80434513
ILMN_098,cg075,-18.052135,16.728996,-1.0790926,0.28054643
ILMN_098,cg076,-5.031742,19.875872,-0.2531583,0.80014586
ILMN_098,cg077,-7.27792,16.682077,-0.4362718,0.66263956
ILMN_098,cg078,2.8785,17.919197,0.16063778,0.8723787
ILMN_098,cg079,-2.9472013,16.274723,-0.18109071,0.8562964
ILMN_098,cg080,7.1639547,15.229145,0.47041082,0.6380615
ILMN_098,cg081,-12.309986,17.458776,-0.70508873,0.48075503
ILMN_098,cg082,-5.6134224,16.160788,-0.34734833,0.72832966
ILMN_098,cg083,9.046702,16.74917,0.5401284,0.58910847
ILMN_098,cg084,-9.971766,17.784882,-0.56068784,0.57501036
ILMN_098,cg085,-29.403637,17.190565,-1.7104521,0.08718228
ILMN_098,cg086,24.14153,16.660263,1.4490485,0.14732409
ILMN_098,cg087,-3.600935,16.172245,-0.22266142,0.823799
ILMN_098,cg088,3.9692402,15.932004,0.24913628,0.8032554
ILMN_098,cg089,1.3111725,17.60922,0.074459426,0.9406448
ILMN_098,cg090,-11.708387,19.396328,-0.60363936,0.54608345
ILMN_098,cg091,6.171541,15.93034,0.38740802,0.69845414
ILMN_098,cg092,7.4234977,15.977957,0.4646087,0.6422117
ILMN_098,cg093,-6.8267155,16.884909,-0.4043087,0.68598574
ILMN_098,cg094,-8.116068,18.233595,-0.44511616,0.6562358
ILMN_098,cg095,17.464504,17.380388,1.0048397,0.31497407
ILMN_098,cg096,16.914253,15.6232,1.082637,0.2789696
ILMN_098,cg097,13.159607,17.240187,0.76331,0.44527853
ILMN_098,cg098,20.967045,15.671872,1.3378775,0.18093634
ILMN_098,cg099,-6.188118,16.124235,-0.38377747,0.7011434
ILMN_098,cg100,-0.1914053,18.579922,-0.010301728,0.9917806
ILMN_099,cg001,5.323326,12.562811,0.42373687,0.6717577
ILMN_099,cg002,-17.398844,14.285045,-1.2179762,0.22323304
ILMN_099,cg003,-14.370739,13.725089,-1.0470415,0.29508042
ILMN_099,cg004,3.0539231,15.070133,0.20264739,0.83941066
ILMN_099,cg005,-6.5567684,13.942664,-0.47026655,0.63816464
ILMN_099,cg006,-20.24326,13.327629,-1.5188943,0.12878907
ILMN_099,cg007,-11.962224,12.657584,-0.94506377,0.3446263
ILMN_099,cg008,17.485245,13.477122,1.2974019,0.19449294
ILMN_099,cg009,15.793164,13.305696,1.1869477,0.23524827
ILMN_099,cg010,-0.31310654,14.239674,-0.021988323,0.9824573
ILMN_099,cg011,14.617062,13.027827,1.1219877,0.26186764
ILMN_099,cg012,-3.037243,14.518927,-0.20919198,0.8342984
ILMN_099,cg013,15.155816,13.276704,1.1415346,0.2536475
ILMN_099,cg014,-11.461646,12.232014,-0.93702036,0.3487481
ILMN_099,cg015,-5.3655806,13.658668,-0.39283338,0.6944426
ILMN_099,cg016,16.47676,13.422084,1.2275859,0.21960247
ILMN_099,cg017,-10.5965,12.899848,-0.8214438,0.41139352
ILMN_099,cg018,11.729034,14.810087,0.79196256,0.42838252
ILMN_099,cg019,-11.361628,12.075238,-0.94090295,0.3467546
ILMN_099,cg020,6.8984966,14.360169,0.48039103,0.6309494
ILMN_099,cg021,-1.4968204,14.098456,-0.106169105,0.9154482
ILMN_099,cg022,-19.708908,13.3682785,-1.4743041,0.14039975
ILMN_099,cg023,0.15287209,12.7837305,0.011958332,0.99045885
ILMN_099,cg024,-10.2901745,12.815788,-0.8029295,0.4220155
ILMN_099,cg025,-3.4578695,12.520125,-0.2761849,0.7824061
ILMN_099,cg026,14.486032,13.508848,1.0723366,0.28356892
ILMN_099,cg027,8.427938,12.58527,0.6696669,0.5030702
ILMN_099,cg028,13.545234,14.896987,0.90926,0.36321294
ILMN_099,cg029,20.501171,15.538313,1.319395,0.18703711
ILMN_099,cg030,16.657795,12.817144,1.2996495,0.19372112
ILMN_099,cg031,12.333176,13.830021,0.8917684,0.3725171
ILMN_099,cg032,12.442913,13.007187,0.9566183,0.33875996
ILMN_099,cg033,14.2373295,12.865065,1.106666,0.26843834
ILMN_099,cg034,-25.070227,14.526946,-1.725774,0.08438808
ILMN_099,cg035,12.402273,12.126972,1.0227015,0.306449
ILMN_099,cg036,9.133928,13.28687,0.68744016,0.49180543
ILMN_099,cg037,-4.2623434,13.051255,-0.32658494,0.74398184
ILMN_099,cg038,-9.66128,14.028378,-0.68869543,0.49101496
ILMN_099,cg039,5.3948383,14.052692,0.3839007,0.70105207
ILMN_099,cg040,14.283527,14.208538,1.0052778,0.31476313
ILMN_099,cg041,9.217535,14.076979,0.654795,0.51259977
ILMN_099,cg042,0.36967945,12.6518,0.029219514,0.9766895
ILMN_099,cg043,-16.670414,13.857925,-1.2029517,0.22899503
ILMN_099,cg044,2.2928376,13.490411,0.16996054,0.86504114
ILMN_099,cg045,-17.009016,13.285093,-1.2803084,0.20043671
ILMN_099,cg046,-14.433083,11.536653,-1.2510633,0.21091133
ILMN_099,cg047,-8.96741,14.037476,-0.6388193,0.5229405
ILMN_099,cg048,0.3624115,12.838375,0.028228767,0.9774797
ILMN_099,cg049,-0.9483719,13.497851,-0.07026095,0.94398594
ILMN_099,cg050,-21.67328,12.259409,-1.7678895,0.077079356
ILMN_099,cg051,-6.2446327,13.691944,-0.4560808,0.6483319
ILMN_099,cg052,12.879321,12.8037815,1.0058998,0.3144638
ILMN_099,cg053,-4.8548484,13.911807,-0.34897324,0.72710943
ILMN_099,cg054,-21.974998,13.69016,-1.6051674,0.10845697
ILMN_099,cg055,8.464546,12.287037,0.68890053,0.49088585
ILMN_099,cg056,1.8451757,14.533876,0.1269569,0.89897454
ILMN_099,cg057,-14.18578,15.930304,-0.89049023,0.37320268
ILMN_099,cg058,7.0865574,12.490338,0.56736314,0.5704675
ILMN_099,cg059,-2.5879002,12.654867,-0.20449841,0.83796406
ILMN_099,cg060,8.445536,12.874478,0.65599054,0.5118302
ILMN_099,cg061,4.1941814,12.635309,0.33194134,0.73993355
ILMN_099,cg062,0.51301193,13.868881,0.036990147,0.97049284
ILMN_099,cg063,11.85413,13.267907,0.8934438,0.37161952
ILMN_099,cg064,2.4768343,13.313612,0.18603773,0.8524152
ILMN_099,cg065,-15.669896,13.7360325,-1.1407876,0.25395834
ILMN_099,cg066,-1.5175209,13.951551,-0.108770765,0.9133843
ILMN_099,cg067,7.1574764,12.7998705,0.5591835,0.5760365
ILMN_099,cg068,-10.886999,12.51297,-0.87005717,0.38426918
ILMN_099,cg069,8.640701,13.448898,0.64248395,0.520559
ILMN_099,cg070,23.426468,12.65978,1.8504641,0.064246714
ILMN_099,cg071,3.8149033,12.66923,0.30111563,0.7633263
ILMN_099,cg072,-15.963989,13.731413,-1.162589,0.24499631
ILMN_099,cg073,15.10902,12.276636,1.2307134,0.2184301
ILMN_099,cg074,-6.7324333,15.413052,-0.4368008,0.6622558
ILMN_099,cg075,-5.766039,13.583188,-0.4244982,0.67120254
ILMN_099,cg076,-17.764393,15.764042,-1.1268933,0.25978762
ILMN_099,cg077,5.0823555,13.409796,0.3790032,0.7046855
ILMN_099,cg078,-1.9736662,14.398062,-0.1370786,0.8909687
ILMN_099,cg079,21.935993,12.674229,1.7307557,0.08349538
ILMN_099,cg080,5.0525303,12.242427,0.41270658,0.6798216
ILMN_099,cg081,9.216948,14.03701,0.6566176,0.51142687
ILMN_099,cg082,-17.643578,12.738293,-1.3850818,0.16602749
ILMN_099,cg083,-18.402006,13.224054,-1.3915555,0.16405702
ILMN_099,cg084,-12.184717,14.224795,-0.85658294,0.3916754
ILMN_099,cg085,16.444221,14.036131,1.1715637,0.24137229
ILMN_099,cg086,21.031036,13.331713,1.5775194,0.11467606
ILMN_099,cg087,12.146467,12.87645,0.9433087,0.34552306
ILMN_099,cg088,27.754145,12.137763,2.2865946,0.02221948
ILMN_099,cg089,-1.0401039,14.14794,-0.07351628,0.9413953
ILMN_099,cg090,-11.619041,15.551272,-0.7471441,0.45497656
ILMN_099,cg091,4.7763615,12.800546,0.37313733,0.70904624
ILMN_099,cg092,-14.112009,12.698042,-1.1113532,0.26641637
ILMN_099,cg093,9.694984,13.514674,0.71736723,0.47314757
ILMN_099,cg094,-11.406105,14.584438,-0.7820737,0.43417132
ILMN_099,cg095,-3.1655188,14.108774,-0.22436526,0.8224731
ILMN_099,cg096,-2.1828527,12.707111,-0.17178199,0.86360896
ILMN_099,cg097,-11.484618,13.835634,-0.8300753,0.40649623
ILMN_099,cg098,4.899664,12.813665,0.382378,0.702181
ILMN_099,cg099,11.11087,12.871717,0.8632003,0.3880273
ILMN_099,cg100,27.844465,14.352196,1.940084,0.052369475
ILMN_100,cg001,-4.790658,13.456975,-0.35599813,0.72184193
ILMN_100,cg002,-3.1043196,15.5309305,-0.19987983,0.84157455
ILMN_100,cg003,4.29092,14.854162,0.28886986,0.772681
ILMN_100,cg004,7.3586235,16.104216,0.45693773,0.6477158
ILMN_100,cg005,-20.167828,14.663877,-1.3753408,0.16902584
ILMN_100,cg006,5.0028963,14.602862,0.34259698,0.73190165
ILMN_100,cg007,-21.380745,13.31353,-1.605941,0.10828686
ILMN_100,cg008,2.971686,14.683177,0.20238712,0.8396141
ILMN_100,cg009,6.708169,14.427208,0.46496654,0.64195544
ILMN_100,cg010,-2.313612,15.240726,-0.15180457,0.87934107
ILMN_100,cg011,11.782022,14.029519,0.8398023,0.40101922
ILMN_100,cg012,9.64419,15.485664,0.6227818,0.53342795
ILMN_100,cg013,-3.387663,14.404805,-0.2351759,0.81407225
ILMN_100,cg014,21.189875,12.845024,1.6496563,0.09901327
ILMN_100,cg015,-24.081772,14.210081,-1.6946963,0.09013307
ILMN_100,cg016,-10.930164,14.513456,-0.7531055,0.4513865
ILMN_100,cg017,15.671972,13.717764,1.1424582,0.2532636
ILMN_100,cg018,-29.777872,15.347187,-1.9402821,0.052345395
ILMN_100,cg019,-13.921827,12.888675,-1.0801597,0.28007108
ILMN_100,cg020,15.350387,15.244886,1.0069203,0.31397307
ILMN_100,cg021,-12.034519,14.990481,-0.8028107,0.42208415
ILMN_100,cg022,-23.724596,14.221936,-1.6681693,0.09528214
ILMN_100,cg023,-7.173448,13.644878,-0.5257246,0.5990796
ILMN_100,cg024,9.32354,13.747355,0.6782061,0.49764103
ILMN_100,cg025,28.203655,12.753884,2.2113776,0.027009726
ILMN_100,cg026,-15.494314,14.462394,-1.071352,0.2840112
ILMN_100,cg027,18.151583,13.271683,1.3676926,0.17140836
ILMN_100,cg028,2.6414118,16.086124,0.16420436,0.86957026
ILMN_100,cg029,9.067823,16.893753,0.536756,0.5914362
ILMN_100,cg030,-13.825855,13.821693,-1.0003011,0.31716484
ILMN_100,cg031,-20.313644,14.629903,-1.3885016,0.16498435
ILMN_100,cg032,11.763374,13.955476,0.8429218,0.3992722
ILMN_100,cg033,23.229303,13.528178,1.717105,0.08596003
ILMN_100,cg034,1.2110908,16.046581,0.07547345,0.93983805
ILMN_100,cg035,23.206833,12.675755,1.8308048,0.06712967
ILMN_100,cg036,-19.750418,13.997608,-1.4109852,0.15824896
ILMN_100,cg037,-14.469955,13.824722,-1.0466725,0.29525065
ILMN_100,cg038,30.552658,14.407668,2.120583,0.033956945
ILMN_100,cg039,-26.053072,14.5705185,-1.7880676,0.0737651
ILMN_100,cg040,-3.9003215,15.366556,-0.25381884,0.7996355
ILMN_100,cg041,20.435997,14.837506,1.3773202,0.16841328
ILMN_100,cg042,12.841879,13.411676,0.9575148,0.3383075
ILMN_100,cg043,1.4133348,15.065886,0.093810275,0.9252599
ILMN_100,cg044,1.8178577,14.44438,0.12585226,0.8998489
ILMN_100,cg045,-3.8415227,14.462628,-0.2656172,0.790534
ILMN_100,cg046,2.6726618,12.552888,0.2129121,0.8313955
ILMN_100,cg047,4.0482235,15.082706,0.26840165,0.78839016
ILMN_100,cg048,6.0325737,13.715595,0.43983316,0.6600579
ILMN_100,cg049,12.429169,14.334405,0.86708647,0.38589466
ILMN_100,cg050,4.586511,13.546139,0.3385844,0.7349229
ILMN_100,cg051,22.91396,14.297447,1.6026609,0.109009564
ILMN_100,cg052,2.2524776,13.853208,0.1625961,0.87083644
ILMN_100,cg053,0.4101963,14.913041,0.027505878,0.97805625
ILMN_100,cg054,-22.761286,14.682389,-1.550244,0.12108302
ILMN_100,cg055,-13.062708,13.080696,-0.9986248,0.31797647
ILMN_100,cg056,-1.4121389,15.5607605,-0.090749994,0.9276912
ILMN_100,cg057,-7.90576,17.161217,-0.46067595,0.6450311
ILMN_100,cg058,-13.476002,13.270472,-1.0154878,0.3098734
ILMN_100,cg059,-3.5906925,13.543645,-0.2651201,0.7909169
ILMN_100,cg060,-10.630503,13.758264,-0.7726631,0.43972182
ILMN_100,cg061,15.7298355,13.343021,1.178881,0.23844552
ILMN_100,cg062,18.378063,14.598375,1.2589115,0.20806229
ILMN_100,cg063,7.6182456,14.282742,0.5333882,0.5937649
ILMN_100,cg064,13.599684,14.11672,0.9633742,0.33535975
ILMN_100,cg065,-10.977693,14.823748,-0.7405477,0.45896775
ILMN_100,cg066,2.5013103,14.93338,0.16749793,0.8669783
ILMN_100,cg067,-8.628853,13.690572,-0.63027704,0.5285133
ILMN_100,cg068,-2.7262974,13.499711,-0.20195228,0.839954
ILMN_100,cg069,-18.718647,14.19656,-1.318534,0.18732494
ILMN_100,cg070,24.770042,13.565456,1.8259646,0.0678556
ILMN_100,cg071,-6.4662113,13.543052,-0.477456,0.63303745
ILMN_100,cg072,1.132618,14.913809,0.075944245,0.93946344
ILMN_100,cg073,6.7537193,13.32037,0.5070219,0.61213946
ILMN_100,cg074,7.497281,16.497833,0.45444036,0.64951193
ILMN_100,cg075,-8.6152935,14.514631,-0.59355927,0.552807
ILMN_100,cg076,39.5189,16.08491,2.456893,0.014014423
ILMN_100,cg077,-35.131126,13.41301,-2.619183,0.008814037
ILMN_100,cg078,-13.071244,15.296243,-0.8545395,0.3928061
ILMN_100,cg079,16.41939,13.79253,1.1904552,0.23386753
ILMN_100,cg080,-9.690953,13.052553,-0.7424565,0.45781076
ILMN_100,cg081,-32.440018,14.320096,-2.2653491,0.023491263
ILMN_100,cg082,0.20481873,13.918576,0.014715494,0.98825914
ILMN_100,cg083,-9.7741165,14.38006,-0.6796993,0.49669492
ILMN_100,cg084,-15.760121,15.172603,-1.0387224,0.29893386
ILMN_100,cg085,-5.497469,15.227538,-0.36102152,0.7180834
ILMN_100,cg086,-1.7215033,14.651216,-0.11749901,0.90646464
ILMN_100,cg087,3.5958138,13.9076395,0.25854954,0.79598284
ILMN_100,cg088,-19.02291,13.422948,-1.417193,0.15642649
ILMN_100,cg089,4.5082607,15.132554,0.29791802,0.7657657
ILMN_100,cg090,10.123219,16.68269,0.60680974,0.5439772
ILMN_100,cg091,17.273785,13.486128,1.2808558,0.20024431
ILMN_100,cg092,11.211393,13.675802,0.8197979,0.41233134
ILMN_100,cg093,6.4258575,14.51813,0.44260916,0.6580485
ILMN_100,cg094,8.94232,15.661618,0.57097036,0.56801975
ILMN_100,cg095,8.264513,15.063383,0.5486492,0.58324623
ILMN_100,cg096,38.747757,12.350795,3.1372683,0.0017052889
ILMN_100,cg097,-10.31296,14.844762,-0.69472045,0.48723048
ILMN_100,cg098,-10.254937,13.656167,-0.7509382,0.4526899
ILMN_100,cg099,7.498417,13.847073,0.5415164,0.5881517
ILMN_100,cg100,-19.099394,15.731118,-1.2141155,0.22470361
