gt_id,mt_id,mt_est,mt_err,mt_t,mt_p
ILMN_001,cg001,-13.710738,14.200956,-0.9654799,0.3343045
ILMN_001,cg002,-2.9135427,16.533634,-0.17621914,0.8601218
ILMN_001,cg003,-27.475634,15.29871,-1.7959445,0.07250333
ILMN_001,cg004,-7.90692,17.141548,-0.4612722,0.6446033
ILMN_001,cg005,0.9518112,15.92617,0.05976397,0.95234364
ILMN_001,cg006,-18.12065,15.33294,-1.1818118,0.23728037
ILMN_001,cg007,-36.434643,13.536578,-2.6915696,0.0071116686
ILMN_001,cg008,-1.77083,15.63441,-0.11326491,0.90982056
ILMN_001,cg009,9.255338,15.332623,0.603637,0.546085
ILMN_001,cg010,-25.3142,15.792117,-1.6029643,0.10894257
ILMN_001,cg011,11.465563,14.952633,0.76679224,0.44320506
ILMN_001,cg012,-3.979913,16.542803,-0.24058275,0.8098785
ILMN_001,cg013,-3.4713778,15.334005,-0.22638428,0.8209026
ILMN_001,cg014,24.877739,13.585164,1.8312432,0.067064285
ILMN_001,cg015,13.919746,15.455424,0.9006383,0.3677807
ILMN_001,cg016,19.403542,15.278387,1.2699994,0.20408487
ILMN_001,cg017,-20.579142,14.493503,-1.4198874,0.15564048
ILMN_001,cg018,-0.5843199,16.991596,-0.03438876,0.97256714
ILMN_001,cg019,-11.38002,13.790667,-0.8251973,0.40925962
ILMN_001,cg020,30.049206,15.795839,1.9023495,0.05712551
ILMN_001,cg021,-10.675542,15.9908695,-0.66760236,0.5043875
ILMN_001,cg022,11.866686,15.4913645,0.7660194,0.4436648
ILMN_001,cg023,9.397596,14.501934,0.64802366,0.5169697
ILMN_001,cg024,-7.5525007,14.664263,-0.51502764,0.6065337
ILMN_001,cg025,8.8992605,14.218975,0.62587214,0.5313988
ILMN_001,cg026,-10.435016,15.509381,-0.6728196,0.50106204
ILMN_001,cg027,-20.607225,14.087608,-1.462791,0.14352459
ILMN_001,cg028,-12.752726,17.024523,-0.74907976,0.45380914
ILMN_001,cg029,-7.969185,18.00063,-0.44271702,0.6579704
ILMN_001,cg030,8.613825,14.817454,0.5813296,0.56101835
ILMN_001,cg031,-7.242985,15.860026,-0.45668176,0.6478998
ILMN_001,cg032,9.010622,14.910241,0.60432434,0.5456281
ILMN_001,cg033,-4.351665,14.840669,-0.29322568,0.7693497
ILMN_001,cg034,-55.239235,15.015325,-3.678857,0.00023430586
ILMN_001,cg035,10.914,13.882821,0.7861514,0.4317788
ILMN_001,cg036,-26.713566,14.700389,-1.8172013,0.06918633
ILMN_001,cg037,-11.508776,14.793056,-0.77798504,0.4365778
ILMN_001,cg038,20.505909,15.78152,1.2993621,0.1938197
ILMN_001,cg039,-2.6740744,16.034817,-0.16676676,0.8675536
ILMN_001,cg040,-0.8289724,16.368057,-0.050645743,0.95960784
ILMN_001,cg041,10.168681,16.046408,0.63370454,0.52627367
ILMN_001,cg042,20.419617,14.099896,1.4482104,0.14755821
ILMN_001,cg043,11.573289,15.947518,0.725711,0.46801597
ILMN_001,cg044,17.70249,15.154978,1.1680974,0.24276751
ILMN_001,cg045,20.331577,15.112224,1.345373,0.17850482
ILMN_001,cg046,7.2963676,13.325263,0.547559,0.58399475
ILMN_001,cg047,27.169426,15.560104,1.7460953,0.080794394
ILMN_001,cg048,8.918227,14.571143,0.6120472,0.54050654
ILMN_001,cg049,41.400604,14.119576,2.932142,0.0033663511
ILMN_001,cg050,-2.369825,14.433041,-0.16419443,0.8695781
ILMN_001,cg051,0.95137525,15.6375475,0.06083916,0.9514873
ILMN_001,cg052,-18.188093,14.504592,-1.2539542,0.20985866
ILMN_001,cg053,14.921494,15.721264,0.9491281,0.34255546
ILMN_001,cg054,-23.235289,15.661552,-1.4835879,0.1379183
ILMN_001,cg055,-1.0235603,14.0731735,-0.07273131,0.94201994
ILMN_001,cg056,-1.4959627,16.563812,-0.090315126,0.9280368
ILMN_001,cg057,-14.920732,18.176859,-0.82086414,0.41172367
ILMN_001,cg058,4.860182,14.265357,0.3406982,0.7333308
ILMN_001,cg059,22.659525,14.035505,1.6144431,0.106431365
ILMN_001,cg060,5.1334867,14.720386,0.3487332,0.7272896
ILMN_001,cg061,37.87445,13.290542,2.8497295,0.0043756366
ILMN_001,cg062,3.8722188,15.79448,0.24516279,0.8063304
ILMN_001,cg063,3.5939429,15.241124,0.23580563,0.8135835
ILMN_001,cg064,1.0980432,15.176634,0.072350904,0.9423227
ILMN_001,cg065,25.261126,15.429901,1.6371541,0.10159826
ILMN_001,cg066,11.808628,15.805207,0.7471353,0.45498192
ILMN_001,cg067,-16.952475,14.420828,-1.1755549,0.2397728
ILMN_001,cg068,-38.997093,13.176368,-2.9596238,0.0030801296
ILMN_001,cg069,31.531256,14.675814,2.1485183,0.031672597
ILMN_001,cg070,-5.4540763,14.932393,-0.36525133,0.7149238
ILMN_001,cg071,-4.444191,14.436839,-0.30783683,0.7582065
ILMN_001,cg072,-3.7513156,15.866494,-0.23643002,0.813099
ILMN_001,cg073,21.022305,13.8765955,1.5149468,0.1297859
ILMN_001,cg074,3.2753565,17.594013,0.18616313,0.85231686
ILMN_001,cg075,-21.965343,15.167382,-1.448196,0.1475622
ILMN_001,cg076,3.8166897,18.201803,0.20968746,0.8339116
ILMN_001,cg077,-15.233432,15.139542,-1.0062016,0.3143186
ILMN_001,cg078,-7.810862,16.370499,-0.47713038,0.6332693
ILMN_001,cg079,-19.990139,14.611715,-1.3680898,0.17128396
ILMN_001,cg080,-2.8560464,13.970565,-0.20443314,0.838015
ILMN_001,cg081,-13.103744,15.954385,-0.82132554,0.41146088
ILMN_001,cg082,-33.08953,13.989467,-2.3653176,0.01801461
ILMN_001,cg083,22.600756,15.018415,1.5048696,0.1323576
ILMN_001,cg084,-5.5815206,16.318174,-0.3420432,0.7323184
ILMN_001,cg085,-23.137724,15.869495,-1.458,0.14484054
ILMN_001,cg086,8.272534,15.550201,0.53198886,0.5947337
ILMN_001,cg087,-9.018122,14.755073,-0.6111879,0.5410752
ILMN_001,cg088,5.5930753,14.573453,0.3837852,0.70113766
ILMN_001,cg089,-15.722644,15.9559965,-0.9853752,0.32443982
ILMN_001,cg090,0.8320783,17.828547,0.046671122,0.96277535
ILMN_001,cg091,13.98082,14.463026,0.96665937,0.33371437
ILMN_001,cg092,10.482946,14.581597,0.7189162,0.4721926
ILMN_001,cg093,-5.122244,15.4684,-0.33114246,0.74053687
ILMN_001,cg094,-8.125217,16.68718,-0.48691377,0.6263194
ILMN_001,cg095,-6.3809037,16.059196,-0.39733642,0.69111943
ILMN_001,cg096,29.982725,13.79423,2.17357,0.029737473
ILMN_001,cg097,-33.837036,15.080502,-2.2437606,0.024847806
ILMN_001,cg098,3.0915148,14.618155,0.21148461,0.83250916
ILMN_001,cg099,7.3528214,14.74675,0.49860623,0.6180568
ILMN_001,cg100,-33.65203,16.27163,-2.0681415,0.03862673
ILMN_002,cg001,-8.452782,12.981671,-0.651132,0.5149613
ILMN_002,cg002,-9.472541,14.972089,-0.63268,0.5269426
ILMN_002,cg003,-10.852458,14.299386,-0.7589457,0.44788504
ILMN_002,cg004,-15.695078,15.4483595,-1.0159705,0.30964345
ILMN_002,cg005,-23.455015,14.061265,-1.6680586,0.09530407
ILMN_002,cg006,8.992791,14.088166,0.63832235,0.5232639
ILMN_002,cg007,-8.857358,13.176308,-0.6722185,0.5014446
ILMN_002,cg008,-14.90567,14.045545,-1.0612383,0.2885816
ILMN_002,cg009,16.050938,13.793642,1.1636475,0.24456692
ILMN_002,cg010,-2.3572195,14.749309,-0.15981898,0.8730237
ILMN_002,cg011,-18.973251,13.392157,-1.4167435,0.15655792
ILMN_002,cg012,26.483768,14.534416,1.8221419,0.06843346
ILMN_002,cg013,1.7394754,13.946747,0.12472266,0.9007431
ILMN_002,cg014,12.28263,12.664803,0.969824,0.33213425
ILMN_002,cg015,25.879782,13.651846,1.8956983,0.05799997
ILMN_002,cg016,24.07539,13.6791315,1.7600087,0.078406334
ILMN_002,cg017,-19.36965,13.156442,-1.472256,0.14095181
ILMN_002,cg018,1.6961361,15.446561,0.10980672,0.91256267
ILMN_002,cg019,21.537817,12.2249155,1.7617968,0.07810366
ILMN_002,cg020,-7.173902,14.8779,-0.48218513,0.62967443
ILMN_002,cg021,20.101685,14.305,1.4052209,0.15995562
ILMN_002,cg022,2.4712138,14.169271,0.17440656,0.861546
ILMN_002,cg023,6.554206,13.209585,0.49617046,0.61977416
ILMN_002,cg024,13.013277,13.232426,0.9834385,0.3253917
ILMN_002,cg025,-4.551155,12.965153,-0.3510298,0.725566
ILMN_002,cg026,-10.336767,14.087802,-0.73373884,0.46310788
ILMN_002,cg027,4.621412,13.084923,0.353186,0.723949
ILMN_002,cg028,-36.252716,14.626348,-2.4785898,0.0131902695
ILMN_002,cg029,11.14213,16.318121,0.68280715,0.49472874
ILMN_002,cg030,4.0947657,13.507613,0.30314502,0.7617793
ILMN_002,cg031,19.099495,14.175222,1.3473859,0.17785597
ILMN_002,cg032,-5.631665,13.584418,-0.414568,0.6784582
ILMN_002,cg033,19.673552,13.190228,1.4915247,0.13582379
ILMN_002,cg034,-6.8391767,15.497793,-0.44130003,0.6589958
ILMN_002,cg035,2.9876194,12.698827,0.23526736,0.8140012
ILMN_002,cg036,-13.906705,13.683919,-1.0162809,0.30949563
ILMN_002,cg037,-13.286441,13.395229,-0.99187857,0.32125676
ILMN_002,cg038,32.42578,13.804713,2.348892,0.018829346
ILMN_002,cg039,5.562251,14.55983,0.3820272,0.7024412
ILMN_002,cg040,-7.976023,14.835356,-0.5376361,0.5908283
ILMN_002,cg041,-10.911612,14.563994,-0.74921834,0.45372564
ILMN_002,cg042,12.352797,12.981152,0.9515948,0.3413025
ILMN_002,cg043,-2.5404005,14.577086,-0.17427355,0.86165047
ILMN_002,cg044,-27.697538,13.371729,-2.0713506,0.038326025
ILMN_002,cg045,27.594133,13.40353,2.0587213,0.03952092
ILMN_002,cg046,-4.062566,12.139686,-0.33465165,0.73788786
ILMN_002,cg047,-17.635626,14.374927,-1.2268324,0.21988559
ILMN_002,cg048,-23.427475,12.845272,-1.8238208,0.06817919
ILMN_002,cg049,7.3337793,13.943632,0.525959,0.5989167
ILMN_002,cg050,11.825263,13.009735,0.9089549,0.36337394
ILMN_002,cg051,16.881418,13.998323,1.20596,0.22783291
ILMN_002,cg052,11.983456,13.293848,0.90142864,0.36736047
ILMN_002,cg053,-18.403866,14.175329,-1.2983025,0.19418341
ILMN_002,cg054,-9.148772,14.513269,-0.63037294,0.5284506
ILMN_002,cg055,-15.5256405,12.58933,-1.2332381,0.21748692
ILMN_002,cg056,2.6039793,15.055897,0.17295411,0.86268747
ILMN_002,cg057,7.6223755,16.60862,0.45894092,0.6462766
ILMN_002,cg058,1.8478547,12.983244,0.14232612,0.8868224
ILMN_002,cg059,18.710651,12.8239355,1.4590412,0.14455372
ILMN_002,cg060,30.491915,12.624509,2.4152951,0.015722454
ILMN_002,cg061,12.901244,12.967996,0.9948526,0.31980795
ILMN_002,cg062,22.757347,13.972124,1.6287678,0.1033622
ILMN_002,cg063,-12.238152,13.747356,-0.89021856,0.37334853
ILMN_002,cg064,-2.3609605,13.794655,-0.17115039,0.8641055
ILMN_002,cg065,-11.406996,14.333099,-0.7958499,0.42611927
ILMN_002,cg066,-15.780588,14.2682085,-1.1059965,0.26872808
ILMN_002,cg067,-9.924114,13.225888,-0.75035524,0.45304078
ILMN_002,cg068,-18.27552,12.789817,-1.4289118,0.15302956
ILMN_002,cg069,20.211966,13.675474,1.4779718,0.13941532
ILMN_002,cg070,15.001018,13.414763,1.1182469,0.26346153
ILMN_002,cg071,-7.824123,13.088429,-0.5977893,0.5499805
ILMN_002,cg072,12.826646,14.309803,0.8963538,0.37006384
ILMN_002,cg073,-11.661126,12.81235,-0.9101473,0.36274487
ILMN_002,cg074,-30.364428,15.363082,-1.9764541,0.048103392
ILMN_002,cg075,0.6015297,14.100428,0.04266039,0.96597224
ILMN_002,cg076,-13.840942,16.430338,-0.84240156,0.39956325
ILMN_002,cg077,-17.493809,13.67405,-1.2793436,0.2007761
ILMN_002,cg078,-0.75910836,14.920061,-0.05087837,0.95942247
ILMN_002,cg079,5.139124,13.531023,0.37980306,0.70409167
ILMN_002,cg080,-1.3734062,12.705886,-0.10809212,0.9139226
ILMN_002,cg081,-15.56454,14.430005,-1.0786233,0.2807557
ILMN_002,cg082,-21.52944,13.090822,-1.6446209,0.100048006
ILMN_002,cg083,-12.549453,13.863554,-0.9052118,0.36535317
ILMN_002,cg084,8.592531,14.800858,0.5805428,0.56154865
ILMN_002,cg085,18.421835,14.505708,1.2699715,0.20409483
ILMN_002,cg086,-16.820404,13.96279,-1.2046593,0.22833484
ILMN_002,cg087,-2.5332894,13.464167,-0.18815048,0.8507587
ILMN_002,cg088,-10.960504,13.172298,-0.8320874,0.40535963
ILMN_002,cg089,-17.574259,14.428318,-1.2180393,0.22320902
ILMN_002,cg090,36.766113,15.276412,2.4067245,0.016096294
ILMN_002,cg091,2.1841073,13.278446,0.16448516,0.86934924
ILMN_002,cg092,6.535989,13.296662,0.49155107,0.62303674
ILMN_002,cg093,3.2099319,14.072327,0.22810243,0.8195666
ILMN_002,cg094,24.760674,14.766051,1.676865,0.09356892
ILMN_002,cg095,-11.554974,14.526135,-0.79546094,0.42634547
ILMN_002,cg096,-12.001174,13.050289,-0.9196098,0.3577767
ILMN_002,cg097,-9.295583,14.3764925,-0.6465821,0.51790243
ILMN_002,cg098,8.920362,13.231757,0.6741631,0.50020766
ILMN_002,cg099,13.011411,13.306018,0.9778591,0.328144
ILMN_002,cg100,-10.913946,15.382367,-0.7095102,0.47800797
ILMN_003,cg001,10.093976,14.060835,0.7178789,0.47283202
ILMN_003,cg002,5.2071266,16.285053,0.31974882,0.74915874
ILMN_003,cg003,1.3521183,15.598812,0.086680844,0.9309252
ILMN_003,cg004,15.472341,16.781563,0.9219845,0.3565367
ILMN_003,cg005,27.517475,15.166142,1.8144017,0.0696159
ILMN_003,cg006,-11.138266,15.25367,-0.7302024,0.46526653
ILMN_003,cg007,4.577536,14.339811,0.31921872,0.74956065
ILMN_003,cg008,-12.717833,15.298915,-0.8312898,0.40580994
ILMN_003,cg009,-26.878769,14.646832,-1.8351251,0.06648719
ILMN_003,cg010,-0.14804664,15.995554,-0.0092554875,0.9926153
ILMN_003,cg011,-12.912874,14.710411,-0.8778051,0.38004953
ILMN_003,cg012,-32.704002,15.588177,-2.0980005,0.035905123
ILMN_003,cg013,8.758198,15.068321,0.5812325,0.5610838
ILMN_003,cg014,-8.649475,13.812037,-0.6262273,0.53116584
ILMN_003,cg015,4.825468,15.352079,0.31432015,0.7532779
ILMN_003,cg016,-11.943041,15.220544,-0.7846658,0.4326495
ILMN_003,cg017,-6.4307895,14.56552,-0.4415077,0.6588455
ILMN_003,cg018,8.470245,16.702658,0.5071196,0.6120709
ILMN_003,cg019,-10.804893,13.601089,-0.7944138,0.42695457
ILMN_003,cg020,3.0505857,16.165005,0.18871543,0.85031587
ILMN_003,cg021,-1.478958,15.837299,-0.09338448,0.92559814
ILMN_003,cg022,-7.9901624,15.322112,-0.5214792,0.602033
ILMN_003,cg023,-11.2864485,14.263295,-0.7912932,0.42877293
ILMN_003,cg024,-16.519205,14.290493,-1.1559577,0.24769849
ILMN_003,cg025,-9.153855,14.010714,-0.65334684,0.5135327
ILMN_003,cg026,27.486162,14.818893,1.8548054,0.063624024
ILMN_003,cg027,-0.48273003,14.205656,-0.033981536,0.97289187
ILMN_003,cg028,18.897951,16.652056,1.134872,0.25642902
ILMN_003,cg029,-24.53274,17.409666,-1.4091448,0.15879238
ILMN_003,cg030,27.520357,14.086757,1.9536333,0.050744593
ILMN_003,cg031,-1.4794952,15.667528,-0.09443067,0.9247671
ILMN_003,cg032,4.0419593,14.74361,0.2741499,0.7839694
ILMN_003,cg033,-34.21862,13.745848,-2.4893787,0.01279664
ILMN_003,cg034,2.2920077,16.834774,0.13614722,0.8917049
ILMN_003,cg035,-0.25073782,13.776238,-0.018200746,0.9854787
ILMN_003,cg036,8.6972065,14.946763,0.58187896,0.5606482
ILMN_003,cg037,17.061495,14.460348,1.1798813,0.23804742
ILMN_003,cg038,-37.12128,14.863482,-2.497482,0.012507856
ILMN_003,cg039,-6.3758917,15.782749,-0.40397853,0.6862285
ILMN_003,cg040,34.019566,15.335412,2.2183666,0.026529849
ILMN_003,cg041,1.3711107,15.884977,0.08631493,0.93121606
ILMN_003,cg042,-10.163285,14.132734,-0.7191309,0.47206032
ILMN_003,cg043,-2.518457,15.805263,-0.15934293,0.8733987
ILMN_003,cg044,13.846642,15.020489,0.92185026,0.35660666
ILMN_003,cg045,-21.245558,14.860197,-1.4296956,0.15280437
ILMN_003,cg046,-2.0600858,13.1743,-0.15637155,0.8757402
ILMN_003,cg047,16.631313,15.647172,1.0628958,0.28782922
ILMN_003,cg048,17.285168,14.194552,1.2177325,0.22332561
ILMN_003,cg049,9.179554,15.102484,0.60781753,0.5433085
ILMN_003,cg050,-8.969148,14.169623,-0.6329842,0.52674395
ILMN_003,cg051,-24.77168,14.976023,-1.6540895,0.098109305
ILMN_003,cg052,-9.5858755,14.471015,-0.662419,0.5077027
ILMN_003,cg053,23.247118,15.267857,1.5226183,0.12785423
ILMN_003,cg054,15.739682,15.631709,1.0069073,0.31397933
ILMN_003,cg055,-5.2990913,13.851079,-0.38257608,0.7020341
ILMN_003,cg056,6.0071106,16.304798,0.36842594,0.71255565
ILMN_003,cg057,-16.75202,17.878355,-0.9370001,0.34875852
ILMN_003,cg058,9.888496,14.003777,0.7061307,0.4801069
ILMN_003,cg059,10.937259,14.130006,0.7740449,0.4389043
ILMN_003,cg060,1.4110562,14.527953,0.097126976,0.92262554
ILMN_003,cg061,20.2036,13.894556,1.4540659,0.14592803
ILMN_003,cg062,-22.159752,15.232746,-1.4547443,0.14574003
ILMN_003,cg063,3.1691499,15.025395,0.21091956,0.83295006
ILMN_003,cg064,-1.958074,14.958075,-0.13090415,0.89585114
ILMN_003,cg065,38.83207,14.561313,2.6667974,0.0076577663
ILMN_003,cg066,-4.5208874,15.659676,-0.2886961,0.7728139
ILMN_003,cg067,-12.083552,14.316504,-0.84402955,0.3986529
ILMN_003,cg068,11.351653,14.071878,0.8066907,0.4198447
ILMN_003,cg069,-1.0847791,15.174001,-0.07148933,0.9430083
ILMN_003,cg070,-1.1191612,14.73966,-0.07592856,0.93947595
ILMN_003,cg071,23.971333,13.800011,1.7370517,0.08237803
ILMN_003,cg072,-2.21811,15.646107,-0.14176755,0.88726366
ILMN_003,cg073,-8.873223,13.954411,-0.6358723,0.52485967
ILMN_003,cg074,8.213826,17.307096,0.47459295,0.6350771
ILMN_003,cg075,13.771135,15.152484,0.90883684,0.36343622
ILMN_003,cg076,-5.8612933,17.929758,-0.3269031,0.74374115
ILMN_003,cg077,14.795045,14.928246,0.99107724,0.32164788
ILMN_003,cg078,24.755636,15.75955,1.5708339,0.11622125
ILMN_003,cg079,0.010261887,14.693255,0.000698408,0.99944276
ILMN_003,cg080,-16.866026,13.551127,-1.2446216,0.21327084
ILMN_003,cg081,15.321456,15.679655,0.97715515,0.32849234
ILMN_003,cg082,4.916301,14.586318,0.3370488,0.7360801
ILMN_003,cg083,10.761527,15.08084,0.7135894,0.4754811
ILMN_003,cg084,11.203211,16.02077,0.69929296,0.48436898
ILMN_003,cg085,0.03942893,16.000349,0.0024642544,0.9980338
ILMN_003,cg086,7.645064,15.333953,0.49857098,0.6180817
ILMN_003,cg087,-8.239048,14.552789,-0.56614906,0.57129246
ILMN_003,cg088,-3.7213933,14.3779545,-0.25882635,0.7957692
ILMN_003,cg089,25.696718,15.435174,1.6648155,0.09594959
ILMN_003,cg090,-3.399356,17.567337,-0.19350433,0.846564
ILMN_003,cg091,-11.386258,14.30247,-0.7961043,0.4259714
ILMN_003,cg092,6.3669176,14.423472,0.44142753,0.65890354
ILMN_003,cg093,-5.0344014,15.247718,-0.3301741,0.7412684
ILMN_003,cg094,-16.325321,16.314722,-1.0006497,0.31699622
ILMN_003,cg095,1.03874,15.856377,0.0655093,0.9477685
ILMN_003,cg096,-2.7344265,14.272836,-0.19158256,0.8480692
ILMN_003,cg097,-4.562571,15.643138,-0.29166597,0.770542
ILMN_003,cg098,-22.855803,14.01711,-1.6305646,0.10298228
ILMN_003,cg099,8.781473,14.51787,0.60487336,0.5452632
ILMN_003,cg100,-25.08571,16.355495,-1.5337787,0.1250841
ILMN_004,cg001,7.7399406,13.8161545,0.56020945,0.5753366
ILMN_004,cg002,12.061543,15.885469,0.7592815,0.44768417
ILMN_004,cg003,-9.332466,15.233363,-0.61263335,0.5401188
ILMN_004,cg004,20.735537,16.321236,1.2704637,0.20391953
ILMN_004,cg005,2.4209976,15.388673,0.15732336,0.87499
ILMN_004,cg006,-12.707208,14.925022,-0.85140294,0.39454556
ILMN_004,cg007,2.187138,14.071591,0.15542933,0.87648284
ILMN_004,cg008,18.516745,14.8636875,1.2457706,0.21284866
ILMN_004,cg009,25.964739,14.3761425,1.8060992,0.070902824
ILMN_004,cg010,9.733613,15.617336,0.6232569,0.53311574
ILMN_004,cg011,-8.287505,14.491957,-0.5718693,0.5674105
ILMN_004,cg012,-23.098997,15.631508,-1.4777204,0.13948262
ILMN_004,cg013,-5.310622,14.8074665,-0.3586449,0.7198608
ILMN_004,cg014,3.2030506,13.591658,0.23566298,0.8136942
ILMN_004,cg015,-8.3713455,15.017736,-0.55743057,0.5772333
ILMN_004,cg016,-8.595142,14.969244,-0.5741868,0.56584144
ILMN_004,cg017,-1.5597236,14.309401,-0.10899993,0.9132025
ILMN_004,cg018,-0.44132316,16.422003,-0.026873894,0.9785603
ILMN_004,cg019,17.638796,13.172312,1.3390813,0.18054426
ILMN_004,cg020,20.234852,15.572176,1.2994236,0.1937986
ILMN_004,cg021,-27.700602,14.982736,-1.8488348,0.064481676
ILMN_004,cg022,41.351444,13.778503,3.0011563,0.0026895404
ILMN_004,cg023,18.880327,13.801618,1.3679793,0.17131859
ILMN_004,cg024,18.704836,13.94329,1.3414937,0.17976022
ILMN_004,cg025,-1.0652348,13.799749,-0.07719233,0.93847054
ILMN_004,cg026,10.862192,14.977591,0.7252296,0.4683112
ILMN_004,cg027,6.751525,13.892742,0.48597497,0.62698495
ILMN_004,cg028,17.188448,16.358644,1.0507257,0.2933846
ILMN_004,cg029,5.2299232,17.417084,0.30027547,0.76396704
ILMN_004,cg030,-5.7905602,14.347797,-0.4035853,0.6865177
ILMN_004,cg031,-13.979406,15.224101,-0.9182418,0.3584923
ILMN_004,cg032,-27.327894,13.895023,-1.9667397,0.04921323
ILMN_004,cg033,-0.22488424,14.356465,-0.015664319,0.9875022
ILMN_004,cg034,2.4664707,16.505272,0.14943533,0.88121015
ILMN_004,cg035,1.666435,13.5049715,0.12339419,0.90179497
ILMN_004,cg036,3.1345544,14.70139,0.21321483,0.8311594
ILMN_004,cg037,6.7458515,14.356429,0.46988365,0.63843817
ILMN_004,cg038,20.972206,15.218836,1.3780427,0.16819012
ILMN_004,cg039,17.43565,15.287257,1.1405349,0.25406355
ILMN_004,cg040,-8.873214,15.765535,-0.5628235,0.5735551
ILMN_004,cg041,11.361869,15.48562,0.7337045,0.46312886
ILMN_004,cg042,-8.725907,13.874841,-0.6289014,0.5294136
ILMN_004,cg043,8.740941,15.447157,0.5658608,0.5714884
ILMN_004,cg044,-33.638973,14.010526,-2.4009786,0.016351283
ILMN_004,cg045,-11.644666,14.79082,-0.78729004,0.4311121
ILMN_004,cg046,8.32573,12.861961,0.6473142,0.51742864
ILMN_004,cg047,-18.965092,15.274963,-1.2415801,0.21439153
ILMN_004,cg048,-17.920677,13.890775,-1.2901136,0.19701123
ILMN_004,cg049,-5.3301835,14.846054,-0.3590303,0.7195724
ILMN_004,cg050,-10.592135,13.865557,-0.7639171,0.44491667
ILMN_004,cg051,2.6859748,15.108687,0.17777684,0.8588982
ILMN_004,cg052,18.22848,14.000232,1.3020127,0.19291204
ILMN_004,cg053,-24.289345,14.9184,-1.6281468,0.10349375
ILMN_004,cg054,-9.515266,15.430719,-0.6166444,0.53746927
ILMN_004,cg055,5.8611794,13.574645,0.43177405,0.66590565
ILMN_004,cg056,14.657183,15.863372,0.9239639,0.3555051
ILMN_004,cg057,-15.14213,17.55424,-0.8625911,0.38836235
ILMN_004,cg058,-8.869109,13.74239,-0.6453833,0.51867884
ILMN_004,cg059,-18.592493,13.671826,-1.3599129,0.17385751
ILMN_004,cg060,8.612034,14.188947,0.6069537,0.54388165
ILMN_004,cg061,4.4301763,13.917411,0.318319,0.750243
ILMN_004,cg062,-5.741705,15.251431,-0.3764699,0.7065676
ILMN_004,cg063,7.179295,14.700977,0.48835495,0.62529844
ILMN_004,cg064,-16.159649,14.4738455,-1.1164724,0.26422
ILMN_004,cg065,-9.476681,15.2771225,-0.6203184,0.5350482
ILMN_004,cg066,-27.053848,14.841004,-1.8229122,0.0683167
ILMN_004,cg067,37.580692,13.01471,2.8875551,0.0038824677
ILMN_004,cg068,-11.709094,13.786598,-0.84930986,0.39570892
ILMN_004,cg069,-26.637594,14.350708,-1.8561867,0.06342697
ILMN_004,cg070,4.5160513,14.437321,0.31280398,0.7544296
ILMN_004,cg071,-25.222473,13.4629965,-1.8734665,0.061003983
ILMN_004,cg072,50.66154,13.402924,3.7798874,0.00015687943
ILMN_004,cg073,-2.4217997,13.737208,-0.1762949,0.86006224
ILMN_004,cg074,-27.820051,16.508589,-1.6851865,0.09195262
ILMN_004,cg075,22.429207,14.619958,1.5341499,0.12499279
ILMN_004,cg076,19.799297,17.356165,1.1407645,0.25396794
ILMN_004,cg077,-17.086023,14.576008,-1.1722019,0.24111599
ILMN_004,cg078,19.353388,15.601949,1.2404468,0.2148102
ILMN_004,cg079,-9.168353,14.3427,-0.6392348,0.5226702
ILMN_004,cg080,-7.457584,13.46348,-0.55391204,0.5796391
ILMN_004,cg081,-3.7536266,15.522268,-0.24182203,0.80891806
ILMN_004,cg082,-4.5483847,14.3033495,-0.3179944,0.7504892
ILMN_004,cg083,4.9257703,14.8501425,0.3316985,0.74011695
ILMN_004,cg084,24.797552,15.362019,1.6142118,0.10648149
ILMN_004,cg085,-23.136671,15.312439,-1.5109723,0.13079554
ILMN_004,cg086,4.2276917,15.062118,0.28068376,0.77895296
ILMN_004,cg087,-6.402218,14.287014,-0.44811448,0.6540706
ILMN_004,cg088,30.372332,13.377754,2.270361,0.02318567
ILMN_004,cg089,-14.227521,15.441103,-0.92140573,0.35683864
ILMN_004,cg090,-6.6713276,17.203117,-0.3877976,0.69816583
ILMN_004,cg091,18.531271,13.852493,1.3377571,0.18097562
ILMN_004,cg092,19.15932,13.887269,1.379632,0.1677
ILMN_004,cg093,2.6927655,14.962333,0.17996962,0.8571764
ILMN_004,cg094,4.253868,16.157047,0.2632825,0.7923328
ILMN_004,cg095,11.995249,15.446468,0.776569,0.4374131
ILMN_004,cg096,-25.128664,13.500469,-1.8613179,0.06269932
ILMN_004,cg097,-14.642485,15.199204,-0.96337175,0.335361
ILMN_004,cg098,22.795115,13.7295265,1.6602987,0.09685439
ILMN_004,cg099,30.175066,13.580599,2.2219245,0.02628839
ILMN_004,cg100,-15.567145,16.279968,-0.9562147,0.33896375
ILMN_005,cg001,-10.707148,15.109846,-0.70862055,0.47855997
ILMN_005,cg002,9.33728,17.46277,0.5346964,0.59285986
ILMN_005,cg003,13.968728,16.634539,0.8397424,0.40105283
ILMN_005,cg004,7.488542,18.163305,0.41228962,0.68012714
ILMN_005,cg005,-1.975688,16.865808,-0.11714161,0.9067478
ILMN_005,cg006,-6.2361436,16.458397,-0.37890345,0.7047596
ILMN_005,cg007,26.507456,14.921142,1.7765032,0.07565004
ILMN_005,cg008,7.0455103,16.528357,0.42626804,0.6699126
ILMN_005,cg009,-8.854499,16.250866,-0.5448632,0.5858476
ILMN_005,cg010,18.329084,16.972675,1.0799172,0.28017908
ILMN_005,cg011,-30.095594,15.307281,-1.9660968,0.04928744
ILMN_005,cg012,-22.143091,17.2251,-1.2855132,0.19861305
ILMN_005,cg013,10.515294,16.17541,0.650079,0.5156412
ILMN_005,cg014,-16.732801,14.697885,-1.1384497,0.25493276
ILMN_005,cg015,-5.807922,16.490568,-0.3521966,0.7246908
ILMN_005,cg016,-19.478983,16.21038,-1.2016364,0.2295044
ILMN_005,cg017,-12.492567,15.574546,-0.80211437,0.42248678
ILMN_005,cg018,4.44089,17.984394,0.24693018,0.8049623
ILMN_005,cg019,19.730509,14.423178,1.3679724,0.17132074
ILMN_005,cg020,41.146996,16.281693,2.527194,0.011497796
ILMN_005,cg021,10.5746975,16.946468,0.624006,0.53262365
ILMN_005,cg022,9.674235,16.449747,0.5881085,0.5564595
ILMN_005,cg023,-15.3846035,15.261534,-1.008064,0.31342375
ILMN_005,cg024,17.435839,15.36226,1.1349788,0.25638425
ILMN_005,cg025,13.831999,14.985397,0.9230318,0.35599065
ILMN_005,cg026,-2.092659,16.503984,-0.1267972,0.8991009
ILMN_005,cg027,12.412852,15.153375,0.8191477,0.41270214
ILMN_005,cg028,-38.261604,17.241114,-2.2192073,0.026472628
ILMN_005,cg029,3.5055137,19.098343,0.18355067,0.85436594
ILMN_005,cg030,0.4740325,15.750795,0.030095782,0.97599065
ILMN_005,cg031,1.3151795,16.834532,0.07812391,0.9377295
ILMN_005,cg032,-4.8441944,15.83815,-0.30585608,0.75971425
ILMN_005,cg033,-3.3084939,15.725113,-0.21039556,0.83335894
ILMN_005,cg034,-10.519968,18.025198,-0.5836257,0.5594722
ILMN_005,cg035,-14.067376,14.655931,-0.95984185,0.33713484
ILMN_005,cg036,-14.690709,15.972385,-0.9197567,0.35769993
ILMN_005,cg037,2.6885471,15.765324,0.17053549,0.86458904
ILMN_005,cg038,26.496334,16.563974,1.5996363,0.10967928
ILMN_005,cg039,-12.064116,16.89449,-0.7140858,0.47517413
ILMN_005,cg040,-8.704759,17.288588,-0.50349736,0.61461467
ILMN_005,cg041,10.185504,17.002844,0.59904706,0.5491415
ILMN_005,cg042,-11.322639,15.178541,-0.74596363,0.45568937
ILMN_005,cg043,7.345415,16.952133,0.4333033,0.66479445
ILMN_005,cg044,-3.0937617,16.280807,-0.19002508,0.8492895
ILMN_005,cg045,9.687767,16.254827,0.5959932,0.55117977
ILMN_005,cg046,26.477388,13.610101,1.9454219,0.051724255
ILMN_005,cg047,25.930914,16.582289,1.5637717,0.117871225
ILMN_005,cg048,15.75611,15.320115,1.028459,0.303734
ILMN_005,cg049,9.445522,16.232302,0.58189666,0.5606363
ILMN_005,cg050,0.6391,15.290461,0.041797303,0.96666026
ILMN_005,cg051,15.021869,16.41389,0.9151924,0.3600906
ILMN_005,cg052,-1.9040695,15.619881,-0.12190039,0.90297794
ILMN_005,cg053,-13.20197,16.699839,-0.79054475,0.4292097
ILMN_005,cg054,5.914463,16.957205,0.3487876,0.7272488
ILMN_005,cg055,-15.699026,14.72517,-1.0661354,0.28636247
ILMN_005,cg056,16.843594,17.367905,0.9698115,0.3321405
ILMN_005,cg057,27.339039,18.968325,1.4412996,0.14950007
ILMN_005,cg058,-28.55174,14.530185,-1.964995,0.049414814
ILMN_005,cg059,1.9917371,15.277753,0.13036846,0.8962749
ILMN_005,cg060,-3.3966157,15.603163,-0.21768765,0.8276725
ILMN_005,cg061,-0.25561276,15.268237,-0.016741471,0.98664284
ILMN_005,cg062,9.499867,16.680414,0.56952226,0.5690018
ILMN_005,cg063,15.212384,15.995387,0.9510482,0.3415799
ILMN_005,cg064,-24.318607,15.669741,-1.551947,0.12067491
ILMN_005,cg065,31.95104,16.137877,1.9798788,0.047717154
ILMN_005,cg066,-14.460845,16.705301,-0.8656441,0.38668537
ILMN_005,cg067,6.313735,15.47308,0.40804642,0.6832396
ILMN_005,cg068,15.923027,15.044052,1.0584267,0.28986096
ILMN_005,cg069,-3.4417543,16.296751,-0.21119267,0.8327369
ILMN_005,cg070,29.768578,15.217741,1.9561758,0.050444424
ILMN_005,cg071,12.791172,15.189401,0.8421117,0.39972544
ILMN_005,cg072,23.178205,16.463726,1.4078348,0.15918005
ILMN_005,cg073,-1.2032592,15.05806,-0.07990798,0.9363104
ILMN_005,cg074,2.4078035,18.637747,0.12918963,0.8972076
ILMN_005,cg075,16.778973,16.23878,1.0332657,0.30147958
ILMN_005,cg076,15.863118,19.1447,0.82859063,0.40733612
ILMN_005,cg077,-6.4428973,16.182175,-0.3981478,0.69052124
ILMN_005,cg078,-28.026848,16.88274,-1.6600888,0.09689659
ILMN_005,cg079,-17.958567,15.563573,-1.1538845,0.2485475
ILMN_005,cg080,0.66378915,14.802852,0.04484198,0.9642333
ILMN_005,cg081,-0.066821285,17.020996,-0.003925815,0.99686766
ILMN_005,cg082,-6.3962536,15.663282,-0.4083597,0.6830096
ILMN_005,cg083,3.0664403,16.286812,0.18827751,0.85065913
ILMN_005,cg084,7.409271,17.270296,0.42901817,0.66791
ILMN_005,cg085,-12.20046,17.097244,-0.71359223,0.47547936
ILMN_005,cg086,13.4169035,16.401192,0.8180444,0.4133318
ILMN_005,cg087,25.488478,15.233969,1.6731344,0.09430081
ILMN_005,cg088,-7.6156163,15.418844,-0.49391615,0.6213654
ILMN_005,cg089,8.298437,17.03279,0.48720366,0.626114
ILMN_005,cg090,4.290051,18.872356,0.2273193,0.82017547
ILMN_005,cg091,8.9424925,15.41655,0.580058,0.5618755
ILMN_005,cg092,-3.1620383,15.523128,-0.20369853,0.8385891
ILMN_005,cg093,1.1928207,16.40141,0.07272672,0.9420236
ILMN_005,cg094,0.7911159,17.718771,0.04464846,0.96438754
ILMN_005,cg095,29.82552,16.460426,1.8119531,0.06999344
ILMN_005,cg096,6.597331,15.310738,0.43089572,0.6665442
ILMN_005,cg097,-14.813144,16.680967,-0.88802665,0.37452638
ILMN_005,cg098,0.32277417,15.4897785,0.020837883,0.98337495
ILMN_005,cg099,15.584701,15.491179,1.006037,0.31439775
ILMN_005,cg100,-27.49625,17.554913,-1.5662994,0.11727852
ILMN_006,cg001,3.9838314,12.886966,0.30913648,0.7572177
ILMN_006,cg002,12.056089,14.767901,0.8163712,0.41428787
ILMN_006,cg003,12.134476,14.120154,0.85937274,0.39013493
ILMN_006,cg004,9.842052,15.383526,0.63977873,0.52231646
ILMN_006,cg005,18.095356,14.073042,1.2858169,0.19850695
ILMN_006,cg006,-13.900729,13.846553,-1.0039126,0.31542075
ILMN_006,cg007,3.5721362,13.087104,0.27295086,0.784891
ILMN_006,cg008,-3.5247788,14.053119,-0.25081825,0.8019546
ILMN_006,cg009,7.7795568,13.796258,0.5638889,0.5728297
ILMN_006,cg010,19.747133,14.300493,1.3808708,0.1673187
ILMN_006,cg011,-2.8086236,13.526943,-0.2076318,0.83551645
ILMN_006,cg012,1.8774538,14.884508,0.12613475,0.89962524
ILMN_006,cg013,-16.419031,13.58425,-1.2086815,0.22678524
ILMN_006,cg014,2.2997835,12.650748,0.1817903,0.8557473
ILMN_006,cg015,11.413031,13.920471,0.81987387,0.412288
ILMN_006,cg016,14.408746,13.817024,1.0428256,0.29702908
ILMN_006,cg017,0.1301232,13.317258,0.00977102,0.99220395
ILMN_006,cg018,10.546655,15.202218,0.69375765,0.48783422
ILMN_006,cg019,-4.12304,12.479261,-0.33039138,0.74110425
ILMN_006,cg020,-2.6132107,14.749144,-0.17717712,0.8593693
ILMN_006,cg021,9.772745,14.37883,0.67966205,0.49671847
ILMN_006,cg022,6.8941402,13.9838,0.49300906,0.6220062
ILMN_006,cg023,8.739139,13.0381565,0.6702741,0.5026831
ILMN_006,cg024,-0.79485166,13.225715,-0.060098957,0.9520768
ILMN_006,cg025,4.6230564,12.824026,0.36049962,0.71847355
ILMN_006,cg026,19.69882,13.712568,1.4365522,0.15084529
ILMN_006,cg027,7.2701244,12.916574,0.5628524,0.57353544
ILMN_006,cg028,4.538552,15.389517,0.29491192,0.76806116
ILMN_006,cg029,12.844203,16.112358,0.7971647,0.42535543
ILMN_006,cg030,12.968166,13.23752,0.9796522,0.3272578
ILMN_006,cg031,-15.43212,14.113735,-1.0934114,0.2742132
ILMN_006,cg032,-10.198402,13.378373,-0.76230514,0.4458779
ILMN_006,cg033,-4.6140842,13.34205,-0.34583023,0.7294703
ILMN_006,cg034,14.640675,15.210221,0.962555,0.3357709
ILMN_006,cg035,-8.316323,12.50912,-0.6648208,0.50616515
ILMN_006,cg036,32.33669,12.829818,2.5204325,0.011721075
ILMN_006,cg037,-1.6515781,13.389121,-0.12335224,0.90182817
ILMN_006,cg038,4.4615207,14.436206,0.30905077,0.7572829
ILMN_006,cg039,3.0160213,14.418371,0.20917906,0.8343085
ILMN_006,cg040,-14.7712145,14.558983,-1.0145774,0.31030732
ILMN_006,cg041,-19.178799,14.2156315,-1.3491344,0.17729378
ILMN_006,cg042,12.097866,12.843287,0.9419602,0.34621298
ILMN_006,cg043,-6.56781,14.391685,-0.45636144,0.64813006
ILMN_006,cg044,-0.0722376,13.830248,-0.0052231606,0.99583256
ILMN_006,cg045,2.292767,13.851829,0.16552089,0.868534
ILMN_006,cg046,13.893663,11.847231,1.1727351,0.24090207
ILMN_006,cg047,-3.323498,14.441943,-0.23012817,0.8179922
ILMN_006,cg048,-8.111785,13.103298,-0.6190644,0.53587395
ILMN_006,cg049,5.8565397,13.807301,0.42416254,0.6714473
ILMN_006,cg050,-6.1831765,12.952074,-0.47738892,0.6330852
ILMN_006,cg051,6.9567685,14.026698,0.49596623,0.6199182
ILMN_006,cg052,24.939587,12.745922,1.9566718,0.05038607
ILMN_006,cg053,14.493141,14.115822,1.0267303,0.3045475
ILMN_006,cg054,13.091634,14.2884245,0.9162405,0.35954076
ILMN_006,cg055,19.828234,12.3151455,1.610069,0.107382834
ILMN_006,cg056,-22.71468,14.516619,-1.5647362,0.11764479
ILMN_006,cg057,-1.5101371,16.465097,-0.09171747,0.9269225
ILMN_006,cg058,15.811842,12.632362,1.2516932,0.21068168
ILMN_006,cg059,-19.69627,12.646324,-1.55747,0.11935896
ILMN_006,cg060,7.3978252,13.211277,0.5599629,0.5755048
ILMN_006,cg061,-0.5501986,12.9647875,-0.04243792,0.9661496
ILMN_006,cg062,-5.884196,14.187499,-0.4147451,0.6783285
ILMN_006,cg063,8.152321,13.662575,0.59668994,0.55071443
ILMN_006,cg064,-11.297107,13.547831,-0.8338683,0.40435517
ILMN_006,cg065,-2.4135766,14.270961,-0.16912502,0.86569834
ILMN_006,cg066,12.673831,14.17774,0.89392465,0.3713622
ILMN_006,cg067,15.658634,12.958643,1.2083545,0.22691095
ILMN_006,cg068,11.447389,12.818615,0.8930285,0.3718419
ILMN_006,cg069,-3.7608511,13.833962,-0.2718564,0.78573245
ILMN_006,cg070,8.877434,13.385021,0.66323644,0.50717914
ILMN_006,cg071,4.9480553,12.976607,0.38130578,0.70297635
ILMN_006,cg072,-1.7097067,14.275931,-0.11976148,0.9046721
ILMN_006,cg073,-10.645507,12.6907215,-0.83884174,0.4015581
ILMN_006,cg074,22.873306,15.465652,1.4789746,0.1391471
ILMN_006,cg075,-5.2102065,13.92707,-0.37410644,0.70832515
ILMN_006,cg076,2.914397,16.371925,0.17801186,0.8587136
ILMN_006,cg077,13.462653,13.620854,0.9883854,0.32296395
ILMN_006,cg078,-6.4874163,14.72812,-0.44047824,0.6595908
ILMN_006,cg079,-0.58815545,13.405404,-0.043874502,0.96500444
ILMN_006,cg080,-1.6385243,12.567774,-0.13037506,0.8962697
ILMN_006,cg081,12.936451,14.32695,0.9029452,0.36655498
ILMN_006,cg082,-2.7173164,13.318519,-0.20402542,0.8383336
ILMN_006,cg083,-17.114485,13.603188,-1.2581232,0.2083472
ILMN_006,cg084,9.92415,14.621322,0.6787451,0.49729943
ILMN_006,cg085,9.739712,14.527434,0.6704358,0.50258005
ILMN_006,cg086,-8.520171,13.971626,-0.6098196,0.54198134
ILMN_006,cg087,1.6370134,13.321519,0.12288489,0.90219826
ILMN_006,cg088,1.2679021,13.12623,0.096593015,0.9230496
ILMN_006,cg089,6.764446,14.4663,0.46760026,0.6400705
ILMN_006,cg090,-14.829033,15.884666,-0.93354386,0.35053927
ILMN_006,cg091,2.2351592,13.134599,0.17017339,0.86487377
ILMN_006,cg092,7.7233696,13.138128,0.5878592,0.5566268
ILMN_006,cg093,6.02682,13.899661,0.43359476,0.6645827
ILMN_006,cg094,-16.496904,14.84829,-1.1110306,0.2665552
ILMN_006,cg095,10.717702,14.380998,0.74526834,0.45610952
ILMN_006,cg096,-15.2667055,12.831361,-1.1897963,0.23412645
ILMN_006,cg097,4.0202546,14.273218,0.2816642,0.778201
ILMN_006,cg098,2.426961,13.148319,0.18458337,0.8535558
ILMN_006,cg099,29.123867,12.585868,2.3140135,0.020667017
ILMN_006,cg100,-20.951382,14.98396,-1.3982539,0.16203684
ILMN_007,cg001,6.0802565,14.103717,0.43111023,0.6663883
ILMN_007,cg002,-29.888632,15.687625,-1.9052362,0.056749403
ILMN_007,cg003,-7.612386,15.551694,-0.4894892,0.6244954
ILMN_007,cg004,-23.06442,16.582176,-1.3909163,0.16425079
ILMN_007,cg005,-0.5522761,15.691253,-0.03519643,0.9719231
ILMN_007,cg006,-15.597308,15.160582,-1.0288067,0.3035705
ILMN_007,cg007,-16.83268,14.132105,-1.191095,0.23361629
ILMN_007,cg008,-20.8982,15.094265,-1.3845125,0.16620159
ILMN_007,cg009,11.790562,15.065824,0.7826032,0.43386018
ILMN_007,cg010,-37.765877,14.986396,-2.5200107,0.011735141
ILMN_007,cg011,-15.427613,14.650013,-1.0530784,0.29230505
ILMN_007,cg012,12.302026,16.207445,0.75903547,0.44783133
ILMN_007,cg013,-14.965554,14.953933,-1.0007771,0.3169346
ILMN_007,cg014,10.195805,13.781981,0.73979235,0.459426
ILMN_007,cg015,-17.26972,15.148219,-1.1400496,0.25426567
ILMN_007,cg016,19.467548,15.042868,1.2941381,0.19561774
ILMN_007,cg017,-1.0110197,14.588155,-0.06930415,0.9447475
ILMN_007,cg018,12.158475,16.644493,0.7304803,0.46509665
ILMN_007,cg019,-37.60243,12.513943,-3.0048425,0.002657175
ILMN_007,cg020,3.0983174,16.156572,0.19176823,0.84792376
ILMN_007,cg021,4.408953,15.817384,0.278741,0.7804436
ILMN_007,cg022,-36.648285,14.37765,-2.548976,0.0108039975
ILMN_007,cg023,-10.07593,14.275636,-0.70581305,0.48030442
ILMN_007,cg024,14.450288,14.331685,1.0082755,0.3133222
ILMN_007,cg025,2.255353,14.064474,0.16035815,0.87259895
ILMN_007,cg026,-8.670302,15.30192,-0.56661534,0.57097554
ILMN_007,cg027,1.8739916,14.195911,0.13200925,0.894977
ILMN_007,cg028,7.898056,16.83474,0.46915224,0.63896084
ILMN_007,cg029,28.834068,17.256432,1.6709172,0.09473801
ILMN_007,cg030,8.313996,14.600679,0.5694253,0.5690676
ILMN_007,cg031,2.532908,15.656617,0.16177875,0.8714801
ILMN_007,cg032,17.448742,14.522012,1.2015375,0.22954279
ILMN_007,cg033,18.696838,14.3730755,1.3008238,0.19331878
ILMN_007,cg034,13.101131,16.71837,0.78363687,0.43325323
ILMN_007,cg035,13.466618,13.625363,0.98834926,0.32298166
ILMN_007,cg036,-2.4120078,14.989814,-0.16090979,0.8721645
ILMN_007,cg037,-14.035166,14.523368,-0.96638507,0.33385152
ILMN_007,cg038,20.896036,15.528416,1.3456644,0.17841077
ILMN_007,cg039,5.7874,15.779615,0.3667643,0.7137948
ILMN_007,cg040,9.793255,16.061888,0.60972005,0.54204726
ILMN_007,cg041,7.9916015,15.834394,0.5046989,0.61377037
ILMN_007,cg042,1.9059839,14.201939,0.1342059,0.89323974
ILMN_007,cg043,-11.055321,15.717278,-0.7033865,0.48181492
ILMN_007,cg044,-5.046503,15.1326,-0.33348554,0.7387678
ILMN_007,cg045,-2.137405,15.175765,-0.1408433,0.88799375
ILMN_007,cg046,-21.705418,12.776377,-1.6988711,0.08934349
ILMN_007,cg047,18.03611,15.605123,1.1557814,0.24777061
ILMN_007,cg048,12.115684,14.303063,0.84706914,0.39695656
ILMN_007,cg049,12.988562,15.033806,0.863957,0.38761157
ILMN_007,cg050,-10.075097,14.146173,-0.71221364,0.4763325
ILMN_007,cg051,12.817947,15.290765,0.8382803,0.4018733
ILMN_007,cg052,12.623191,14.412792,0.87583244,0.38112116
ILMN_007,cg053,-17.974966,15.413719,-1.1661667,0.24354708
ILMN_007,cg054,-7.878225,15.752218,-0.5001343,0.61698055
ILMN_007,cg055,-2.9294543,13.859305,-0.21137093,0.83259785
ILMN_007,cg056,0.31557968,16.320457,0.019336449,0.9845727
ILMN_007,cg057,26.371908,17.614923,1.4971344,0.13435829
ILMN_007,cg058,-31.401133,13.288876,-2.362964,0.018129408
ILMN_007,cg059,-0.17370468,14.214465,-0.012220276,0.9902499
ILMN_007,cg060,13.114793,14.392731,0.91120946,0.362185
ILMN_007,cg061,-1.3611597,14.201635,-0.095845275,0.92364347
ILMN_007,cg062,-0.11715088,15.571264,-0.0075235306,0.99399716
ILMN_007,cg063,27.51258,14.46705,1.9017409,0.05720502
ILMN_007,cg064,7.3553405,14.913866,0.49318805,0.6218797
ILMN_007,cg065,5.353936,15.618595,0.34279242,0.73175466
ILMN_007,cg066,-6.925904,15.632559,-0.4430435,0.6577343
ILMN_007,cg067,-3.4706514,14.410506,-0.24084175,0.8096778
ILMN_007,cg068,-4.921391,14.14525,-0.34791827,0.7279016
ILMN_007,cg069,-10.252536,15.091597,-0.67935395,0.4969136
ILMN_007,cg070,7.8373375,14.687693,0.53359896,0.593619
ILMN_007,cg071,-9.105022,14.174743,-0.64234126,0.52065164
ILMN_007,cg072,-8.3233385,15.59334,-0.5337752,0.59349704
ILMN_007,cg073,1.6843809,14.006268,0.120259084,0.9042779
ILMN_007,cg074,-1.7483835,17.338669,-0.10083724,0.91967964
ILMN_007,cg075,-1.3094645,15.278915,-0.08570402,0.9317017
ILMN_007,cg076,-7.248136,17.909578,-0.40470725,0.6856927
ILMN_007,cg077,-2.3043694,15.0752735,-0.15285756,0.8785106
ILMN_007,cg078,-3.2760255,16.161259,-0.20270856,0.83936286
ILMN_007,cg079,23.787199,14.260831,1.6680093,0.09531391
ILMN_007,cg080,-12.377615,13.64893,-0.9068561,0.36448288
ILMN_007,cg081,10.148691,15.762622,0.6438454,0.51967573
ILMN_007,cg082,0.42692786,14.596747,0.02924815,0.9766667
ILMN_007,cg083,4.0479174,15.144605,0.26728445,0.78925014
ILMN_007,cg084,10.448836,16.02361,0.6520901,0.5143431
ILMN_007,cg085,-7.416193,15.954777,-0.46482587,0.64205617
ILMN_007,cg086,-9.477811,15.303831,-0.61930966,0.53571236
ILMN_007,cg087,-12.779436,14.473835,-0.8829337,0.37727213
ILMN_007,cg088,-1.1504228,14.380094,-0.08000106,0.9362364
ILMN_007,cg089,-3.5090196,15.876857,-0.22101475,0.82508093
ILMN_007,cg090,4.6151276,17.552353,0.26293498,0.7926007
ILMN_007,cg091,3.8347678,14.38222,0.26663253,0.7897521
ILMN_007,cg092,13.451799,14.309836,0.9400387,0.3471977
ILMN_007,cg093,13.653948,15.124609,0.90276366,0.36665136
ILMN_007,cg094,4.385436,16.470247,0.26626414,0.7900358
ILMN_007,cg095,-10.444997,15.774044,-0.66216356,0.5078664
ILMN_007,cg096,8.776716,14.212468,0.61753637,0.536881
ILMN_007,cg097,-24.675154,15.220858,-1.6211408,0.10498744
ILMN_007,cg098,-6.3295727,14.378912,-0.4401983,0.6597935
ILMN_007,cg099,14.6071005,14.407992,1.0138193,0.31066895
ILMN_007,cg100,15.511225,16.60319,0.93423164,0.35018444
ILMN_008,cg001,-1.6561564,14.460105,-0.114532806,0.90881544
ILMN_008,cg002,-21.347723,16.375574,-1.303632,0.19235909
ILMN_008,cg003,-2.8074284,15.950851,-0.17600492,0.86029005
ILMN_008,cg004,2.9101126,17.317225,0.1680473,0.8665461
ILMN_008,cg005,0.97712463,16.057213,0.06085269,0.9514765
ILMN_008,cg006,2.7482865,15.686826,0.17519711,0.8609248
ILMN_008,cg007,-17.430178,14.456763,-1.2056763,0.22794235
ILMN_008,cg008,16.689661,15.572043,1.0717708,0.283823
ILMN_008,cg009,10.902602,15.436436,0.7062901,0.48000777
ILMN_008,cg010,-26.247604,15.896434,-1.6511631,0.09870529
ILMN_008,cg011,-1.415391,15.170297,-0.09330015,0.92566514
ILMN_008,cg012,-15.948039,16.522957,-0.9652049,0.3344422
ILMN_008,cg013,27.846075,14.914,1.8671098,0.06188625
ILMN_008,cg014,-9.233499,14.121975,-0.65383905,0.51321554
ILMN_008,cg015,-24.536955,15.297431,-1.6039919,0.10871583
ILMN_008,cg016,-19.436588,15.407607,-1.261493,0.20713133
ILMN_008,cg017,-1.4757262,14.927983,-0.09885637,0.9212523
ILMN_008,cg018,3.1244707,17.125456,0.18244599,0.8552327
ILMN_008,cg019,-16.667057,13.789435,-1.208683,0.22678465
ILMN_008,cg020,-20.799438,16.253656,-1.2796775,0.20065862
ILMN_008,cg021,11.302246,16.11445,0.70137334,0.48307008
ILMN_008,cg022,-24.34661,15.302758,-1.5909948,0.11161077
ILMN_008,cg023,-10.777055,14.601663,-0.73807037,0.4604717
ILMN_008,cg024,1.9997705,14.824578,0.13489561,0.8926944
ILMN_008,cg025,-7.2464886,14.357203,-0.50472844,0.61374956
ILMN_008,cg026,7.393426,15.675914,0.47164243,0.63718206
ILMN_008,cg027,17.754177,14.292394,1.2422116,0.21415848
ILMN_008,cg028,-9.137644,17.216366,-0.5307534,0.5955897
ILMN_008,cg029,-6.695965,18.160578,-0.3687088,0.7123448
ILMN_008,cg030,23.603817,14.584701,1.6183957,0.10557735
ILMN_008,cg031,1.0377402,16.026024,0.06475344,0.94837034
ILMN_008,cg032,-11.518155,14.996655,-0.7680483,0.4424585
ILMN_008,cg033,5.3128834,14.95628,0.3552276,0.7224191
ILMN_008,cg034,4.829853,17.207836,0.28067753,0.7789577
ILMN_008,cg035,10.397568,14.007145,0.74230456,0.45790285
ILMN_008,cg036,5.035598,15.326171,0.32856202,0.7424868
ILMN_008,cg037,-0.6258323,15.012318,-0.04168792,0.96674746
ILMN_008,cg038,-30.32237,15.571669,-1.9472781,0.051501393
ILMN_008,cg039,-16.788445,15.981099,-1.0505188,0.29347968
ILMN_008,cg040,19.380276,16.25396,1.1923418,0.2331273
ILMN_008,cg041,-5.125275,16.231348,-0.31576398,0.75218165
ILMN_008,cg042,-11.077559,14.44435,-0.76691294,0.4431333
ILMN_008,cg043,-13.583452,16.04604,-0.8465299,0.3972572
ILMN_008,cg044,-0.13043398,15.504643,-0.008412575,0.9932878
ILMN_008,cg045,11.029296,15.448112,0.71395755,0.47525346
ILMN_008,cg046,7.1873217,13.436914,0.53489375,0.59272337
ILMN_008,cg047,0.3482031,16.199638,0.021494498,0.9828512
ILMN_008,cg048,2.99833,14.744131,0.20335753,0.8388556
ILMN_008,cg049,-16.097918,15.326469,-1.0503343,0.29356444
ILMN_008,cg050,0.98462456,14.55536,0.06764687,0.94606674
ILMN_008,cg051,19.998095,15.488716,1.2911396,0.19665527
ILMN_008,cg052,-31.74542,14.116034,-2.2488909,0.024519444
ILMN_008,cg053,5.322025,15.98585,0.33292097,0.7391939
ILMN_008,cg054,-12.66907,16.055506,-0.7890795,0.43006557
ILMN_008,cg055,2.8871746,14.18342,0.20355983,0.8386975
ILMN_008,cg056,5.931712,16.678696,0.35564604,0.7221057
ILMN_008,cg057,1.0381826,18.45955,0.056240946,0.9551499
ILMN_008,cg058,-5.7068424,14.3762865,-0.3969622,0.69139534
ILMN_008,cg059,-13.1859455,14.415892,-0.91468126,0.36035895
ILMN_008,cg060,4.707932,14.844915,0.31714106,0.7511366
ILMN_008,cg061,-19.813492,14.238089,-1.3915837,0.1640485
ILMN_008,cg062,-5.5991745,15.913464,-0.3518514,0.7249497
ILMN_008,cg063,-6.6659307,15.344396,-0.4344212,0.6639826
ILMN_008,cg064,12.116534,15.1977625,0.7972578,0.4253013
ILMN_008,cg065,-4.7103624,15.988614,-0.2946073,0.76829386
ILMN_008,cg066,-1.2160012,16.030672,-0.07585466,0.9395347
ILMN_008,cg067,-3.5392911,14.747056,-0.23999985,0.8103304
ILMN_008,cg068,-2.4399276,14.490111,-0.1683857,0.86627984
ILMN_008,cg069,-21.10269,15.206211,-1.3877678,0.1652078
ILMN_008,cg070,-0.8351092,15.076594,-0.055391103,0.9558269
ILMN_008,cg071,-4.7203183,14.554003,-0.32433128,0.74568725
ILMN_008,cg072,-6.2608213,15.980147,-0.39178747,0.6952152
ILMN_008,cg073,19.273708,14.051083,1.3716885,0.17016041
ILMN_008,cg074,-11.681332,17.661709,-0.66139305,0.50836027
ILMN_008,cg075,-7.4989057,15.597789,-0.48076722,0.630682
ILMN_008,cg076,-2.58285,18.356415,-0.14070559,0.88810253
ILMN_008,cg077,-1.1554799,15.430259,-0.07488403,0.94030696
ILMN_008,cg078,-6.406248,16.51903,-0.3878102,0.6981565
ILMN_008,cg079,-16.853243,14.8218355,-1.137055,0.25551528
ILMN_008,cg080,-3.0240076,14.084881,-0.21469884,0.8300021
ILMN_008,cg081,-4.0347543,16.192276,-0.24917771,0.8032233
ILMN_008,cg082,40.848194,13.669753,2.9882174,0.002806127
ILMN_008,cg083,-20.72113,15.2063875,-1.3626596,0.17298985
ILMN_008,cg084,-7.637563,16.434843,-0.46471775,0.6421336
ILMN_008,cg085,2.9759784,16.35974,0.18190867,0.8556544
ILMN_008,cg086,6.1080127,15.700523,0.38903242,0.69725215
ILMN_008,cg087,1.7583472,14.934532,0.11773701,0.90627605
ILMN_008,cg088,17.806051,14.480829,1.2296293,0.21883595
ILMN_008,cg089,-6.3295145,16.229397,-0.39000306,0.6965343
ILMN_008,cg090,-16.52792,17.809746,-0.92802674,0.35339367
ILMN_008,cg091,-2.304582,14.725495,-0.15650286,0.8756367
ILMN_008,cg092,2.0470266,14.780879,0.13849154,0.8898519
ILMN_008,cg093,4.9814315,15.596993,0.3193841,0.7494353
ILMN_008,cg094,-1.6517398,16.866055,-0.09793279,0.9219856
ILMN_008,cg095,-0.8242311,16.218664,-0.05081991,0.959469
ILMN_008,cg096,8.609756,14.549219,0.5917676,0.5540062
ILMN_008,cg097,-20.368341,15.7309475,-1.2947943,0.19539124
ILMN_008,cg098,-23.184843,14.343909,-1.6163546,0.10601765
ILMN_008,cg099,-0.52743524,14.908031,-0.03537927,0.9717773
ILMN_008,cg100,7.9065375,17.11164,0.46205607,0.6440411
ILMN_009,cg001,30.927773,13.991619,2.21045,0.02707398
ILMN_009,cg002,14.149451,16.839218,0.8402677,0.40075827
ILMN_009,cg003,1.6501465,16.234411,0.101644985,0.9190385
ILMN_009,cg004,-21.398542,17.341862,-1.2339242,0.21723121
ILMN_009,cg005,27.38564,15.832896,1.7296671,0.08368981
ILMN_009,cg006,-1.4402505,15.9660225,-0.09020722,0.9281225
ILMN_009,cg007,-1.7256656,14.938921,-0.11551474,0.9080371
ILMN_009,cg008,-14.353219,15.901732,-0.90261984,0.3667277
ILMN_009,cg009,-4.4170895,15.7788315,-0.27993768,0.7795253
ILMN_009,cg010,-16.928814,16.459661,-1.0285032,0.3037132
ILMN_009,cg011,-17.804195,15.213152,-1.170316,0.2418738
ILMN_009,cg012,19.531836,16.736357,1.1670303,0.24319816
ILMN_009,cg013,-5.4192076,15.719973,-0.3447339,0.73029447
ILMN_009,cg014,5.954357,14.409697,0.41321877,0.67944634
ILMN_009,cg015,15.596498,15.829097,0.9853056,0.32447398
ILMN_009,cg016,14.149737,15.809818,0.8949968,0.37078875
ILMN_009,cg017,-11.584769,15.095234,-0.7674455,0.44281667
ILMN_009,cg018,-17.428934,17.24184,-1.0108511,0.3120877
ILMN_009,cg019,-9.68346,14.1808,-0.6828571,0.49469715
ILMN_009,cg020,-12.477529,16.72985,-0.7458243,0.4557736
ILMN_009,cg021,-18.41081,16.259645,-1.1323009,0.25750798
ILMN_009,cg022,3.311334,15.986537,0.20713265,0.83590627
ILMN_009,cg023,-4.5313034,14.93068,-0.30348942,0.7615169
ILMN_009,cg024,20.49106,14.7821245,1.3862053,0.16568422
ILMN_009,cg025,-7.673341,14.605798,-0.5253627,0.59933114
ILMN_009,cg026,8.72085,15.937744,0.5471822,0.58425355
ILMN_009,cg027,-10.320476,14.706611,-0.7017576,0.48283035
ILMN_009,cg028,10.63765,17.501911,0.6077993,0.5433206
ILMN_009,cg029,0.97343403,18.506,0.052600995,0.95804983
ILMN_009,cg030,-7.195292,15.220374,-0.4727408,0.6363981
ILMN_009,cg031,19.335318,16.05689,1.2041757,0.2285217
ILMN_009,cg032,-11.614348,15.261587,-0.7610184,0.4466461
ILMN_009,cg033,-2.0084724,15.236726,-0.13181785,0.89512837
ILMN_009,cg034,2.0441973,17.522205,0.11666325,0.9071269
ILMN_009,cg035,1.6995318,14.335872,0.11855099,0.90563107
ILMN_009,cg036,2.680077,15.608412,0.17170723,0.8636677
ILMN_009,cg037,19.299788,15.008676,1.2859088,0.19847488
ILMN_009,cg038,6.0126343,16.461214,0.3652607,0.7149168
ILMN_009,cg039,1.9166007,16.45303,0.116489224,0.9072648
ILMN_009,cg040,17.658808,16.589762,1.0644401,0.28712934
ILMN_009,cg041,-2.3352528,16.530495,-0.14126939,0.88765717
ILMN_009,cg042,6.5090365,14.760328,0.44098184,0.6592262
ILMN_009,cg043,3.823678,16.444653,0.23251802,0.8161357
ILMN_009,cg044,-12.547123,15.667905,-0.8008169,0.42323768
ILMN_009,cg045,12.657875,15.695491,0.8064657,0.4199744
ILMN_009,cg046,13.26659,13.574968,0.9772833,0.32842892
ILMN_009,cg047,-1.4463828,16.482626,-0.08775196,0.9300738
ILMN_009,cg048,-0.8938158,15.009036,-0.059551846,0.95251256
ILMN_009,cg049,1.7971445,15.779108,0.113893926,0.9093219
ILMN_009,cg050,0.2928166,14.8114605,0.019769598,0.9842272
ILMN_009,cg051,-13.419403,15.92109,-0.84286964,0.39930135
ILMN_009,cg052,6.589465,15.101563,0.43634325,0.6625877
ILMN_009,cg053,-0.19500174,16.285942,-0.011973623,0.9904467
ILMN_009,cg054,3.1018164,16.441097,0.18866237,0.8503575
ILMN_009,cg055,-0.91695195,14.438188,-0.0635088,0.9493613
ILMN_009,cg056,-35.58297,16.164618,-2.2012875,0.027715683
ILMN_009,cg057,20.094826,18.549004,1.0833372,0.2786588
ILMN_009,cg058,5.7442584,14.629112,0.3926594,0.6945711
ILMN_009,cg059,3.828565,14.7909,0.25884596,0.7957541
ILMN_009,cg060,2.8833337,15.1159525,0.19074774,0.84872323
ILMN_009,cg061,12.890143,14.66714,0.87884504,0.3794853
ILMN_009,cg062,-37.242996,15.256374,-2.4411433,0.014640868
ILMN_009,cg063,19.757685,15.372073,1.2852974,0.19868839
ILMN_009,cg064,-19.215244,15.311026,-1.2549939,0.209481
ILMN_009,cg065,-11.0256195,16.203192,-0.68045974,0.49621344
ILMN_009,cg066,3.8325748,16.30322,0.23508084,0.814146
ILMN_009,cg067,-23.198988,14.620452,-1.5867491,0.11256945
ILMN_009,cg068,13.754663,14.608844,0.9415299,0.34643334
ILMN_009,cg069,-4.7848744,15.7778845,-0.30326465,0.76168823
ILMN_009,cg070,-9.832838,15.2730255,-0.6438042,0.51970243
ILMN_009,cg071,-17.013828,14.612572,-1.1643281,0.24429107
ILMN_009,cg072,8.809412,16.235813,0.5425914,0.58741117
ILMN_009,cg073,1.8157177,14.584681,0.12449486,0.9009235
ILMN_009,cg074,-0.17188574,18.05688,-0.009519127,0.99240494
ILMN_009,cg075,3.2011576,15.904334,0.2012758,0.84048295
ILMN_009,cg076,-37.77461,17.833069,-2.1182337,0.03415531
ILMN_009,cg077,-12.768159,15.588736,-0.8190631,0.41275036
ILMN_009,cg078,13.379806,16.7204,0.80020845,0.42359006
ILMN_009,cg079,1.7234654,15.290311,0.11271618,0.91025555
ILMN_009,cg080,-24.752241,13.867031,-1.7849705,0.074266136
ILMN_009,cg081,3.3883321,16.479975,0.20560299,0.83710104
ILMN_009,cg082,2.731079,15.194524,0.17974101,0.8573559
ILMN_009,cg083,16.129568,15.602241,1.0337982,0.3012305
ILMN_009,cg084,12.659462,16.658216,0.759953,0.44728267
ILMN_009,cg085,-17.808758,16.444504,-1.0829611,0.2788257
ILMN_009,cg086,-22.760988,15.646458,-1.4547055,0.14575082
ILMN_009,cg087,-37.749054,14.1431465,-2.6690705,0.0076061487
ILMN_009,cg088,-1.3893313,14.973755,-0.092784435,0.9260748
ILMN_009,cg089,-3.5739577,16.533087,-0.21617001,0.8288552
ILMN_009,cg090,14.3961315,18.16757,0.7924082,0.4281227
ILMN_009,cg091,-28.88494,14.370081,-2.0100749,0.044423282
ILMN_009,cg092,-0.32528374,15.0433235,-0.021623129,0.98274857
ILMN_009,cg093,-15.325494,15.726787,-0.9744835,0.32981658
ILMN_009,cg094,-16.357319,16.993532,-0.9625614,0.33576763
ILMN_009,cg095,-6.6945686,16.4742,-0.40636685,0.68447304
ILMN_009,cg096,-13.427512,14.72832,-0.9116798,0.36193728
ILMN_009,cg097,8.85334,16.243721,0.54503155,0.58573186
ILMN_009,cg098,19.739973,14.719397,1.3410858,0.1798926
ILMN_009,cg099,3.5536788,15.160805,0.23439908,0.8146752
ILMN_009,cg100,-2.1189759,17.449492,-0.12143482,0.90334666
ILMN_010,cg001,13.723286,13.423769,1.0223124,0.3066331
ILMN_010,cg002,-6.292415,15.625344,-0.4027057,0.6871648
ILMN_010,cg003,-13.885238,14.837277,-0.9358346,0.34935832
ILMN_010,cg004,-12.396258,16.157347,-0.76722115,0.44295
ILMN_010,cg005,-26.080812,14.574498,-1.7894827,0.07353711
ILMN_010,cg006,0.57002926,14.729649,0.038699448,0.96913004
ILMN_010,cg007,-15.4706135,13.593029,-1.1381285,0.2550668
ILMN_010,cg008,9.320777,14.734664,0.6325748,0.52701133
ILMN_010,cg009,23.822206,14.138539,1.6849128,0.09200537
ILMN_010,cg010,-10.8001175,15.27478,-0.7070555,0.479532
ILMN_010,cg011,-17.346935,14.0099125,-1.2381902,0.21564555
ILMN_010,cg012,-3.835046,15.655899,-0.24495853,0.8064885
ILMN_010,cg013,17.084618,14.3001585,1.1947153,0.2321983
ILMN_010,cg014,-13.763642,13.162005,-1.0457101,0.2956949
ILMN_010,cg015,-25.210688,14.27969,-1.7654927,0.07748097
ILMN_010,cg016,-6.769584,14.677022,-0.4612369,0.64462864
ILMN_010,cg017,-12.087824,13.900358,-0.8696052,0.38451624
ILMN_010,cg018,10.817994,16.001911,0.67604387,0.49901283
ILMN_010,cg019,-12.2688675,13.022824,-0.942105,0.3461389
ILMN_010,cg020,8.616939,15.474177,0.55685925,0.5776236
ILMN_010,cg021,0.78824157,15.206602,0.051835485,0.95865977
ILMN_010,cg022,-4.3812118,14.740236,-0.29722807,0.7662924
ILMN_010,cg023,-8.857015,13.725284,-0.64530647,0.5187286
ILMN_010,cg024,-8.951934,13.855624,-0.64608663,0.5182233
ILMN_010,cg025,-21.713577,13.129455,-1.6538064,0.09816682
ILMN_010,cg026,8.195698,14.700687,0.5575044,0.5771829
ILMN_010,cg027,-2.928688,13.632373,-0.21483333,0.8298973
ILMN_010,cg028,-7.087346,16.176418,-0.43812826,0.6612933
ILMN_010,cg029,13.702368,16.952255,0.80829173,0.41892266
ILMN_010,cg030,2.8171878,14.068663,0.2002456,0.8412885
ILMN_010,cg031,21.491096,14.706571,1.4613261,0.14392596
ILMN_010,cg032,13.129443,14.034215,0.935531,0.34951472
ILMN_010,cg033,5.7769094,14.03264,0.4116766,0.68057644
ILMN_010,cg034,-5.244416,16.148045,-0.324771,0.7453544
ILMN_010,cg035,12.364022,13.100571,0.9437774,0.34528345
ILMN_010,cg036,-12.720415,14.280673,-0.8907434,0.37306684
ILMN_010,cg037,1.0829653,14.091186,0.07685409,0.9387396
ILMN_010,cg038,9.889427,15.137336,0.6533136,0.5135541
ILMN_010,cg039,-29.797712,14.530407,-2.0507143,0.040294766
ILMN_010,cg040,30.284637,14.83383,2.0415926,0.041191995
ILMN_010,cg041,-24.692461,14.811735,-1.6670877,0.09549701
ILMN_010,cg042,5.860193,13.617704,0.43033633,0.66695106
ILMN_010,cg043,-17.190498,14.96592,-1.1486429,0.25070328
ILMN_010,cg044,3.9954305,14.542047,0.27475023,0.7835081
ILMN_010,cg045,-4.4413877,14.566309,-0.30490825,0.76043606
ILMN_010,cg046,-16.887503,12.4047575,-1.3613731,0.17339581
ILMN_010,cg047,-1.5604692,15.20468,-0.10263084,0.918256
ILMN_010,cg048,15.289486,13.661557,1.1191612,0.26307136
ILMN_010,cg049,0.4454405,14.558062,0.030597515,0.9755905
ILMN_010,cg050,7.938533,13.6133375,0.5831438,0.5597966
ILMN_010,cg051,11.353767,14.705137,0.7720953,0.440058
ILMN_010,cg052,-14.163083,13.8028555,-1.026098,0.3048454
ILMN_010,cg053,7.198587,14.986194,0.48034793,0.63098
ILMN_010,cg054,-4.7572184,15.156484,-0.3138735,0.7536171
ILMN_010,cg055,-2.631385,13.314096,-0.19763903,0.8433275
ILMN_010,cg056,3.7586799,15.667739,0.23989932,0.8104083
ILMN_010,cg057,13.590905,17.212029,0.7896167,0.4297517
ILMN_010,cg058,-0.384388,13.517769,-0.028435757,0.9773146
ILMN_010,cg059,9.9355955,13.575664,0.73186815,0.46424907
ILMN_010,cg060,-0.8266048,13.94938,-0.05925746,0.95274705
ILMN_010,cg061,-22.56737,13.231529,-1.7055753,0.08808714
ILMN_010,cg062,7.622943,14.915518,0.51107466,0.60929877
ILMN_010,cg063,-5.4300957,14.410834,-0.37680647,0.7063174
ILMN_010,cg064,0.10035184,14.364116,0.0069862874,0.9944258
ILMN_010,cg065,14.453178,14.870497,0.97193646,0.33108217
ILMN_010,cg066,-9.152609,14.988051,-0.6106604,0.54142445
ILMN_010,cg067,-7.7316246,13.804504,-0.5600798,0.575425
ILMN_010,cg068,7.5352926,13.560392,0.555684,0.57842696
ILMN_010,cg069,-16.561745,14.363479,-1.1530455,0.24889171
ILMN_010,cg070,13.996311,14.00137,0.9996387,0.3174854
ILMN_010,cg071,-22.50046,13.268782,-1.6957442,0.08993435
ILMN_010,cg072,-17.878757,14.79227,-1.2086555,0.22679526
ILMN_010,cg073,5.015894,13.436232,0.37331107,0.7089169
ILMN_010,cg074,-17.46583,16.457146,-1.0612916,0.2885574
ILMN_010,cg075,0.600582,14.67787,0.04091752,0.9673616
ILMN_010,cg076,-16.149801,17.0693,-0.94613147,0.34408158
ILMN_010,cg077,-7.3111296,14.444856,-0.5061407,0.6127579
ILMN_010,cg078,8.663206,15.478867,0.5596796,0.575698
ILMN_010,cg079,0.8353264,14.106653,0.059215065,0.95278084
ILMN_010,cg080,-13.317366,13.081331,-1.0180436,0.30865723
ILMN_010,cg081,12.132377,15.104129,0.803249,0.42183083
ILMN_010,cg082,16.431389,13.810922,1.1897388,0.2341491
ILMN_010,cg083,4.3320594,14.54522,0.2978339,0.7658299
ILMN_010,cg084,-13.782515,15.329188,-0.8991027,0.36859798
ILMN_010,cg085,9.234811,15.301689,0.6035158,0.5461656
ILMN_010,cg086,-11.523101,14.663962,-0.7858109,0.4319783
ILMN_010,cg087,-20.9106,13.677745,-1.5288047,0.12631291
ILMN_010,cg088,16.250532,13.605144,1.1944404,0.23230577
ILMN_010,cg089,-9.417124,15.196142,-0.6197049,0.5354521
ILMN_010,cg090,2.1623585,16.87049,0.12817402,0.89801127
ILMN_010,cg091,0.3121341,13.826192,0.022575565,0.98198885
ILMN_010,cg092,-12.539704,13.753756,-0.91172945,0.36191112
ILMN_010,cg093,20.307112,14.347795,1.4153472,0.15696675
ILMN_010,cg094,32.937885,15.07038,2.185604,0.028844595
ILMN_010,cg095,-12.770783,15.107741,-0.8453139,0.39793563
ILMN_010,cg096,9.222638,13.641401,0.676077,0.49899173
ILMN_010,cg097,-5.9069505,15.007816,-0.3935916,0.6938826
ILMN_010,cg098,1.1543173,13.840434,0.083401814,0.93353206
ILMN_010,cg099,7.9892087,13.944459,0.5729307,0.56669164
ILMN_010,cg100,18.040539,15.878407,1.1361681,0.2558862
ILMN_011,cg001,-6.9902143,14.525116,-0.48125017,0.63033867
ILMN_011,cg002,-7.4873867,16.753683,-0.4469099,0.6549401
ILMN_011,cg003,-15.736809,15.897536,-0.9898898,0.322228
ILMN_011,cg004,13.576348,17.326437,0.7835626,0.4332968
ILMN_011,cg005,-2.907386,16.16262,-0.17988333,0.8572442
ILMN_011,cg006,19.62882,15.532666,1.2637123,0.20633334
ILMN_011,cg007,-6.76842,14.750684,-0.45885468,0.6463385
ILMN_011,cg008,32.726746,15.122535,2.1641045,0.030456364
ILMN_011,cg009,-12.845039,15.511464,-0.8280997,0.40761405
ILMN_011,cg010,-16.017572,16.303091,-0.98248684,0.32586008
ILMN_011,cg011,-12.219394,15.169465,-0.80552566,0.42051643
ILMN_011,cg012,-19.55979,16.554903,-1.1815103,0.23740005
ILMN_011,cg013,7.675228,15.534034,0.49409112,0.6212418
ILMN_011,cg014,-9.490379,14.216327,-0.66756904,0.5044087
ILMN_011,cg015,11.707784,15.733105,0.7441496,0.45678598
ILMN_011,cg016,13.359458,15.65622,0.85330033,0.39349282
ILMN_011,cg017,-20.92571,14.712217,-1.4223356,0.15492886
ILMN_011,cg018,28.083939,16.745111,1.6771425,0.09351462
ILMN_011,cg019,7.568487,14.058812,0.53834474,0.59033906
ILMN_011,cg020,-18.566608,16.427675,-1.130203,0.25839072
ILMN_011,cg021,23.083109,15.952801,1.4469628,0.14790732
ILMN_011,cg022,12.396499,15.7203665,0.78856295,0.43036753
ILMN_011,cg023,-20.95276,14.46262,-1.4487528,0.14740664
ILMN_011,cg024,-32.49228,14.139968,-2.2979033,0.021567285
ILMN_011,cg025,-5.1384487,14.476111,-0.35496056,0.7226192
ILMN_011,cg026,7.717523,15.780878,0.4890427,0.6248115
ILMN_011,cg027,7.9272366,14.583312,0.54358274,0.58672863
ILMN_011,cg028,-9.237786,17.334345,-0.5329181,0.5940903
ILMN_011,cg029,10.950246,18.24117,0.6003039,0.5483037
ILMN_011,cg030,12.259172,14.9887085,0.81789386,0.41341782
ILMN_011,cg031,12.613854,16.029455,0.7869172,0.43133032
ILMN_011,cg032,-4.248042,15.183396,-0.2797821,0.7796447
ILMN_011,cg033,-2.236466,15.076182,-0.14834431,0.8820711
ILMN_011,cg034,-3.1404712,17.334835,-0.18116534,0.85623777
ILMN_011,cg035,-5.569543,14.163916,-0.39322057,0.6941566
ILMN_011,cg036,9.181751,15.390252,0.5965952,0.5507777
ILMN_011,cg037,-12.699828,14.999429,-0.84668744,0.39716935
ILMN_011,cg038,-1.185698,16.311255,-0.07269202,0.9420512
ILMN_011,cg039,-30.143078,15.664617,-1.924278,0.05431974
ILMN_011,cg040,3.2020698,16.610018,0.19277944,0.8471317
ILMN_011,cg041,-13.98791,16.230177,-0.86184585,0.38877237
ILMN_011,cg042,1.0684917,14.635532,0.07300668,0.9418008
ILMN_011,cg043,11.989633,16.185509,0.7407634,0.4588369
ILMN_011,cg044,8.041937,15.566199,0.51662815,0.60541576
ILMN_011,cg045,-0.03229249,15.640305,-0.002064697,0.9983526
ILMN_011,cg046,-19.280533,13.270269,-1.452912,0.14624822
ILMN_011,cg047,-20.012875,16.04202,-1.2475283,0.21220386
ILMN_011,cg048,-6.4418054,14.82181,-0.43461666,0.6638407
ILMN_011,cg049,-4.531821,15.601534,-0.29047278,0.7714546
ILMN_011,cg050,4.9622364,14.637925,0.33899862,0.7346108
ILMN_011,cg051,-2.1008399,15.872293,-0.13235894,0.8947004
ILMN_011,cg052,9.31354,14.910991,0.6246091,0.53222764
ILMN_011,cg053,5.8495855,16.092083,0.36350703,0.71622616
ILMN_011,cg054,-10.999495,16.193968,-0.6792341,0.49698955
ILMN_011,cg055,13.990657,14.137705,0.9895989,0.32237023
ILMN_011,cg056,30.614973,16.199333,1.8898909,0.058772564
ILMN_011,cg057,-1.3351774,18.58611,-0.07183738,0.9427313
ILMN_011,cg058,4.0963717,14.487353,0.28275502,0.7773646
ILMN_011,cg059,22.314657,14.272123,1.5635135,0.11793184
ILMN_011,cg060,13.19204,14.836392,0.88916767,0.373913
ILMN_011,cg061,1.8975158,14.6319895,0.12968269,0.89681745
ILMN_011,cg062,9.111928,15.988114,0.5699189,0.56873274
ILMN_011,cg063,-29.88743,14.841194,-2.0138156,0.04402888
ILMN_011,cg064,-13.012772,15.287726,-0.85119075,0.3946634
ILMN_011,cg065,0.19915456,16.113735,0.012359304,0.99013895
ILMN_011,cg066,6.6727815,16.111927,0.41415167,0.67876303
ILMN_011,cg067,8.823678,14.80071,0.5961659,0.55106443
ILMN_011,cg068,-4.2612066,14.580737,-0.29224905,0.7700962
ILMN_011,cg069,28.1974,15.064875,1.8717314,0.061243773
ILMN_011,cg070,4.4038544,15.1669035,0.2903595,0.77154124
ILMN_011,cg071,32.363934,13.87313,2.3328502,0.019656003
ILMN_011,cg072,11.224009,16.031693,0.7001138,0.48385626
ILMN_011,cg073,-3.839504,14.42306,-0.2662059,0.79008067
ILMN_011,cg074,-2.7510955,17.862934,-0.1540114,0.8776007
ILMN_011,cg075,-7.959652,15.700677,-0.50696236,0.61218125
ILMN_011,cg076,5.0102367,18.471882,0.27123585,0.78620964
ILMN_011,cg077,8.187224,15.49037,0.5285364,0.5971271
ILMN_011,cg078,-1.6478006,16.658043,-0.09891922,0.9212024
ILMN_011,cg079,-26.945913,14.601186,-1.8454607,0.06497055
ILMN_011,cg080,19.360378,13.898752,1.392958,0.16363251
ILMN_011,cg081,-27.395763,15.806699,-1.7331742,0.083064735
ILMN_011,cg082,-29.556755,14.395281,-2.0532253,0.040050745
ILMN_011,cg083,-4.2473264,15.604379,-0.2721881,0.7854774
ILMN_011,cg084,-4.4849486,16.573492,-0.27060977,0.7866912
ILMN_011,cg085,1.0319767,16.477478,0.06262953,0.9500615
ILMN_011,cg086,14.168713,15.696083,0.902691,0.36668992
ILMN_011,cg087,36.96264,14.017354,2.6369197,0.008366287
ILMN_011,cg088,7.2266364,14.779757,0.48895505,0.6248735
ILMN_011,cg089,-12.341672,16.266552,-0.7587147,0.44802326
ILMN_011,cg090,-23.846195,17.754547,-1.3431035,0.17923844
ILMN_011,cg091,-0.050628386,14.830719,-0.0034137513,0.99727625
ILMN_011,cg092,6.084666,14.858584,0.40950507,0.6821691
ILMN_011,cg093,-8.450189,15.672225,-0.5391824,0.589761
ILMN_011,cg094,-8.912329,16.932915,-0.52633166,0.5986578
ILMN_011,cg095,-22.974428,15.975494,-1.4381044,0.15040445
ILMN_011,cg096,13.536737,14.568863,0.9291554,0.35280854
ILMN_011,cg097,-14.870701,15.975432,-0.9308481,0.3519321
ILMN_011,cg098,-2.731042,14.841578,-0.18401292,0.8540033
ILMN_011,cg099,-13.468785,14.878831,-0.9052314,0.36534286
ILMN_011,cg100,17.401525,17.077612,1.0189672,0.30821854
ILMN_012,cg001,-6.052801,14.310167,-0.42297208,0.6723156
ILMN_012,cg002,28.520224,15.98838,1.7838094,0.074454665
ILMN_012,cg003,-10.9942875,15.735919,-0.6986746,0.4847554
ILMN_012,cg004,-1.5982543,17.17216,-0.093072414,0.92584604
ILMN_012,cg005,-6.6821966,15.889442,-0.42054316,0.6740887
ILMN_012,cg006,-27.78702,15.008142,-1.851463,0.06410295
ILMN_012,cg007,-26.404072,14.027094,-1.8823622,0.059786856
ILMN_012,cg008,-3.5345733,15.621193,-0.22626783,0.8209931
ILMN_012,cg009,5.0089707,15.368894,0.32591617,0.74448776
ILMN_012,cg010,-22.992374,15.862012,-1.4495245,0.14719117
ILMN_012,cg011,11.316357,14.948611,0.75701725,0.44903952
ILMN_012,cg012,-4.8754153,16.530485,-0.2949348,0.7680437
ILMN_012,cg013,10.580897,15.256407,0.69353795,0.48797202
ILMN_012,cg014,12.507832,13.944183,0.89699274,0.36972278
ILMN_012,cg015,-14.776958,15.431362,-0.9575926,0.33826822
ILMN_012,cg016,-9.596349,15.472709,-0.6202113,0.5351187
ILMN_012,cg017,0.279038,14.801297,0.018852267,0.98495895
ILMN_012,cg018,-6.7646317,16.955217,-0.3989705,0.68991494
ILMN_012,cg019,19.077162,13.59855,1.4028821,0.16065204
ILMN_012,cg020,13.870843,16.270357,0.8525223,0.3939243
ILMN_012,cg021,-14.304442,15.92218,-0.8983972,0.36897385
ILMN_012,cg022,4.4981117,15.569053,0.28891364,0.7726475
ILMN_012,cg023,10.429321,14.4803095,0.7202416,0.47137624
ILMN_012,cg024,2.9352207,14.693803,0.1997591,0.84166896
ILMN_012,cg025,9.348539,14.206555,0.65804404,0.51050985
ILMN_012,cg026,-21.585993,15.250257,-1.4154512,0.15693629
ILMN_012,cg027,1.7316344,14.403092,0.12022657,0.90430367
ILMN_012,cg028,-15.222445,16.972942,-0.89686537,0.36979073
ILMN_012,cg029,28.844385,17.52248,1.646136,0.09973574
ILMN_012,cg030,-29.748,14.203605,-2.0943978,0.036224544
ILMN_012,cg031,12.089103,15.788826,0.7656746,0.44386995
ILMN_012,cg032,-11.2420225,14.870801,-0.7559796,0.44966143
ILMN_012,cg033,14.602403,14.6912365,0.9939533,0.32024562
ILMN_012,cg034,3.7200775,17.065847,0.21798375,0.82744175
ILMN_012,cg035,-18.495638,13.701021,-1.3499459,0.17703336
ILMN_012,cg036,19.65241,14.93386,1.3159633,0.18818635
ILMN_012,cg037,-6.292603,14.854729,-0.4236094,0.6718507
ILMN_012,cg038,0.25693798,16.06159,0.015997045,0.98723674
ILMN_012,cg039,-32.718895,15.289796,-2.1399171,0.032361448
ILMN_012,cg040,-24.777462,15.948426,-1.5535992,0.12028003
ILMN_012,cg041,1.6186941,16.107618,0.100492455,0.91995335
ILMN_012,cg042,1.2144998,14.410451,0.0842791,0.9328345
ILMN_012,cg043,-12.725286,15.921501,-0.7992516,0.42414457
ILMN_012,cg044,18.443445,15.129055,1.2190745,0.22281593
ILMN_012,cg045,-3.765164,15.390059,-0.24464908,0.8067282
ILMN_012,cg046,24.037735,12.884314,1.865659,0.062089086
ILMN_012,cg047,8.346668,16.01338,0.5212309,0.602206
ILMN_012,cg048,-5.132862,14.604485,-0.35145795,0.7252448
ILMN_012,cg049,-10.474038,15.298225,-0.68465704,0.49356037
ILMN_012,cg050,-5.3275023,14.409684,-0.3697168,0.7115935
ILMN_012,cg051,-9.2665615,15.571645,-0.595092,0.551782
ILMN_012,cg052,16.107676,14.551552,1.1069387,0.26832044
ILMN_012,cg053,7.20178,15.83208,0.45488527,0.6491918
ILMN_012,cg054,9.037088,15.969499,0.5658968,0.57146394
ILMN_012,cg055,6.467325,14.035593,0.46078032,0.64495623
ILMN_012,cg056,-1.8610001,16.555904,-0.11240703,0.9105007
ILMN_012,cg057,-32.26138,17.672703,-1.8254921,0.067926824
ILMN_012,cg058,13.222108,14.143495,0.9348544,0.34986335
ILMN_012,cg059,-4.046589,14.409127,-0.28083512,0.77883685
ILMN_012,cg060,-6.1420116,14.705653,-0.4176633,0.6761933
ILMN_012,cg061,-29.658066,13.730358,-2.1600358,0.030769885
ILMN_012,cg062,-7.2367544,15.761944,-0.4591283,0.646142
ILMN_012,cg063,-1.4130092,15.242371,-0.09270272,0.9261397
ILMN_012,cg064,11.309621,15.079067,0.7500213,0.45324188
ILMN_012,cg065,-18.975231,15.61764,-1.2149872,0.22437096
ILMN_012,cg066,2.934264,15.888107,0.18468304,0.85347766
ILMN_012,cg067,21.63632,14.277511,1.5154127,0.12966794
ILMN_012,cg068,-2.5082939,14.365339,-0.17460735,0.8613882
ILMN_012,cg069,-21.834116,15.047461,-1.4510167,0.14677519
ILMN_012,cg070,11.512255,14.85093,0.77518743,0.4382289
ILMN_012,cg071,-18.43128,14.187582,-1.2991135,0.193905
ILMN_012,cg072,2.6683483,15.864444,0.16819678,0.8664285
ILMN_012,cg073,7.7781267,14.16611,0.5490658,0.58296025
ILMN_012,cg074,-3.479616,17.585611,-0.19786721,0.84314895
ILMN_012,cg075,6.275365,15.475003,0.40551624,0.68509805
ILMN_012,cg076,-25.55608,17.80842,-1.435056,0.15127116
ILMN_012,cg077,-10.341637,15.222502,-0.6793651,0.49690658
ILMN_012,cg078,-14.882963,16.256483,-0.9155094,0.35992426
ILMN_012,cg079,-6.736651,14.866478,-0.45314372,0.6504453
ILMN_012,cg080,-18.495512,13.702185,-1.3498222,0.17707306
ILMN_012,cg081,-9.890308,15.997725,-0.6182322,0.53642225
ILMN_012,cg082,8.969499,14.750272,0.6080904,0.54312754
ILMN_012,cg083,6.9258265,15.343119,0.45139626,0.65170395
ILMN_012,cg084,14.570327,16.189997,0.8999586,0.36814225
ILMN_012,cg085,1.8123075,16.222876,0.11171308,0.9110509
ILMN_012,cg086,-22.17575,15.244584,-1.4546642,0.1457622
ILMN_012,cg087,1.1833603,14.807479,0.079916395,0.93630373
ILMN_012,cg088,-8.422081,14.537568,-0.5793322,0.56236506
ILMN_012,cg089,-1.5077939,16.115067,-0.093564235,0.92545533
ILMN_012,cg090,-5.654382,17.801811,-0.3176296,0.7507659
ILMN_012,cg091,-8.090251,14.554119,-0.55587363,0.57829726
ILMN_012,cg092,-12.061703,14.548707,-0.8290567,0.40707237
ILMN_012,cg093,-17.760393,15.257092,-1.1640745,0.24439383
ILMN_012,cg094,-8.92283,16.671124,-0.53522664,0.5924932
ILMN_012,cg095,17.416254,15.8734665,1.0971929,0.27255708
ILMN_012,cg096,-12.696531,14.357547,-0.8843106,0.37652856
ILMN_012,cg097,9.430678,15.816505,0.5962555,0.5510046
ILMN_012,cg098,-3.296276,14.610906,-0.22560382,0.8215096
ILMN_012,cg099,4.5895185,14.764707,0.31084388,0.75591934
ILMN_012,cg100,-6.3218265,16.978447,-0.37234423,0.70963657
ILMN_013,cg001,4.941137,15.006379,0.32926908,0.7419523
ILMN_013,cg002,0.45884454,17.323065,0.026487492,0.9788685
ILMN_013,cg003,10.504189,16.503643,0.63647693,0.5244656
ILMN_013,cg004,21.46434,17.715092,1.2116416,0.2256496
ILMN_013,cg005,4.8424034,16.666456,0.29054788,0.7713971
ILMN_013,cg006,33.780437,15.522224,2.1762626,0.029535651
ILMN_013,cg007,6.3518972,15.225116,0.41719863,0.6765331
ILMN_013,cg008,-10.560461,16.303604,-0.6477378,0.5171546
ILMN_013,cg009,3.712849,16.113594,0.23041718,0.8177676
ILMN_013,cg010,25.96182,16.559721,1.5677692,0.116935015
ILMN_013,cg011,9.426605,15.699782,0.60042906,0.54822034
ILMN_013,cg012,16.407454,17.168253,0.9556857,0.33923107
ILMN_013,cg013,-8.568195,16.02007,-0.53484136,0.59275955
ILMN_013,cg014,-2.9592073,14.732198,-0.20086665,0.84080285
ILMN_013,cg015,-19.757149,16.068218,-1.2295793,0.21885467
ILMN_013,cg016,1.6879946,16.278835,0.10369259,0.9174133
ILMN_013,cg017,1.2025971,15.5086,0.077543885,0.9381909
ILMN_013,cg018,10.076874,17.735125,0.56818736,0.5699078
ILMN_013,cg019,20.946184,14.219363,1.4730747,0.14073092
ILMN_013,cg020,-12.427929,17.085083,-0.727414,0.4669724
ILMN_013,cg021,-6.0208254,16.806376,-0.3582465,0.7201589
ILMN_013,cg022,11.303165,16.243568,0.69585484,0.48651975
ILMN_013,cg023,-18.360033,15.016471,-1.2226597,0.22145826
ILMN_013,cg024,-7.6545615,15.362188,-0.49827287,0.61829174
ILMN_013,cg025,0.39925796,14.956137,0.02669526,0.9787028
ILMN_013,cg026,-0.54310095,16.324087,-0.033269912,0.97345936
ILMN_013,cg027,22.505976,14.725407,1.5283772,0.12641895
ILMN_013,cg028,-14.748947,17.80765,-0.8282366,0.40753657
ILMN_013,cg029,5.27664,18.877985,0.27951288,0.77985126
ILMN_013,cg030,-7.919604,15.532899,-0.50986,0.6101496
ILMN_013,cg031,-8.589501,16.60119,-0.5174027,0.6048751
ILMN_013,cg032,21.561907,15.353189,1.4043927,0.16020197
ILMN_013,cg033,12.402236,15.450826,0.8026908,0.42215347
ILMN_013,cg034,23.348179,17.557392,1.3298204,0.18357748
ILMN_013,cg035,6.55544,14.606298,0.44880912,0.65356934
ILMN_013,cg036,13.202302,15.820993,0.83448,0.4040106
ILMN_013,cg037,-20.210276,15.308551,-1.3201952,0.18676984
ILMN_013,cg038,13.075125,16.719421,0.78203213,0.4341957
ILMN_013,cg039,2.2303262,16.796747,0.13278322,0.89436483
ILMN_013,cg040,0.29129446,17.144352,0.016990695,0.98644406
ILMN_013,cg041,15.996976,16.714642,0.9570637,0.33853513
ILMN_013,cg042,-10.508907,15.021468,-0.69959253,0.48418182
ILMN_013,cg043,6.9702487,16.767336,0.415704,0.6776266
ILMN_013,cg044,1.1904203,16.106087,0.073911205,0.94108105
ILMN_013,cg045,-23.610037,15.757026,-1.4983816,0.1340341
ILMN_013,cg046,-18.348867,13.738469,-1.3355831,0.18168557
ILMN_013,cg047,15.033497,16.6825,0.9011537,0.36750662
ILMN_013,cg048,2.8056011,15.31827,0.18315391,0.85467726
ILMN_013,cg049,6.3838778,16.084211,0.39690337,0.69143873
ILMN_013,cg050,5.7737784,15.097635,0.38242933,0.70214295
ILMN_013,cg051,3.7491708,16.37012,0.22902526,0.81884927
ILMN_013,cg052,16.257124,15.262526,1.065166,0.2868008
ILMN_013,cg053,-2.7704873,16.621912,-0.16667682,0.86762434
ILMN_013,cg054,-0.57997876,16.791582,-0.034539852,0.9724467
ILMN_013,cg055,-16.534546,14.538124,-1.1373233,0.25540316
ILMN_013,cg056,12.544994,17.251627,0.72717744,0.46711725
ILMN_013,cg057,16.528292,19.021935,0.868907,0.38489807
ILMN_013,cg058,6.0672855,14.933624,0.40628353,0.6845343
ILMN_013,cg059,1.5448266,15.109839,0.10223978,0.91856635
ILMN_013,cg060,-14.013193,15.299642,-0.91591644,0.35971075
ILMN_013,cg061,9.510929,15.034141,0.63262206,0.5269805
ILMN_013,cg062,-19.932175,16.29101,-1.2235076,0.22113806
ILMN_013,cg063,11.045419,15.889986,0.6951182,0.4869812
ILMN_013,cg064,1.7737796,15.89478,0.1115951,0.91114444
ILMN_013,cg065,-2.4812906,16.621443,-0.1492825,0.8813307
ILMN_013,cg066,-2.08067,16.651714,-0.12495231,0.90056133
ILMN_013,cg067,15.7938595,15.151694,1.0423824,0.29723448
ILMN_013,cg068,-14.83285,14.898056,-0.99562323,0.31943327
ILMN_013,cg069,6.2021394,16.09835,0.38526553,0.7000407
ILMN_013,cg070,12.129507,15.560438,0.77950937,0.43567973
ILMN_013,cg071,3.5367684,15.1277485,0.23379345,0.8151453
ILMN_013,cg072,2.4461458,16.624771,0.14713861,0.8830226
ILMN_013,cg073,-23.748535,14.475042,-1.640654,0.1008693
ILMN_013,cg074,39.07026,17.51178,2.2310843,0.025675535
ILMN_013,cg075,20.189209,15.969387,1.2642444,0.2061423
ILMN_013,cg076,2.6217103,19.069788,0.13747978,0.8906516
ILMN_013,cg077,11.302718,15.943877,0.7089065,0.47838253
ILMN_013,cg078,-0.2625315,17.188816,-0.015273389,0.98781407
ILMN_013,cg079,-4.3778744,15.599235,-0.28064674,0.7789813
ILMN_013,cg080,19.51658,14.353841,1.3596765,0.17393231
ILMN_013,cg081,-17.349945,16.63721,-1.0428398,0.29702252
ILMN_013,cg082,0.17547117,15.518061,0.011307545,0.99097806
ILMN_013,cg083,-31.579323,15.425468,-2.0472198,0.04063654
ILMN_013,cg084,17.441376,16.919085,1.03087,0.3026018
ILMN_013,cg085,-4.5270224,16.988352,-0.26647803,0.7898711
ILMN_013,cg086,10.46987,16.264236,0.6437357,0.51974684
ILMN_013,cg087,15.72465,15.342923,1.0248797,0.30541998
ILMN_013,cg088,-4.238184,15.275899,-0.2774425,0.7814404
ILMN_013,cg089,13.987923,16.761387,0.83453256,0.40398097
ILMN_013,cg090,17.99883,18.48456,0.97372246,0.33019435
ILMN_013,cg091,10.926519,15.216638,0.718064,0.47271782
ILMN_013,cg092,26.004328,14.872064,1.7485353,0.08037138
ILMN_013,cg093,-6.3089685,16.194231,-0.38958123,0.69684625
ILMN_013,cg094,-11.054514,17.447195,-0.6335983,0.526343
ILMN_013,cg095,24.270664,16.464872,1.4740876,0.14045805
ILMN_013,cg096,-4.1705174,15.159444,-0.2751102,0.7832316
ILMN_013,cg097,14.49478,16.499426,0.8785021,0.37967134
ILMN_013,cg098,-14.022232,15.178359,-0.92383057,0.35557455
ILMN_013,cg099,3.100306,15.480703,0.20026907,0.84127015
ILMN_013,cg100,6.562774,17.791376,0.3688739,0.71222174
ILMN_014,cg001,14.7130375,13.704435,1.0735967,0.28300345
ILMN_014,cg002,-4.590088,15.984061,-0.28716657,0.7739848
ILMN_014,cg003,14.192522,15.164774,0.93588746,0.34933114
ILMN_014,cg004,19.626862,16.36544,1.199287,0.23041636
ILMN_014,cg005,25.265713,14.948812,1.6901486,0.09099954
ILMN_014,cg006,17.749872,14.825817,1.1972272,0.23121798
ILMN_014,cg007,13.524337,13.945489,0.9698001,0.33214617
ILMN_014,cg008,11.274752,15.033643,0.74996805,0.45327395
ILMN_014,cg009,-19.597822,14.606807,-1.341691,0.1796962
ILMN_014,cg010,-5.2102,15.677749,-0.33233088,0.7396394
ILMN_014,cg011,-4.1677227,14.542849,-0.2865823,0.7744322
ILMN_014,cg012,-31.677841,15.315566,-2.068343,0.038607776
ILMN_014,cg013,3.5420306,14.831651,0.23881567,0.81124854
ILMN_014,cg014,-31.271566,12.806793,-2.441795,0.014614463
ILMN_014,cg015,-22.722939,14.704422,-1.5453132,0.122270525
ILMN_014,cg016,-22.55607,14.663228,-1.5382745,0.123981535
ILMN_014,cg017,12.378016,14.206749,0.8712772,0.3836028
ILMN_014,cg018,-5.5453997,16.41583,-0.33780804,0.73550785
ILMN_014,cg019,-10.228604,13.3531885,-0.7660046,0.44367355
ILMN_014,cg020,1.5973932,15.867219,0.100672536,0.9198104
ILMN_014,cg021,0.9647322,15.54207,0.06207231,0.95050526
ILMN_014,cg022,-12.376871,14.969246,-0.82681996,0.40833914
ILMN_014,cg023,-12.121699,13.977805,-0.8672105,0.38582665
ILMN_014,cg024,-2.2398903,14.221745,-0.15749758,0.8748527
ILMN_014,cg025,14.363334,13.6491375,1.0523254,0.29265028
ILMN_014,cg026,0.049885705,15.07586,0.003308979,0.9973598
ILMN_014,cg027,-0.04468639,13.940278,-0.0032055592,0.99744236
ILMN_014,cg028,12.798933,16.460133,0.7775717,0.43682158
ILMN_014,cg029,-16.355133,17.281633,-0.9463881,0.3439507
ILMN_014,cg030,-22.326694,14.003762,-1.5943354,0.110860944
ILMN_014,cg031,-18.617691,15.129127,-1.2305859,0.21847779
ILMN_014,cg032,5.8414884,14.454178,0.40413842,0.686111
ILMN_014,cg033,-14.436454,14.210257,-1.0159179,0.30966848
ILMN_014,cg034,3.5807881,16.514967,0.21682079,0.82834804
ILMN_014,cg035,-7.087771,13.478311,-0.52586496,0.59898204
ILMN_014,cg036,9.854153,14.649366,0.6726675,0.50115883
ILMN_014,cg037,-10.042132,14.32685,-0.70093095,0.4833461
ILMN_014,cg038,4.7993507,15.526969,0.30909774,0.7572472
ILMN_014,cg039,-2.270476,15.511554,-0.14637323,0.88362676
ILMN_014,cg040,-1.2370796,15.8322115,-0.07813688,0.93771917
ILMN_014,cg041,-10.533542,15.51174,-0.679069,0.49709415
ILMN_014,cg042,4.107902,13.933127,0.29482988,0.76812387
ILMN_014,cg043,4.1443267,15.502051,0.26734054,0.789207
ILMN_014,cg044,-26.35435,14.358748,-1.8354211,0.066443324
ILMN_014,cg045,-2.6503186,14.897755,-0.17790054,0.85880107
ILMN_014,cg046,-8.989452,12.863359,-0.69884175,0.48465097
ILMN_014,cg047,15.969367,15.362695,1.03949,0.2985769
ILMN_014,cg048,10.152728,14.072549,0.7214562,0.47062892
ILMN_014,cg049,-15.501524,14.702976,-1.054312,0.29174012
ILMN_014,cg050,21.80268,13.590149,1.6043003,0.10864788
ILMN_014,cg051,12.302991,15.017651,0.8192354,0.41265213
ILMN_014,cg052,-12.554359,14.147491,-0.8873912,0.37486833
ILMN_014,cg053,-5.843531,15.331172,-0.38115358,0.7030893
ILMN_014,cg054,11.276142,15.418243,0.73135066,0.46456498
ILMN_014,cg055,9.813794,13.536649,0.7249796,0.46846455
ILMN_014,cg056,8.702239,15.972144,0.5448385,0.58586466
ILMN_014,cg057,13.456556,17.599298,0.76460755,0.44450527
ILMN_014,cg058,-20.485624,13.4820795,-1.5194707,0.12864411
ILMN_014,cg059,-12.392543,13.83575,-0.89569,0.37041837
ILMN_014,cg060,-12.587298,14.136536,-0.890409,0.3732463
ILMN_014,cg061,-46.38114,12.15269,-3.8165329,0.00013536215
ILMN_014,cg062,12.56285,15.175353,0.82784563,0.40775794
ILMN_014,cg063,-2.289577,14.747786,-0.15524887,0.8766251
ILMN_014,cg064,-0.9407965,14.680536,-0.06408461,0.94890285
ILMN_014,cg065,20.525003,15.052824,1.3635317,0.17271501
ILMN_014,cg066,1.6183196,15.379008,0.105229124,0.916194
ILMN_014,cg067,12.900778,14.028883,0.91958696,0.35778868
ILMN_014,cg068,33.560482,12.996016,2.582367,0.009812534
ILMN_014,cg069,-0.7970224,14.890711,-0.053524807,0.9573138
ILMN_014,cg070,-4.3291507,14.450944,-0.29957563,0.76450086
ILMN_014,cg071,10.677079,13.890207,0.76867676,0.4420852
ILMN_014,cg072,32.634907,14.583688,2.2377677,0.02523619
ILMN_014,cg073,-0.7515765,13.7531595,-0.05464755,0.9564192
ILMN_014,cg074,3.207106,17.018532,0.18844788,0.85052556
ILMN_014,cg075,-11.538419,14.905363,-0.77411187,0.43886465
ILMN_014,cg076,38.896152,16.655313,2.33536,0.019524634
ILMN_014,cg077,-6.923884,14.769522,-0.46879542,0.6392159
ILMN_014,cg078,-10.349996,15.800798,-0.6550299,0.51244855
ILMN_014,cg079,-5.157331,14.398523,-0.35818473,0.72020507
ILMN_014,cg080,14.13233,13.358329,1.0579414,0.29008216
ILMN_014,cg081,7.322933,15.507879,0.47220725,0.6367789
ILMN_014,cg082,19.700914,14.0338545,1.4038135,0.1603744
ILMN_014,cg083,5.5846567,14.857814,0.3758734,0.707011
ILMN_014,cg084,20.405594,15.515617,1.3151648,0.18845451
ILMN_014,cg085,-29.346004,15.0933,-1.9443067,0.051858485
ILMN_014,cg086,12.347108,14.977681,0.8243671,0.40973103
ILMN_014,cg087,10.751463,14.242468,0.75488764,0.45031637
ILMN_014,cg088,-0.98736477,14.118702,-0.06993311,0.9442469
ILMN_014,cg089,5.7572455,15.573158,0.3696903,0.7116133
ILMN_014,cg090,-32.379738,16.57199,-1.9538836,0.05071497
ILMN_014,cg091,-3.7199254,14.120817,-0.26343557,0.7922149
ILMN_014,cg092,-11.28351,14.08589,-0.8010506,0.42310238
ILMN_014,cg093,5.250139,14.960393,0.3509359,0.7256364
ILMN_014,cg094,-32.651653,15.450387,-2.1133227,0.034573138
ILMN_014,cg095,11.213196,15.472616,0.7247123,0.4686286
ILMN_014,cg096,7.185357,13.971508,0.51428646,0.60705173
ILMN_014,cg097,1.9853569,15.362112,0.12923723,0.89716995
ILMN_014,cg098,-5.7893586,14.121237,-0.40997532,0.6818241
ILMN_014,cg099,-15.756166,14.113103,-1.1164211,0.26424193
ILMN_014,cg100,24.533716,16.052523,1.5283402,0.12642813
ILMN_015,cg001,4.1675653,15.023176,0.27740908,0.781466
ILMN_015,cg002,7.188249,17.304243,0.41540384,0.6778463
ILMN_015,cg003,6.332759,16.562748,0.38234952,0.70220214
ILMN_015,cg004,3.2252722,18.003273,0.17914921,0.8578205
ILMN_015,cg005,-30.154041,16.091827,-1.873873,0.060947955
ILMN_015,cg006,-7.0177274,16.281563,-0.43102297,0.6664517
ILMN_015,cg007,10.788968,15.182649,0.7106117,0.4773249
ILMN_015,cg008,-2.7788935,16.385405,-0.16959566,0.86532813
ILMN_015,cg009,-20.29636,15.855499,-1.2800833,0.20051587
ILMN_015,cg010,6.215349,16.984894,0.36593395,0.71441436
ILMN_015,cg011,-9.158746,15.715531,-0.5827831,0.5600393
ILMN_015,cg012,-6.3477244,17.326077,-0.36636826,0.7140903
ILMN_015,cg013,10.287841,16.010609,0.642564,0.5205071
ILMN_015,cg014,-11.00308,14.660632,-0.7505188,0.4529423
ILMN_015,cg015,6.317778,16.316269,0.38720727,0.6986028
ILMN_015,cg016,-17.17865,16.095325,-1.0673068,0.28583336
ILMN_015,cg017,2.5864816,15.516991,0.16668706,0.8676163
ILMN_015,cg018,-22.414616,17.501799,-1.2807035,0.20029783
ILMN_015,cg019,7.5951686,14.519077,0.52311647,0.60089326
ILMN_015,cg020,-5.1259494,17.179813,-0.29837048,0.76542044
ILMN_015,cg021,33.408474,16.106503,2.0742228,0.03805864
ILMN_015,cg022,11.79477,16.248741,0.72588825,0.46790725
ILMN_015,cg023,-5.911363,15.245494,-0.38774493,0.69820476
ILMN_015,cg024,-11.064177,15.329011,-0.7217802,0.4704296
ILMN_015,cg025,19.79115,14.680687,1.3481078,0.17762369
ILMN_015,cg026,-32.984333,15.596329,-2.114878,0.03444034
ILMN_015,cg027,7.3891068,15.067066,0.49041444,0.6238407
ILMN_015,cg028,1.9402902,17.951609,0.10808448,0.9139287
ILMN_015,cg029,-43.815277,17.770897,-2.4655635,0.013679802
ILMN_015,cg030,-10.3034725,15.514643,-0.6641128,0.50661814
ILMN_015,cg031,-20.740562,16.379354,-1.2662625,0.20541912
ILMN_015,cg032,11.960189,15.591668,0.7670885,0.44302893
ILMN_015,cg033,-7.5549016,15.530864,-0.48644438,0.6266521
ILMN_015,cg034,1.2383333,17.90468,0.06916255,0.9448602
ILMN_015,cg035,5.630806,14.626084,0.38498384,0.70024943
ILMN_015,cg036,10.345548,15.879599,0.65149933,0.51472425
ILMN_015,cg037,-22.299599,15.257766,-1.4615245,0.1438716
ILMN_015,cg038,4.4106684,16.830729,0.26206046,0.7932748
ILMN_015,cg039,17.687986,16.609535,1.0649296,0.2869078
ILMN_015,cg040,10.810896,17.083536,0.63282543,0.52684766
ILMN_015,cg041,8.868344,16.842686,0.5265398,0.59851325
ILMN_015,cg042,30.834284,14.412898,2.1393535,0.032407045
ILMN_015,cg043,-17.850891,16.604565,-1.0750593,0.28234816
ILMN_015,cg044,-19.32968,15.865623,-1.2183372,0.2230959
ILMN_015,cg045,-1.2411528,16.148489,-0.07685876,0.9387359
ILMN_015,cg046,25.211334,13.511188,1.8659599,0.062047005
ILMN_015,cg047,35.360336,16.014935,2.2079601,0.027247071
ILMN_015,cg048,5.9709764,15.310482,0.3899927,0.6965419
ILMN_015,cg049,-21.920168,15.797032,-1.387613,0.16525495
ILMN_015,cg050,11.767832,15.033584,0.78276956,0.43376243
ILMN_015,cg051,-15.90297,16.223623,-0.98023546,0.32696992
ILMN_015,cg052,-4.159227,15.449451,-0.2692152,0.7877641
ILMN_015,cg053,6.782524,16.609783,0.40834513,0.6830203
ILMN_015,cg054,-1.9844131,16.80231,-0.118103586,0.9059856
ILMN_015,cg055,4.1815424,14.739687,0.28369275,0.7766459
ILMN_015,cg056,33.377174,16.652033,2.0043905,0.04502827
ILMN_015,cg057,-5.0388274,19.177933,-0.2627409,0.7927503
ILMN_015,cg058,5.3143644,14.951512,0.35543993,0.72226006
ILMN_015,cg059,14.737132,14.966399,0.9846812,0.3247807
ILMN_015,cg060,-20.674767,15.146832,-1.3649565,0.17226672
ILMN_015,cg061,-0.9975217,15.110427,-0.06601545,0.9473655
ILMN_015,cg062,8.715484,16.516928,0.5276698,0.59772855
ILMN_015,cg063,0.8971738,15.985098,0.056125637,0.95524174
ILMN_015,cg064,2.1471846,15.906146,0.13499087,0.8926191
ILMN_015,cg065,27.705763,16.129139,1.7177459,0.08584297
ILMN_015,cg066,9.379797,16.610016,0.5647073,0.5722729
ILMN_015,cg067,-25.922579,14.857793,-1.7447126,0.0810349
ILMN_015,cg068,-4.9540744,15.05172,-0.32913676,0.7420523
ILMN_015,cg069,-5.2296615,16.118412,-0.32445264,0.74559534
ILMN_015,cg070,2.151936,15.671844,0.13731225,0.890784
ILMN_015,cg071,-34.60654,14.263316,-2.426262,0.015255272
ILMN_015,cg072,25.199163,16.221563,1.5534362,0.12031901
ILMN_015,cg073,21.68448,14.557149,1.4896104,0.13632673
ILMN_015,cg074,-4.300355,18.438375,-0.23322852,0.81558394
ILMN_015,cg075,-8.463527,16.209124,-0.52214587,0.6015688
ILMN_015,cg076,5.154818,19.073402,0.27026212,0.7869586
ILMN_015,cg077,-37.5775,15.056134,-2.4958265,0.012566388
ILMN_015,cg078,-14.277283,17.07294,-0.8362521,0.4030131
ILMN_015,cg079,21.432493,15.301835,1.4006486,0.1613192
ILMN_015,cg080,-3.5413451,14.641515,-0.24187014,0.8088808
ILMN_015,cg081,1.4275032,16.844505,0.08474593,0.9324634
ILMN_015,cg082,-0.5798796,15.529915,-0.03733952,0.9702143
ILMN_015,cg083,6.632314,16.095722,0.41205448,0.6802995
ILMN_015,cg084,-11.594416,17.04118,-0.68037635,0.4962662
ILMN_015,cg085,-2.8120716,17.009628,-0.16532233,0.86869025
ILMN_015,cg086,1.9844307,16.347422,0.12139105,0.9033813
ILMN_015,cg087,-2.9326165,15.523154,-0.18891886,0.8501564
ILMN_015,cg088,-17.542347,15.080365,-1.1632575,0.24472505
ILMN_015,cg089,18.307673,16.683977,1.0973207,0.27250123
ILMN_015,cg090,18.678919,18.484571,1.010514,0.31224906
ILMN_015,cg091,-21.804258,14.972324,-1.4563042,0.14530855
ILMN_015,cg092,12.596866,15.257664,0.8256091,0.4090259
ILMN_015,cg093,-21.408234,15.923709,-1.3444251,0.17881095
ILMN_015,cg094,-28.939638,17.009773,-1.7013535,0.088876665
ILMN_015,cg095,-10.655709,16.789019,-0.63468325,0.525635
ILMN_015,cg096,5.3917856,15.162883,0.35559106,0.72214687
ILMN_015,cg097,42.960567,15.398284,2.7899582,0.0052714944
ILMN_015,cg098,1.0523729,15.329646,0.06864952,0.94526863
ILMN_015,cg099,21.1579,15.182315,1.3935885,0.1634419
ILMN_015,cg100,-3.5039544,17.824041,-0.19658585,0.8441516
ILMN_016,cg001,11.359232,14.985686,0.75800544,0.44844776
ILMN_016,cg002,25.488865,16.975517,1.5015074,0.13322437
ILMN_016,cg003,-10.566922,16.563652,-0.63795847,0.5235007
ILMN_016,cg004,16.316519,17.90042,0.911516,0.3620236
ILMN_016,cg005,10.965814,16.664486,0.6580349,0.5105157
ILMN_016,cg006,-8.547234,16.312727,-0.52396107,0.6003056
ILMN_016,cg007,-9.761522,15.241866,-0.6404414,0.52188563
ILMN_016,cg008,-15.915094,16.26932,-0.97822744,0.32796186
ILMN_016,cg009,9.026121,16.127026,0.55968916,0.57569146
ILMN_016,cg010,12.045523,16.96582,0.70998764,0.4777118
ILMN_016,cg011,23.266178,15.442381,1.5066445,0.1319018
ILMN_016,cg012,-14.019991,17.27803,-0.81143457,0.41711617
ILMN_016,cg013,4.0779834,16.11735,0.25301823,0.8002541
ILMN_016,cg014,-16.777534,14.584245,-1.1503876,0.24998426
ILMN_016,cg015,7.1320467,16.356077,0.43604872,0.6628014
ILMN_016,cg016,0.45118687,16.340132,0.027612193,0.97797143
ILMN_016,cg017,-19.524714,15.297815,-1.2763073,0.2018469
ILMN_016,cg018,13.5618305,17.750051,0.7640446,0.44484067
ILMN_016,cg019,-2.785036,14.598311,-0.19077796,0.84869957
ILMN_016,cg020,-1.6716684,17.244135,-0.09694128,0.922773
ILMN_016,cg021,-44.230167,15.581687,-2.8385994,0.0045312047
ILMN_016,cg022,-2.9815853,16.382647,-0.18199655,0.85558546
ILMN_016,cg023,-0.9334047,15.313694,-0.060952287,0.9513972
ILMN_016,cg024,17.100307,15.252932,1.1211162,0.26223844
ILMN_016,cg025,-9.140696,14.950316,-0.61140484,0.5409316
ILMN_016,cg026,4.526325,16.370375,0.27649492,0.782168
ILMN_016,cg027,31.77597,14.407216,2.2055595,0.027414858
ILMN_016,cg028,2.0364468,18.003029,0.1131169,0.90993786
ILMN_016,cg029,3.3084903,18.956818,0.17452772,0.86145073
ILMN_016,cg030,-28.600607,15.05422,-1.8998398,0.05745417
ILMN_016,cg031,-13.968164,16.582907,-0.84232306,0.39960712
ILMN_016,cg032,-29.245657,15.13389,-1.9324613,0.053302586
ILMN_016,cg033,14.411704,15.4703,0.9315724,0.35155755
ILMN_016,cg034,-7.8853354,17.91944,-0.44004366,0.6599055
ILMN_016,cg035,-3.197036,14.684203,-0.2177194,0.82764775
ILMN_016,cg036,7.0627065,15.964654,0.44239646,0.65820235
ILMN_016,cg037,3.8879576,15.642395,0.24855258,0.8037069
ILMN_016,cg038,-1.3043057,16.890642,-0.07722061,0.9384481
ILMN_016,cg039,1.2202365,16.860434,0.07237279,0.94230527
ILMN_016,cg040,-27.038416,16.738909,-1.6153034,0.10624498
ILMN_016,cg041,-14.714635,16.80247,-0.87574244,0.3811701
ILMN_016,cg042,-7.1376724,15.119804,-0.4720744,0.6368737
ILMN_016,cg043,17.445093,16.662872,1.0469439,0.29512542
ILMN_016,cg044,-0.91416466,16.165377,-0.05655078,0.95490307
ILMN_016,cg045,-7.058387,16.162508,-0.43671358,0.66231906
ILMN_016,cg046,0.4737049,14.053335,0.03370765,0.97311026
ILMN_016,cg047,-22.3132,16.567152,-1.3468338,0.17803377
ILMN_016,cg048,-11.522411,15.285766,-0.7538001,0.45096928
ILMN_016,cg049,-17.994562,15.9515,-1.1280797,0.25928628
ILMN_016,cg050,-3.7639384,15.166759,-0.24817026,0.8040027
ILMN_016,cg051,17.817514,16.228077,1.0979437,0.27222914
ILMN_016,cg052,6.5710444,15.475796,0.4246014,0.6711273
ILMN_016,cg053,-11.7289095,16.597878,-0.70665115,0.4797833
ILMN_016,cg054,-4.71229,16.83887,-0.27984598,0.7795957
ILMN_016,cg055,-6.4421697,14.764487,-0.4363287,0.66259825
ILMN_016,cg056,13.986497,17.291407,0.80886984,0.41859
ILMN_016,cg057,-36.66007,18.47297,-1.984525,0.047197342
ILMN_016,cg058,-3.1437984,15.007939,-0.20947568,0.83407694
ILMN_016,cg059,-9.237975,15.105525,-0.61156267,0.54082716
ILMN_016,cg060,6.448395,15.465775,0.4169461,0.6767179
ILMN_016,cg061,1.5472623,15.152892,0.102110036,0.91866934
ILMN_016,cg062,-9.374378,16.556904,-0.5661915,0.5712636
ILMN_016,cg063,25.495464,15.58468,1.6359313,0.10185397
ILMN_016,cg064,-17.746979,15.739029,-1.1275778,0.2594983
ILMN_016,cg065,-27.09367,16.201025,-1.6723429,0.09445673
ILMN_016,cg066,-9.686494,16.654308,-0.58162093,0.56082207
ILMN_016,cg067,-2.3388035,15.381786,-0.15205018,0.87914735
ILMN_016,cg068,-16.41282,14.917771,-1.1002194,0.27123654
ILMN_016,cg069,9.608175,16.121136,0.59599864,0.55117613
ILMN_016,cg070,-7.9618063,15.676251,-0.5078897,0.6115307
ILMN_016,cg071,-5.767558,15.168261,-0.3802386,0.7037683
ILMN_016,cg072,-5.3803716,16.670622,-0.3227457,0.7468878
ILMN_016,cg073,-20.83014,14.628052,-1.4239858,0.1544506
ILMN_016,cg074,5.57189,18.484097,0.30144238,0.7630772
ILMN_016,cg075,2.9303927,16.298126,0.17979936,0.85731006
ILMN_016,cg076,-2.8678281,19.138777,-0.14984386,0.8808878
ILMN_016,cg077,-9.654609,16.026253,-0.60242456,0.54689157
ILMN_016,cg078,11.290642,17.171204,0.6575335,0.5108379
ILMN_016,cg079,3.3109972,15.662064,0.21140236,0.8325733
ILMN_016,cg080,-3.8003657,14.682277,-0.25884035,0.7957584
ILMN_016,cg081,1.2636359,16.893248,0.074801244,0.9403728
ILMN_016,cg082,-7.870789,15.531529,-0.506762,0.6123218
ILMN_016,cg083,-10.231447,16.101269,-0.63544357,0.52513915
ILMN_016,cg084,23.121061,16.834272,1.3734518,0.16961193
ILMN_016,cg085,-4.624977,17.049994,-0.27125975,0.7861912
ILMN_016,cg086,-10.724002,16.320654,-0.6570816,0.5111284
ILMN_016,cg087,26.666826,15.069356,1.7696062,0.07679278
ILMN_016,cg088,3.902226,15.333786,0.2544855,0.79912055
ILMN_016,cg089,18.05132,16.739273,1.0783813,0.28086364
ILMN_016,cg090,-27.768038,18.289726,-1.5182315,0.12895608
ILMN_016,cg091,2.7372692,15.352327,0.17829669,0.85849
ILMN_016,cg092,20.104227,15.126811,1.329046,0.18383282
ILMN_016,cg093,7.297136,16.244644,0.44920257,0.65328556
ILMN_016,cg094,10.099087,17.524084,0.5762976,0.564414
ILMN_016,cg095,13.834639,16.787401,0.8241084,0.40987796
ILMN_016,cg096,-5.6140165,15.204871,-0.36922488,0.71196014
ILMN_016,cg097,-12.431391,16.59719,-0.74900573,0.4538538
ILMN_016,cg098,-6.3066506,15.346384,-0.41095352,0.6811066
ILMN_016,cg099,-4.1007767,15.532316,-0.2640158,0.7917678
ILMN_016,cg100,-16.983557,17.706629,-0.9591638,0.33747625
ILMN_017,cg001,-12.78893,14.087837,-0.90779936,0.36398423
ILMN_017,cg002,-7.604036,16.350176,-0.46507365,0.6418787
ILMN_017,cg003,15.805984,15.507702,1.0192344,0.3080917
ILMN_017,cg004,-14.784872,16.884518,-0.8756467,0.38122213
ILMN_017,cg005,16.881376,15.58421,1.0832359,0.27870375
ILMN_017,cg006,4.326717,15.409014,0.28079128,0.77887046
ILMN_017,cg007,13.516811,14.292633,0.94571877,0.34429204
ILMN_017,cg008,17.68195,15.273261,1.1577063,0.24698395
ILMN_017,cg009,-3.6471124,15.243544,-0.2392562,0.81090695
ILMN_017,cg010,17.401001,15.873381,1.0962379,0.27297473
ILMN_017,cg011,-8.407147,14.8592205,-0.5657866,0.57153887
ILMN_017,cg012,8.263871,16.35712,0.5052155,0.6134075
ILMN_017,cg013,-15.714584,15.025202,-1.0458817,0.29561567
ILMN_017,cg014,8.821669,13.882675,0.6354444,0.5251386
ILMN_017,cg015,-11.490658,15.355912,-0.74828887,0.45428592
ILMN_017,cg016,-5.7159915,15.37928,-0.37166834,0.7101398
ILMN_017,cg017,15.3887005,14.496345,1.0615573,0.2884367
ILMN_017,cg018,-10.420115,16.766808,-0.62147284,0.5342886
ILMN_017,cg019,4.748674,13.748013,0.34540802,0.72978765
ILMN_017,cg020,15.444879,16.095707,0.9595651,0.3372742
ILMN_017,cg021,-2.8180556,15.916375,-0.17705385,0.8594661
ILMN_017,cg022,30.159756,14.793996,2.0386484,0.04148513
ILMN_017,cg023,-7.955559,14.387553,-0.5529473,0.5802995
ILMN_017,cg024,-2.8165364,14.566613,-0.19335562,0.84668046
ILMN_017,cg025,-1.654523,14.147226,-0.11695035,0.9068994
ILMN_017,cg026,5.7198596,15.420508,0.3709255,0.710693
ILMN_017,cg027,-17.473173,14.045959,-1.244,0.21349955
ILMN_017,cg028,-15.023577,16.826864,-0.8928328,0.37194675
ILMN_017,cg029,21.21115,17.598917,1.2052531,0.2281056
ILMN_017,cg030,2.7013297,14.730946,0.18337789,0.85450155
ILMN_017,cg031,21.145376,15.439518,1.3695619,0.1708237
ILMN_017,cg032,-2.4407682,14.828604,-0.16459866,0.8692599
ILMN_017,cg033,-2.5907118,14.714277,-0.17606789,0.8602406
ILMN_017,cg034,11.435016,16.84222,0.6789494,0.4971699
ILMN_017,cg035,-7.1243377,13.808581,-0.51593554,0.60589945
ILMN_017,cg036,-14.007839,14.93818,-0.9377206,0.34838802
ILMN_017,cg037,3.5769413,14.74501,0.24258655,0.8083257
ILMN_017,cg038,34.417404,15.091863,2.2805274,0.022576451
ILMN_017,cg039,16.694954,15.701797,1.0632511,0.2876681
ILMN_017,cg040,-4.704564,16.204588,-0.29032296,0.7715692
ILMN_017,cg041,10.523511,15.893952,0.6621079,0.50790215
ILMN_017,cg042,-6.5862703,14.253386,-0.46208462,0.6440207
ILMN_017,cg043,-7.7644587,15.851181,-0.4898347,0.6242509
ILMN_017,cg044,-12.174552,15.131935,-0.8045601,0.42107362
ILMN_017,cg045,10.538145,15.187075,0.6938891,0.48775178
ILMN_017,cg046,8.0391445,13.193719,0.60931605,0.542315
ILMN_017,cg047,5.655,15.899297,0.3556761,0.7220831
ILMN_017,cg048,-19.438072,14.21098,-1.3678206,0.17136824
ILMN_017,cg049,2.8599346,15.236631,0.18770124,0.8511109
ILMN_017,cg050,-2.5478096,14.300838,-0.17815806,0.8585988
ILMN_017,cg051,13.725132,15.363033,0.89338684,0.37165004
ILMN_017,cg052,-13.598996,14.47788,-0.93929476,0.34757942
ILMN_017,cg053,-0.23411882,15.729831,-0.014883747,0.9881249
ILMN_017,cg054,7.3244977,15.849094,0.46213982,0.6439811
ILMN_017,cg055,34.31016,12.995929,2.64007,0.00828892
ILMN_017,cg056,-25.088116,15.992177,-1.5687742,0.11670059
ILMN_017,cg057,19.955437,17.902569,1.1146688,0.26499236
ILMN_017,cg058,-10.816499,14.063108,-0.76913995,0.44181025
ILMN_017,cg059,-26.094175,13.768826,-1.8951635,0.05807072
ILMN_017,cg060,30.680227,13.887419,2.2092102,0.027160048
ILMN_017,cg061,-11.349079,14.186407,-0.79999673,0.42371267
ILMN_017,cg062,-4.7625675,15.645093,-0.30441287,0.76081336
ILMN_017,cg063,-8.681963,15.057116,-0.576602,0.5642084
ILMN_017,cg064,2.3317866,15.035327,0.15508719,0.87675256
ILMN_017,cg065,-9.814989,15.661772,-0.6266845,0.5308661
ILMN_017,cg066,-32.472145,15.010948,-2.1632307,0.03052342
ILMN_017,cg067,27.580935,13.920715,1.9812871,0.047559083
ILMN_017,cg068,24.147068,13.793243,1.7506447,0.080007136
ILMN_017,cg069,0.5730503,15.2541275,0.037566904,0.970033
ILMN_017,cg070,8.233935,14.76801,0.5575521,0.5771503
ILMN_017,cg071,-1.8185683,14.317562,-0.12701662,0.8989272
ILMN_017,cg072,3.2837634,15.724077,0.20883663,0.8345758
ILMN_017,cg073,12.318695,13.971483,0.8817027,0.37793761
ILMN_017,cg074,-12.754862,17.338642,-0.7356321,0.4619546
ILMN_017,cg075,-14.716078,15.214087,-0.9672666,0.33341074
ILMN_017,cg076,5.0778804,18.029099,0.28164914,0.77821255
ILMN_017,cg077,16.939247,14.958774,1.1323955,0.25746822
ILMN_017,cg078,-7.5408278,16.223427,-0.46481103,0.6420668
ILMN_017,cg079,-13.456094,14.636395,-0.91935843,0.35790813
ILMN_017,cg080,8.968257,13.786339,0.65051764,0.5153579
ILMN_017,cg081,-6.1244073,15.898941,-0.38520852,0.70008296
ILMN_017,cg082,-7.4810166,14.639352,-0.511021,0.6093364
ILMN_017,cg083,-5.886521,15.218814,-0.38679236,0.69891
ILMN_017,cg084,1.6578585,16.18825,0.102411225,0.91843027
ILMN_017,cg085,-1.8195051,16.081955,-0.11313955,0.9099199
ILMN_017,cg086,34.622112,14.588565,2.3732364,0.017632961
ILMN_017,cg087,-20.039515,14.379504,-1.3936166,0.16343343
ILMN_017,cg088,4.6388807,14.447636,0.32108235,0.74814796
ILMN_017,cg089,-26.002243,15.509851,-1.6764985,0.093640625
ILMN_017,cg090,1.9505818,17.664238,0.11042547,0.91207194
ILMN_017,cg091,15.824621,14.286855,1.107635,0.2680195
ILMN_017,cg092,5.859542,14.504023,0.40399426,0.68621695
ILMN_017,cg093,1.0039343,15.345056,0.06542396,0.94783646
ILMN_017,cg094,13.943599,16.449774,0.84764683,0.3966347
ILMN_017,cg095,17.7792,15.723186,1.1307632,0.25815475
ILMN_017,cg096,-9.213702,14.288919,-0.6448145,0.5190474
ILMN_017,cg097,15.935059,15.563297,1.023887,0.30588865
ILMN_017,cg098,13.238803,14.359991,0.9219228,0.35656887
ILMN_017,cg099,6.0472527,14.624715,0.41349542,0.6792437
ILMN_017,cg100,-9.270089,16.800861,-0.55176276,0.5811109
ILMN_018,cg001,9.403323,14.279855,0.6585027,0.51021516
ILMN_018,cg002,12.937843,16.432184,0.78734773,0.4310783
ILMN_018,cg003,-13.684314,15.700045,-0.87160987,0.38342124
ILMN_018,cg004,34.427223,16.41781,2.0969436,0.035998583
ILMN_018,cg005,9.587156,15.867149,0.60421413,0.54570127
ILMN_018,cg006,-0.57950944,15.566866,-0.03722711,0.97030395
ILMN_018,cg007,-31.449038,13.808749,-2.2774718,0.022758067
ILMN_018,cg008,-2.4408383,15.635591,-0.15610784,0.875948
ILMN_018,cg009,-20.141787,15.107196,-1.3332578,0.1824472
ILMN_018,cg010,-15.566614,16.067347,-0.9688354,0.3326273
ILMN_018,cg011,21.952276,14.698772,1.4934769,0.13531244
ILMN_018,cg012,-11.866072,16.463833,-0.72073567,0.4710722
ILMN_018,cg013,5.107414,15.327138,0.33322683,0.73896307
ILMN_018,cg014,-7.5128336,14.03081,-0.5354526,0.5923369
ILMN_018,cg015,-21.78326,15.259899,-1.4274839,0.15344048
ILMN_018,cg016,11.677999,15.451415,0.75578827,0.44977617
ILMN_018,cg017,-48.16818,12.996835,-3.706147,0.000210464
ILMN_018,cg018,7.5934787,16.958311,0.44777328,0.65431684
ILMN_018,cg019,-3.6719034,13.884603,-0.26445866,0.79142654
ILMN_018,cg020,0.6698818,16.408424,0.040825482,0.967435
ILMN_018,cg021,0.8814988,16.070852,0.054850783,0.95625734
ILMN_018,cg022,9.432606,15.530843,0.60734665,0.54362094
ILMN_018,cg023,-11.250483,14.476175,-0.7771723,0.43705714
ILMN_018,cg024,-15.980018,14.51951,-1.1005893,0.2710755
ILMN_018,cg025,11.666145,14.178301,0.8228169,0.4106121
ILMN_018,cg026,17.355291,15.377182,1.1286392,0.25905007
ILMN_018,cg027,-14.889519,14.246274,-1.0451518,0.2959528
ILMN_018,cg028,8.4319315,17.086313,0.4934904,0.62166613
ILMN_018,cg029,8.194558,18.002062,0.4552011,0.6489646
ILMN_018,cg030,34.38178,13.984307,2.4585972,0.013948083
ILMN_018,cg031,15.0236435,15.744066,0.95424163,0.33996135
ILMN_018,cg032,29.483353,14.32736,2.0578356,0.039605916
ILMN_018,cg033,-1.1229742,14.856594,-0.07558759,0.9397472
ILMN_018,cg034,-19.316889,16.846355,-1.1466509,0.25152594
ILMN_018,cg035,25.753748,13.452958,1.9143558,0.055574715
ILMN_018,cg036,14.305018,15.075123,0.94891554,0.3426636
ILMN_018,cg037,-13.500694,14.759426,-0.9147167,0.36034042
ILMN_018,cg038,-16.845963,15.878665,-1.0609181,0.2887271
ILMN_018,cg039,9.872532,15.976713,0.6179326,0.5366198
ILMN_018,cg040,-3.6182332,16.363108,-0.2211214,0.8249979
ILMN_018,cg041,1.3285995,16.118347,0.08242777,0.93430656
ILMN_018,cg042,-18.573153,14.158241,-1.3118262,0.18957877
ILMN_018,cg043,11.105894,15.957981,0.69594604,0.4864626
ILMN_018,cg044,28.436686,14.798707,1.9215655,0.05466044
ILMN_018,cg045,1.8691665,15.407308,0.12131688,0.90344006
ILMN_018,cg046,18.288038,13.096606,1.3963952,0.16259551
ILMN_018,cg047,1.2472796,16.069666,0.07761703,0.9381327
ILMN_018,cg048,-6.178055,14.604914,-0.42301208,0.67228645
ILMN_018,cg049,9.289561,15.324575,0.60618716,0.54439044
ILMN_018,cg050,-8.875148,14.380756,-0.6171545,0.53713286
ILMN_018,cg051,-36.770184,14.671691,-2.5061994,0.012203693
ILMN_018,cg052,-0.31047928,14.753304,-0.02104473,0.98320997
ILMN_018,cg053,17.468378,15.6673565,1.1149538,0.26487023
ILMN_018,cg054,-5.8804464,16.011631,-0.36726093,0.7134244
ILMN_018,cg055,7.5039597,14.033263,0.5347266,0.59283894
ILMN_018,cg056,15.556384,16.40908,0.94803506,0.34311163
ILMN_018,cg057,-19.108622,18.095161,-1.0560073,0.2909649
ILMN_018,cg058,25.436817,13.785136,1.8452351,0.065003335
ILMN_018,cg059,-4.169852,14.41746,-0.28922236,0.7724112
ILMN_018,cg060,-0.3951945,14.742678,-0.026806155,0.97861433
ILMN_018,cg061,12.593955,14.298889,0.8807646,0.37844527
ILMN_018,cg062,-13.577892,15.680694,-0.8658987,0.38654572
ILMN_018,cg063,3.5437896,15.244447,0.2324643,0.8161774
ILMN_018,cg064,-8.165691,15.132728,-0.5396047,0.5894697
ILMN_018,cg065,-1.6826885,15.874311,-0.10600072,0.91558176
ILMN_018,cg066,15.359776,15.741944,0.9757229,0.32920182
ILMN_018,cg067,-5.6353245,14.61518,-0.38558024,0.6998076
ILMN_018,cg068,-15.36245,14.19963,-1.0818908,0.27930105
ILMN_018,cg069,19.843023,15.11716,1.3126159,0.1893124
ILMN_018,cg070,14.720952,14.798712,0.9947455,0.3198601
ILMN_018,cg071,-1.0705615,14.453743,-0.074068114,0.9409562
ILMN_018,cg072,-3.8472083,15.869187,-0.2424326,0.808445
ILMN_018,cg073,15.668029,14.032528,1.1165507,0.2641865
ILMN_018,cg074,4.8097763,17.589888,0.27343985,0.78451514
ILMN_018,cg075,8.731017,15.4588995,0.56478906,0.5722172
ILMN_018,cg076,-36.41632,17.404778,-2.0923176,0.036410093
ILMN_018,cg077,6.5246067,15.278061,0.42705727,0.66933763
ILMN_018,cg078,1.7573714,16.412209,0.107077084,0.9147278
ILMN_018,cg079,-6.0297947,14.88248,-0.4051606,0.6853595
ILMN_018,cg080,6.3646293,13.948186,0.45630518,0.64817053
ILMN_018,cg081,-9.284027,16.01578,-0.57968,0.56213045
ILMN_018,cg082,-10.875929,14.7317505,-0.73826456,0.46035373
ILMN_018,cg083,-25.119514,14.934355,-1.6819953,0.09256977
ILMN_018,cg084,15.668098,16.17809,0.9684765,0.33280647
ILMN_018,cg085,-12.034499,16.138042,-0.74572235,0.45583516
ILMN_018,cg086,9.314562,15.540532,0.59937215,0.54892474
ILMN_018,cg087,-18.481533,14.565128,-1.2688892,0.20448059
ILMN_018,cg088,-3.709247,14.589453,-0.25424168,0.79930884
ILMN_018,cg089,9.325971,16.068027,0.5804055,0.5616412
ILMN_018,cg090,21.598255,17.545908,1.2309568,0.21833903
ILMN_018,cg091,-6.317052,14.582407,-0.43319678,0.6648718
ILMN_018,cg092,14.105579,14.5180235,0.9715909,0.33125412
ILMN_018,cg093,-11.3817835,15.398766,-0.7391361,0.45982432
ILMN_018,cg094,-34.546703,15.939403,-2.1673775,0.030206084
ILMN_018,cg095,12.742691,15.979893,0.7974203,0.42520696
ILMN_018,cg096,-9.234476,14.424077,-0.6402126,0.5220344
ILMN_018,cg097,2.370216,15.883667,0.14922348,0.8813773
ILMN_018,cg098,-5.304031,14.607278,-0.36310878,0.71652365
ILMN_018,cg099,20.073593,14.490343,1.3853084,0.16595823
ILMN_018,cg100,-10.188083,16.948288,-0.60112756,0.547755
ILMN_019,cg001,-3.3764703,14.860311,-0.22721398,0.82025737
ILMN_019,cg002,-1.8215367,17.141905,-0.10626221,0.91537434
ILMN_019,cg003,9.655322,16.342808,0.59079945,0.55465484
ILMN_019,cg004,23.269419,17.47582,1.3315208,0.18301773
ILMN_019,cg005,19.350304,16.260796,1.1899973,0.23404747
ILMN_019,cg006,4.708347,16.118164,0.29211435,0.7701992
ILMN_019,cg007,6.339062,15.067149,0.42072076,0.673959
ILMN_019,cg008,5.927074,16.184803,0.3662123,0.71420664
ILMN_019,cg009,-31.197111,15.278741,-2.041864,0.041165054
ILMN_019,cg010,10.034441,16.75538,0.59887874,0.54925376
ILMN_019,cg011,9.383264,15.536677,0.60394275,0.5458817
ILMN_019,cg012,11.0830965,17.080523,0.6488734,0.51642025
ILMN_019,cg013,7.8509254,15.861397,0.49497062,0.62062085
ILMN_019,cg014,9.638249,14.516812,0.66393703,0.5067306
ILMN_019,cg015,33.776745,15.374772,2.196894,0.028028011
ILMN_019,cg016,-0.47773388,16.112179,-0.029650483,0.9763458
ILMN_019,cg017,-17.977512,15.118585,-1.1891003,0.23440021
ILMN_019,cg018,-11.232356,17.535128,-0.64056313,0.5218066
ILMN_019,cg019,12.582695,14.280366,0.88111854,0.37825364
ILMN_019,cg020,9.057104,16.952814,0.5342537,0.593166
ILMN_019,cg021,-12.678925,16.55048,-0.76607597,0.4436311
ILMN_019,cg022,24.766968,15.741941,1.5733109,0.11564684
ILMN_019,cg023,5.970179,15.075011,0.3960315,0.6920818
ILMN_019,cg024,-2.923705,15.238162,-0.1918673,0.84784615
ILMN_019,cg025,12.222071,14.691442,0.8319177,0.4054554
ILMN_019,cg026,1.0838761,16.154638,0.067093804,0.94650704
ILMN_019,cg027,-17.347258,14.717938,-1.1786473,0.23853868
ILMN_019,cg028,-5.306206,17.737123,-0.29915822,0.7648193
ILMN_019,cg029,0.8818309,18.698122,0.047161467,0.9623845
ILMN_019,cg030,16.61066,15.219814,1.0913839,0.275104
ILMN_019,cg031,0.4807416,16.477057,0.029176423,0.9767239
ILMN_019,cg032,3.454083,15.508341,0.22272421,0.82375014
ILMN_019,cg033,-4.6754694,15.382284,-0.30395156,0.7611648
ILMN_019,cg034,-11.1065855,17.63074,-0.62995577,0.52872354
ILMN_019,cg035,17.68494,14.250233,1.2410282,0.21459532
ILMN_019,cg036,11.548101,15.683257,0.73633313,0.461528
ILMN_019,cg037,-1.1041912,15.433692,-0.0715442,0.9429647
ILMN_019,cg038,-17.342075,16.458675,-1.0536739,0.2920323
ILMN_019,cg039,5.138338,16.608921,0.3093722,0.7570384
ILMN_019,cg040,-22.086496,16.651628,-1.3263866,0.1847117
ILMN_019,cg041,10.590504,16.632494,0.63673574,0.524297
ILMN_019,cg042,-24.83716,14.489356,-1.7141659,0.08649826
ILMN_019,cg043,24.451128,16.229448,1.5065902,0.13191575
ILMN_019,cg044,10.924962,15.85884,0.68888783,0.49089384
ILMN_019,cg045,-18.02451,15.747383,-1.1446035,0.25237346
ILMN_019,cg046,11.014908,13.761977,0.800387,0.4234866
ILMN_019,cg047,1.1400334,16.654186,0.06845326,0.94542485
ILMN_019,cg048,-10.89658,15.080006,-0.7225846,0.46993512
ILMN_019,cg049,-10.22925,15.873582,-0.6444198,0.51930326
ILMN_019,cg050,9.409666,14.900753,0.6314893,0.5277207
ILMN_019,cg051,-32.1778,15.500191,-2.0759616,0.037897527
ILMN_019,cg052,28.296808,14.7095585,1.9237021,0.05439192
ILMN_019,cg053,13.068022,16.341747,0.799671,0.42390144
ILMN_019,cg054,9.844733,16.554594,0.5946829,0.5520555
ILMN_019,cg055,7.11718,14.550841,0.48912498,0.62475324
ILMN_019,cg056,-4.398126,17.158781,-0.25631925,0.79770434
ILMN_019,cg057,-0.2052831,18.979012,-0.010816323,0.99136996
ILMN_019,cg058,15.177602,14.635552,1.0370365,0.29971886
ILMN_019,cg059,0.5147858,14.955052,0.0344222,0.9725405
ILMN_019,cg060,12.174665,15.173015,0.8023894,0.42232776
ILMN_019,cg061,23.190794,14.546755,1.5942246,0.11088574
ILMN_019,cg062,0.44268528,16.382607,0.027021663,0.97844243
ILMN_019,cg063,-10.770103,15.72804,-0.6847709,0.4934885
ILMN_019,cg064,-8.965288,15.6768675,-0.5718801,0.5674032
ILMN_019,cg065,5.6375604,16.432487,0.34307408,0.7315427
ILMN_019,cg066,9.861056,16.418015,0.60062414,0.54809034
ILMN_019,cg067,-4.0620418,15.159205,-0.26795876,0.7887311
ILMN_019,cg068,-6.1644335,14.874223,-0.41443735,0.6785538
ILMN_019,cg069,3.0990405,15.950973,0.19428536,0.84595245
ILMN_019,cg070,8.765347,15.44689,0.5674506,0.5704081
ILMN_019,cg071,-4.1284723,14.96779,-0.27582377,0.78268343
ILMN_019,cg072,28.754105,15.901207,1.808297,0.07056028
ILMN_019,cg073,-9.154157,14.676557,-0.6237265,0.53280723
ILMN_019,cg074,6.2681713,18.220827,0.34401134,0.73083776
ILMN_019,cg075,33.46626,15.300451,2.1872728,0.028722644
ILMN_019,cg076,15.7284565,18.733418,0.8395935,0.40113634
ILMN_019,cg077,22.00364,15.529659,1.4168785,0.15651846
ILMN_019,cg078,9.518069,16.953075,0.5614361,0.5745003
ILMN_019,cg079,-11.60541,15.356049,-0.75575495,0.44979614
ILMN_019,cg080,-13.280749,14.355073,-0.9251607,0.35488236
ILMN_019,cg081,6.721268,16.62911,0.40418687,0.6860753
ILMN_019,cg082,-17.15504,15.147841,-1.1325073,0.2574212
ILMN_019,cg083,-15.609799,15.779233,-0.9892622,0.32253486
ILMN_019,cg084,7.253806,16.902578,0.42915383,0.6678113
ILMN_019,cg085,6.738714,16.79624,0.40120375,0.6882701
ILMN_019,cg086,14.815573,16.020096,0.9248117,0.35506386
ILMN_019,cg087,-8.038877,15.310792,-0.5250464,0.59955096
ILMN_019,cg088,-27.39022,14.581626,-1.8784065,0.060325563
ILMN_019,cg089,8.74136,16.663342,0.52458626,0.5998708
ILMN_019,cg090,10.712999,18.413301,0.5818076,0.56069624
ILMN_019,cg091,-5.446009,15.122102,-0.36013573,0.71874565
ILMN_019,cg092,7.6581697,15.157485,0.50524014,0.6133902
ILMN_019,cg093,-8.459817,16.004606,-0.5285864,0.5970924
ILMN_019,cg094,-8.027959,17.301462,-0.46400464,0.6426444
ILMN_019,cg095,10.571481,16.60197,0.6367606,0.5242808
ILMN_019,cg096,-30.746027,14.314295,-2.1479247,0.031719744
ILMN_019,cg097,9.641548,16.403685,0.58776724,0.55668855
ILMN_019,cg098,22.113354,14.805308,1.4936098,0.13527763
ILMN_019,cg099,15.920235,15.146445,1.0510871,0.2932186
ILMN_019,cg100,-17.26049,17.448753,-0.98921055,0.32256013
ILMN_020,cg001,6.987371,12.827403,0.5447222,0.5859446
ILMN_020,cg002,-1.2408884,14.836889,-0.083635345,0.9333464
ILMN_020,cg003,-7.0808063,14.159709,-0.50006723,0.61702776
ILMN_020,cg004,-6.580434,15.383355,-0.42776325,0.6688235
ILMN_020,cg005,-1.6789843,14.286441,-0.117522925,0.9064457
ILMN_020,cg006,9.796417,13.88818,0.70537806,0.48057503
ILMN_020,cg007,19.601557,12.741923,1.5383515,0.1239627
ILMN_020,cg008,14.47357,13.86497,1.0438948,0.29653406
ILMN_020,cg009,-3.645247,13.799444,-0.26415896,0.79165745
ILMN_020,cg010,-0.14988153,14.558068,-0.0102954265,0.9917856
ILMN_020,cg011,16.707321,13.273443,1.2587029,0.20813769
ILMN_020,cg012,-2.8443205,14.844648,-0.19160579,0.848051
ILMN_020,cg013,-17.103392,13.53146,-1.2639724,0.20623994
ILMN_020,cg014,4.8325286,12.604131,0.3834083,0.701417
ILMN_020,cg015,12.182326,13.871614,0.8782198,0.37982446
ILMN_020,cg016,6.0753765,13.916308,0.43656525,0.6624267
ILMN_020,cg017,13.828579,13.127213,1.0534284,0.29214472
ILMN_020,cg018,23.657642,14.839624,1.5942211,0.110886514
ILMN_020,cg019,-3.1450338,12.454788,-0.25251603,0.80064225
ILMN_020,cg020,2.8032491,14.712186,0.19053927,0.8488866
ILMN_020,cg021,-22.005733,14.045523,-1.5667436,0.117174685
ILMN_020,cg022,14.056879,13.831894,1.0162656,0.3095029
ILMN_020,cg023,7.3438683,13.024608,0.56384563,0.57285917
ILMN_020,cg024,10.703867,13.099067,0.8171473,0.41384423
ILMN_020,cg025,0.11206699,12.810623,0.0087479735,0.99302024
ILMN_020,cg026,3.5275004,13.972732,0.25245604,0.8006886
ILMN_020,cg027,10.267978,12.840248,0.7996713,0.42390126
ILMN_020,cg028,1.4765698,15.364737,0.09610121,0.9234402
ILMN_020,cg029,-7.104449,16.149546,-0.4399163,0.6599977
ILMN_020,cg030,-23.499832,12.884341,-1.8239064,0.068166256
ILMN_020,cg031,1.8481272,14.258303,0.12961762,0.89686894
ILMN_020,cg032,-12.857653,13.295115,-0.967096,0.3334961
ILMN_020,cg033,14.365104,13.157232,1.0918028,0.2749198
ILMN_020,cg034,30.39067,14.655248,2.0737057,0.03810668
ILMN_020,cg035,-13.400537,12.381592,-1.0822952,0.2791214
ILMN_020,cg036,-15.419966,13.462882,-1.1453688,0.25205642
ILMN_020,cg037,3.412334,13.349016,0.25562438,0.7982409
ILMN_020,cg038,-15.11848,14.24236,-1.0615151,0.2884559
ILMN_020,cg039,2.560946,14.384894,0.17803022,0.8586992
ILMN_020,cg040,-21.74497,14.330608,-1.5173794,0.1291709
ILMN_020,cg041,15.603201,14.274403,1.0930896,0.27435446
ILMN_020,cg042,-4.4688745,12.917968,-0.34594253,0.7293859
ILMN_020,cg043,3.3156824,14.380544,0.23056725,0.81765103
ILMN_020,cg044,7.777382,13.748594,0.56568563,0.57160753
ILMN_020,cg045,17.343027,13.583379,1.276783,0.20167887
ILMN_020,cg046,9.491681,11.911616,0.7968424,0.4255426
ILMN_020,cg047,-1.0701749,14.413951,-0.07424577,0.94081485
ILMN_020,cg048,9.614613,13.048722,0.73682404,0.46122938
ILMN_020,cg049,-17.686897,13.551716,-1.3051409,0.19184488
ILMN_020,cg050,-0.7177326,12.951843,-0.05541548,0.95580745
ILMN_020,cg051,18.628147,13.758186,1.3539683,0.1757465
ILMN_020,cg052,13.247219,13.08827,1.0121443,0.31146902
ILMN_020,cg053,-14.585678,14.07833,-1.0360376,0.3001846
ILMN_020,cg054,-2.103016,14.379512,-0.14625086,0.8837234
ILMN_020,cg055,-26.033216,12.028785,-2.1642432,0.030445695
ILMN_020,cg056,-29.76576,14.198608,-2.0963857,0.036047995
ILMN_020,cg057,17.40778,16.224459,1.0729344,0.28330058
ILMN_020,cg058,-25.55854,12.247547,-2.0868294,0.03690356
ILMN_020,cg059,4.171858,12.929034,0.3226736,0.74694246
ILMN_020,cg060,-11.467025,13.115189,-0.87433165,0.38193768
ILMN_020,cg061,3.0974085,12.9251795,0.23964143,0.81060827
ILMN_020,cg062,-9.850388,14.104563,-0.69838303,0.48493767
ILMN_020,cg063,8.86745,13.619098,0.65110403,0.51497936
ILMN_020,cg064,-16.75207,13.3904705,-1.2510442,0.21091837
ILMN_020,cg065,-5.6051307,14.216384,-0.3942726,0.69337976
ILMN_020,cg066,7.592017,14.221297,0.5338484,0.59344643
ILMN_020,cg067,17.52434,12.873686,1.3612527,0.17343384
ILMN_020,cg068,11.887011,12.777907,0.93027836,0.35222703
ILMN_020,cg069,-11.397518,13.7085,-0.83141977,0.40573657
ILMN_020,cg070,-9.040092,13.349506,-0.67718554,0.49828827
ILMN_020,cg071,5.96625,12.935347,0.46123618,0.6446291
ILMN_020,cg072,1.2788788,14.241892,0.089796975,0.92844856
ILMN_020,cg073,2.1907809,12.7519655,0.17179947,0.8635952
ILMN_020,cg074,6.4557767,15.761553,0.40959015,0.6821066
ILMN_020,cg075,6.6847944,13.879077,0.48164546,0.6300578
ILMN_020,cg076,-5.213427,16.319305,-0.3194638,0.74937487
ILMN_020,cg077,0.18329325,13.730945,0.0133489175,0.9893494
ILMN_020,cg078,-15.67626,14.540393,-1.0781181,0.28098106
ILMN_020,cg079,5.0856957,13.3517685,0.38090053,0.70327705
ILMN_020,cg080,4.0480146,12.525056,0.32319334,0.74654883
ILMN_020,cg081,-13.208764,14.285772,-0.9246097,0.35516894
ILMN_020,cg082,-18.668331,13.003746,-1.4356118,0.1511128
ILMN_020,cg083,1.815683,13.798726,0.13158338,0.89531386
ILMN_020,cg084,-20.024014,14.357915,-1.3946325,0.1631267
ILMN_020,cg085,7.026717,14.525537,0.48374924,0.6285639
ILMN_020,cg086,-1.8995081,13.99078,-0.13576856,0.89200425
ILMN_020,cg087,14.55943,13.116526,1.1100066,0.2669962
ILMN_020,cg088,2.6627212,13.089481,0.2034245,0.83880323
ILMN_020,cg089,16.469107,14.259809,1.1549318,0.24811834
ILMN_020,cg090,-13.157666,15.877027,-0.82872355,0.4072609
ILMN_020,cg091,9.996013,13.023379,0.7675437,0.44275832
ILMN_020,cg092,-7.2492523,13.111552,-0.5528905,0.5803384
ILMN_020,cg093,-6.8327637,13.857305,-0.4930803,0.6219559
ILMN_020,cg094,24.116108,14.582035,1.6538233,0.098163426
ILMN_020,cg095,-6.7463975,14.397757,-0.46857283,0.639375
ILMN_020,cg096,16.85491,12.755523,1.3213813,0.18637425
ILMN_020,cg097,-9.972697,14.174421,-0.70356995,0.48170066
ILMN_020,cg098,14.551174,12.944334,1.1241347,0.26095587
ILMN_020,cg099,-7.502924,13.21942,-0.5675683,0.5703281
ILMN_020,cg100,20.73418,14.952232,1.3866947,0.16553491
ILMN_021,cg001,-2.1896267,13.277968,-0.16490676,0.86901736
ILMN_021,cg002,8.109905,15.26768,0.5311812,0.5952932
ILMN_021,cg003,7.8577933,14.608146,0.5379049,0.5906427
ILMN_021,cg004,17.237669,15.7045,1.0976261,0.27236778
ILMN_021,cg005,-11.185935,14.654847,-0.7632925,0.44528896
ILMN_021,cg006,-29.446934,13.741846,-2.142866,0.032123864
ILMN_021,cg007,8.07754,13.432388,0.60134804,0.5476082
ILMN_021,cg008,-17.603933,14.244102,-1.2358752,0.21650493
ILMN_021,cg009,-3.5308504,14.243803,-0.24788678,0.804222
ILMN_021,cg010,10.568642,14.944492,0.7071931,0.47944647
ILMN_021,cg011,7.1882873,13.893182,0.51739675,0.60487926
ILMN_021,cg012,-19.463097,15.056355,-1.2926831,0.19612068
ILMN_021,cg013,4.950409,14.187618,0.3489246,0.7271459
ILMN_021,cg014,-20.305027,12.680984,-1.6012186,0.10932851
ILMN_021,cg015,-3.3366535,14.428143,-0.23126009,0.81711274
ILMN_021,cg016,3.947658,14.381083,0.27450353,0.7836977
ILMN_021,cg017,-10.411315,13.624948,-0.76413614,0.44478613
ILMN_021,cg018,23.193731,15.357378,1.5102663,0.13097548
ILMN_021,cg019,5.3573,12.839317,0.41725737,0.6764902
ILMN_021,cg020,-10.484881,15.111687,-0.693826,0.4877913
ILMN_021,cg021,7.40834,14.838102,0.49927813,0.6175835
ILMN_021,cg022,7.9778543,14.387375,0.5545038,0.5792341
ILMN_021,cg023,1.7668808,13.486657,0.13100953,0.89576775
ILMN_021,cg024,-21.924171,13.228182,-1.6573836,0.09744197
ILMN_021,cg025,-11.963036,13.103776,-0.9129457,0.36127114
ILMN_021,cg026,3.9575012,14.419552,0.27445382,0.7837359
ILMN_021,cg027,2.0033796,13.341049,0.15016657,0.88063323
ILMN_021,cg028,11.151268,15.774201,0.70693076,0.47960955
ILMN_021,cg029,-0.9860525,16.702465,-0.059036348,0.9529232
ILMN_021,cg030,18.757675,13.489895,1.3904983,0.16437763
ILMN_021,cg031,11.857676,14.614592,0.8113587,0.41715974
ILMN_021,cg032,3.8850746,13.848948,0.28053212,0.7790693
ILMN_021,cg033,-4.133372,13.741001,-0.30080572,0.7635627
ILMN_021,cg034,-25.15394,15.376054,-1.6359165,0.101857066
ILMN_021,cg035,11.240428,12.834259,0.8758143,0.381131
ILMN_021,cg036,-15.758993,13.8990135,-1.133821,0.2568696
ILMN_021,cg037,2.019963,13.784188,0.14654204,0.8834935
ILMN_021,cg038,-10.153549,14.803095,-0.6859072,0.49277163
ILMN_021,cg039,31.443165,14.10976,2.2284691,0.025849223
ILMN_021,cg040,9.699515,15.088753,0.64283085,0.5203339
ILMN_021,cg041,-4.884319,14.905451,-0.32768676,0.74314857
ILMN_021,cg042,-12.473284,13.222786,-0.94331735,0.3455186
ILMN_021,cg043,3.129557,14.843676,0.21083437,0.8330165
ILMN_021,cg044,-4.371314,14.22471,-0.30730426,0.7586118
ILMN_021,cg045,-10.754659,14.177362,-0.7585797,0.44810408
ILMN_021,cg046,-0.5330171,12.378381,-0.043060325,0.9656534
ILMN_021,cg047,11.273989,14.78449,0.7625551,0.44572878
ILMN_021,cg048,-6.36426,13.514393,-0.47092462,0.6376946
ILMN_021,cg049,-3.893509,14.2318735,-0.2735767,0.78440994
ILMN_021,cg050,-10.064872,13.2855215,-0.757582,0.44870126
ILMN_021,cg051,-0.78662026,14.479657,-0.05432589,0.9566755
ILMN_021,cg052,2.1870005,13.65429,0.16016948,0.87274754
ILMN_021,cg053,2.0054889,14.6959305,0.1364656,0.8914532
ILMN_021,cg054,18.139025,14.60175,1.24225,0.21414435
ILMN_021,cg055,-4.1729846,13.017228,-0.320574,0.74853325
ILMN_021,cg056,9.788553,15.270521,0.64100975,0.5215163
ILMN_021,cg057,-14.40914,16.819988,-0.85666764,0.39162856
ILMN_021,cg058,3.898007,13.213124,0.29501024,0.76798606
ILMN_021,cg059,11.925673,13.243028,0.9005246,0.36784118
ILMN_021,cg060,3.0400589,13.64094,0.22286285,0.82364225
ILMN_021,cg061,4.959639,13.328458,0.372109,0.7098117
ILMN_021,cg062,-10.134885,14.55791,-0.6961772,0.48631787
ILMN_021,cg063,-1.64202,14.118925,-0.11629922,0.9074154
ILMN_021,cg064,-4.5951495,14.037215,-0.3273548,0.74339956
ILMN_021,cg065,7.3573737,14.657524,0.501952,0.6157013
ILMN_021,cg066,-17.197315,14.503331,-1.1857493,0.23572135
ILMN_021,cg067,4.6454773,13.534689,0.34322748,0.7314273
ILMN_021,cg068,-3.6533282,13.300755,-0.27467075,0.7835692
ILMN_021,cg069,10.051812,14.177307,0.70900714,0.47832006
ILMN_021,cg070,25.646706,13.3203,1.925385,0.05418122
ILMN_021,cg071,-10.848907,13.285561,-0.8165939,0.41416055
ILMN_021,cg072,-6.1791477,14.672196,-0.42114675,0.67364794
ILMN_021,cg073,30.487947,12.374443,2.4637835,0.0137479305
ILMN_021,cg074,19.862844,16.031963,1.2389528,0.21536303
ILMN_021,cg075,19.992146,14.055005,1.4224218,0.15490383
ILMN_021,cg076,-34.04436,16.097502,-2.1148849,0.034439743
ILMN_021,cg077,20.103704,13.858393,1.450652,0.14687675
ILMN_021,cg078,7.8224115,15.15184,0.5162681,0.6056672
ILMN_021,cg079,23.218151,13.3709,1.7364688,0.08248097
ILMN_021,cg080,20.200592,12.594492,1.6039227,0.10873109
ILMN_021,cg081,37.151188,13.835996,2.6851113,0.0072505474
ILMN_021,cg082,-5.1552105,13.697562,-0.3763597,0.70664954
ILMN_021,cg083,1.6560733,14.242359,0.11627802,0.9074322
ILMN_021,cg084,2.4530568,15.124642,0.16218941,0.8711567
ILMN_021,cg085,9.637388,14.962684,0.6440949,0.5195139
ILMN_021,cg086,13.414431,14.30682,0.93762493,0.3484372
ILMN_021,cg087,-11.565801,13.611369,-0.8497162,0.3954829
ILMN_021,cg088,25.38402,12.987306,1.9545255,0.050639093
ILMN_021,cg089,3.6977344,14.919562,0.2478447,0.8042546
ILMN_021,cg090,23.27979,16.14791,1.4416598,0.14939839
ILMN_021,cg091,5.557819,13.502487,0.41161445,0.6806221
ILMN_021,cg092,-15.927929,13.372781,-1.1910708,0.23362583
ILMN_021,cg093,-11.137889,14.245638,-0.78184557,0.43430537
ILMN_021,cg094,4.284468,15.478325,0.2768044,0.7819303
ILMN_021,cg095,-5.3843136,14.874289,-0.36198798,0.717361
ILMN_021,cg096,-7.00785,13.372747,-0.5240397,0.60025096
ILMN_021,cg097,15.202305,14.536238,1.0458212,0.29564357
ILMN_021,cg098,-5.7793374,13.515377,-0.427612,0.66893363
ILMN_021,cg099,-6.688545,13.655995,-0.48978817,0.6242838
ILMN_021,cg100,20.585604,15.456377,1.3318518,0.1829089
ILMN_022,cg001,-32.317947,14.132263,-2.2868204,0.022206306
ILMN_022,cg002,-4.1607656,17.185316,-0.24211167,0.80869365
ILMN_022,cg003,2.5383954,16.450436,0.15430567,0.87736875
ILMN_022,cg004,-22.670635,17.54818,-1.2919081,0.19638896
ILMN_022,cg005,-12.622809,16.454588,-0.7671301,0.4430042
ILMN_022,cg006,-3.7917707,16.172619,-0.2344562,0.81463087
ILMN_022,cg007,25.738853,14.65885,1.7558577,0.07911271
ILMN_022,cg008,32.43135,15.5386715,2.087138,0.036875665
ILMN_022,cg009,14.9243145,15.852759,0.94143325,0.34648287
ILMN_022,cg010,7.106396,16.839272,0.42201328,0.67301536
ILMN_022,cg011,6.6761804,15.614698,0.42755744,0.6689733
ILMN_022,cg012,0.110679395,17.210802,0.00643081,0.994869
ILMN_022,cg013,-18.442514,15.718585,-1.1732936,0.24067807
ILMN_022,cg014,8.314537,14.579208,0.570301,0.5684736
ILMN_022,cg015,-9.15236,16.154213,-0.5665618,0.5710119
ILMN_022,cg016,6.0803137,16.136557,0.37680367,0.7063195
ILMN_022,cg017,4.9494915,15.378661,0.3218415,0.7475728
ILMN_022,cg018,-4.5917096,17.653866,-0.26009655,0.7947893
ILMN_022,cg019,-2.4187224,14.4398575,-0.16750321,0.8669741
ILMN_022,cg020,29.92807,16.476501,1.8164092,0.069307625
ILMN_022,cg021,16.911077,16.519367,1.0237122,0.30597126
ILMN_022,cg022,-2.9915612,16.203188,-0.18462794,0.8535209
ILMN_022,cg023,-0.4621359,15.146561,-0.030510947,0.97565955
ILMN_022,cg024,5.623193,15.268225,0.36829382,0.7126541
ILMN_022,cg025,14.971891,14.681633,1.0197701,0.3078375
ILMN_022,cg026,-7.979749,16.1619,-0.49373832,0.621491
ILMN_022,cg027,-11.047253,14.895264,-0.7416621,0.45829213
ILMN_022,cg028,16.705667,17.63732,0.94717723,0.34354848
ILMN_022,cg029,3.4520214,18.748655,0.18412101,0.85391855
ILMN_022,cg030,31.415945,14.75249,2.1295352,0.03321004
ILMN_022,cg031,-13.378048,16.409304,-0.81527215,0.41491657
ILMN_022,cg032,-7.680424,15.522742,-0.49478528,0.6207517
ILMN_022,cg033,6.0352745,15.418996,0.39141813,0.6954882
ILMN_022,cg034,15.424313,17.614391,0.87566537,0.381212
ILMN_022,cg035,-17.6434,14.296233,-1.2341293,0.21715474
ILMN_022,cg036,-7.3699565,15.786137,-0.4668626,0.6405982
ILMN_022,cg037,-11.759248,15.3842,-0.76437175,0.44464576
ILMN_022,cg038,16.876575,16.52053,1.0215516,0.3069932
ILMN_022,cg039,9.339812,16.619911,0.5619652,0.5741397
ILMN_022,cg040,15.706757,16.86048,0.9315724,0.35155755
ILMN_022,cg041,11.907885,16.66431,0.7145741,0.47487223
ILMN_022,cg042,36.291023,14.003011,2.5916586,0.0095514655
ILMN_022,cg043,-18.11199,16.460493,-1.100331,0.27118796
ILMN_022,cg044,-20.301603,15.70633,-1.2925745,0.19615829
ILMN_022,cg045,19.058615,15.770333,1.2085106,0.22685093
ILMN_022,cg046,6.9344783,13.862054,0.50024897,0.6168998
ILMN_022,cg047,42.020016,15.514485,2.7084377,0.006760061
ILMN_022,cg048,-4.8036695,15.195071,-0.3161334,0.75190127
ILMN_022,cg049,12.22774,15.89173,0.7694405,0.44163185
ILMN_022,cg050,16.438116,14.813856,1.1096447,0.2671522
ILMN_022,cg051,15.834129,16.090948,0.98403955,0.32509607
ILMN_022,cg052,-2.8803308,15.330514,-0.1878822,0.850969
ILMN_022,cg053,-10.196059,16.43649,-0.62033075,0.53504
ILMN_022,cg054,10.088717,16.602253,0.6076716,0.5434053
ILMN_022,cg055,4.4003787,14.618705,0.30101016,0.76340675
ILMN_022,cg056,-22.4507,16.902279,-1.3282647,0.18409067
ILMN_022,cg057,33.383053,18.389565,1.8153259,0.06947386
ILMN_022,cg058,-7.188889,14.812898,-0.48531282,0.62745446
ILMN_022,cg059,5.8440113,14.976058,0.3902236,0.6963712
ILMN_022,cg060,6.2891946,15.297316,0.4111306,0.68097675
ILMN_022,cg061,-0.95656437,14.988094,-0.063821614,0.9491123
ILMN_022,cg062,21.38622,16.127296,1.3260884,0.1848104
ILMN_022,cg063,14.64369,15.708492,0.93221486,0.3512255
ILMN_022,cg064,-2.742477,15.775267,-0.17384663,0.861986
ILMN_022,cg065,5.426517,16.48424,0.32919425,0.74200886
ILMN_022,cg066,-24.209257,16.14257,-1.4997151,0.13368821
ILMN_022,cg067,15.19762,15.051389,1.0097154,0.31263167
ILMN_022,cg068,-10.403843,14.868465,-0.6997254,0.4840988
ILMN_022,cg069,-14.311794,15.8664465,-0.90201634,0.3670482
ILMN_022,cg070,2.0830946,15.54507,0.13400355,0.8933998
ILMN_022,cg071,-6.6922956,14.993386,-0.44634983,0.6553446
ILMN_022,cg072,20.170801,16.236713,1.2422959,0.21412742
ILMN_022,cg073,10.339587,14.704593,0.7031536,0.48196
ILMN_022,cg074,-8.051902,18.261305,-0.44092697,0.6592659
ILMN_022,cg075,-12.03434,16.027506,-0.75085545,0.45273966
ILMN_022,cg076,-0.21269993,18.933916,-0.011233806,0.9910369
ILMN_022,cg077,-1.9121464,15.910771,-0.12017937,0.90434104
ILMN_022,cg078,-16.189404,16.895119,-0.95822966,0.33794695
ILMN_022,cg079,26.35582,15.003099,1.7566917,0.07897037
ILMN_022,cg080,-23.203354,14.123725,-1.6428636,0.10041118
ILMN_022,cg081,-0.6849419,16.70908,-0.040992197,0.96730214
ILMN_022,cg082,1.4196748,15.402951,0.09216901,0.92656374
ILMN_022,cg083,6.9242253,15.962187,0.43378925,0.66444147
ILMN_022,cg084,-4.8929973,16.972677,-0.28828672,0.77312726
ILMN_022,cg085,-0.0070872596,16.87688,-0.00041993894,0.99966496
ILMN_022,cg086,-1.1074772,16.216797,-0.068291984,0.9455532
ILMN_022,cg087,-5.996526,15.378011,-0.38994157,0.6965798
ILMN_022,cg088,22.269926,14.817189,1.5029792,0.13284439
ILMN_022,cg089,6.8890724,16.733248,0.41169965,0.6805596
ILMN_022,cg090,-0.22966631,18.537222,-0.012389467,0.99011487
ILMN_022,cg091,7.072437,15.153724,0.4667128,0.64070535
ILMN_022,cg092,10.034671,15.173848,0.66131353,0.5084113
ILMN_022,cg093,-18.792051,15.86189,-1.1847297,0.23612434
ILMN_022,cg094,-3.2117178,17.388311,-0.18470557,0.85345995
ILMN_022,cg095,-10.054465,16.659975,-0.6035102,0.54616934
ILMN_022,cg096,9.395014,14.996898,0.62646383,0.53101075
ILMN_022,cg097,3.122759,16.50893,0.18915576,0.84997076
ILMN_022,cg098,24.43635,14.773269,1.6540923,0.09810877
ILMN_022,cg099,14.697601,15.220471,0.9656469,0.3342209
ILMN_022,cg100,4.032032,17.677118,0.22809328,0.8195737
ILMN_023,cg001,3.7707217,14.139228,0.26668513,0.7897116
ILMN_023,cg002,8.982307,16.261724,0.55235887,0.58070254
ILMN_023,cg003,-11.973759,15.511833,-0.77191126,0.440167
ILMN_023,cg004,-13.979802,16.823013,-0.83099276,0.40597773
ILMN_023,cg005,17.595007,15.495763,1.1354722,0.25617754
ILMN_023,cg006,-18.605276,15.106462,-1.2316104,0.21809465
ILMN_023,cg007,-21.617262,14.008609,-1.5431412,0.122796476
ILMN_023,cg008,-20.783161,15.11771,-1.3747559,0.16920716
ILMN_023,cg009,-12.789378,15.067539,-0.8488034,0.39599073
ILMN_023,cg010,0.114677675,16.007748,0.0071638855,0.9942841
ILMN_023,cg011,-0.4671936,14.84425,-0.031473037,0.9748923
ILMN_023,cg012,5.91425,16.306068,0.36270237,0.7168272
ILMN_023,cg013,4.7004137,15.119201,0.31089035,0.755884
ILMN_023,cg014,9.606119,13.808912,0.69564635,0.48665035
ILMN_023,cg015,23.970112,14.968702,1.6013486,0.10929972
ILMN_023,cg016,9.277644,15.272604,0.6074697,0.5435393
ILMN_023,cg017,18.870108,14.34006,1.3159015,0.18820709
ILMN_023,cg018,-1.6017293,16.76038,-0.09556641,0.92386496
ILMN_023,cg019,2.0012426,13.701328,0.14606194,0.8838725
ILMN_023,cg020,-13.393835,16.062643,-0.83385,0.40436548
ILMN_023,cg021,-25.992857,15.380589,-1.689978,0.09103215
ILMN_023,cg022,9.764297,15.311513,0.63770944,0.5236628
ILMN_023,cg023,-2.871635,14.364744,-0.19990854,0.84155214
ILMN_023,cg024,-17.35338,14.280209,-1.215205,0.22428793
ILMN_023,cg025,-1.5233352,14.084507,-0.1081568,0.9138713
ILMN_023,cg026,-11.628904,15.2788515,-0.76111114,0.44659066
ILMN_023,cg027,-5.6111894,14.192565,-0.39536119,0.69257635
ILMN_023,cg028,-17.463383,16.699087,-1.0457687,0.29566783
ILMN_023,cg029,8.424239,17.751606,0.47456208,0.6350992
ILMN_023,cg030,-8.665776,14.614937,-0.5929397,0.5532216
ILMN_023,cg031,19.788935,15.407148,1.2843995,0.1990022
ILMN_023,cg032,0.13404582,14.76688,0.009077464,0.9927573
ILMN_023,cg033,2.6190236,14.648575,0.17879033,0.8581023
ILMN_023,cg034,-13.50786,16.732887,-0.80726415,0.4195143
ILMN_023,cg035,16.78532,13.562837,1.2375966,0.21586567
ILMN_023,cg036,3.8908155,15.002137,0.25935075,0.7953646
ILMN_023,cg037,17.06409,14.471634,1.1791406,0.23834223
ILMN_023,cg038,-5.061495,15.833665,-0.31966665,0.7492211
ILMN_023,cg039,26.75877,15.322992,1.7463149,0.08075625
ILMN_023,cg040,4.8357987,16.131422,0.2997751,0.76434875
ILMN_023,cg041,30.684944,15.24104,2.0133104,0.044081986
ILMN_023,cg042,-27.303347,13.641175,-2.0015392,0.04533434
ILMN_023,cg043,0.8992987,15.8211155,0.056841675,0.9546713
ILMN_023,cg044,9.578414,15.104271,0.6341527,0.5259812
ILMN_023,cg045,-24.147942,14.775418,-1.6343322,0.10218912
ILMN_023,cg046,10.359332,13.099093,0.7908434,0.42903537
ILMN_023,cg047,1.0091019,15.84952,0.06366766,0.94923484
ILMN_023,cg048,-10.437922,14.350228,-0.7273697,0.46699947
ILMN_023,cg049,-16.950693,14.967337,-1.1325123,0.2574191
ILMN_023,cg050,-15.020034,14.0688095,-1.0676123,0.28569543
ILMN_023,cg051,-0.44783652,15.426571,-0.029030206,0.9768405
ILMN_023,cg052,17.792738,14.3125105,1.2431598,0.21380895
ILMN_023,cg053,10.269249,15.586426,0.6588585,0.50998664
ILMN_023,cg054,4.639072,15.80028,0.29360697,0.7690582
ILMN_023,cg055,-13.3298435,13.7438545,-0.96987665,0.33210802
ILMN_023,cg056,-9.101056,16.286093,-0.55882376,0.576282
ILMN_023,cg057,-23.724154,17.719969,-1.3388371,0.18062371
ILMN_023,cg058,-3.6309788,14.080025,-0.25788155,0.7964983
ILMN_023,cg059,-5.329774,14.210856,-0.37504944,0.7076237
ILMN_023,cg060,7.440146,14.499074,0.5131463,0.607849
ILMN_023,cg061,28.631657,13.580098,2.108354,0.035000384
ILMN_023,cg062,-17.58744,15.3739195,-1.143979,0.25263238
ILMN_023,cg063,3.776412,15.033807,0.25119466,0.80166364
ILMN_023,cg064,26.356739,14.459146,1.8228421,0.06832731
ILMN_023,cg065,-6.507117,15.629001,-0.41634887,0.6771548
ILMN_023,cg066,-6.506467,15.656437,-0.41557774,0.677719
ILMN_023,cg067,3.4052994,14.4291935,0.23600067,0.81343216
ILMN_023,cg068,-8.738511,14.123215,-0.6187339,0.5360917
ILMN_023,cg069,7.227881,15.148968,0.47712037,0.6332764
ILMN_023,cg070,9.587094,14.683937,0.6528967,0.5138229
ILMN_023,cg071,2.9801965,14.249507,0.20914383,0.8343359
ILMN_023,cg072,-16.506176,15.471202,-1.0668968,0.28601843
ILMN_023,cg073,11.781886,13.918297,0.84650344,0.39727193
ILMN_023,cg074,19.416086,17.125008,1.1337856,0.25688452
ILMN_023,cg075,24.504236,14.866855,1.6482462,0.09930217
ILMN_023,cg076,-0.4883557,17.964108,-0.02718508,0.97831213
ILMN_023,cg077,6.7516856,15.065426,0.44815764,0.65403944
ILMN_023,cg078,1.3570147,16.187803,0.08382945,0.933192
ILMN_023,cg079,-8.139707,14.655395,-0.55540687,0.5786164
ILMN_023,cg080,-11.153033,13.689497,-0.8147146,0.4152357
ILMN_023,cg081,-6.5310698,15.824351,-0.41272274,0.6798098
ILMN_023,cg082,-10.416683,14.534525,-0.7166855,0.4735682
ILMN_023,cg083,0.11497612,15.175626,0.007576368,0.993955
ILMN_023,cg084,-24.019964,15.7240715,-1.527592,0.12661386
ILMN_023,cg085,4.942012,15.995954,0.30895388,0.75735664
ILMN_023,cg086,6.981016,15.352578,0.45471296,0.6493158
ILMN_023,cg087,-23.35616,14.203012,-1.644451,0.10008305
ILMN_023,cg088,-13.913741,14.252498,-0.97623175,0.32894963
ILMN_023,cg089,-31.885906,15.194805,-2.0984743,0.03586328
ILMN_023,cg090,15.752683,17.433846,0.90356904,0.366224
ILMN_023,cg091,0.021268053,14.411634,0.0014757558,0.9988225
ILMN_023,cg092,0.49683717,14.464818,0.034347974,0.9725997
ILMN_023,cg093,2.5088658,15.272928,0.16426882,0.86951953
ILMN_023,cg094,16.391594,16.325981,1.0040189,0.31536955
ILMN_023,cg095,7.733035,15.828186,0.48856103,0.62515247
ILMN_023,cg096,-23.349077,13.868508,-1.6836041,0.092258215
ILMN_023,cg097,4.6102533,15.654775,0.29449502,0.7683797
ILMN_023,cg098,-5.9270434,14.401,-0.41157165,0.68065345
ILMN_023,cg099,-14.319323,14.432996,-0.9921241,0.321137
ILMN_023,cg100,8.483871,16.734589,0.50696623,0.6121785
ILMN_024,cg001,-13.72589,13.60811,-1.0086551,0.3131401
ILMN_024,cg002,16.738756,15.669974,1.0682057,0.28542775
ILMN_024,cg003,1.6174655,15.177184,0.10657217,0.9151284
ILMN_024,cg004,-11.3881855,16.39306,-0.6946955,0.48724616
ILMN_024,cg005,-26.578444,14.764538,-1.8001541,0.07183629
ILMN_024,cg006,-0.18209822,14.927736,-0.012198649,0.99026716
ILMN_024,cg007,-2.415302,13.963701,-0.17297004,0.86267495
ILMN_024,cg008,-8.561539,14.944191,-0.5729008,0.5667119
ILMN_024,cg009,36.794346,13.731156,2.6796248,0.007370472
ILMN_024,cg010,-8.726445,15.510592,-0.562612,0.5736991
ILMN_024,cg011,-2.085252,14.4295,-0.14451312,0.8850953
ILMN_024,cg012,9.900341,15.80931,0.6262349,0.5311609
ILMN_024,cg013,3.5923784,14.705848,0.2442823,0.8070122
ILMN_024,cg014,40.22456,12.123506,3.3178985,0.0009070039
ILMN_024,cg015,8.237246,14.904373,0.55267304,0.5804874
ILMN_024,cg016,1.9230169,14.905845,0.12901093,0.897349
ILMN_024,cg017,20.400124,13.880251,1.469723,0.14163679
ILMN_024,cg018,-48.570324,14.639523,-3.3177533,0.0009074211
ILMN_024,cg019,4.9987974,13.304083,0.3757341,0.7071146
ILMN_024,cg020,23.764357,15.339733,1.5492028,0.12133294
ILMN_024,cg021,2.383122,15.407323,0.15467463,0.8770778
ILMN_024,cg022,2.5713887,14.947779,0.1720248,0.86341804
ILMN_024,cg023,11.673785,13.86606,0.84189636,0.39984596
ILMN_024,cg024,-8.632979,14.047773,-0.61454433,0.5388557
ILMN_024,cg025,3.2440202,13.687333,0.23700893,0.81264985
ILMN_024,cg026,-21.177967,14.618652,-1.448695,0.14742279
ILMN_024,cg027,-1.575862,13.820479,-0.11402369,0.909219
ILMN_024,cg028,30.602797,15.796086,1.9373658,0.05270064
ILMN_024,cg029,18.466171,17.085981,1.0807791,0.2797954
ILMN_024,cg030,-3.424479,14.254928,-0.24023125,0.810151
ILMN_024,cg031,-19.359673,14.976566,-1.2926643,0.19612724
ILMN_024,cg032,-3.6837022,14.347133,-0.2567553,0.7973677
ILMN_024,cg033,-10.202833,14.167679,-0.72014856,0.47143352
ILMN_024,cg034,-6.6312237,16.354523,-0.40546727,0.68513405
ILMN_024,cg035,11.695158,13.293108,0.8797911,0.37897247
ILMN_024,cg036,-5.9010024,14.570838,-0.40498716,0.685487
ILMN_024,cg037,-1.3562969,14.279997,-0.094978794,0.92433167
ILMN_024,cg038,45.05145,13.906752,3.239538,0.0011972189
ILMN_024,cg039,-20.625652,15.080432,-1.3677096,0.17140299
ILMN_024,cg040,17.267609,15.491599,1.1146435,0.26500326
ILMN_024,cg041,-6.6698613,15.426196,-0.4323724,0.6654708
ILMN_024,cg042,26.312096,13.2730465,1.9823705,0.047437787
ILMN_024,cg043,-1.6502444,15.381015,-0.10729099,0.9145581
ILMN_024,cg044,-15.81369,14.564028,-1.0858047,0.27756542
ILMN_024,cg045,-20.936434,14.450869,-1.448801,0.14739317
ILMN_024,cg046,-9.086022,12.75197,-0.7125191,0.47614336
ILMN_024,cg047,2.4980392,15.406293,0.16214408,0.8711924
ILMN_024,cg048,11.818966,13.923681,0.84883916,0.39597082
ILMN_024,cg049,27.12173,14.2015085,1.9097781,0.05616182
ILMN_024,cg050,9.141821,13.781355,0.663347,0.50710833
ILMN_024,cg051,-4.7100964,14.982845,-0.31436595,0.7532431
ILMN_024,cg052,-3.6085756,14.137447,-0.25524944,0.79853046
ILMN_024,cg053,18.419476,14.981385,1.2294908,0.21888787
ILMN_024,cg054,1.5246465,15.374885,0.09916475,0.92100745
ILMN_024,cg055,20.70658,13.148893,1.5747774,0.11530787
ILMN_024,cg056,9.653092,15.824263,0.6100185,0.54184955
ILMN_024,cg057,-0.11115945,17.561056,-0.0063298843,0.9949495
ILMN_024,cg058,23.76863,13.24365,1.7947189,0.07269853
ILMN_024,cg059,17.195265,13.603666,1.264017,0.20622396
ILMN_024,cg060,-1.3484786,14.135909,-0.09539384,0.924002
ILMN_024,cg061,30.893803,13.054927,2.3664477,0.017959714
ILMN_024,cg062,21.013699,14.838731,1.4161385,0.15673494
ILMN_024,cg063,-7.556305,14.584452,-0.5181069,0.6043837
ILMN_024,cg064,11.103581,14.464731,0.76763135,0.44270623
ILMN_024,cg065,-11.688811,15.126352,-0.7727449,0.43967342
ILMN_024,cg066,-18.327967,15.009513,-1.2210901,0.22205192
ILMN_024,cg067,-6.3534713,14.006275,-0.45361605,0.65010524
ILMN_024,cg068,-19.382387,13.489206,-1.4368812,0.15075177
ILMN_024,cg069,-5.3028197,14.744575,-0.3596455,0.7191123
ILMN_024,cg070,-0.84077585,14.3422165,-0.05862245,0.95325285
ILMN_024,cg071,-14.05267,13.705223,-1.0253514,0.30519742
ILMN_024,cg072,12.256759,15.119542,0.8106567,0.41756284
ILMN_024,cg073,9.303411,13.568177,0.6856787,0.49291575
ILMN_024,cg074,3.0943964,16.87501,0.18337153,0.8545065
ILMN_024,cg075,-9.667971,14.806857,-0.6529387,0.5137958
ILMN_024,cg076,13.632696,17.350061,0.7857434,0.4320178
ILMN_024,cg077,-30.411987,13.9780035,-2.1757033,0.029577434
ILMN_024,cg078,8.21796,15.693416,0.5236566,0.6005174
ILMN_024,cg079,-6.3052764,14.266441,-0.4419656,0.65851414
ILMN_024,cg080,-13.885279,13.248323,-1.0480782,0.29460257
ILMN_024,cg081,-6.945274,15.379952,-0.45157966,0.6515718
ILMN_024,cg082,2.5773134,14.205082,0.18143602,0.85602534
ILMN_024,cg083,24.268665,14.3143635,1.6954066,0.089998305
ILMN_024,cg084,-15.523887,15.502969,-1.0013493,0.31665796
ILMN_024,cg085,-8.430205,15.518819,-0.5432247,0.5869751
ILMN_024,cg086,-7.300531,14.92159,-0.4892596,0.6246579
ILMN_024,cg087,-8.954999,14.147794,-0.6329608,0.52675927
ILMN_024,cg088,7.213883,13.959629,0.5167675,0.6053185
ILMN_024,cg089,-3.5793154,15.455424,-0.23158959,0.8168568
ILMN_024,cg090,3.291791,17.09328,0.19257806,0.84728944
ILMN_024,cg091,18.650398,13.739525,1.3574268,0.17464566
ILMN_024,cg092,8.518068,14.007702,0.6080989,0.5431219
ILMN_024,cg093,-4.342729,14.839962,-0.29263747,0.7697993
ILMN_024,cg094,-5.761455,16.023746,-0.3595573,0.7191782
ILMN_024,cg095,0.25135973,15.429106,0.01629127,0.987002
ILMN_024,cg096,20.43266,13.562601,1.5065442,0.13192755
ILMN_024,cg097,-0.26357663,15.234963,-0.017300772,0.9861967
ILMN_024,cg098,9.749217,13.953574,0.6986896,0.48474604
ILMN_024,cg099,17.573278,13.943417,1.260328,0.20755106
ILMN_024,cg100,-20.565855,16.031689,-1.2828252,0.19955331
ILMN_025,cg001,-12.183404,14.869012,-0.8193822,0.4125684
ILMN_025,cg002,-5.5263205,17.249859,-0.32036904,0.7486886
ILMN_025,cg003,3.0602658,16.518223,0.18526605,0.85302037
ILMN_025,cg004,19.567213,17.705847,1.1051272,0.26910448
ILMN_025,cg005,25.22573,16.208378,1.556339,0.119627535
ILMN_025,cg006,11.368956,16.16413,0.70334476,0.4818409
ILMN_025,cg007,8.97484,15.148566,0.59245473,0.55354613
ILMN_025,cg008,25.963474,15.871505,1.6358546,0.10187
ILMN_025,cg009,-28.847475,15.4995365,-1.861183,0.06271833
ILMN_025,cg010,-4.665488,16.929325,-0.27558616,0.78286594
ILMN_025,cg011,-15.20612,15.551172,-0.9778118,0.32816744
ILMN_025,cg012,-18.745941,17.061274,-1.0987422,0.2718805
ILMN_025,cg013,6.1231256,15.994153,0.38283524,0.70184195
ILMN_025,cg014,-16.686012,14.485183,-1.1519367,0.24934715
ILMN_025,cg015,16.281519,16.101162,1.0112015,0.31192
ILMN_025,cg016,10.688194,16.1532,0.6616766,0.50817853
ILMN_025,cg017,-33.710377,14.640484,-2.3025453,0.021304429
ILMN_025,cg018,35.84334,16.936277,2.1163647,0.034313798
ILMN_025,cg019,1.7623142,14.503108,0.12151287,0.90328485
ILMN_025,cg020,-2.6137192,17.125063,-0.15262538,0.8786937
ILMN_025,cg021,-4.2849293,16.76534,-0.2555826,0.79827315
ILMN_025,cg022,13.7664,16.150795,0.85236675,0.3940106
ILMN_025,cg023,-23.237514,14.819976,-1.567986,0.11688441
ILMN_025,cg024,27.403893,14.814362,1.8498193,0.06433958
ILMN_025,cg025,14.503495,14.755389,0.9829287,0.32564253
ILMN_025,cg026,34.35515,15.464867,2.2214966,0.026317358
ILMN_025,cg027,-11.05946,14.958907,-0.7393227,0.45971107
ILMN_025,cg028,-11.871337,17.798044,-0.6670023,0.50477064
ILMN_025,cg029,-14.583732,18.711857,-0.77938455,0.43575323
ILMN_025,cg030,20.89071,15.21952,1.3726262,0.16986859
ILMN_025,cg031,26.537407,16.129637,1.6452576,0.0999167
ILMN_025,cg032,-9.032934,15.573065,-0.58003575,0.56189054
ILMN_025,cg033,10.616158,15.43088,0.68798137,0.49146456
ILMN_025,cg034,20.392069,17.580568,1.1599209,0.246081
ILMN_025,cg035,-4.228146,14.579203,-0.29001215,0.77180696
ILMN_025,cg036,-22.827744,15.529968,-1.4699156,0.14158458
ILMN_025,cg037,1.049637,15.546391,0.06751644,0.94617057
ILMN_025,cg038,-1.5363507,16.776104,-0.09157971,0.927032
ILMN_025,cg039,30.189,16.145157,1.8698486,0.06150484
ILMN_025,cg040,-33.46488,16.363125,-2.04514,0.040841043
ILMN_025,cg041,7.834253,16.787823,0.46666282,0.6407411
ILMN_025,cg042,5.7858753,15.029813,0.3849599,0.7002671
ILMN_025,cg043,13.922532,16.620045,0.83769524,0.4022019
ILMN_025,cg044,-18.475237,15.823985,-1.1675464,0.24298978
ILMN_025,cg045,57.49348,13.671839,4.2052484,2.6106834e-05
ILMN_025,cg046,14.656888,13.79028,1.0628419,0.28785366
ILMN_025,cg047,7.8748355,16.736324,0.4705236,0.637981
ILMN_025,cg048,-15.390541,15.106511,-1.0188018,0.3082971
ILMN_025,cg049,-14.6119995,15.916259,-0.9180549,0.35859013
ILMN_025,cg050,13.911673,14.934186,0.931532,0.3515784
ILMN_025,cg051,21.152105,16.027687,1.3197229,0.18692756
ILMN_025,cg052,-3.5166645,15.392618,-0.22846435,0.8192853
ILMN_025,cg053,-9.697172,16.513218,-0.587237,0.55704457
ILMN_025,cg054,-38.6483,15.739582,-2.4554846,0.014069498
ILMN_025,cg055,-18.007261,14.453232,-1.2458986,0.21280164
ILMN_025,cg056,-26.988646,16.832346,-1.60338,0.10885078
ILMN_025,cg057,25.486116,18.74456,1.359654,0.17393947
ILMN_025,cg058,-30.077726,14.239059,-2.1123395,0.03465736
ILMN_025,cg059,-2.6883168,15.059143,-0.17851725,0.8583168
ILMN_025,cg060,29.792156,14.750132,2.0197892,0.043405235
ILMN_025,cg061,-17.23551,14.836173,-1.1617221,0.2453484
ILMN_025,cg062,-5.217839,16.484322,-0.31653342,0.75159764
ILMN_025,cg063,-5.3686976,15.903647,-0.3375765,0.73568237
ILMN_025,cg064,-35.76036,14.94444,-2.3928874,0.016716361
ILMN_025,cg065,-7.941694,16.532127,-0.48037943,0.6309576
ILMN_025,cg066,-6.4035587,16.575655,-0.38632312,0.6992574
ILMN_025,cg067,-13.361476,15.154204,-0.88170093,0.37793857
ILMN_025,cg068,16.91275,14.8021145,1.1425902,0.25320882
ILMN_025,cg069,15.828441,15.90362,0.9952728,0.31960362
ILMN_025,cg070,-1.6705457,15.612012,-0.10700387,0.9147859
ILMN_025,cg071,6.010807,15.063411,0.3990336,0.68986845
ILMN_025,cg072,26.882193,16.095924,1.6701242,0.09489483
ILMN_025,cg073,7.9769607,14.799358,0.5390072,0.5898819
ILMN_025,cg074,-36.146633,17.587593,-2.0552347,0.039856374
ILMN_025,cg075,-15.326816,16.035267,-0.9558192,0.3391636
ILMN_025,cg076,-13.878586,18.903704,-0.7341728,0.46284342
ILMN_025,cg077,11.037966,15.89758,0.69431734,0.4874832
ILMN_025,cg078,3.2332594,17.128542,0.18876442,0.8502774
ILMN_025,cg079,-19.621304,15.292582,-1.2830603,0.19947094
ILMN_025,cg080,7.9181614,14.546941,0.54431796,0.5862227
ILMN_025,cg081,9.974972,16.715576,0.5967471,0.5506762
ILMN_025,cg082,-19.85347,15.190138,-1.3069973,0.19121361
ILMN_025,cg083,-13.46293,15.939419,-0.84463114,0.39831686
ILMN_025,cg084,27.818111,16.559565,1.6798818,0.092980325
ILMN_025,cg085,-5.9879704,16.92535,-0.3537871,0.72349846
ILMN_025,cg086,-3.305297,16.279013,-0.20304038,0.83910346
ILMN_025,cg087,23.021585,15.091631,1.5254538,0.12714595
ILMN_025,cg088,10.303016,15.16503,0.67939305,0.49688888
ILMN_025,cg089,4.768753,16.82036,0.28351074,0.7767854
ILMN_025,cg090,-5.2987356,18.599363,-0.284888,0.77572995
ILMN_025,cg091,-8.990293,15.196189,-0.59161496,0.5541085
ILMN_025,cg092,-8.6481285,15.25719,-0.5668232,0.5708343
ILMN_025,cg093,-15.632804,16.005146,-0.9767361,0.32869983
ILMN_025,cg094,1.6537917,17.466728,0.094682395,0.9245671
ILMN_025,cg095,-30.542345,16.181723,-1.8874594,0.0590986
ILMN_025,cg096,18.03733,14.888871,1.2114639,0.22571766
ILMN_025,cg097,-13.314107,16.468712,-0.8084486,0.41883236
ILMN_025,cg098,21.207888,14.947099,1.4188632,0.15593892
ILMN_025,cg099,7.654362,15.397777,0.49710828,0.61911273
ILMN_025,cg100,27.572489,17.290527,1.5946586,0.110788584
ILMN_026,cg001,0.8120749,14.405506,0.056372534,0.95504504
ILMN_026,cg002,11.258428,16.527416,0.68119705,0.4957468
ILMN_026,cg003,20.85034,15.594121,1.3370641,0.1812017
ILMN_026,cg004,-17.13042,17.069416,-1.0035739,0.31558406
ILMN_026,cg005,3.6360586,15.986515,0.22744535,0.8200775
ILMN_026,cg006,17.485823,15.417039,1.1341882,0.25671566
ILMN_026,cg007,-4.8374877,14.60899,-0.3311309,0.74054563
ILMN_026,cg008,-9.793052,15.63753,-0.62625307,0.53114897
ILMN_026,cg009,-9.168479,15.400424,-0.59533936,0.55161667
ILMN_026,cg010,1.094055,16.296396,0.06713478,0.94647443
ILMN_026,cg011,-0.7815785,15.112373,-0.051717784,0.9587536
ILMN_026,cg012,-2.1858857,16.621498,-0.13150954,0.8953723
ILMN_026,cg013,-10.509824,15.33062,-0.6855446,0.49300033
ILMN_026,cg014,13.220179,13.99728,0.94448197,0.34492344
ILMN_026,cg015,16.947239,15.457703,1.0963621,0.27292037
ILMN_026,cg016,-0.00079333555,15.610993,-5.081903e-05,0.99995947
ILMN_026,cg017,13.891866,14.729865,0.9431088,0.34562522
ILMN_026,cg018,-15.295905,16.915443,-0.9042568,0.3658592
ILMN_026,cg019,-2.5489712,13.947236,-0.18275815,0.8549878
ILMN_026,cg020,17.354933,16.276287,1.066271,0.2863012
ILMN_026,cg021,5.107482,16.119892,0.31684342,0.75136244
ILMN_026,cg022,19.81964,15.381995,1.288496,0.19757336
ILMN_026,cg023,-4.5877542,14.615183,-0.3139033,0.7535945
ILMN_026,cg024,5.7564173,14.745523,0.39038405,0.6962526
ILMN_026,cg025,17.778309,14.0994,1.2609267,0.20733523
ILMN_026,cg026,-0.3818597,15.652647,-0.024395853,0.9805369
ILMN_026,cg027,-33.686157,13.594841,-2.4778633,0.013217151
ILMN_026,cg028,-9.093098,17.14961,-0.5302218,0.5959581
ILMN_026,cg029,12.4038,18.024218,0.6881741,0.49134314
ILMN_026,cg030,-11.889595,14.832713,-0.80157924,0.42279643
ILMN_026,cg031,-9.839862,15.8984585,-0.61891925,0.53596956
ILMN_026,cg032,28.908567,14.417022,2.0051692,0.044944942
ILMN_026,cg033,-15.378937,14.745292,-1.0429727,0.29696095
ILMN_026,cg034,24.035383,16.78567,1.431899,0.15217274
ILMN_026,cg035,-22.435303,13.640709,-1.6447314,0.10002524
ILMN_026,cg036,19.952005,14.99879,1.330241,0.1834389
ILMN_026,cg037,12.022726,14.8488655,0.809673,0.41812813
ILMN_026,cg038,3.7873979,16.128185,0.234831,0.8143399
ILMN_026,cg039,21.931501,15.7809725,1.3897433,0.16460687
ILMN_026,cg040,-0.8026802,16.438705,-0.048828673,0.9610558
ILMN_026,cg041,-11.547547,16.096033,-0.71741575,0.4731176
ILMN_026,cg042,-4.101004,14.467319,-0.2834668,0.77681905
ILMN_026,cg043,-2.0183673,16.104996,-0.12532555,0.9002658
ILMN_026,cg044,28.449776,14.863896,1.9140188,0.05561775
ILMN_026,cg045,9.25183,15.412898,0.60026544,0.54832935
ILMN_026,cg046,10.637436,13.3343725,0.7977455,0.4250182
ILMN_026,cg047,3.8892725,16.126616,0.24117103,0.80942255
ILMN_026,cg048,7.452474,14.65233,0.5086204,0.61101836
ILMN_026,cg049,-2.0881472,15.445869,-0.1351913,0.89246064
ILMN_026,cg050,7.374268,14.458732,0.5100218,0.6100362
ILMN_026,cg051,-29.5208,15.090463,-1.9562554,0.050435066
ILMN_026,cg052,13.552678,14.678662,0.9232911,0.35585558
ILMN_026,cg053,-12.291545,15.839605,-0.7760007,0.43774855
ILMN_026,cg054,14.062428,15.966974,0.88071966,0.3784696
ILMN_026,cg055,-10.962428,14.041985,-0.78068936,0.43498522
ILMN_026,cg056,-0.043858383,16.636747,-0.0026362354,0.9978966
ILMN_026,cg057,-24.470991,18.03105,-1.3571584,0.1747309
ILMN_026,cg058,-2.2701294,14.341061,-0.15829578,0.8742237
ILMN_026,cg059,-13.242495,14.357757,-0.9223234,0.3563599
ILMN_026,cg060,-2.1417143,14.800056,-0.14470987,0.88493997
ILMN_026,cg061,-3.6660104,14.468159,-0.2533847,0.7999709
ILMN_026,cg062,-17.984056,15.649937,-1.1491456,0.25049597
ILMN_026,cg063,-0.23888667,15.316089,-0.015597107,0.9875558
ILMN_026,cg064,10.019383,15.171224,0.66042024,0.5089842
ILMN_026,cg065,-6.1295605,15.915904,-0.38512173,0.7001473
ILMN_026,cg066,-3.6630576,15.960282,-0.22951083,0.8184719
ILMN_026,cg067,5.9381957,14.672883,0.40470544,0.6856941
ILMN_026,cg068,5.7837195,14.413083,0.4012826,0.68821204
ILMN_026,cg069,-6.9618096,15.426883,-0.4512778,0.65178937
ILMN_026,cg070,-31.192392,14.297039,-2.181738,0.02912891
ILMN_026,cg071,20.34815,14.200585,1.4329093,0.15188378
ILMN_026,cg072,-10.707615,15.866274,-0.6748664,0.4997607
ILMN_026,cg073,-17.918312,14.033379,-1.2768352,0.20166045
ILMN_026,cg074,-21.2792,17.395912,-1.2232299,0.2212429
ILMN_026,cg075,9.188225,15.517176,0.59213257,0.55376184
ILMN_026,cg076,-10.116778,18.228136,-0.55500895,0.57888854
ILMN_026,cg077,-13.913796,15.233763,-0.91335255,0.36105716
ILMN_026,cg078,25.514174,16.046703,1.5899947,0.111836016
ILMN_026,cg079,-21.319714,14.636583,-1.4566045,0.14522558
ILMN_026,cg080,1.6202757,14.035177,0.11544391,0.9080933
ILMN_026,cg081,15.714109,15.973115,0.9837849,0.3252213
ILMN_026,cg082,18.92407,14.615765,1.2947712,0.19539917
ILMN_026,cg083,15.984253,15.269222,1.0468283,0.29517877
ILMN_026,cg084,4.320415,16.397036,0.26348758,0.7921748
ILMN_026,cg085,3.3450239,16.294605,0.20528413,0.83735013
ILMN_026,cg086,3.6775348,15.655872,0.2348981,0.81428784
ILMN_026,cg087,4.059703,14.866731,0.27307302,0.7847971
ILMN_026,cg088,-5.3580174,14.63844,-0.3660238,0.7143473
ILMN_026,cg089,-12.692756,16.084572,-0.7891261,0.43003833
ILMN_026,cg090,38.256393,16.99425,2.2511375,0.02437681
ILMN_026,cg091,-2.3413472,14.668154,-0.15962112,0.87317955
ILMN_026,cg092,-11.468061,14.629154,-0.78391826,0.43308806
ILMN_026,cg093,-28.543276,14.973458,-1.9062581,0.056616724
ILMN_026,cg094,-10.375501,16.732521,-0.62007993,0.5352052
ILMN_026,cg095,-10.232498,16.085535,-0.6361304,0.52469146
ILMN_026,cg096,-19.11342,14.272214,-1.339205,0.18050396
ILMN_026,cg097,19.476862,15.692249,1.2411772,0.2145403
ILMN_026,cg098,24.730072,14.228587,1.7380553,0.08220106
ILMN_026,cg099,12.167369,14.741582,0.8253774,0.40915734
ILMN_026,cg100,-16.490997,16.910793,-0.97517586,0.32947308
ILMN_027,cg001,-7.1411114,13.120584,-0.54426783,0.5862572
ILMN_027,cg002,-0.6994551,15.176721,-0.046087366,0.9632406
ILMN_027,cg003,6.616833,14.489773,0.4566554,0.6479187
ILMN_027,cg004,-3.0833964,15.759579,-0.19565222,0.84488237
ILMN_027,cg005,-14.123398,14.465974,-0.9763185,0.32890671
ILMN_027,cg006,-3.7960684,14.271178,-0.26599544,0.79024273
ILMN_027,cg007,-3.9228463,13.351606,-0.2938108,0.7689025
ILMN_027,cg008,3.2516055,14.340775,0.22673848,0.8206271
ILMN_027,cg009,19.6115,13.826344,1.4184154,0.15606952
ILMN_027,cg010,-2.699975,14.885422,-0.18138385,0.8560663
ILMN_027,cg011,11.388886,13.706092,0.8309361,0.40600973
ILMN_027,cg012,-7.6746845,15.147704,-0.5066566,0.61239576
ILMN_027,cg013,-8.301397,14.025653,-0.59187245,0.553936
ILMN_027,cg014,16.33736,12.686056,1.2878203,0.1978085
ILMN_027,cg015,12.659712,14.184754,0.8924872,0.37213182
ILMN_027,cg016,-1.3990548,14.262268,-0.09809483,0.921857
ILMN_027,cg017,11.750739,13.477262,0.8718937,0.3832664
ILMN_027,cg018,2.909756,15.5864935,0.18668444,0.851908
ILMN_027,cg019,4.523584,12.730752,0.3553273,0.7223444
ILMN_027,cg020,1.0620319,15.053488,0.07055055,0.94375545
ILMN_027,cg021,25.943466,14.239993,1.8218735,0.06847417
ILMN_027,cg022,-15.92699,14.11185,-1.1286253,0.25905597
ILMN_027,cg023,15.262283,13.1774235,1.1582146,0.24677652
ILMN_027,cg024,1.6873714,13.492987,0.12505543,0.9004797
ILMN_027,cg025,-13.548109,12.950208,-1.0461693,0.29548287
ILMN_027,cg026,7.8291287,14.25525,0.5492102,0.5828612
ILMN_027,cg027,16.03561,13.011561,1.2324125,0.21779507
ILMN_027,cg028,-16.395845,15.530384,-1.055727,0.291093
ILMN_027,cg029,0.9247799,16.55272,0.05586876,0.95544636
ILMN_027,cg030,16.364338,13.431984,1.2183113,0.22310567
ILMN_027,cg031,-15.072346,14.416497,-1.0454929,0.29579526
ILMN_027,cg032,7.8463807,13.687662,0.57324475,0.56647897
ILMN_027,cg033,1.7217318,13.628774,0.12633064,0.8994702
ILMN_027,cg034,13.903124,15.540525,0.8946367,0.37098134
ILMN_027,cg035,8.025019,12.770051,0.62842494,0.5297256
ILMN_027,cg036,5.4835844,13.94207,0.39331207,0.694089
ILMN_027,cg037,8.577465,13.605086,0.63046014,0.5283936
ILMN_027,cg038,-28.265911,14.143929,-1.9984484,0.045668066
ILMN_027,cg039,8.539953,14.664706,0.5823474,0.5603327
ILMN_027,cg040,-4.23484,15.007446,-0.28218257,0.77780354
ILMN_027,cg041,20.511255,14.476473,1.4168683,0.15652144
ILMN_027,cg042,-30.010345,12.468472,-2.4068985,0.016088665
ILMN_027,cg043,-2.3514287,14.713556,-0.15981376,0.8730278
ILMN_027,cg044,9.819286,14.03712,0.69952285,0.48422533
ILMN_027,cg045,-43.090664,12.629818,-3.41182,0.0006452799
ILMN_027,cg046,3.3755937,12.257501,0.27539006,0.78301656
ILMN_027,cg047,-23.878408,14.317689,-1.6677557,0.09536421
ILMN_027,cg048,5.7159395,13.398946,0.42659622,0.66967344
ILMN_027,cg049,-3.449082,14.106525,-0.24450259,0.8068416
ILMN_027,cg050,-12.875412,13.111522,-0.9819922,0.3261037
ILMN_027,cg051,-30.495958,13.627619,-2.2378054,0.025233746
ILMN_027,cg052,7.30099,13.492719,0.5411059,0.5884346
ILMN_027,cg053,-4.139787,14.554269,-0.284438,0.7760747
ILMN_027,cg054,11.024531,14.621432,0.75399804,0.45085043
ILMN_027,cg055,11.219532,12.808491,0.8759449,0.38106
ILMN_027,cg056,28.709778,14.599714,1.9664617,0.049245298
ILMN_027,cg057,-26.490154,16.341284,-1.6210572,0.10500538
ILMN_027,cg058,3.0825403,13.099109,0.23532443,0.813957
ILMN_027,cg059,0.25607398,13.239371,0.019341854,0.9845684
ILMN_027,cg060,-3.6036975,13.515443,-0.26663554,0.7897498
ILMN_027,cg061,10.084849,13.144942,0.76720375,0.44296038
ILMN_027,cg062,19.390417,14.218558,1.3637401,0.17264938
ILMN_027,cg063,4.4396043,13.979025,0.31759042,0.75079566
ILMN_027,cg064,2.5220435,13.922539,0.18114825,0.85625124
ILMN_027,cg065,-10.252483,14.48713,-0.70769596,0.47913414
ILMN_027,cg066,6.883022,14.555918,0.4728676,0.6363076
ILMN_027,cg067,23.03556,12.993902,1.7727977,0.076262236
ILMN_027,cg068,-18.908749,12.894304,-1.466442,0.14252794
ILMN_027,cg069,-15.27361,13.946054,-1.0951922,0.27343243
ILMN_027,cg070,6.1913295,13.692044,0.45218444,0.65113616
ILMN_027,cg071,27.572115,12.62301,2.1842742,0.028942108
ILMN_027,cg072,-39.845104,13.331554,-2.9887817,0.0028009415
ILMN_027,cg073,-39.10328,11.704599,-3.3408473,0.0008352399
ILMN_027,cg074,2.955105,16.145203,0.18303302,0.8547721
ILMN_027,cg075,3.9983497,14.219758,0.28118268,0.7785703
ILMN_027,cg076,-7.3356376,16.675676,-0.43990046,0.6600092
ILMN_027,cg077,-15.497247,13.857612,-1.1183202,0.2634303
ILMN_027,cg078,-8.462034,15.007604,-0.5638498,0.5728563
ILMN_027,cg079,8.897091,13.615333,0.65346116,0.513459
ILMN_027,cg080,1.4641877,12.823977,0.11417579,0.90909845
ILMN_027,cg081,-5.6253724,14.724023,-0.38205403,0.7024213
ILMN_027,cg082,13.356457,13.452206,0.9928823,0.32076734
ILMN_027,cg083,-31.179914,13.347147,-2.3360734,0.01948744
ILMN_027,cg084,-6.9534397,14.958173,-0.4648589,0.6420325
ILMN_027,cg085,14.377208,14.743584,0.97515017,0.32948577
ILMN_027,cg086,14.389481,14.1552305,1.0165486,0.3093682
ILMN_027,cg087,22.124228,13.197571,1.6763864,0.09366256
ILMN_027,cg088,7.4938216,13.348952,0.561379,0.5745392
ILMN_027,cg089,19.519056,14.513014,1.3449347,0.17864633
ILMN_027,cg090,-2.2566948,16.35722,-0.13796322,0.8902695
ILMN_027,cg091,20.876915,13.047831,1.6000296,0.10959202
ILMN_027,cg092,2.9590948,13.448566,0.2200305,0.8258474
ILMN_027,cg093,17.109613,13.985663,1.223368,0.22119075
ILMN_027,cg094,-5.920298,15.327427,-0.38625517,0.6993077
ILMN_027,cg095,7.5596046,14.719714,0.5135701,0.60755265
ILMN_027,cg096,-30.810667,12.491932,-2.4664452,0.013646185
ILMN_027,cg097,-10.992572,14.4857235,-0.7588556,0.44793892
ILMN_027,cg098,-23.596148,12.961967,-1.8204141,0.06869596
ILMN_027,cg099,0.03650514,13.568751,0.0026903832,0.9978534
ILMN_027,cg100,2.4276564,15.606181,0.15555736,0.87638193
ILMN_028,cg001,-13.418205,13.957309,-0.9613748,0.33636373
ILMN_028,cg002,21.364733,15.945915,1.3398248,0.18030232
ILMN_028,cg003,-17.096382,15.347512,-1.1139513,0.2653001
ILMN_028,cg004,-5.905947,16.862476,-0.350242,0.72615707
ILMN_028,cg005,-21.037369,15.341795,-1.3712456,0.1702984
ILMN_028,cg006,-15.450305,15.125065,-1.0215033,0.30701602
ILMN_028,cg007,12.4333935,14.194596,0.8759244,0.38107115
ILMN_028,cg008,-40.570343,14.154986,-2.866152,0.0041549206
ILMN_028,cg009,2.4068747,15.123689,0.15914601,0.8735539
ILMN_028,cg010,4.250518,15.935113,0.2667391,0.78967005
ILMN_028,cg011,-3.3329587,14.7803,-0.22550006,0.8215903
ILMN_028,cg012,15.751086,16.101208,0.978255,0.3279482
ILMN_028,cg013,-11.895513,14.975684,-0.79432184,0.4270081
ILMN_028,cg014,6.603531,13.794729,0.47869956,0.6321524
ILMN_028,cg015,4.236205,15.309572,0.27670303,0.7820082
ILMN_028,cg016,18.313828,15.035413,1.2180462,0.2232064
ILMN_028,cg017,4.692267,14.535968,0.32280388,0.7468438
ILMN_028,cg018,44.83985,15.33439,2.9241366,0.0034541488
ILMN_028,cg019,6.0115113,13.624059,0.44124234,0.6590376
ILMN_028,cg020,-28.950876,15.547264,-1.8621203,0.06258613
ILMN_028,cg021,38.216946,14.751584,2.590701,0.009578049
ILMN_028,cg022,6.737403,15.288852,0.44067422,0.65944886
ILMN_028,cg023,1.1995134,14.315734,0.08378987,0.9332235
ILMN_028,cg024,6.5224304,14.420913,0.4522897,0.65106034
ILMN_028,cg025,-3.9960737,14.020839,-0.2850096,0.7756368
ILMN_028,cg026,3.3282363,15.308951,0.21740459,0.827893
ILMN_028,cg027,8.583117,14.10643,0.60845417,0.54288626
ILMN_028,cg028,15.737229,16.672066,0.943928,0.34520644
ILMN_028,cg029,10.780085,17.656551,0.6105431,0.5415021
ILMN_028,cg030,-4.97268,14.596993,-0.34066468,0.733356
ILMN_028,cg031,-9.777552,15.555233,-0.6285699,0.52963066
ILMN_028,cg032,0.0408142,14.711242,0.0027743545,0.9977864
ILMN_028,cg033,12.938769,14.473255,0.8939778,0.37133378
ILMN_028,cg034,-2.5190866,16.783384,-0.15009408,0.8806904
ILMN_028,cg035,-18.550137,13.459754,-1.3781928,0.16814381
ILMN_028,cg036,-7.3476825,14.917236,-0.49256325,0.62232125
ILMN_028,cg037,-8.663177,14.577503,-0.594284,0.55232215
ILMN_028,cg038,-27.945127,15.244505,-1.8331279,0.06678355
ILMN_028,cg039,7.844911,15.720646,0.49901965,0.61776555
ILMN_028,cg040,-10.000569,16.0186,-0.6243098,0.5324242
ILMN_028,cg041,-11.49296,15.747545,-0.7298255,0.4654969
ILMN_028,cg042,12.43,14.05016,0.8846874,0.37632525
ILMN_028,cg043,-14.395518,15.618486,-0.9216974,0.35668647
ILMN_028,cg044,17.59918,14.88855,1.1820614,0.23718137
ILMN_028,cg045,12.451117,15.02936,0.8284529,0.40741408
ILMN_028,cg046,-8.158324,13.082963,-0.62358385,0.5329009
ILMN_028,cg047,-5.162242,15.772133,-0.32730144,0.7434399
ILMN_028,cg048,-2.992061,14.371359,-0.2081961,0.83507586
ILMN_028,cg049,-5.0099916,15.09932,-0.33180246,0.7400384
ILMN_028,cg050,-10.264878,14.107419,-0.7276227,0.46684462
ILMN_028,cg051,-23.20963,14.98274,-1.5490911,0.121359825
ILMN_028,cg052,-0.6298735,14.495818,-0.043452084,0.96534115
ILMN_028,cg053,24.299858,15.183802,1.6003804,0.10951424
ILMN_028,cg054,7.0060444,15.721579,0.44563237,0.6558628
ILMN_028,cg055,-6.226547,13.800848,-0.4511713,0.6518661
ILMN_028,cg056,-23.15054,15.917837,-1.4543772,0.14584178
ILMN_028,cg057,-5.396492,17.97625,-0.3002012,0.76402366
ILMN_028,cg058,32.883305,13.173207,2.496226,0.012552261
ILMN_028,cg059,-4.187394,14.1654825,-0.29560548,0.7675314
ILMN_028,cg060,-9.218841,14.421805,-0.6392293,0.5226738
ILMN_028,cg061,5.2807374,14.146114,0.3732995,0.7089256
ILMN_028,cg062,-10.361034,15.457015,-0.67031276,0.5026584
ILMN_028,cg063,16.037407,14.799712,1.0836296,0.27852905
ILMN_028,cg064,-22.931355,14.527587,-1.5784696,0.114457786
ILMN_028,cg065,12.787909,15.4850445,0.8258232,0.40890443
ILMN_028,cg066,0.95658004,15.62605,0.06121701,0.95118636
ILMN_028,cg067,-1.3286223,14.382185,-0.09237973,0.92639637
ILMN_028,cg068,1.8491662,14.125787,0.13090713,0.89584875
ILMN_028,cg069,4.57426,15.114136,0.30264783,0.7621583
ILMN_028,cg070,13.50826,14.560638,0.9277244,0.35355055
ILMN_028,cg071,-12.724289,14.078098,-0.9038358,0.3660825
ILMN_028,cg072,-34.85228,14.731925,-2.3657656,0.017992854
ILMN_028,cg073,-3.662848,13.962986,-0.26232556,0.79307044
ILMN_028,cg074,-16.20717,17.13135,-0.9460533,0.3441214
ILMN_028,cg075,-15.988743,15.058502,-1.0617751,0.28833783
ILMN_028,cg076,-28.348066,17.40163,-1.6290466,0.103303194
ILMN_028,cg077,22.049772,14.685836,1.5014312,0.13324404
ILMN_028,cg078,-41.81367,14.903191,-2.8056858,0.005020976
ILMN_028,cg079,22.203205,14.278562,1.5550029,0.11994535
ILMN_028,cg080,3.3418694,13.727109,0.24345034,0.8076565
ILMN_028,cg081,27.03691,15.28252,1.7691394,0.07687062
ILMN_028,cg082,-0.6671204,14.560038,-0.04581859,0.96345484
ILMN_028,cg083,-7.563869,15.077257,-0.50167406,0.6158968
ILMN_028,cg084,1.7476338,16.055162,0.10885183,0.91332
ILMN_028,cg085,7.973116,15.908823,0.5011757,0.61624753
ILMN_028,cg086,-37.351177,14.305646,-2.6109395,0.009029388
ILMN_028,cg087,-3.1491234,14.552049,-0.21640413,0.82867277
ILMN_028,cg088,-5.0883555,14.325488,-0.35519597,0.72244275
ILMN_028,cg089,-1.7979934,15.843329,-0.113485835,0.9096454
ILMN_028,cg090,2.4058294,17.518007,0.13733464,0.89076626
ILMN_028,cg091,-13.788376,14.212661,-0.9701474,0.33197302
ILMN_028,cg092,-1.1384404,14.409515,-0.07900615,0.93702775
ILMN_028,cg093,-1.7212776,15.217718,-0.113110095,0.9099433
ILMN_028,cg094,1.421843,16.440365,0.08648489,0.93108094
ILMN_028,cg095,33.47818,15.019056,2.2290468,0.025810778
ILMN_028,cg096,-14.2356,14.079975,-1.011053,0.3119911
ILMN_028,cg097,13.563552,15.481847,0.8760939,0.380979
ILMN_028,cg098,-22.602354,13.981444,-1.6165965,0.105965436
ILMN_028,cg099,-28.433159,13.913781,-2.043525,0.041000485
ILMN_028,cg100,-13.05844,16.606796,-0.7863311,0.43167353
ILMN_029,cg001,6.2679963,14.9235115,0.42000815,0.6744795
ILMN_029,cg002,9.609446,17.181915,0.55927676,0.57597286
ILMN_029,cg003,-13.454757,16.377054,-0.82156146,0.41132653
ILMN_029,cg004,-16.952795,17.734087,-0.95594406,0.33910048
ILMN_029,cg005,-14.548102,16.462696,-0.8837011,0.37685758
ILMN_029,cg006,-6.398993,16.196198,-0.3950923,0.6927748
ILMN_029,cg007,-4.2505426,15.167896,-0.28023285,0.7792989
ILMN_029,cg008,14.235492,16.163647,0.8807104,0.3784746
ILMN_029,cg009,-9.606149,15.983043,-0.6010213,0.5478258
ILMN_029,cg010,10.217692,16.847757,0.60647196,0.5442014
ILMN_029,cg011,7.195275,15.649782,0.45976835,0.6456825
ILMN_029,cg012,-7.382388,17.220451,-0.42869887,0.6681424
ILMN_029,cg013,-5.846958,15.969588,-0.3661308,0.7142675
ILMN_029,cg014,-12.111355,14.558966,-0.8318829,0.40547508
ILMN_029,cg015,-8.982704,16.197872,-0.5545608,0.57919514
ILMN_029,cg016,2.1395912,16.199694,0.13207603,0.89492416
ILMN_029,cg017,7.330085,15.397451,0.4760583,0.63403285
ILMN_029,cg018,46.5087,16.33072,2.847927,0.0044004917
ILMN_029,cg019,-11.859992,14.375227,-0.8250299,0.40935463
ILMN_029,cg020,-32.17795,16.429464,-1.9585515,0.050165355
ILMN_029,cg021,-12.196952,16.65238,-0.73244494,0.46389705
ILMN_029,cg022,-9.90238,16.184916,-0.61182773,0.54065174
ILMN_029,cg023,-5.1458354,15.166479,-0.33929005,0.7343912
ILMN_029,cg024,-31.589535,14.605132,-2.1629064,0.030548394
ILMN_029,cg025,-15.281608,14.7131,-1.0386395,0.29897243
ILMN_029,cg026,-19.564577,15.987956,-1.2237072,0.22106272
ILMN_029,cg027,13.179626,14.896158,0.8847668,0.37628245
ILMN_029,cg028,-4.0741754,17.843908,-0.22832304,0.8193951
ILMN_029,cg029,-6.202519,18.781271,-0.33025023,0.74121094
ILMN_029,cg030,-6.6697326,15.470905,-0.43111455,0.66638505
ILMN_029,cg031,-5.0831313,16.55273,-0.30708718,0.758777
ILMN_029,cg032,7.1433487,15.568206,0.45884213,0.6463475
ILMN_029,cg033,-0.38572964,15.48404,-0.024911433,0.9801256
ILMN_029,cg034,-13.070312,17.701418,-0.73837656,0.46028566
ILMN_029,cg035,6.041797,14.540876,0.41550434,0.67777276
ILMN_029,cg036,-7.6907763,15.823374,-0.48603898,0.62693954
ILMN_029,cg037,19.217045,15.260368,1.2592779,0.20792997
ILMN_029,cg038,-27.025665,16.26871,-1.6612053,0.09667224
ILMN_029,cg039,-21.993063,16.402037,-1.340874,0.17996138
ILMN_029,cg040,18.3124,16.847311,1.0869628,0.27705324
ILMN_029,cg041,-13.753472,16.676554,-0.8247191,0.40953112
ILMN_029,cg042,4.603059,15.013514,0.30659437,0.7591522
ILMN_029,cg043,-11.544316,16.631474,-0.6941247,0.48760402
ILMN_029,cg044,29.08292,15.445727,1.8829104,0.05971253
ILMN_029,cg045,-9.0844,16.003738,-0.5676424,0.5702778
ILMN_029,cg046,-15.289815,13.751693,-1.1118497,0.2662028
ILMN_029,cg047,10.452419,16.67746,0.62673926,0.53083014
ILMN_029,cg048,22.319376,14.891179,1.498832,0.13391721
ILMN_029,cg049,-9.019937,15.979319,-0.56447566,0.5724305
ILMN_029,cg050,-4.6685314,15.033446,-0.310543,0.7561481
ILMN_029,cg051,8.443682,16.253395,0.51950264,0.60341024
ILMN_029,cg052,-19.3864,15.107585,-1.283223,0.19941396
ILMN_029,cg053,24.37554,16.152288,1.5091075,0.1312713
ILMN_029,cg054,5.786537,16.689587,0.34671542,0.7288051
ILMN_029,cg055,-7.603875,14.62761,-0.5198303,0.60318184
ILMN_029,cg056,5.658513,17.247238,0.32808226,0.74284947
ILMN_029,cg057,-3.1459,19.07992,-0.16488014,0.86903834
ILMN_029,cg058,-16.108253,14.698095,-1.0959415,0.27310437
ILMN_029,cg059,5.0946593,15.0204115,0.3391824,0.7344723
ILMN_029,cg060,-6.339852,15.336122,-0.41339344,0.67931837
ILMN_029,cg061,15.073618,14.861825,1.0142508,0.31046313
ILMN_029,cg062,-9.902532,16.40986,-0.60345006,0.54620934
ILMN_029,cg063,-11.846705,15.800469,-0.7497692,0.45339376
ILMN_029,cg064,2.7234478,15.8157015,0.172199,0.8632811
ILMN_029,cg065,10.449907,16.473953,0.6343291,0.5258661
ILMN_029,cg066,4.041383,16.564062,0.24398501,0.80724245
ILMN_029,cg067,-6.8950667,15.222272,-0.45295912,0.6505782
ILMN_029,cg068,-5.804003,14.961152,-0.38793823,0.69806176
ILMN_029,cg069,0.12121574,16.047071,0.007553761,0.993973
ILMN_029,cg070,-4.0320225,15.576521,-0.25885257,0.795749
ILMN_029,cg071,6.638463,15.03241,0.44161004,0.6587714
ILMN_029,cg072,-37.95914,15.573922,-2.4373527,0.014795244
ILMN_029,cg073,15.175924,14.651332,1.0358051,0.3002931
ILMN_029,cg074,45.84494,17.056057,2.687898,0.0071903467
ILMN_029,cg075,-2.737818,16.161615,-0.1694025,0.86548007
ILMN_029,cg076,-1.4408764,18.981169,-0.07591084,0.93949
ILMN_029,cg077,13.39349,15.831271,0.8460148,0.3975445
ILMN_029,cg078,-16.74311,16.927477,-0.98910844,0.32261014
ILMN_029,cg079,11.212763,15.449609,0.72576356,0.46798378
ILMN_029,cg080,11.8214855,14.464689,0.8172651,0.41377693
ILMN_029,cg081,-14.923056,16.606987,-0.89860106,0.3688652
ILMN_029,cg082,-8.808788,15.389052,-0.5724062,0.5670469
ILMN_029,cg083,9.596919,15.973149,0.6008157,0.5479627
ILMN_029,cg084,-55.723866,14.91867,-3.7351766,0.00018757582
ILMN_029,cg085,19.035543,16.685633,1.1408343,0.25393885
ILMN_029,cg086,-1.8805228,16.256723,-0.11567662,0.90790886
ILMN_029,cg087,10.210898,15.36923,0.6643728,0.5064517
ILMN_029,cg088,10.193374,15.141044,0.67322797,0.5008023
ILMN_029,cg089,8.71715,16.757698,0.5201878,0.6029327
ILMN_029,cg090,-32.266525,17.965414,-1.7960358,0.072488844
ILMN_029,cg091,-1.9935195,15.225563,-0.1309324,0.8958288
ILMN_029,cg092,4.3065166,15.271599,0.28199515,0.77794725
ILMN_029,cg093,-6.2040515,16.117302,-0.38493115,0.7002884
ILMN_029,cg094,24.183813,17.070816,1.4166759,0.1565777
ILMN_029,cg095,-7.2319818,16.734632,-0.4321566,0.6656276
ILMN_029,cg096,27.529825,14.54343,1.892939,0.058366
ILMN_029,cg097,11.82112,16.46559,0.71792877,0.4728012
ILMN_029,cg098,-38.399548,14.154852,-2.7128189,0.006671369
ILMN_029,cg099,-27.289778,14.878821,-1.8341358,0.06663382
ILMN_029,cg100,17.455185,17.544579,0.99490476,0.3197826
ILMN_030,cg001,-3.0935135,12.050343,-0.2567158,0.7973982
ILMN_030,cg002,-15.030223,13.726631,-1.0949681,0.27353066
ILMN_030,cg003,-6.985133,13.264835,-0.5265903,0.59847814
ILMN_030,cg004,-16.63276,14.2343235,-1.1684966,0.24260652
ILMN_030,cg005,-23.206785,12.944928,-1.7927319,0.07301581
ILMN_030,cg006,7.054546,13.043084,0.5408649,0.58860075
ILMN_030,cg007,-4.325082,12.226833,-0.35373688,0.72353613
ILMN_030,cg008,-11.519163,13.035359,-0.8836859,0.3768658
ILMN_030,cg009,16.506136,12.710045,1.2986686,0.1940577
ILMN_030,cg010,-20.694698,13.296438,-1.5564091,0.119610846
ILMN_030,cg011,-0.97581255,12.649808,-0.0771405,0.9385118
ILMN_030,cg012,2.4627802,13.911393,0.17703333,0.8594822
ILMN_030,cg013,1.3408233,12.896822,0.1039654,0.9171968
ILMN_030,cg014,0.12759192,11.829885,0.010785559,0.9913945
ILMN_030,cg015,-12.145875,12.984379,-0.9354221,0.3495708
ILMN_030,cg016,17.2076,12.818982,1.342353,0.17948157
ILMN_030,cg017,-10.7057085,12.348225,-0.8669836,0.38595098
ILMN_030,cg018,6.643102,14.251245,0.4661419,0.64111394
ILMN_030,cg019,-1.102517,11.678052,-0.094409324,0.924784
ILMN_030,cg020,5.5320325,13.767753,0.40181085,0.68782324
ILMN_030,cg021,32.21555,12.645699,2.54755,0.010848224
ILMN_030,cg022,-6.125173,13.075099,-0.46846095,0.63945496
ILMN_030,cg023,5.231762,12.222849,0.4280313,0.66862833
ILMN_030,cg024,5.3974395,12.337966,0.4374659,0.6617735
ILMN_030,cg025,5.512286,11.977009,0.46023896,0.64534473
ILMN_030,cg026,-27.651865,12.452136,-2.2206523,0.026374519
ILMN_030,cg027,-8.9820795,12.04305,-0.74583095,0.45576954
ILMN_030,cg028,-15.284727,14.221942,-1.0747286,0.28249627
ILMN_030,cg029,6.164848,15.137905,0.40724578,0.6838275
ILMN_030,cg030,-12.405832,12.368048,-1.003055,0.31583434
ILMN_030,cg031,-1.7208855,13.36116,-0.1287976,0.8975178
ILMN_030,cg032,21.817568,12.166484,1.7932518,0.07293266
ILMN_030,cg033,-12.79756,12.344695,-1.036685,0.2998827
ILMN_030,cg034,-8.417399,14.30694,-0.5883438,0.5563016
ILMN_030,cg035,-8.6614,11.679695,-0.74157757,0.45834333
ILMN_030,cg036,-7.4601727,12.747019,-0.5852484,0.5583807
ILMN_030,cg037,-9.680453,12.436301,-0.7784029,0.4363315
ILMN_030,cg038,-6.9499607,13.469742,-0.5159684,0.6058765
ILMN_030,cg039,-16.99649,13.24949,-1.2828034,0.19956094
ILMN_030,cg040,8.75454,13.700189,0.63900876,0.52281725
ILMN_030,cg041,3.3137493,13.540014,0.2447375,0.8066597
ILMN_030,cg042,2.8383675,12.113642,0.23431166,0.81474304
ILMN_030,cg043,-4.88624,13.464203,-0.362906,0.7166751
ILMN_030,cg044,25.28337,12.37911,2.042422,0.04110968
ILMN_030,cg045,-6.151667,12.920456,-0.47611842,0.63399005
ILMN_030,cg046,-11.414889,11.1121435,-1.0272446,0.30430532
ILMN_030,cg047,2.030404,13.504476,0.15035045,0.88048816
ILMN_030,cg048,35.915627,11.101275,3.2352703,0.0012152791
ILMN_030,cg049,19.203814,12.618211,1.5219126,0.12803102
ILMN_030,cg050,10.437857,12.039315,0.8669809,0.38595247
ILMN_030,cg051,-18.044262,12.874864,-1.401511,0.16106135
ILMN_030,cg052,0.7268354,12.400073,0.058615416,0.95325845
ILMN_030,cg053,-19.13012,13.044041,-1.4665792,0.14249057
ILMN_030,cg054,-0.64512324,13.477507,-0.04786666,0.9618225
ILMN_030,cg055,-7.590722,11.778818,-0.6444383,0.5192913
ILMN_030,cg056,10.251596,13.844011,0.74050766,0.458992
ILMN_030,cg057,7.303734,15.3549185,0.47566086,0.63431597
ILMN_030,cg058,-2.3940144,12.002688,-0.19945651,0.84190565
ILMN_030,cg059,23.083313,11.641913,1.9827765,0.04739237
ILMN_030,cg060,-23.637424,11.891449,-1.9877665,0.04683751
ILMN_030,cg061,4.3824472,12.10221,0.3621196,0.7172627
ILMN_030,cg062,-2.7661197,13.280687,-0.20828137,0.8350093
ILMN_030,cg063,9.27097,12.74774,0.72726387,0.46706432
ILMN_030,cg064,-12.597046,12.623679,-0.99789023,0.3183326
ILMN_030,cg065,13.332725,13.19875,1.0101506,0.31242317
ILMN_030,cg066,6.812113,13.329886,0.51104057,0.60932267
ILMN_030,cg067,6.54698,12.266293,0.5337375,0.59352314
ILMN_030,cg068,-6.9594283,12.042356,-0.57791257,0.56332314
ILMN_030,cg069,3.4692345,12.93197,0.26826808,0.788493
ILMN_030,cg070,12.085947,12.444783,0.9711657,0.33146578
ILMN_030,cg071,14.622619,11.956588,1.2229759,0.22133881
ILMN_030,cg072,-23.348726,12.895306,-1.8106377,0.07019693
ILMN_030,cg073,-9.332495,11.873946,-0.785964,0.43188858
ILMN_030,cg074,3.7160947,14.7865505,0.25131586,0.80156994
ILMN_030,cg075,-9.56209,12.962071,-0.73769766,0.4606982
ILMN_030,cg076,-17.182169,15.098338,-1.1380172,0.2551133
ILMN_030,cg077,-17.668468,12.600505,-1.4022032,0.16085458
ILMN_030,cg078,-41.691467,12.351439,-3.375434,0.00073701143
ILMN_030,cg079,3.8113897,12.518745,0.3044546,0.7607816
ILMN_030,cg080,11.538115,11.626459,0.9924014,0.32100177
ILMN_030,cg081,-5.981997,13.4818735,-0.44370666,0.6572547
ILMN_030,cg082,3.575921,12.444338,0.28735325,0.77384186
ILMN_030,cg083,-0.9808771,12.932095,-0.07584828,0.9395398
ILMN_030,cg084,-0.2854116,13.735909,-0.0207785,0.98342234
ILMN_030,cg085,12.668214,13.517691,0.93715817,0.34867722
ILMN_030,cg086,-7.4271817,13.067262,-0.5683809,0.56977636
ILMN_030,cg087,9.17356,12.381058,0.7409351,0.45873278
ILMN_030,cg088,3.8336234,12.258344,0.31273583,0.7544814
ILMN_030,cg089,10.881453,13.459609,0.80845237,0.41883022
ILMN_030,cg090,14.407299,14.837361,0.9710149,0.33154082
ILMN_030,cg091,12.526302,12.142149,1.031638,0.30224174
ILMN_030,cg092,-11.383069,12.212505,-0.932083,0.35129362
ILMN_030,cg093,0.32035378,13.019548,0.024605598,0.98036957
ILMN_030,cg094,-21.363682,13.70761,-1.5585271,0.11910838
ILMN_030,cg095,23.262102,13.081824,1.7782001,0.07537097
ILMN_030,cg096,-8.953494,12.105882,-0.7395987,0.45954353
ILMN_030,cg097,-2.7475317,13.347657,-0.20584373,0.836913
ILMN_030,cg098,-7.97367,12.238986,-0.6514976,0.5147253
ILMN_030,cg099,-7.646388,12.379686,-0.61765605,0.53680205
ILMN_030,cg100,2.982407,14.294491,0.20864032,0.834729
ILMN_031,cg001,-16.339495,13.106168,-1.2467027,0.21250653
ILMN_031,cg002,13.415321,15.23715,0.88043505,0.37862366
ILMN_031,cg003,-16.645779,14.496106,-1.1482931,0.25084758
ILMN_031,cg004,4.0094094,15.950405,0.25136724,0.8015302
ILMN_031,cg005,23.980604,14.367382,1.6691005,0.09509748
ILMN_031,cg006,-21.127232,14.119458,-1.4963202,0.13457024
ILMN_031,cg007,12.076812,13.41192,0.9004536,0.3678789
ILMN_031,cg008,-10.227713,14.447972,-0.7078995,0.47900766
ILMN_031,cg009,-4.015406,14.288115,-0.28103122,0.77868646
ILMN_031,cg010,-23.669994,14.665593,-1.6139814,0.10653144
ILMN_031,cg011,-13.590632,13.835195,-0.98232317,0.32594067
ILMN_031,cg012,-3.4046474,15.369802,-0.22151536,0.8246912
ILMN_031,cg013,-19.508945,13.960025,-1.3974864,0.16226733
ILMN_031,cg014,0.91964966,13.071909,0.07035313,0.9439126
ILMN_031,cg015,26.367035,13.95272,1.8897417,0.05879253
ILMN_031,cg016,15.263422,14.263937,1.0700707,0.2845875
ILMN_031,cg017,7.2900324,13.714365,0.5315618,0.59502953
ILMN_031,cg018,-9.874329,15.718184,-0.6282105,0.5298661
ILMN_031,cg019,-0.18411174,12.906035,-0.014265554,0.98861814
ILMN_031,cg020,-12.379927,15.131008,-0.8181825,0.41325295
ILMN_031,cg021,-12.229058,14.818082,-0.8252794,0.409213
ILMN_031,cg022,14.16215,14.331726,0.9881678,0.32307047
ILMN_031,cg023,-3.4846442,13.523955,-0.25766456,0.7966658
ILMN_031,cg024,22.127588,13.267122,1.6678513,0.09534526
ILMN_031,cg025,-17.496792,13.012352,-1.3446294,0.17874497
ILMN_031,cg026,-9.206268,14.4152355,-0.6386485,0.5230516
ILMN_031,cg027,-5.8224697,13.360826,-0.43578666,0.6629915
ILMN_031,cg028,-1.4743185,15.910538,-0.09266302,0.9261713
ILMN_031,cg029,14.173217,16.627445,0.85239893,0.39399272
ILMN_031,cg030,-9.058914,13.751234,-0.658771,0.51004285
ILMN_031,cg031,11.068626,14.676939,0.75415087,0.45075864
ILMN_031,cg032,-11.085885,13.8101635,-0.8027338,0.42212862
ILMN_031,cg033,7.7807913,13.752154,0.5657871,0.57153857
ILMN_031,cg034,8.942801,15.814363,0.5654861,0.5717432
ILMN_031,cg035,11.124209,12.879534,0.86371213,0.3877461
ILMN_031,cg036,10.742729,14.049415,0.7646389,0.44448662
ILMN_031,cg037,-2.603196,13.827602,-0.18826082,0.8506722
ILMN_031,cg038,3.5126019,14.918741,0.23544894,0.8138603
ILMN_031,cg039,-5.3734703,14.879835,-0.3611243,0.7180065
ILMN_031,cg040,-32.83088,14.415382,-2.2774894,0.022756994
ILMN_031,cg041,-34.083576,14.103543,-2.4166677,0.015663326
ILMN_031,cg042,8.183234,13.339692,0.61345,0.5395788
ILMN_031,cg043,18.273281,14.6542635,1.24696,0.21241218
ILMN_031,cg044,-0.17590293,14.286295,-0.012312705,0.99017614
ILMN_031,cg045,9.626713,14.242314,0.67592335,0.4990893
ILMN_031,cg046,7.579063,12.369126,0.61274034,0.54004806
ILMN_031,cg047,-6.0299926,14.900263,-0.40469036,0.6857052
ILMN_031,cg048,21.316896,13.223265,1.6120752,0.106945574
ILMN_031,cg049,-4.6660995,14.273905,-0.3268972,0.7437457
ILMN_031,cg050,26.205215,12.843706,2.0403156,0.041318893
ILMN_031,cg051,13.03094,14.400326,0.9049059,0.36551523
ILMN_031,cg052,15.763836,13.504642,1.1672902,0.2430932
ILMN_031,cg053,24.170086,14.310382,1.6889896,0.09122145
ILMN_031,cg054,6.855011,14.859336,0.46132687,0.64456415
ILMN_031,cg055,4.0848193,13.06091,0.3127515,0.75446945
ILMN_031,cg056,-17.09245,15.181465,-1.1258761,0.26021802
ILMN_031,cg057,-18.881676,16.780235,-1.125233,0.2604903
ILMN_031,cg058,18.295578,12.992199,1.4081972,0.1590727
ILMN_031,cg059,8.265469,13.34784,0.6192364,0.53576064
ILMN_031,cg060,-15.598585,13.498843,-1.1555498,0.24786538
ILMN_031,cg061,13.945535,13.233796,1.0537819,0.29198277
ILMN_031,cg062,-10.305031,14.603894,-0.70563585,0.48041463
ILMN_031,cg063,6.1913137,14.138185,0.43791434,0.66144836
ILMN_031,cg064,-17.44209,13.863448,-1.258135,0.20834297
ILMN_031,cg065,-7.403304,14.705686,-0.50343144,0.614661
ILMN_031,cg066,6.58216,14.740011,0.44655055,0.65519965
ILMN_031,cg067,2.5854237,13.59141,0.19022484,0.84913296
ILMN_031,cg068,-9.754561,13.277944,-0.734644,0.4625563
ILMN_031,cg069,2.0179884,14.298532,0.14113256,0.8877652
ILMN_031,cg070,-19.355806,13.596067,-1.4236327,0.15455282
ILMN_031,cg071,-9.695123,13.349375,-0.7262604,0.46767914
ILMN_031,cg072,-5.577283,14.72605,-0.37873584,0.70488405
ILMN_031,cg073,-1.8321487,13.206332,-0.1387326,0.88966143
ILMN_031,cg074,18.85723,16.11295,1.1703151,0.24187416
ILMN_031,cg075,8.845922,14.349043,0.6164817,0.5375767
ILMN_031,cg076,-3.7122636,16.908775,-0.21954657,0.8262243
ILMN_031,cg077,-12.58508,14.097036,-0.8927465,0.37199295
ILMN_031,cg078,27.885736,14.68098,1.8994466,0.057505786
ILMN_031,cg079,-12.3450575,13.727607,-0.8992869,0.36849988
ILMN_031,cg080,-6.4086056,12.950182,-0.49486607,0.62069464
ILMN_031,cg081,20.582539,14.618292,1.4079989,0.15913141
ILMN_031,cg082,-1.616521,13.761869,-0.11746377,0.9064926
ILMN_031,cg083,12.340871,14.1751795,0.8705971,0.3839742
ILMN_031,cg084,6.390053,15.149649,0.42179546,0.6731743
ILMN_031,cg085,10.742173,14.996222,0.71632534,0.47379053
ILMN_031,cg086,-6.9004846,14.454812,-0.4773832,0.6330893
ILMN_031,cg087,-7.0975604,13.723225,-0.5171933,0.60502124
ILMN_031,cg088,-6.344018,13.528157,-0.46894917,0.639106
ILMN_031,cg089,17.65124,14.750989,1.1966139,0.23145711
ILMN_031,cg090,-4.5565524,16.549555,-0.2753278,0.7830644
ILMN_031,cg091,-13.072192,13.434442,-0.97303575,0.33053553
ILMN_031,cg092,31.137169,12.825335,2.427786,0.015191317
ILMN_031,cg093,4.503771,14.371994,0.31337133,0.7539986
ILMN_031,cg094,15.96946,15.362972,1.0394772,0.29858285
ILMN_031,cg095,-26.533472,14.423501,-1.8396,0.06582701
ILMN_031,cg096,-17.353804,13.2114,-1.3135476,0.18899852
ILMN_031,cg097,-10.050023,14.682013,-0.6845126,0.4936515
ILMN_031,cg098,16.156885,13.376461,1.2078595,0.22710133
ILMN_031,cg099,16.426338,13.521572,1.2148246,0.224433
ILMN_031,cg100,-21.038979,15.496143,-1.3576913,0.17456168
ILMN_032,cg001,-8.901623,12.226027,-0.72808796,0.4665597
ILMN_032,cg002,5.4329515,14.155334,0.38380948,0.70111966
ILMN_032,cg003,-1.013158,13.56575,-0.07468499,0.94046533
ILMN_032,cg004,23.201994,14.325466,1.6196327,0.105311215
ILMN_032,cg005,0.5517347,13.652748,0.040411986,0.9677647
ILMN_032,cg006,-0.9824332,13.341186,-0.073639125,0.94129753
ILMN_032,cg007,1.0837094,12.483359,0.08681232,0.9308207
ILMN_032,cg008,9.174875,13.335786,0.6879891,0.49145967
ILMN_032,cg009,3.019917,13.18809,0.2289882,0.8188781
ILMN_032,cg010,12.392395,13.78998,0.89865214,0.36883795
ILMN_032,cg011,5.1825237,12.876918,0.40246618,0.687341
ILMN_032,cg012,-8.877496,14.129479,-0.628296,0.5298101
ILMN_032,cg013,13.670441,12.99679,1.0518321,0.2928766
ILMN_032,cg014,17.09329,11.7964735,1.4490169,0.14733285
ILMN_032,cg015,-20.019493,13.035205,-1.535802,0.12458694
ILMN_032,cg016,-4.413824,13.308891,-0.33164477,0.7401575
ILMN_032,cg017,26.44542,12.079978,2.1891944,0.028582692
ILMN_032,cg018,5.458507,14.543715,0.37531725,0.7074245
ILMN_032,cg019,-1.7640591,11.90617,-0.14816344,0.8822138
ILMN_032,cg020,0.52925575,14.063077,0.03763442,0.96997917
ILMN_032,cg021,0.88415295,13.773553,0.06419208,0.94881725
ILMN_032,cg022,7.8548217,13.313884,0.58997226,0.5552093
ILMN_032,cg023,0.9000898,12.487465,0.072079465,0.9425387
ILMN_032,cg024,-16.743898,12.362814,-1.354376,0.1756165
ILMN_032,cg025,-12.878171,12.092616,-1.0649616,0.28689337
ILMN_032,cg026,16.827496,13.128038,1.2817981,0.1999135
ILMN_032,cg027,4.3928366,12.337073,0.35606796,0.7217897
ILMN_032,cg028,-4.818969,14.665544,-0.32859123,0.74246466
ILMN_032,cg029,5.804523,15.439895,0.37594318,0.7069591
ILMN_032,cg030,-2.7478209,12.742164,-0.2156479,0.8292622
ILMN_032,cg031,-3.2489076,13.618121,-0.23857237,0.8114372
ILMN_032,cg032,3.4845572,12.821919,0.27176565,0.78580225
ILMN_032,cg033,-6.1814227,12.701157,-0.48668188,0.6264838
ILMN_032,cg034,47.400066,12.867882,3.6835952,0.00022995472
ILMN_032,cg035,1.0881603,11.979436,0.09083568,0.92762315
ILMN_032,cg036,0.36451426,13.04605,0.027940584,0.97770953
ILMN_032,cg037,2.5782394,12.75861,0.2020784,0.83985543
ILMN_032,cg038,-12.15362,13.657434,-0.8898904,0.37352479
ILMN_032,cg039,3.3245497,13.74101,0.24194363,0.8088238
ILMN_032,cg040,-4.462512,14.016217,-0.31838205,0.75019515
ILMN_032,cg041,31.582829,13.007009,2.4281392,0.015176535
ILMN_032,cg042,-11.031494,12.251895,-0.90039086,0.3679123
ILMN_032,cg043,7.0776978,13.709136,0.516276,0.60566163
ILMN_032,cg044,7.315805,13.138429,0.556825,0.577647
ILMN_032,cg045,-22.763977,12.773532,-1.7821208,0.07472956
ILMN_032,cg046,0.12564369,11.460024,0.0109636495,0.9912524
ILMN_032,cg047,-16.458899,13.55814,-1.2139496,0.22476703
ILMN_032,cg048,8.702752,12.475828,0.6975691,0.48544675
ILMN_032,cg049,-14.057806,13.022551,-1.0794971,0.28036618
ILMN_032,cg050,-0.9012805,12.375408,-0.072828345,0.9419427
ILMN_032,cg051,13.594918,13.254877,1.0256541,0.30505466
ILMN_032,cg052,5.980443,12.613775,0.47412,0.63541436
ILMN_032,cg053,22.854277,13.184325,1.733443,0.08301693
ILMN_032,cg054,-4.1178827,13.729649,-0.2999263,0.76423335
ILMN_032,cg055,8.188101,12.004146,0.6821061,0.4951719
ILMN_032,cg056,5.1627655,14.179912,0.3640901,0.71579075
ILMN_032,cg057,-13.275898,15.573,-0.8524946,0.3939396
ILMN_032,cg058,-5.49188,12.217368,-0.44951415,0.6530608
ILMN_032,cg059,-10.2194,12.275761,-0.83248615,0.40513462
ILMN_032,cg060,-6.864465,12.59489,-0.54501987,0.58573985
ILMN_032,cg061,2.1320295,12.353941,0.1725789,0.86298245
ILMN_032,cg062,-14.677081,13.374473,-1.0973952,0.2724687
ILMN_032,cg063,6.0862913,13.042274,0.46665874,0.6407441
ILMN_032,cg064,-1.80809,13.00794,-0.13899894,0.88945097
ILMN_032,cg065,-6.626529,13.571812,-0.48825678,0.625368
ILMN_032,cg066,-6.0202575,13.601793,-0.44260764,0.6580496
ILMN_032,cg067,23.850693,12.043434,1.9803897,0.047659755
ILMN_032,cg068,9.363383,12.246255,0.7645916,0.4445148
ILMN_032,cg069,-23.380608,12.738552,-1.8354211,0.066443324
ILMN_032,cg070,-2.009728,12.815683,-0.15681785,0.8753884
ILMN_032,cg071,0.85121274,12.387858,0.06871347,0.94521767
ILMN_032,cg072,-26.120785,13.053267,-2.0010917,0.0453825
ILMN_032,cg073,-13.130317,12.033903,-1.0911103,0.27522433
ILMN_032,cg074,9.763623,15.01904,0.65008307,0.5156386
ILMN_032,cg075,-1.460252,13.293352,-0.10984829,0.9125297
ILMN_032,cg076,4.899686,15.593941,0.31420445,0.75336576
ILMN_032,cg077,3.1980255,13.111705,0.24390616,0.8073035
ILMN_032,cg078,-4.3237305,14.053583,-0.30766037,0.7583408
ILMN_032,cg079,0.42462885,12.777795,0.03323178,0.97348976
ILMN_032,cg080,0.37871206,11.981357,0.031608444,0.9747843
ILMN_032,cg081,3.6248162,13.7661915,0.26331294,0.7923094
ILMN_032,cg082,3.8562186,12.687873,0.30392948,0.7611816
ILMN_032,cg083,-31.090425,12.365039,-2.5143816,0.011924148
ILMN_032,cg084,-1.8429816,14.00364,-0.13160732,0.8952949
ILMN_032,cg085,12.259609,13.796752,0.88858664,0.37422526
ILMN_032,cg086,15.716708,13.168777,1.1934828,0.23268038
ILMN_032,cg087,12.027464,12.575386,0.956429,0.33885556
ILMN_032,cg088,8.170732,12.454721,0.6560349,0.5118017
ILMN_032,cg089,8.806737,13.760503,0.6400011,0.52217185
ILMN_032,cg090,-4.9873195,15.265903,-0.32669663,0.7438973
ILMN_032,cg091,21.236256,12.12576,1.751334,0.0798884
ILMN_032,cg092,7.1688843,12.525352,0.57234997,0.5670849
ILMN_032,cg093,16.764967,13.043689,1.2852933,0.19868982
ILMN_032,cg094,31.56929,13.565286,2.3272116,0.019954026
ILMN_032,cg095,9.116208,13.724435,0.66423196,0.50654185
ILMN_032,cg096,-1.7934899,12.414468,-0.14446773,0.8851311
ILMN_032,cg097,11.56409,13.509412,0.85600245,0.39199644
ILMN_032,cg098,-14.584883,12.351475,-1.1808212,0.23767376
ILMN_032,cg099,10.557082,12.579599,0.83922243,0.40134454
ILMN_032,cg100,18.04378,14.337946,1.2584634,0.20822424
ILMN_033,cg001,2.9571176,13.326591,0.22189604,0.8243948
ILMN_033,cg002,27.3808,14.8346815,1.8457289,0.06493157
ILMN_033,cg003,-6.675623,14.678234,-0.45479742,0.649255
ILMN_033,cg004,2.3175502,15.96725,0.14514399,0.8845972
ILMN_033,cg005,9.002906,14.745278,0.61056197,0.5414896
ILMN_033,cg006,-15.012153,14.297329,-1.049997,0.29371953
ILMN_033,cg007,23.436987,13.089241,1.7905536,0.07336497
ILMN_033,cg008,-7.277542,14.495489,-0.50205564,0.61562836
ILMN_033,cg009,9.311417,14.242917,0.6537577,0.51326793
ILMN_033,cg010,1.9918164,15.081285,0.13207206,0.89492726
ILMN_033,cg011,-1.8939283,13.985131,-0.13542442,0.8922763
ILMN_033,cg012,6.47083,15.357593,0.42134404,0.6735039
ILMN_033,cg013,-6.563461,14.228945,-0.4612753,0.6446011
ILMN_033,cg014,-3.3443165,13.071137,-0.25585505,0.79806274
ILMN_033,cg015,-10.001627,14.417642,-0.6937076,0.48786563
ILMN_033,cg016,-11.540326,14.348481,-0.80428904,0.42123008
ILMN_033,cg017,17.133965,13.530839,1.2662898,0.20540935
ILMN_033,cg018,-10.675934,15.716281,-0.67929137,0.4969533
ILMN_033,cg019,1.1963677,12.912581,0.09265132,0.9261806
ILMN_033,cg020,10.697806,15.168037,0.70528615,0.4806322
ILMN_033,cg021,-12.694591,14.818571,-0.85666764,0.39162856
ILMN_033,cg022,-21.897379,14.127483,-1.5499845,0.12114525
ILMN_033,cg023,0.3641544,13.541703,0.026891328,0.9785464
ILMN_033,cg024,22.33662,13.267928,1.6835048,0.09227741
ILMN_033,cg025,-20.171442,12.936062,-1.5593187,0.11892098
ILMN_033,cg026,3.2495804,14.479741,0.22442254,0.8224285
ILMN_033,cg027,5.958346,13.367552,0.44573203,0.6557908
ILMN_033,cg028,12.172197,15.820069,0.7694149,0.44164705
ILMN_033,cg029,-19.291346,16.525274,-1.1673843,0.24305522
ILMN_033,cg030,-0.13007478,13.824203,-0.009409207,0.9924927
ILMN_033,cg031,-8.436228,14.723782,-0.5729661,0.5666677
ILMN_033,cg032,5.0568666,13.894886,0.36393726,0.7159049
ILMN_033,cg033,-20.56962,13.470998,-1.526956,0.12677199
ILMN_033,cg034,1.3493259,15.877483,0.08498361,0.9322744
ILMN_033,cg035,11.59345,12.878371,0.9002264,0.3679998
ILMN_033,cg036,1.6456865,14.144798,0.1163457,0.90737855
ILMN_033,cg037,15.452665,13.652398,1.1318645,0.25769138
ILMN_033,cg038,-8.633454,14.88232,-0.5801148,0.5618372
ILMN_033,cg039,0.24344347,14.909786,0.016327765,0.9869729
ILMN_033,cg040,-11.542312,15.120045,-0.76337814,0.44523793
ILMN_033,cg041,-3.3862417,14.972747,-0.22616035,0.8210767
ILMN_033,cg042,-27.63275,12.767875,-2.1642404,0.030445933
ILMN_033,cg043,0.82979417,14.908294,0.0556599,0.9556127
ILMN_033,cg044,-5.493352,14.271902,-0.3849068,0.7003065
ILMN_033,cg045,-18.558947,14.057584,-1.3202089,0.18676531
ILMN_033,cg046,-8.255275,12.367181,-0.6675147,0.5044434
ILMN_033,cg047,-18.73485,14.678035,-1.2763869,0.20181876
ILMN_033,cg048,16.55556,13.378937,1.2374346,0.21592581
ILMN_033,cg049,1.858554,14.296399,0.13000154,0.8965652
ILMN_033,cg050,-13.707866,13.267245,-1.0332111,0.3015051
ILMN_033,cg051,-16.869816,14.322246,-1.177875,0.23884642
ILMN_033,cg052,-33.41,12.795955,-2.6109815,0.009028256
ILMN_033,cg053,15.394593,14.580644,1.0558239,0.29104865
ILMN_033,cg054,13.1725235,14.775481,0.89151233,0.37265438
ILMN_033,cg055,16.74577,12.847515,1.3034248,0.19242978
ILMN_033,cg056,-1.1985371,15.397411,-0.07784017,0.9379552
ILMN_033,cg057,-7.950587,16.979366,-0.46824992,0.6396059
ILMN_033,cg058,14.096456,13.11354,1.0749543,0.28239518
ILMN_033,cg059,-10.979656,13.313316,-0.82471234,0.40953493
ILMN_033,cg060,-18.848833,13.416753,-1.4048729,0.1600591
ILMN_033,cg061,-0.12784922,13.400577,-0.0095405765,0.99238783
ILMN_033,cg062,8.474255,14.638279,0.5789106,0.5626495
ILMN_033,cg063,9.890233,14.100901,0.70139015,0.48305959
ILMN_033,cg064,-6.6719117,14.074059,-0.4740574,0.63545895
ILMN_033,cg065,-15.783015,14.570301,-1.0832319,0.27870548
ILMN_033,cg066,12.876425,14.658328,0.87843746,0.37970638
ILMN_033,cg067,-3.7826757,13.593455,-0.27827182,0.7808037
ILMN_033,cg068,17.649666,13.107778,1.3465033,0.17814028
ILMN_033,cg069,-5.0005555,14.291178,-0.34990507,0.7264099
ILMN_033,cg070,-8.185529,13.848177,-0.59109074,0.55445963
ILMN_033,cg071,-3.725514,13.422489,-0.2775576,0.781352
ILMN_033,cg072,-25.833595,14.257806,-1.8118913,0.07000297
ILMN_033,cg073,-6.7573075,13.179394,-0.5127176,0.6081489
ILMN_033,cg074,6.4678144,16.333038,0.3959958,0.69210815
ILMN_033,cg075,-10.261037,14.337214,-0.7156925,0.47418123
ILMN_033,cg076,7.786991,16.888771,0.46107507,0.64474475
ILMN_033,cg077,-8.377789,14.173418,-0.59109163,0.55445904
ILMN_033,cg078,14.526938,15.103854,0.96180344,0.33614838
ILMN_033,cg079,3.9397438,13.843856,0.28458428,0.77596265
ILMN_033,cg080,13.060413,12.848881,1.0164632,0.3094089
ILMN_033,cg081,1.5217876,14.93722,0.10187891,0.9188528
ILMN_033,cg082,6.8910403,13.734638,0.5017271,0.6158595
ILMN_033,cg083,-0.74451977,14.299616,-0.05206572,0.9584763
ILMN_033,cg084,9.230896,15.126895,0.61023074,0.54170895
ILMN_033,cg085,0.10022925,15.088646,0.006642693,0.99469995
ILMN_033,cg086,3.610867,14.489467,0.24920635,0.8032012
ILMN_033,cg087,6.7771587,13.735003,0.49342242,0.6217141
ILMN_033,cg088,-9.960748,13.488856,-0.7384427,0.4602455
ILMN_033,cg089,30.20167,14.310985,2.1103837,0.034825325
ILMN_033,cg090,-15.016282,16.424541,-0.91425884,0.36058086
ILMN_033,cg091,-0.61927325,13.579808,-0.045602504,0.9636271
ILMN_033,cg092,9.935632,13.551455,0.73317826,0.46344972
ILMN_033,cg093,22.658667,14.002918,1.6181389,0.10563266
ILMN_033,cg094,-8.541299,15.500585,-0.55103076,0.5816126
ILMN_033,cg095,29.212013,14.319871,2.0399635,0.04135394
ILMN_033,cg096,-1.5727192,13.462945,-0.11681836,0.907004
ILMN_033,cg097,-6.797216,14.731378,-0.46141076,0.64450395
ILMN_033,cg098,-36.983215,12.453582,-2.969685,0.0029810667
ILMN_033,cg099,-7.207001,13.703847,-0.5259108,0.5989502
ILMN_033,cg100,-3.486092,15.804677,-0.22057344,0.82542455
ILMN_034,cg001,2.622317,12.785558,0.20509994,0.837494
ILMN_034,cg002,35.96345,13.762732,2.613104,0.008972406
ILMN_034,cg003,1.403115,14.111338,0.09943175,0.9207955
ILMN_034,cg004,-28.677732,14.726322,-1.9473791,0.051489294
ILMN_034,cg005,18.6369,13.934397,1.3374745,0.18106782
ILMN_034,cg006,-10.243874,13.7967825,-0.7424828,0.4577949
ILMN_034,cg007,5.5782948,12.961016,0.43039024,0.66691184
ILMN_034,cg008,12.132734,13.828742,0.87735635,0.38029313
ILMN_034,cg009,1.8076735,13.724361,0.13171275,0.8952115
ILMN_034,cg010,15.704861,14.284166,1.0994594,0.27156776
ILMN_034,cg011,-16.80093,13.188367,-1.2739204,0.20269161
ILMN_034,cg012,-0.4712488,14.761198,-0.031924836,0.974532
ILMN_034,cg013,-12.212087,13.56275,-0.90041375,0.36790013
ILMN_034,cg014,-13.371381,12.392577,-1.0789831,0.2805953
ILMN_034,cg015,13.686214,13.756177,0.9949141,0.31977803
ILMN_034,cg016,6.9945593,13.822921,0.50601166,0.61284846
ILMN_034,cg017,1.7679691,13.202234,0.13391438,0.8934703
ILMN_034,cg018,-10.754718,15.06929,-0.71368444,0.47542238
ILMN_034,cg019,-3.967792,12.374725,-0.32063678,0.7484857
ILMN_034,cg020,12.17543,14.519017,0.838585,0.40170223
ILMN_034,cg021,-7.228364,14.28912,-0.5058649,0.6129515
ILMN_034,cg022,4.15332,13.888797,0.299041,0.7649088
ILMN_034,cg023,-21.358908,12.603545,-1.6946746,0.09013718
ILMN_034,cg024,4.6636915,13.096499,0.35610214,0.7217641
ILMN_034,cg025,1.2275511,12.732391,0.09641167,0.92319363
ILMN_034,cg026,-0.029166447,13.898414,-0.002098545,0.9983256
ILMN_034,cg027,-16.56693,12.617249,-1.3130383,0.18917
ILMN_034,cg028,-1.8244146,15.271602,-0.119464524,0.90490735
ILMN_034,cg029,-5.2187867,16.06785,-0.32479683,0.74533486
ILMN_034,cg030,-3.4059062,13.252437,-0.25700226,0.797177
ILMN_034,cg031,11.297188,14.077034,0.8025261,0.42224872
ILMN_034,cg032,-10.840798,13.252879,-0.8179957,0.41335964
ILMN_034,cg033,-12.283218,13.122176,-0.9360657,0.3492394
ILMN_034,cg034,-4.5952744,15.217824,-0.30196658,0.76267755
ILMN_034,cg035,-9.565419,12.382871,-0.77247185,0.439835
ILMN_034,cg036,12.941899,13.436671,0.9631775,0.33545846
ILMN_034,cg037,28.884666,12.576737,2.296674,0.02163738
ILMN_034,cg038,27.546051,13.74151,2.004587,0.04500723
ILMN_034,cg039,2.3667521,14.29915,0.16551697,0.86853707
ILMN_034,cg040,7.380288,14.556043,0.5070257,0.6121368
ILMN_034,cg041,-11.0185175,14.27963,-0.77162486,0.44033664
ILMN_034,cg042,9.2292185,12.784845,0.72188735,0.47036374
ILMN_034,cg043,-5.137577,14.28234,-0.35971537,0.71905994
ILMN_034,cg044,-3.157995,13.705547,-0.23041728,0.8177675
ILMN_034,cg045,13.933819,13.584468,1.0257169,0.30502504
ILMN_034,cg046,11.538952,11.799473,0.97792095,0.32811344
ILMN_034,cg047,-13.142905,14.196577,-0.9257799,0.35456038
ILMN_034,cg048,-14.532027,12.869509,-1.1291827,0.25882077
ILMN_034,cg049,-3.504421,13.707709,-0.2556533,0.7982186
ILMN_034,cg050,-3.3190255,12.865166,-0.25798544,0.79641813
ILMN_034,cg051,12.66673,13.8197565,0.9165668,0.3593697
ILMN_034,cg052,0.96635365,13.152942,0.07347053,0.9414317
ILMN_034,cg053,0.37706026,14.155973,0.026636124,0.97875
ILMN_034,cg054,7.1150327,14.257914,0.4990234,0.6177629
ILMN_034,cg055,5.069859,12.528227,0.40467492,0.6857165
ILMN_034,cg056,-14.291318,14.621072,-0.9774467,0.32834804
ILMN_034,cg057,3.2445111,16.320534,0.19879933,0.84241974
ILMN_034,cg058,-5.152549,12.714529,-0.40524888,0.6852946
ILMN_034,cg059,-1.8795698,12.862918,-0.14612313,0.88382417
ILMN_034,cg060,1.2716594,13.142942,0.09675606,0.9229201
ILMN_034,cg061,-3.6686523,12.844167,-0.2856279,0.7751631
ILMN_034,cg062,-10.043632,14.015951,-0.7165858,0.4736297
ILMN_034,cg063,2.8087876,13.593215,0.20663159,0.8362976
ILMN_034,cg064,-1.1339207,13.533536,-0.08378599,0.9332266
ILMN_034,cg065,-11.819555,14.0471525,-0.84142,0.4001127
ILMN_034,cg066,9.039021,14.116821,0.6403014,0.52197665
ILMN_034,cg067,-8.729328,12.987926,-0.67211103,0.501513
ILMN_034,cg068,21.249931,12.431315,1.7093872,0.08737928
ILMN_034,cg069,9.47671,13.6568575,0.6939159,0.48773497
ILMN_034,cg070,-15.822273,13.12965,-1.2050796,0.2281726
ILMN_034,cg071,11.752439,12.770312,0.92029375,0.3574193
ILMN_034,cg072,-4.501985,14.142009,-0.31834128,0.7502261
ILMN_034,cg073,-1.3585792,12.677846,-0.10716167,0.9146607
ILMN_034,cg074,4.9153957,15.678671,0.31350845,0.7538944
ILMN_034,cg075,-12.228483,13.71242,-0.8917815,0.37251008
ILMN_034,cg076,-0.109167494,16.239248,-0.0067224475,0.9946363
ILMN_034,cg077,-2.5153356,13.643445,-0.1843622,0.8537293
ILMN_034,cg078,17.323637,14.409882,1.2022054,0.22928399
ILMN_034,cg079,-18.492523,13.00983,-1.4214269,0.15519267
ILMN_034,cg080,-8.034234,12.407522,-0.6475293,0.5172894
ILMN_034,cg081,-3.9223428,14.319626,-0.27391377,0.7841509
ILMN_034,cg082,-9.453894,13.138282,-0.7195685,0.47179073
ILMN_034,cg083,36.14029,12.64124,2.8589196,0.004250884
ILMN_034,cg084,-3.225234,14.562501,-0.22147529,0.8247224
ILMN_034,cg085,-3.4216456,14.466162,-0.23652753,0.8130233
ILMN_034,cg086,-14.572478,13.742575,-1.0603893,0.28896755
ILMN_034,cg087,-9.960647,13.129304,-0.75865763,0.4480574
ILMN_034,cg088,2.9450545,13.009455,0.22637801,0.8209074
ILMN_034,cg089,-17.860441,14.134973,-1.2635639,0.20638663
ILMN_034,cg090,-2.1171212,15.895959,-0.13318613,0.8940462
ILMN_034,cg091,-20.678156,12.666001,-1.6325717,0.10255909
ILMN_034,cg092,-5.6356087,13.049592,-0.43186092,0.66584253
ILMN_034,cg093,-6.7713175,13.774279,-0.49159145,0.6230082
ILMN_034,cg094,-3.1228414,14.912024,-0.20941769,0.8341222
ILMN_034,cg095,-18.303326,14.089254,-1.2990983,0.19391024
ILMN_034,cg096,6.726475,12.879159,0.5222759,0.6014782
ILMN_034,cg097,6.5777316,14.131639,0.46546134,0.6416011
ILMN_034,cg098,23.012356,12.593023,1.8273892,0.06764126
ILMN_034,cg099,-10.082696,13.101868,-0.7695617,0.44155997
ILMN_034,cg100,-3.389822,15.161638,-0.22357887,0.823085
ILMN_035,cg001,-15.333369,14.299279,-1.0723176,0.28357744
ILMN_035,cg002,9.77805,16.629934,0.5879789,0.55654645
ILMN_035,cg003,-5.139952,15.954485,-0.32216346,0.7473289
ILMN_035,cg004,16.387358,17.171022,0.9543612,0.33990085
ILMN_035,cg005,-20.63241,15.78373,-1.3071948,0.19114655
ILMN_035,cg006,-2.0974543,15.704995,-0.13355333,0.8937558
ILMN_035,cg007,-3.841752,14.6874485,-0.26156703,0.7936553
ILMN_035,cg008,-14.343741,15.63898,-0.9171788,0.35904896
ILMN_035,cg009,-11.204381,15.447635,-0.7253137,0.46825957
ILMN_035,cg010,9.977091,16.311195,0.6116713,0.5407553
ILMN_035,cg011,4.918176,15.169862,0.32420704,0.7457813
ILMN_035,cg012,7.526934,16.669529,0.4515385,0.6516015
ILMN_035,cg013,29.643925,14.854901,1.9955653,0.045981288
ILMN_035,cg014,12.717308,14.077569,0.9033739,0.36632752
ILMN_035,cg015,6.8110685,15.703337,0.43373385,0.66448176
ILMN_035,cg016,3.2902656,15.680312,0.20983419,0.8337971
ILMN_035,cg017,-16.604343,14.742886,-1.1262615,0.26005483
ILMN_035,cg018,-6.578393,17.121649,-0.38421494,0.70081913
ILMN_035,cg019,10.406344,13.936753,0.74668354,0.4552546
ILMN_035,cg020,-10.588953,16.48351,-0.64239675,0.5206156
ILMN_035,cg021,0.30494767,16.216822,0.018804405,0.98499715
ILMN_035,cg022,-3.613947,15.725139,-0.22981972,0.8182319
ILMN_035,cg023,-1.6595377,14.70079,-0.11288765,0.91011965
ILMN_035,cg024,-1.3655032,14.841247,-0.09200731,0.92669225
ILMN_035,cg025,-16.393114,14.207434,-1.1538407,0.2485655
ILMN_035,cg026,-10.914106,15.647245,-0.69750977,0.48548383
ILMN_035,cg027,15.99718,14.352419,1.1145982,0.2650227
ILMN_035,cg028,7.3272386,17.252796,0.42469862,0.6710564
ILMN_035,cg029,10.355136,18.141783,0.57078934,0.5681424
ILMN_035,cg030,12.763162,14.891008,0.85710526,0.39138675
ILMN_035,cg031,20.846563,15.745889,1.3239369,0.18552399
ILMN_035,cg032,-29.446075,14.470611,-2.0348883,0.04186213
ILMN_035,cg033,-12.268797,14.882501,-0.82437736,0.4097252
ILMN_035,cg034,-15.809473,17.081797,-0.92551583,0.35469764
ILMN_035,cg035,-0.43877986,14.10499,-0.03110813,0.9751833
ILMN_035,cg036,-32.09675,14.612558,-2.196518,0.028054893
ILMN_035,cg037,-0.905435,15.027297,-0.06025269,0.95195436
ILMN_035,cg038,8.534951,16.168365,0.52787966,0.5975829
ILMN_035,cg039,-2.8640778,16.182625,-0.17698476,0.8595204
ILMN_035,cg040,-10.840631,16.442524,-0.65930456,0.50970024
ILMN_035,cg041,-24.620012,15.855245,-1.5527992,0.12047112
ILMN_035,cg042,-12.887306,14.426609,-0.8933011,0.37169594
ILMN_035,cg043,50.617493,14.3638735,3.5239444,0.00042515993
ILMN_035,cg044,21.671492,15.18797,1.4268854,0.15361297
ILMN_035,cg045,-3.2393143,15.541951,-0.20842391,0.834898
ILMN_035,cg046,-3.8398576,13.480482,-0.2848457,0.7757623
ILMN_035,cg047,-28.282545,15.670882,-1.8047832,0.07110864
ILMN_035,cg048,-0.3608315,14.765684,-0.024437169,0.9805039
ILMN_035,cg049,13.727044,15.3924675,0.8918027,0.3724987
ILMN_035,cg050,6.0999794,14.543124,0.41944078,0.67489403
ILMN_035,cg051,-10.187586,15.711292,-0.64842445,0.5167105
ILMN_035,cg052,-14.882831,14.724336,-1.0107641,0.31212932
ILMN_035,cg053,4.5567083,16.007305,0.2846643,0.7759013
ILMN_035,cg054,-3.7316127,16.170908,-0.23076086,0.8175006
ILMN_035,cg055,1.1820418,14.20319,0.083223686,0.9336737
ILMN_035,cg056,8.065929,16.676268,0.48367715,0.628615
ILMN_035,cg057,-25.550371,18.090914,-1.4123317,0.15785229
ILMN_035,cg058,12.8887205,14.289752,0.9019555,0.3670805
ILMN_035,cg059,14.032036,14.413485,0.9735353,0.33028734
ILMN_035,cg060,15.604696,14.697273,1.0617409,0.28835338
ILMN_035,cg061,23.159988,14.143104,1.6375464,0.101516366
ILMN_035,cg062,-3.9679904,15.94036,-0.24892728,0.803417
ILMN_035,cg063,-14.166305,15.249118,-0.92899173,0.35289335
ILMN_035,cg064,-15.344702,15.149984,-1.0128527,0.31113052
ILMN_035,cg065,-13.259282,15.900257,-0.8339036,0.40433526
ILMN_035,cg066,-14.042662,15.9138775,-0.88241607,0.37755185
ILMN_035,cg067,-21.628113,14.422994,-1.4995579,0.13372898
ILMN_035,cg068,-16.721636,14.298333,-1.1694815,0.24220967
ILMN_035,cg069,13.066133,15.417179,0.84750473,0.39671385
ILMN_035,cg070,12.145386,14.98584,0.81045747,0.41767734
ILMN_035,cg071,-7.301287,14.545692,-0.5019553,0.615699
ILMN_035,cg072,-19.410679,15.765426,-1.2312182,0.21824127
ILMN_035,cg073,21.70869,13.98865,1.5518788,0.12069124
ILMN_035,cg074,-5.6062813,17.744316,-0.315948,0.75204194
ILMN_035,cg075,-17.239384,15.445097,-1.116172,0.26434857
ILMN_035,cg076,-20.82581,18.120749,-1.1492797,0.25044066
ILMN_035,cg077,7.8195686,15.403829,0.507638,0.61170727
ILMN_035,cg078,8.8626175,16.511238,0.5367628,0.5914315
ILMN_035,cg079,0.15858512,15.043977,0.010541436,0.9915893
ILMN_035,cg080,-2.5811071,14.101153,-0.18304227,0.8547648
ILMN_035,cg081,0.39814624,16.219597,0.024547234,0.9804161
ILMN_035,cg082,-10.173047,14.877515,-0.6837867,0.49410987
ILMN_035,cg083,4.9760857,15.508714,0.3208574,0.74831843
ILMN_035,cg084,0.033480886,16.490152,0.0020303563,0.99838
ILMN_035,cg085,2.1336727,16.379269,0.13026667,0.89635545
ILMN_035,cg086,-22.047247,15.4030695,-1.4313542,0.15232873
ILMN_035,cg087,14.281,14.802991,0.9647375,0.33467633
ILMN_035,cg088,-7.695485,14.688122,-0.5239257,0.60033023
ILMN_035,cg089,-12.156055,16.173758,-0.7515913,0.45229685
ILMN_035,cg090,19.671453,17.75871,1.1077073,0.26798826
ILMN_035,cg091,16.133219,14.551271,1.1087154,0.26755297
ILMN_035,cg092,1.0638174,14.798186,0.071888365,0.94269073
ILMN_035,cg093,-3.8807793,15.619703,-0.2484541,0.80378306
ILMN_035,cg094,36.099476,16.02414,2.2528183,0.024270594
ILMN_035,cg095,-2.6490538,16.230938,-0.16321015,0.870353
ILMN_035,cg096,9.670523,14.549671,0.66465575,0.50627077
ILMN_035,cg097,-3.9684436,16.020672,-0.2477077,0.80436057
ILMN_035,cg098,-15.61028,14.58009,-1.0706574,0.2843235
ILMN_035,cg099,-23.476055,14.516454,-1.6172032,0.105834424
ILMN_035,cg100,-16.770512,16.98978,-0.9870941,0.32359648
ILMN_036,cg001,19.22285,12.97341,1.4817115,0.13841712
ILMN_036,cg002,-20.4447,15.011897,-1.3618999,0.17322952
ILMN_036,cg003,-22.639935,14.265927,-1.5869936,0.11251408
ILMN_036,cg004,-9.233291,15.84747,-0.582635,0.56013906
ILMN_036,cg005,-2.2248883,14.740939,-0.15093261,0.8800289
ILMN_036,cg006,4.416451,14.393981,0.30682623,0.7589756
ILMN_036,cg007,14.868301,13.30313,1.1176543,0.26371467
ILMN_036,cg008,-6.942225,14.439695,-0.48077366,0.63067734
ILMN_036,cg009,8.335249,14.197542,0.58709097,0.5571426
ILMN_036,cg010,15.707013,14.843109,1.0582024,0.2899632
ILMN_036,cg011,-18.386171,13.664619,-1.3455312,0.17845374
ILMN_036,cg012,12.741691,15.208919,0.83777755,0.40215564
ILMN_036,cg013,1.5559176,14.201857,0.10955734,0.91276044
ILMN_036,cg014,3.656327,13.015982,0.28091058,0.778779
ILMN_036,cg015,6.8068585,14.398879,0.47273532,0.636402
ILMN_036,cg016,-5.881949,14.363994,-0.40949258,0.6821782
ILMN_036,cg017,15.177297,13.5246935,1.1221915,0.26178104
ILMN_036,cg018,-14.008212,15.594378,-0.898286,0.3690331
ILMN_036,cg019,8.396551,12.80145,0.65590626,0.51188445
ILMN_036,cg020,-29.98875,14.529817,-2.0639455,0.039022863
ILMN_036,cg021,-3.8719592,14.864497,-0.2604837,0.7944907
ILMN_036,cg022,13.003948,14.304744,0.9090654,0.36331564
ILMN_036,cg023,21.603222,13.105104,1.6484586,0.0992586
ILMN_036,cg024,-2.6037033,13.609447,-0.19131587,0.84827816
ILMN_036,cg025,-0.46959898,13.219289,-0.03552377,0.9716621
ILMN_036,cg026,20.358995,14.112938,1.4425766,0.14913976
ILMN_036,cg027,21.431067,12.962224,1.653348,0.098260105
ILMN_036,cg028,3.9576502,15.845935,0.24975808,0.8027744
ILMN_036,cg029,-10.237468,16.631603,-0.61554307,0.53819615
ILMN_036,cg030,-14.458514,13.6018505,-1.0629814,0.28779042
ILMN_036,cg031,-3.6427994,14.706223,-0.24770463,0.80436295
ILMN_036,cg032,-25.644913,13.3323765,-1.9235065,0.054416478
ILMN_036,cg033,-2.4184294,13.747297,-0.17592035,0.8603565
ILMN_036,cg034,-21.61372,15.489617,-1.3953682,0.16290486
ILMN_036,cg035,-8.150281,12.8824625,-0.63266486,0.5269525
ILMN_036,cg036,-23.155964,13.669317,-1.6940103,0.09026331
ILMN_036,cg037,3.14867,13.776994,0.2285455,0.8192222
ILMN_036,cg038,19.503302,14.595221,1.33628,0.18145776
ILMN_036,cg039,13.066964,14.723567,0.88748634,0.37481713
ILMN_036,cg040,-7.496702,15.113159,-0.49603805,0.61986756
ILMN_036,cg041,1.620906,14.918118,0.10865352,0.9134773
ILMN_036,cg042,27.88468,12.69858,2.1958897,0.028099835
ILMN_036,cg043,4.7611303,14.8314495,0.32101583,0.7481984
ILMN_036,cg044,-30.377504,13.513725,-2.2479,0.024582565
ILMN_036,cg045,16.6231,14.050921,1.1830612,0.23678488
ILMN_036,cg046,2.8313978,12.369261,0.22890598,0.818942
ILMN_036,cg047,-3.2149913,14.8672905,-0.21624595,0.828796
ILMN_036,cg048,-11.9416895,13.429455,-0.88921624,0.37388688
ILMN_036,cg049,11.527722,14.138974,0.8153153,0.41489184
ILMN_036,cg050,-19.803944,13.04278,-1.5183836,0.12891775
ILMN_036,cg051,19.754475,14.181383,1.3929864,0.16362393
ILMN_036,cg052,-8.162318,13.602395,-0.60006475,0.5484631
ILMN_036,cg053,-4.631758,14.680264,-0.31550917,0.7523751
ILMN_036,cg054,-23.227749,14.441333,-1.6084214,0.107742906
ILMN_036,cg055,-13.4885435,12.876635,-1.0475209,0.2948594
ILMN_036,cg056,-24.198017,14.914895,-1.6224061,0.10471642
ILMN_036,cg057,19.503738,16.70473,1.167558,0.24298513
ILMN_036,cg058,10.026875,13.140227,0.76306707,0.44542336
ILMN_036,cg059,-15.650885,13.1558895,-1.1896485,0.23418456
ILMN_036,cg060,0.6205892,13.645429,0.04547964,0.963725
ILMN_036,cg061,11.44477,13.238887,0.8644813,0.38732356
ILMN_036,cg062,10.544782,14.548813,0.7247864,0.4685831
ILMN_036,cg063,11.135978,14.022547,0.794148,0.42710924
ILMN_036,cg064,3.918157,14.039033,0.27909026,0.78017557
ILMN_036,cg065,-7.5566645,14.652551,-0.51572347,0.6060476
ILMN_036,cg066,7.7886705,14.675682,0.5307195,0.5956131
ILMN_036,cg067,-0.38957658,13.54934,-0.028752439,0.97706205
ILMN_036,cg068,4.939997,13.289209,0.37172994,0.710094
ILMN_036,cg069,18.328806,13.993319,1.3098255,0.19025487
ILMN_036,cg070,-5.1074824,13.823538,-0.36947724,0.7117721
ILMN_036,cg071,-15.018525,13.194471,-1.1382438,0.2550187
ILMN_036,cg072,1.8962129,14.695031,0.1290377,0.89732784
ILMN_036,cg073,6.2608633,13.130742,0.47680956,0.6334977
ILMN_036,cg074,-0.04205812,16.294193,-0.0025811724,0.99794054
ILMN_036,cg075,-14.903808,14.188929,-1.0503829,0.29354215
ILMN_036,cg076,29.294373,16.296104,1.7976304,0.072235584
ILMN_036,cg077,-9.366077,14.101722,-0.6641797,0.50657535
ILMN_036,cg078,-11.701458,15.094536,-0.7752115,0.43821466
ILMN_036,cg079,5.9394608,13.77177,0.43127796,0.6662663
ILMN_036,cg080,17.077133,12.692102,1.3454928,0.17846614
ILMN_036,cg081,-17.342041,14.656676,-1.1832179,0.23672283
ILMN_036,cg082,-4.1246643,13.702568,-0.30101398,0.76340383
ILMN_036,cg083,2.567876,14.236739,0.18036968,0.85686237
ILMN_036,cg084,-10.9878645,15.039111,-0.73061925,0.46501178
ILMN_036,cg085,-19.07862,14.761543,-1.2924544,0.19619983
ILMN_036,cg086,-10.081974,14.363456,-0.7019184,0.48273003
ILMN_036,cg087,9.15187,13.648655,0.6705327,0.5025183
ILMN_036,cg088,-5.129263,13.492111,-0.38016754,0.70382106
ILMN_036,cg089,-15.1064625,14.759599,-1.0235009,0.3060711
ILMN_036,cg090,-9.9933605,16.439676,-0.6078806,0.54326665
ILMN_036,cg091,-0.47685084,13.524605,-0.035258025,0.971874
ILMN_036,cg092,0.3794018,13.574757,0.027949069,0.9777028
ILMN_036,cg093,31.18297,13.580096,2.296226,0.02166295
ILMN_036,cg094,6.669367,15.45705,0.43147734,0.6661213
ILMN_036,cg095,15.9215975,14.706475,1.082625,0.2789749
ILMN_036,cg096,22.120956,13.007405,1.7006433,0.08901
ILMN_036,cg097,2.2121882,14.701653,0.15047207,0.8803922
ILMN_036,cg098,-5.4323187,13.515955,-0.40191898,0.68774366
ILMN_036,cg099,-9.502344,13.617098,-0.6978245,0.48528695
ILMN_036,cg100,-4.0066776,15.737523,-0.2545939,0.79903674
ILMN_037,cg001,-3.777677,14.262712,-0.26486388,0.79111433
ILMN_037,cg002,-8.786501,16.406816,-0.5355397,0.5922767
ILMN_037,cg003,4.575389,15.733701,0.29080182,0.7712029
ILMN_037,cg004,-10.697682,17.023745,-0.6283977,0.52974343
ILMN_037,cg005,1.2577281,15.847385,0.07936502,0.9367423
ILMN_037,cg006,6.924275,15.453751,0.44806436,0.65410674
ILMN_037,cg007,4.0977216,14.479343,0.28300464,0.7771733
ILMN_037,cg008,28.462221,14.983103,1.8996212,0.05748284
ILMN_037,cg009,-11.61079,15.22157,-0.7627853,0.44559145
ILMN_037,cg010,6.6772966,16.11735,0.41429248,0.6786599
ILMN_037,cg011,9.635761,14.906343,0.6464202,0.5180073
ILMN_037,cg012,7.4148207,16.435488,0.451147,0.6518836
ILMN_037,cg013,11.073407,15.179546,0.7294953,0.46569878
ILMN_037,cg014,-20.011942,13.688038,-1.4620023,0.1437406
ILMN_037,cg015,-21.385706,15.190624,-1.4078227,0.15918356
ILMN_037,cg016,-8.81249,15.412825,-0.5717635,0.56748223
ILMN_037,cg017,-1.4652432,14.733307,-0.09945107,0.9207801
ILMN_037,cg018,-8.796354,16.858442,-0.5217774,0.60182536
ILMN_037,cg019,-16.127771,13.617997,-1.1842983,0.23629498
ILMN_037,cg020,-17.852724,16.111141,-1.108098,0.26781946
ILMN_037,cg021,6.617969,15.959334,0.414677,0.67837834
ILMN_037,cg022,-22.44923,15.155968,-1.4812139,0.13854957
ILMN_037,cg023,-8.8279295,14.437787,-0.61144614,0.5409043
ILMN_037,cg024,-4.044791,14.622005,-0.27662355,0.7820692
ILMN_037,cg025,-15.930307,14.013696,-1.136767,0.25563568
ILMN_037,cg026,19.054075,15.252292,1.2492598,0.21157008
ILMN_037,cg027,-4.960426,14.322006,-0.34634992,0.7290797
ILMN_037,cg028,-0.9670569,17.043219,-0.056741446,0.95475113
ILMN_037,cg029,-5.8922033,17.929197,-0.32863733,0.74242985
ILMN_037,cg030,5.4095345,14.7771435,0.36607444,0.7143096
ILMN_037,cg031,17.268951,15.611498,1.1061687,0.2686535
ILMN_037,cg032,0.07487479,14.895697,0.0050266054,0.9959894
ILMN_037,cg033,13.11349,14.654487,0.8948447,0.3708701
ILMN_037,cg034,-14.847512,16.856426,-0.88082206,0.37841415
ILMN_037,cg035,6.8604417,13.870213,0.4946169,0.6208706
ILMN_037,cg036,-13.477939,15.01311,-0.8977446,0.36932176
ILMN_037,cg037,2.6798553,14.81157,0.18092987,0.85642266
ILMN_037,cg038,-25.658567,15.535515,-1.6516072,0.09861463
ILMN_037,cg039,-6.6376247,15.930756,-0.41665474,0.67693096
ILMN_037,cg040,14.756404,16.142054,0.914159,0.3606333
ILMN_037,cg041,10.278146,15.965286,0.6437809,0.5197175
ILMN_037,cg042,-3.751332,14.336183,-0.26166883,0.7935768
ILMN_037,cg043,-0.6879354,15.95936,-0.04310545,0.9656175
ILMN_037,cg044,-7.862168,15.258508,-0.5152645,0.6063682
ILMN_037,cg045,7.9744396,15.285762,0.52169067,0.60188574
ILMN_037,cg046,23.27242,12.852725,1.8106993,0.07018745
ILMN_037,cg047,-7.502016,15.9501705,-0.47034082,0.6381116
ILMN_037,cg048,-13.5203905,14.421282,-0.9375304,0.34848583
ILMN_037,cg049,-20.021326,15.019584,-1.3330147,0.182527
ILMN_037,cg050,-0.43297276,14.366133,-0.030138435,0.9759567
ILMN_037,cg051,12.086945,15.458893,0.78187644,0.4342872
ILMN_037,cg052,-19.6422,14.389327,-1.3650534,0.17223626
ILMN_037,cg053,-10.218984,15.724374,-0.6498818,0.5157686
ILMN_037,cg054,1.1644391,15.9521055,0.072995946,0.94180936
ILMN_037,cg055,2.0670922,14.001458,0.14763406,0.8826316
ILMN_037,cg056,-3.9217336,16.473679,-0.2380606,0.8118341
ILMN_037,cg057,3.5049646,18.212137,0.19245213,0.8473881
ILMN_037,cg058,-8.930501,14.151982,-0.6310424,0.52801275
ILMN_037,cg059,-11.031904,14.264275,-0.773394,0.43928927
ILMN_037,cg060,-13.431375,14.533044,-0.9241955,0.35538453
ILMN_037,cg061,-0.77714336,14.34471,-0.0541763,0.9567947
ILMN_037,cg062,-7.6752596,15.68631,-0.4892967,0.62463164
ILMN_037,cg063,10.328266,15.0987425,0.6840481,0.49394476
ILMN_037,cg064,-1.8777794,15.100325,-0.12435357,0.9010353
ILMN_037,cg065,-3.4782124,15.786679,-0.22032578,0.82561743
ILMN_037,cg066,-9.108016,15.765534,-0.57771695,0.5634552
ILMN_037,cg067,-14.648621,14.402826,-1.0170656,0.3091222
ILMN_037,cg068,-6.9894385,14.268403,-0.4898543,0.624237
ILMN_037,cg069,-9.131651,15.259592,-0.5984204,0.5495595
ILMN_037,cg070,-12.147131,14.772321,-0.82228994,0.41091192
ILMN_037,cg071,-5.793136,14.355247,-0.40355533,0.68653977
ILMN_037,cg072,-4.6123595,15.783417,-0.2922282,0.77011216
ILMN_037,cg073,15.424838,13.964654,1.1045629,0.26934904
ILMN_037,cg074,1.0428895,17.513414,0.05954804,0.9525156
ILMN_037,cg075,4.408888,15.419329,0.28593254,0.77492976
ILMN_037,cg076,-16.745914,17.951956,-0.9328184,0.35091376
ILMN_037,cg077,-7.9354296,15.184972,-0.52258444,0.6012635
ILMN_037,cg078,1.6403702,16.328466,0.10046077,0.9199785
ILMN_037,cg079,34.02971,13.958335,2.437949,0.014770865
ILMN_037,cg080,-18.373629,13.641793,-1.3468632,0.17802429
ILMN_037,cg081,-0.5031027,15.991742,-0.03146016,0.9749026
ILMN_037,cg082,3.1035187,14.735833,0.21061033,0.83319134
ILMN_037,cg083,-25.591852,14.835678,-1.7250208,0.08452374
ILMN_037,cg084,-36.776104,15.327726,-2.399319,0.01642561
ILMN_037,cg085,-7.8384395,16.110817,-0.48653272,0.62658954
ILMN_037,cg086,4.231482,15.5087185,0.27284536,0.7849721
ILMN_037,cg087,-19.370369,14.462713,-1.3393316,0.18046278
ILMN_037,cg088,8.2332945,14.474171,0.5688267,0.56947374
ILMN_037,cg089,-2.252252,16.04079,-0.1404078,0.8883378
ILMN_037,cg090,-5.14651,17.72506,-0.2903522,0.77154684
ILMN_037,cg091,-12.561351,14.418885,-0.8711735,0.38365942
ILMN_037,cg092,1.0843459,14.590304,0.07431962,0.9407561
ILMN_037,cg093,4.690862,15.395142,0.30469757,0.7605965
ILMN_037,cg094,25.997704,16.20056,1.6047411,0.10855079
ILMN_037,cg095,-21.24511,15.698152,-1.353351,0.17594355
ILMN_037,cg096,3.0792427,14.406902,0.21373385,0.83075464
ILMN_037,cg097,-0.42360443,15.806086,-0.026800085,0.97861916
ILMN_037,cg098,9.157791,14.490567,0.6319829,0.527398
ILMN_037,cg099,-9.78985,14.642863,-0.66857487,0.5037667
ILMN_037,cg100,-0.70243293,16.92734,-0.041496947,0.96689975
ILMN_038,cg001,4.3273687,12.257226,0.35304633,0.72405374
ILMN_038,cg002,1.434406,14.150515,0.101367764,0.91925853
ILMN_038,cg003,0.8671935,13.541201,0.06404111,0.9489375
ILMN_038,cg004,14.708256,14.54055,1.0115336,0.31176108
ILMN_038,cg005,22.001307,13.236356,1.6621876,0.096475184
ILMN_038,cg006,0.4541855,13.317443,0.034104556,0.97279376
ILMN_038,cg007,0.9612825,12.460782,0.07714464,0.9385085
ILMN_038,cg008,-8.532897,13.320467,-0.6405854,0.52179205
ILMN_038,cg009,9.514961,13.096588,0.72652215,0.46751875
ILMN_038,cg010,13.565253,13.740297,0.9872605,0.32351494
ILMN_038,cg011,-4.8312097,12.856299,-0.3757854,0.70707643
ILMN_038,cg012,-5.5485506,14.140424,-0.39238927,0.6947706
ILMN_038,cg013,4.9340987,13.107969,0.37641975,0.70660484
ILMN_038,cg014,-1.4465829,12.03878,-0.12016026,0.9043562
ILMN_038,cg015,-9.344112,13.26949,-0.7041802,0.48132056
ILMN_038,cg016,1.3137258,13.299053,0.09878341,0.92131025
ILMN_038,cg017,-0.98188525,12.669671,-0.077498876,0.9382267
ILMN_038,cg018,12.2601595,14.426561,0.8498324,0.3954183
ILMN_038,cg019,-13.2287445,11.726158,-1.1281397,0.2592609
ILMN_038,cg020,10.043301,13.959295,0.71947044,0.4718511
ILMN_038,cg021,-17.995373,13.49058,-1.3339214,0.18222964
ILMN_038,cg022,2.381563,13.335138,0.17859304,0.8582573
ILMN_038,cg023,-5.0035067,12.44352,-0.40209737,0.68761235
ILMN_038,cg024,-11.03123,12.47833,-0.884031,0.37667948
ILMN_038,cg025,-14.007333,12.042623,-1.1631464,0.24477011
ILMN_038,cg026,12.922193,13.199238,0.9790105,0.3275748
ILMN_038,cg027,16.124147,12.100172,1.3325552,0.18267787
ILMN_038,cg028,-5.9946475,14.629261,-0.40977105,0.68197393
ILMN_038,cg029,-15.869467,15.256987,-1.0401442,0.2982729
ILMN_038,cg030,-4.6070576,12.707184,-0.36255535,0.71693707
ILMN_038,cg031,4.5393686,13.585187,0.33414105,0.73827314
ILMN_038,cg032,-1.7429831,12.806202,-0.13610461,0.8917386
ILMN_038,cg033,-3.7168772,12.698745,-0.29269642,0.7697542
ILMN_038,cg034,16.15666,14.421101,1.1203486,0.26256526
ILMN_038,cg035,14.292969,11.771487,1.2142024,0.22467047
ILMN_038,cg036,16.731762,12.786534,1.3085455,0.19068837
ILMN_038,cg037,-1.863771,12.738003,-0.1463158,0.8836721
ILMN_038,cg038,-4.9460254,13.72999,-0.36023518,0.71867126
ILMN_038,cg039,-1.5458272,13.722752,-0.11264703,0.9103104
ILMN_038,cg040,7.5984206,13.961155,0.5442544,0.5862664
ILMN_038,cg041,6.076035,13.761091,0.4415373,0.6588241
ILMN_038,cg042,-7.5738516,12.286177,-0.6164531,0.5375955
ILMN_038,cg043,-0.8101311,13.723173,-0.0590338,0.9529252
ILMN_038,cg044,10.401044,13.068896,0.79586244,0.426112
ILMN_038,cg045,-24.29867,12.68687,-1.9152613,0.0554592
ILMN_038,cg046,2.950415,11.4308405,0.25811005,0.796322
ILMN_038,cg047,-3.5292633,13.738605,-0.2568866,0.7972663
ILMN_038,cg048,8.154035,12.460879,0.6543707,0.512873
ILMN_038,cg049,4.7087207,13.144071,0.35823914,0.72016436
ILMN_038,cg050,2.5137634,12.347964,0.20357716,0.83868396
ILMN_038,cg051,14.14693,13.217534,1.0703154,0.2844774
ILMN_038,cg052,8.101099,12.564826,0.6447442,0.519093
ILMN_038,cg053,15.117933,13.399144,1.128276,0.25920337
ILMN_038,cg054,-0.7997277,13.717465,-0.05829996,0.9535097
ILMN_038,cg055,-8.989384,11.969515,-0.75102323,0.4526387
ILMN_038,cg056,6.413454,14.142824,0.45347762,0.65020484
ILMN_038,cg057,-0.31415132,15.666811,-0.020052027,0.9840019
ILMN_038,cg058,1.5704676,12.219623,0.12852015,0.8977374
ILMN_038,cg059,6.1719246,12.311722,0.50130475,0.6161567
ILMN_038,cg060,-7.7195497,12.560957,-0.614567,0.5388408
ILMN_038,cg061,0.24827158,12.335321,0.020126885,0.98394215
ILMN_038,cg062,-26.42138,12.950443,-2.0401912,0.04133129
ILMN_038,cg063,5.3018537,13.025805,0.40702695,0.6839882
ILMN_038,cg064,-1.6407974,12.984662,-0.12636428,0.89944357
ILMN_038,cg065,15.824324,13.380191,1.182668,0.23694074
ILMN_038,cg066,3.5016832,13.59604,0.2575517,0.7967529
ILMN_038,cg067,-11.933824,12.399211,-0.96246636,0.33581537
ILMN_038,cg068,-4.119333,12.286324,-0.33527792,0.73741543
ILMN_038,cg069,-0.5634758,13.172403,-0.04277699,0.9658793
ILMN_038,cg070,-4.138665,12.781143,-0.32381025,0.7460817
ILMN_038,cg071,-3.230754,12.356698,-0.2614577,0.79373956
ILMN_038,cg072,-12.365039,13.461825,-0.9185262,0.35834348
ILMN_038,cg073,-13.683302,11.997936,-1.1404713,0.25409
ILMN_038,cg074,14.240925,14.913237,0.95491844,0.33961892
ILMN_038,cg075,4.2734914,13.255856,0.3223852,0.7471609
ILMN_038,cg076,-5.9919643,15.557099,-0.3851595,0.70011926
ILMN_038,cg077,22.22602,12.679592,1.7528971,0.079619706
ILMN_038,cg078,16.312813,13.834833,1.1791116,0.23835373
ILMN_038,cg079,0.09452256,12.754611,0.0074108536,0.99408704
ILMN_038,cg080,-20.424889,11.57425,-1.7646835,0.07761699
ILMN_038,cg081,9.985281,13.67237,0.7303255,0.46519125
ILMN_038,cg082,3.2675483,12.668259,0.25793192,0.79645944
ILMN_038,cg083,-17.245663,12.915401,-1.3352789,0.1817851
ILMN_038,cg084,30.56238,13.2345915,2.3092802,0.020928025
ILMN_038,cg085,2.698065,13.883555,0.19433531,0.84591335
ILMN_038,cg086,-11.230664,13.243581,-0.84800816,0.3964334
ILMN_038,cg087,-12.318626,12.545829,-0.9818902,0.326154
ILMN_038,cg088,-19.611372,12.150686,-1.6140136,0.10652447
ILMN_038,cg089,7.294227,13.754415,0.530319,0.59589076
ILMN_038,cg090,-14.6124935,15.1027975,-0.96753556,0.3332764
ILMN_038,cg091,-13.263219,12.346723,-1.07423,0.2827196
ILMN_038,cg092,8.428508,12.485228,0.67507845,0.49962592
ILMN_038,cg093,17.207417,13.006462,1.3229898,0.18583876
ILMN_038,cg094,10.473419,14.231924,0.7359103,0.46178532
ILMN_038,cg095,0.849784,13.764349,0.061738048,0.95077145
ILMN_038,cg096,0.32149935,12.394523,0.025938824,0.97930616
ILMN_038,cg097,-3.8991733,13.579558,-0.2871355,0.7740086
ILMN_038,cg098,-0.57257205,12.514099,-0.045754157,0.9635062
ILMN_038,cg099,11.628721,12.535682,0.9276497,0.3535893
ILMN_038,cg100,-7.2381315,14.516877,-0.49860114,0.6180604
ILMN_039,cg001,4.1966586,13.792479,0.30427155,0.760921
ILMN_039,cg002,-2.9318807,15.913278,-0.18424116,0.85382426
ILMN_039,cg003,-22.33933,14.872288,-1.5020776,0.13307709
ILMN_039,cg004,4.4197245,16.52417,0.2674703,0.7891071
ILMN_039,cg005,-11.828595,15.230154,-0.7766563,0.43736154
ILMN_039,cg006,-14.3079815,14.831187,-0.9647226,0.33468378
ILMN_039,cg007,8.896413,13.956056,0.637459,0.5238259
ILMN_039,cg008,11.417853,14.955915,0.76343393,0.44520468
ILMN_039,cg009,9.453556,14.750419,0.64090085,0.52158713
ILMN_039,cg010,-21.782003,15.285067,-1.4250512,0.15414238
ILMN_039,cg011,-18.542961,14.223356,-1.303698,0.19233662
ILMN_039,cg012,2.8504755,15.9270735,0.17897046,0.8579609
ILMN_039,cg013,-30.257088,14.077373,-2.149342,0.03160727
ILMN_039,cg014,12.004542,13.427936,0.8939976,0.37132317
ILMN_039,cg015,-9.20584,14.945067,-0.6159785,0.53790873
ILMN_039,cg016,46.338737,13.310033,3.4814894,0.00049865246
ILMN_039,cg017,12.860979,14.12585,0.910457,0.36258155
ILMN_039,cg018,14.456967,16.215279,0.89156455,0.37262636
ILMN_039,cg019,13.162878,13.229938,0.9949312,0.31976974
ILMN_039,cg020,21.266848,15.475912,1.3741902,0.16938263
ILMN_039,cg021,3.7159283,15.4560375,0.24041921,0.8100053
ILMN_039,cg022,0.6086963,15.005116,0.040565915,0.96764195
ILMN_039,cg023,12.165125,13.906621,0.8747722,0.3816979
ILMN_039,cg024,-9.472674,14.086054,-0.672486,0.50127435
ILMN_039,cg025,9.539647,13.671885,0.6977565,0.4853295
ILMN_039,cg026,-2.3682678,14.997134,-0.15791468,0.874524
ILMN_039,cg027,-8.480725,13.814765,-0.6138885,0.539289
ILMN_039,cg028,5.4061666,16.46662,0.32831064,0.7426768
ILMN_039,cg029,19.861073,17.11392,1.1605215,0.24583656
ILMN_039,cg030,-20.214045,14.000516,-1.4438071,0.14879328
ILMN_039,cg031,-8.344891,15.250436,-0.5471903,0.584248
ILMN_039,cg032,-6.386057,14.377306,-0.4441762,0.6569152
ILMN_039,cg033,4.853566,14.279707,0.33989257,0.73393744
ILMN_039,cg034,2.469741,16.437538,0.15025006,0.8805673
ILMN_039,cg035,-15.033543,13.267933,-1.1330734,0.25718343
ILMN_039,cg036,-4.402944,14.63394,-0.3008721,0.763512
ILMN_039,cg037,-10.488972,14.248138,-0.73616433,0.4616307
ILMN_039,cg038,26.354937,14.969998,1.760517,0.078320205
ILMN_039,cg039,-8.209903,15.390799,-0.53342927,0.59373647
ILMN_039,cg040,-10.812721,15.67398,-0.6898517,0.49028748
ILMN_039,cg041,19.55825,15.241693,1.2832073,0.1994195
ILMN_039,cg042,-2.7688904,13.87121,-0.1996142,0.84178233
ILMN_039,cg043,4.0728755,15.425571,0.264034,0.7917537
ILMN_039,cg044,2.5588925,14.796755,0.17293607,0.86270165
ILMN_039,cg045,1.6668222,14.827034,0.11241778,0.9104922
ILMN_039,cg046,4.1039176,12.853186,0.31929186,0.74950516
ILMN_039,cg047,-0.2609355,15.465062,-0.01687258,0.9865383
ILMN_039,cg048,3.8019233,14.070691,0.2702016,0.7870052
ILMN_039,cg049,23.40575,14.398072,1.6256169,0.104031146
ILMN_039,cg050,-23.584011,13.453907,-1.7529489,0.079610825
ILMN_039,cg051,-0.41721037,15.051767,-0.027718365,0.9778868
ILMN_039,cg052,36.33676,13.147735,2.763728,0.0057145357
ILMN_039,cg053,-0.7774831,15.278885,-0.050886117,0.9594163
ILMN_039,cg054,11.970111,15.329559,0.7808516,0.4348898
ILMN_039,cg055,-1.6966916,13.544032,-0.12527227,0.900308
ILMN_039,cg056,-5.7272034,15.921863,-0.35970688,0.7190664
ILMN_039,cg057,18.782059,17.404129,1.0791726,0.28051078
ILMN_039,cg058,-20.078997,13.42531,-1.4956076,0.13475597
ILMN_039,cg059,-8.049954,13.835946,-0.5818145,0.5606916
ILMN_039,cg060,-15.059142,14.0124035,-1.0747008,0.28250873
ILMN_039,cg061,5.143956,13.854847,0.37127486,0.7104328
ILMN_039,cg062,24.363245,14.782062,1.6481628,0.09931928
ILMN_039,cg063,26.324587,14.156134,1.8595887,0.06294376
ILMN_039,cg064,-3.6727006,14.598444,-0.25158164,0.8013644
ILMN_039,cg065,6.659547,15.246387,0.4367951,0.66226
ILMN_039,cg066,29.376404,14.679003,2.0012534,0.045365095
ILMN_039,cg067,34.739147,13.122969,2.6472018,0.008116066
ILMN_039,cg068,-1.1209537,13.836302,-0.08101541,0.9354297
ILMN_039,cg069,-10.33711,14.738831,-0.70135206,0.48308337
ILMN_039,cg070,12.669407,14.271664,0.8877316,0.37468517
ILMN_039,cg071,14.096501,13.753743,1.0249211,0.30540043
ILMN_039,cg072,8.537302,15.228992,0.56059533,0.5750735
ILMN_039,cg073,-8.170841,13.632363,-0.59937084,0.54892564
ILMN_039,cg074,-4.034295,16.930338,-0.23828793,0.8116578
ILMN_039,cg075,-7.1580877,14.890484,-0.4807156,0.63071865
ILMN_039,cg076,3.0431433,17.522036,0.17367521,0.86212075
ILMN_039,cg077,-2.1750383,14.727949,-0.14768101,0.8825945
ILMN_039,cg078,-18.667208,15.554062,-1.20015,0.23008108
ILMN_039,cg079,6.572695,14.314415,0.45916614,0.6461148
ILMN_039,cg080,0.66405815,13.452552,0.049362987,0.96063
ILMN_039,cg081,-23.239157,15.084164,-1.5406327,0.12340623
ILMN_039,cg082,-31.527487,13.481429,-2.3385863,0.019356847
ILMN_039,cg083,8.374833,14.755341,0.5675798,0.5703203
ILMN_039,cg084,5.243625,15.707341,0.33383277,0.7385057
ILMN_039,cg085,-14.126575,15.484028,-0.9123321,0.3615939
ILMN_039,cg086,-1.3003404,15.011964,-0.08662027,0.93097335
ILMN_039,cg087,16.856606,14.041177,1.2005123,0.22994047
ILMN_039,cg088,8.378603,13.995109,0.5986808,0.5493858
ILMN_039,cg089,-27.402287,14.983889,-1.8287834,0.067432106
ILMN_039,cg090,-24.659014,16.770975,-1.4703387,0.14147007
ILMN_039,cg091,-4.5975037,14.04513,-0.32733792,0.7434123
ILMN_039,cg092,-8.898924,14.05243,-0.63326585,0.52656007
ILMN_039,cg093,8.327443,14.855563,0.5605606,0.5750971
ILMN_039,cg094,8.285637,16.056498,0.51603013,0.6058334
ILMN_039,cg095,-4.931421,15.466547,-0.31884432,0.74984455
ILMN_039,cg096,5.1178236,13.92179,0.36761245,0.71316224
ILMN_039,cg097,-29.539759,14.655311,-2.015635,0.043838143
ILMN_039,cg098,11.664758,13.971491,0.83489716,0.40377563
ILMN_039,cg099,-5.7013183,14.207344,-0.40129375,0.6882039
ILMN_039,cg100,19.21846,16.12649,1.1917324,0.23336619
ILMN_040,cg001,6.101225,13.636721,0.44741145,0.65457803
ILMN_040,cg002,-28.55646,15.184814,-1.8805933,0.0600273
ILMN_040,cg003,8.694833,15.023604,0.57874477,0.5627614
ILMN_040,cg004,5.8064027,16.346935,0.35519823,0.7224411
ILMN_040,cg005,7.1233068,15.137857,0.47056243,0.6379532
ILMN_040,cg006,-3.1124964,14.821472,-0.20999914,0.83366835
ILMN_040,cg007,12.409232,13.7542715,0.90220934,0.36694568
ILMN_040,cg008,4.2643375,14.884487,0.28649542,0.7744987
ILMN_040,cg009,-26.30094,14.143931,-1.8595212,0.06295329
ILMN_040,cg010,4.2737436,15.447605,0.2766606,0.7820407
ILMN_040,cg011,4.410316,14.322124,0.3079373,0.7581301
ILMN_040,cg012,0.76039594,15.770668,0.048215836,0.9615442
ILMN_040,cg013,-11.058731,14.526385,-0.76128584,0.44648635
ILMN_040,cg014,1.4596951,13.405027,0.108891614,0.9132885
ILMN_040,cg015,5.7933497,14.829837,0.39065498,0.6960523
ILMN_040,cg016,-34.806686,13.891857,-2.5055459,0.012226284
ILMN_040,cg017,15.936222,13.911,1.1455842,0.25196725
ILMN_040,cg018,-29.925068,15.576089,-1.9212184,0.05470419
ILMN_040,cg019,-4.3893313,13.2201185,-0.33201906,0.73987484
ILMN_040,cg020,-9.61109,15.565899,-0.61744523,0.5369411
ILMN_040,cg021,-14.686843,15.155004,-0.9691085,0.33249104
ILMN_040,cg022,20.416256,14.545008,1.4036608,0.16041988
ILMN_040,cg023,-7.429844,13.836343,-0.53698033,0.5912812
ILMN_040,cg024,0.44764313,14.011444,0.031948395,0.97451323
ILMN_040,cg025,21.990639,13.212674,1.6643595,0.09604061
ILMN_040,cg026,-22.260979,14.481806,-1.5371687,0.12425202
ILMN_040,cg027,20.342445,13.398998,1.5182065,0.12896234
ILMN_040,cg028,-7.1688347,16.284475,-0.4402251,0.65977407
ILMN_040,cg029,-23.85691,16.82279,-1.4181304,0.15615273
ILMN_040,cg030,-17.236547,13.939314,-1.236542,0.21625715
ILMN_040,cg031,-1.1125411,15.143966,-0.07346432,0.94143665
ILMN_040,cg032,4.721397,14.245013,0.3314421,0.74031055
ILMN_040,cg033,10.587087,14.066306,0.7526558,0.45165676
ILMN_040,cg034,-1.5371497,16.273283,-0.09445848,0.92474496
ILMN_040,cg035,19.031475,13.016392,1.462116,0.14370942
ILMN_040,cg036,-10.578289,14.415675,-0.73380464,0.46306783
ILMN_040,cg037,-20.891903,13.848046,-1.5086534,0.13138741
ILMN_040,cg038,40.066296,14.123608,2.8368316,0.004556358
ILMN_040,cg039,8.575484,15.229391,0.5630878,0.5733751
ILMN_040,cg040,-30.672089,14.924997,-2.0550816,0.039871156
ILMN_040,cg041,-4.2370787,15.34209,-0.2761735,0.7824148
ILMN_040,cg042,21.55429,13.363829,1.6128829,0.10676998
ILMN_040,cg043,18.916342,15.02404,1.2590716,0.20800447
ILMN_040,cg044,-13.719326,14.511176,-0.9454317,0.34443855
ILMN_040,cg045,-7.393391,14.638177,-0.50507593,0.6135055
ILMN_040,cg046,-6.5341988,12.700462,-0.5144851,0.60691285
ILMN_040,cg047,26.680992,14.794206,1.8034759,0.0713135
ILMN_040,cg048,0.81690794,13.93855,0.058607813,0.9532645
ILMN_040,cg049,2.0962334,14.652486,0.14306332,0.8862402
ILMN_040,cg050,2.116538,13.751567,0.1539125,0.87767875
ILMN_040,cg051,13.098433,14.773578,0.88661206,0.37528777
ILMN_040,cg052,13.844733,13.904411,0.995708,0.31939203
ILMN_040,cg053,-5.987349,15.098602,-0.39654988,0.6916994
ILMN_040,cg054,-21.87104,14.930081,-1.4648976,0.14294887
ILMN_040,cg055,15.743421,13.206542,1.1920925,0.23322499
ILMN_040,cg056,4.2291374,15.770248,0.2681719,0.788567
ILMN_040,cg057,-8.145782,17.402987,-0.4680681,0.6397359
ILMN_040,cg058,-14.90046,13.429945,-1.1094953,0.26721656
ILMN_040,cg059,-5.168775,13.724813,-0.37660074,0.7064704
ILMN_040,cg060,7.092507,14.004385,0.506449,0.6125415
ILMN_040,cg061,-2.625134,13.729443,-0.1912047,0.8483652
ILMN_040,cg062,3.1407685,15.050897,0.2086765,0.83470076
ILMN_040,cg063,-15.830932,14.341045,-1.1038897,0.26964098
ILMN_040,cg064,19.881594,14.160121,1.4040554,0.1603024
ILMN_040,cg065,-5.3436847,15.102522,-0.3538273,0.7234683
ILMN_040,cg066,-6.19461,15.121945,-0.40964374,0.6820673
ILMN_040,cg067,2.7090263,13.938573,0.19435464,0.8458982
ILMN_040,cg068,-11.812788,13.585796,-0.86949545,0.3845762
ILMN_040,cg069,4.1176243,14.6546135,0.28097802,0.7787273
ILMN_040,cg070,10.848603,14.157378,0.7662862,0.44350606
ILMN_040,cg071,-36.238556,12.689875,-2.8557065,0.0042940974
ILMN_040,cg072,17.290033,14.909614,1.1596566,0.24618864
ILMN_040,cg073,14.879418,13.367903,1.1130705,0.26567817
ILMN_040,cg074,11.11946,16.688675,0.6662878,0.5052272
ILMN_040,cg075,0.35569358,14.776383,0.024071762,0.9807954
ILMN_040,cg076,43.06392,16.146488,2.6670766,0.0076514482
ILMN_040,cg077,-14.0926285,14.43327,-0.9763988,0.32886684
ILMN_040,cg078,9.296861,15.5753355,0.59689635,0.55057657
ILMN_040,cg079,12.468563,14.082216,0.885412,0.37593448
ILMN_040,cg080,16.97593,13.079158,1.2979375,0.19430882
ILMN_040,cg081,-10.870935,15.227465,-0.7139032,0.47528702
ILMN_040,cg082,-10.432763,14.031683,-0.7435147,0.45717013
ILMN_040,cg083,1.3604143,14.655409,0.09282677,0.9260412
ILMN_040,cg084,12.782562,15.452387,0.8272225,0.40811098
ILMN_040,cg085,4.7380433,15.449287,0.3066836,0.7590842
ILMN_040,cg086,18.784323,14.600598,1.2865447,0.19825304
ILMN_040,cg087,8.263377,14.062177,0.58763146,0.5567797
ILMN_040,cg088,-27.360388,13.309129,-2.055761,0.03980553
ILMN_040,cg089,8.592215,15.309353,0.56123954,0.57463425
ILMN_040,cg090,1.7264436,16.984642,0.10164734,0.9190366
ILMN_040,cg091,-0.56086427,13.918655,-0.040295865,0.96785724
ILMN_040,cg092,20.636547,13.635078,1.5134895,0.13015538
ILMN_040,cg093,3.9375918,14.743648,0.26707038,0.789415
ILMN_040,cg094,-0.292853,15.939569,-0.018372705,0.98534155
ILMN_040,cg095,-4.6536574,15.311266,-0.3039368,0.76117605
ILMN_040,cg096,20.273123,13.473264,1.5046928,0.13240308
ILMN_040,cg097,27.095022,14.596981,1.8562073,0.06342405
ILMN_040,cg098,-6.909157,13.896928,-0.49717152,0.61906815
ILMN_040,cg099,24.918936,13.600346,1.8322282,0.06691742
ILMN_040,cg100,-19.123333,15.9603815,-1.1981752,0.23084885
ILMN_041,cg001,-15.948534,13.806783,-1.1551231,0.24804002
ILMN_041,cg002,2.7871032,16.143656,0.17264387,0.8629314
ILMN_041,cg003,20.410267,15.156622,1.3466238,0.17810142
ILMN_041,cg004,15.356836,16.622162,0.9238772,0.3555503
ILMN_041,cg005,-37.535767,14.532789,-2.5828328,0.009799302
ILMN_041,cg006,11.791563,15.096884,0.7810594,0.43476754
ILMN_041,cg007,0.4090114,14.219728,0.028763657,0.9770531
ILMN_041,cg008,-11.397259,15.174804,-0.75106466,0.4526137
ILMN_041,cg009,17.24557,14.8133,1.164195,0.24434501
ILMN_041,cg010,6.660634,15.813759,0.42119235,0.6736146
ILMN_041,cg011,1.6808912,14.69067,0.11441896,0.9089057
ILMN_041,cg012,-23.84794,15.775437,-1.5117134,0.13060677
ILMN_041,cg013,-11.540931,14.883501,-0.77541775,0.4380929
ILMN_041,cg014,7.63656,13.693334,0.5576845,0.57705986
ILMN_041,cg015,-2.8384435,15.21739,-0.1865263,0.85203207
ILMN_041,cg016,-19.617863,14.898912,-1.3167312,0.18792874
ILMN_041,cg017,7.8565006,14.411763,0.545145,0.5856538
ILMN_041,cg018,-17.999332,16.377174,-1.0990499,0.27174634
ILMN_041,cg019,7.432501,13.520163,0.5497346,0.5825014
ILMN_041,cg020,12.898639,15.904957,0.8109823,0.41737586
ILMN_041,cg021,18.521523,15.449442,1.1988473,0.2305873
ILMN_041,cg022,11.979465,15.119112,0.79233915,0.42816293
ILMN_041,cg023,12.571411,14.102886,0.89140695,0.37271088
ILMN_041,cg024,-19.328121,14.073782,-1.3733424,0.16964597
ILMN_041,cg025,-19.266178,13.649948,-1.4114469,0.15811288
ILMN_041,cg026,-14.746926,15.061552,-0.97911066,0.32752532
ILMN_041,cg027,12.751532,13.945253,0.91439945,0.360507
ILMN_041,cg028,9.703883,16.662502,0.5823785,0.5603118
ILMN_041,cg029,7.8676414,17.574974,0.44766164,0.6543974
ILMN_041,cg030,-20.2665,14.210029,-1.4262111,0.1538074
ILMN_041,cg031,-24.99793,15.076813,-1.6580381,0.09730977
ILMN_041,cg032,-26.711056,14.075441,-1.8977064,0.057734787
ILMN_041,cg033,-0.29352614,14.503899,-0.02023774,0.9838537
ILMN_041,cg034,5.8448663,16.656569,0.35090458,0.72565997
ILMN_041,cg035,-1.0223137,13.645108,-0.07492163,0.94027704
ILMN_041,cg036,-18.67731,14.602329,-1.2790638,0.20087457
ILMN_041,cg037,-7.267912,14.499107,-0.5012662,0.6161838
ILMN_041,cg038,17.47128,15.476387,1.1288991,0.2589404
ILMN_041,cg039,-26.442657,15.168076,-1.74331,0.08127946
ILMN_041,cg040,0.7300135,15.981853,0.04567765,0.9635672
ILMN_041,cg041,-7.8097625,15.693765,-0.49763474,0.6187415
ILMN_041,cg042,-5.236986,14.056293,-0.37257236,0.70946676
ILMN_041,cg043,4.891447,15.643422,0.31268394,0.7545208
ILMN_041,cg044,-15.0962305,14.849281,-1.0166304,0.30932933
ILMN_041,cg045,-19.76159,14.7582035,-1.3390241,0.18056285
ILMN_041,cg046,0.76513845,13.0526285,0.05861949,0.9532552
ILMN_041,cg047,-10.384785,15.613397,-0.6651201,0.5059737
ILMN_041,cg048,-9.501033,14.216223,-0.6683233,0.50392723
ILMN_041,cg049,-2.2759826,15.015793,-0.15157259,0.87952405
ILMN_041,cg050,14.088286,13.942663,1.0104444,0.31228244
ILMN_041,cg051,21.550222,14.934855,1.4429482,0.14903504
ILMN_041,cg052,-3.8654559,14.391018,-0.26860198,0.788236
ILMN_041,cg053,-7.8502116,15.45654,-0.50788933,0.61153096
ILMN_041,cg054,29.931337,15.018543,1.9929588,0.04626596
ILMN_041,cg055,17.9437,13.484752,1.3306661,0.18329895
ILMN_041,cg056,60.191208,13.522158,4.451302,8.523464e-06
ILMN_041,cg057,-8.944409,17.82869,-0.5016863,0.61588824
ILMN_041,cg058,-9.082614,13.881809,-0.65428174,0.5129303
ILMN_041,cg059,12.414043,13.967753,0.8887645,0.37412965
ILMN_041,cg060,-17.658201,14.154514,-1.2475314,0.21220273
ILMN_041,cg061,-6.568026,14.042483,-0.4677254,0.63998103
ILMN_041,cg062,42.72365,14.087575,3.0327187,0.002423644
ILMN_041,cg063,-18.646385,14.634422,-1.2741456,0.2026118
ILMN_041,cg064,-2.0095048,14.816343,-0.13562758,0.8921157
ILMN_041,cg065,29.584663,14.871949,1.989293,0.046668887
ILMN_041,cg066,-5.392434,15.505183,-0.34778267,0.7280034
ILMN_041,cg067,11.558018,14.188457,0.81460714,0.4152972
ILMN_041,cg068,-14.103559,13.882101,-1.0159527,0.3096519
ILMN_041,cg069,-15.231314,14.862555,-1.0248113,0.3054523
ILMN_041,cg070,-5.112318,14.581643,-0.3505996,0.7258888
ILMN_041,cg071,-3.8074017,14.099468,-0.27003866,0.78713053
ILMN_041,cg072,21.89857,15.161467,1.4443569,0.1486386
ILMN_041,cg073,-12.947811,13.75111,-0.941583,0.34640622
ILMN_041,cg074,4.2232566,17.173977,0.24591023,0.80575174
ILMN_041,cg075,9.964054,15.071836,0.6611042,0.5085455
ILMN_041,cg076,22.736073,17.461864,1.3020415,0.1929022
ILMN_041,cg077,-8.784593,14.887802,-0.590053,0.5551551
ILMN_041,cg078,5.2946053,16.004627,0.33081716,0.7407826
ILMN_041,cg079,6.01768,14.527163,0.41423646,0.6787009
ILMN_041,cg080,-7.199541,13.605705,-0.529156,0.5966972
ILMN_041,cg081,2.1205595,15.688549,0.13516606,0.8924806
ILMN_041,cg082,9.328262,14.400606,0.64776874,0.51713455
ILMN_041,cg083,15.394315,14.848122,1.0367854,0.29983592
ILMN_041,cg084,-10.184685,15.882481,-0.64125276,0.5213585
ILMN_041,cg085,-11.092876,15.764341,-0.7036689,0.48163903
ILMN_041,cg086,2.7255356,15.224547,0.17902245,0.85792005
ILMN_041,cg087,2.332451,14.461139,0.16129097,0.8718642
ILMN_041,cg088,7.8992867,14.204612,0.55610716,0.57813764
ILMN_041,cg089,-2.5706027,15.738436,-0.16333279,0.8702564
ILMN_041,cg090,-12.805708,17.305508,-0.73997873,0.45931292
ILMN_041,cg091,27.343021,13.682845,1.9983432,0.04567945
ILMN_041,cg092,9.047873,14.254944,0.63471824,0.52561224
ILMN_041,cg093,2.5306904,15.11673,0.16740991,0.86704755
ILMN_041,cg094,25.947784,15.880967,1.6338919,0.10228157
ILMN_041,cg095,-19.64733,15.43764,-1.2726899,0.2031281
ILMN_041,cg096,11.002594,14.050088,0.78309786,0.4335696
ILMN_041,cg097,-14.3176,15.365109,-0.93182546,0.35142672
ILMN_041,cg098,20.729555,13.949182,1.4860768,0.13725883
ILMN_041,cg099,-9.0374975,14.375958,-0.6286536,0.5295759
ILMN_041,cg100,-23.00813,16.259722,-1.4150383,0.15705729
ILMN_042,cg001,-13.578122,12.893616,-1.0530888,0.29230034
ILMN_042,cg002,19.689024,14.762148,1.3337506,0.1822856
ILMN_042,cg003,-4.273363,14.382292,-0.2971267,0.76636976
ILMN_042,cg004,5.700535,15.6061945,0.36527386,0.714907
ILMN_042,cg005,-9.939057,14.413483,-0.6895667,0.49046677
ILMN_042,cg006,-18.9078,13.880565,-1.3621781,0.17314172
ILMN_042,cg007,-6.7065797,13.210772,-0.50766,0.61169183
ILMN_042,cg008,6.654235,14.189931,0.46894062,0.6391121
ILMN_042,cg009,3.9316697,13.990432,0.28102562,0.77869076
ILMN_042,cg010,-13.42593,14.6277075,-0.9178424,0.3587014
ILMN_042,cg011,-0.7083201,13.687901,-0.0517479,0.95872957
ILMN_042,cg012,-8.505705,15.005291,-0.566847,0.5708181
ILMN_042,cg013,-12.317884,13.837653,-0.8901715,0.3733738
ILMN_042,cg014,4.149331,12.785625,0.32453093,0.7455361
ILMN_042,cg015,8.557401,14.12619,0.6057826,0.54465914
ILMN_042,cg016,-13.5985365,13.996645,-0.97155684,0.33127105
ILMN_042,cg017,-2.0443187,13.466442,-0.15180838,0.8793381
ILMN_042,cg018,13.210536,15.333369,0.8615547,0.38893265
ILMN_042,cg019,4.549189,12.61936,0.36049286,0.71847856
ILMN_042,cg020,25.268955,14.45062,1.7486416,0.08035302
ILMN_042,cg021,10.409966,14.535565,0.7161721,0.47388512
ILMN_042,cg022,-8.680467,14.1234255,-0.61461484,0.5388091
ILMN_042,cg023,-0.48568264,13.251553,-0.036651,0.97076327
ILMN_042,cg024,23.864048,12.906724,1.8489624,0.06446326
ILMN_042,cg025,6.200393,12.957021,0.4785354,0.63226914
ILMN_042,cg026,2.3284912,14.173183,0.1642885,0.86950403
ILMN_042,cg027,11.34573,13.00227,0.8725961,0.3828833
ILMN_042,cg028,2.4011397,15.576483,0.1541516,0.8774902
ILMN_042,cg029,-33.43125,15.651258,-2.1360104,0.032678545
ILMN_042,cg030,20.472258,13.187055,1.5524511,0.12055433
ILMN_042,cg031,0.18501462,14.459697,0.012795194,0.9897912
ILMN_042,cg032,-9.770771,13.540399,-0.7216014,0.47053957
ILMN_042,cg033,13.560129,13.363677,1.0147004,0.31024867
ILMN_042,cg034,5.729887,15.515627,0.3692978,0.7119057
ILMN_042,cg035,-6.290394,12.67917,-0.49612033,0.6198095
ILMN_042,cg036,-1.6042244,13.841834,-0.11589681,0.90773433
ILMN_042,cg037,1.6032791,13.5426655,0.11838727,0.9057608
ILMN_042,cg038,1.3370545,14.615389,0.09148265,0.9271091
ILMN_042,cg039,-4.080172,14.578056,-0.27988452,0.7795661
ILMN_042,cg040,-13.5482435,14.754995,-0.918214,0.3585068
ILMN_042,cg041,-3.3827586,14.651689,-0.23087841,0.8174093
ILMN_042,cg042,17.641615,12.854563,1.372401,0.16993868
ILMN_042,cg043,-8.932854,14.529879,-0.61479205,0.53869206
ILMN_042,cg044,-14.169183,13.831791,-1.0243925,0.30564994
ILMN_042,cg045,24.968721,13.522497,1.8464578,0.06482577
ILMN_042,cg046,-0.8222474,12.160146,-0.06761822,0.94608957
ILMN_042,cg047,-2.8072917,14.609912,-0.1921498,0.8476249
ILMN_042,cg048,-7.3732667,13.264009,-0.5558852,0.57828933
ILMN_042,cg049,4.2463193,13.978728,0.30377007,0.76130307
ILMN_042,cg050,-14.091878,12.967447,-1.0867118,0.27716422
ILMN_042,cg051,-0.7514214,14.22482,-0.05282467,0.9578716
ILMN_042,cg052,-6.1568947,13.386953,-0.45991755,0.6455754
ILMN_042,cg053,7.7872787,14.3944645,0.5409912,0.5885137
ILMN_042,cg054,-18.245087,14.333112,-1.2729326,0.20304197
ILMN_042,cg055,0.21329269,12.802345,0.016660439,0.9867075
ILMN_042,cg056,-18.084814,14.830793,-1.2194097,0.22268873
ILMN_042,cg057,-22.029932,16.335423,-1.3485988,0.17746586
ILMN_042,cg058,6.284779,12.9597435,0.48494625,0.6277145
ILMN_042,cg059,16.852097,12.886755,1.3077067,0.1909728
ILMN_042,cg060,2.791229,13.401756,0.20827338,0.83501554
ILMN_042,cg061,-19.11087,12.807246,-1.492192,0.13564885
ILMN_042,cg062,12.917805,14.250096,0.9065065,0.36466783
ILMN_042,cg063,-19.733065,13.563917,-1.4548205,0.14571893
ILMN_042,cg064,8.384789,13.750731,0.6097704,0.5420139
ILMN_042,cg065,10.549926,14.354883,0.73493636,0.46237826
ILMN_042,cg066,-1.8615937,14.461557,-0.12872706,0.8975736
ILMN_042,cg067,-2.8197267,13.306983,-0.21189827,0.8321864
ILMN_042,cg068,-5.618871,13.051086,-0.430529,0.66681087
ILMN_042,cg069,2.7644958,13.997728,0.19749604,0.84343934
ILMN_042,cg070,13.115357,13.464769,0.9740499,0.33003175
ILMN_042,cg071,-2.5016274,13.1408,-0.190371,0.8490184
ILMN_042,cg072,11.892173,14.334869,0.8295976,0.40676636
ILMN_042,cg073,1.994891,12.930548,0.15427738,0.87739104
ILMN_042,cg074,-45.744415,14.520428,-3.1503491,0.0016307831
ILMN_042,cg075,-22.00973,13.72971,-1.6030732,0.10891849
ILMN_042,cg076,2.2443542,16.561857,0.13551344,0.89220595
ILMN_042,cg077,-9.305362,13.854631,-0.67164266,0.5018112
ILMN_042,cg078,-7.477801,14.887439,-0.5022893,0.6154641
ILMN_042,cg079,-7.7552834,13.510942,-0.5740002,0.5659677
ILMN_042,cg080,-14.832282,12.52459,-1.184253,0.23631293
ILMN_042,cg081,1.5733265,14.617075,0.107636206,0.9142843
ILMN_042,cg082,-21.01603,13.116116,-1.6023059,0.109088
ILMN_042,cg083,10.249671,13.91189,0.7367562,0.46127063
ILMN_042,cg084,16.473734,14.66286,1.1235007,0.26122493
ILMN_042,cg085,10.240507,14.688054,0.6971997,0.48567784
ILMN_042,cg086,-18.425444,13.926166,-1.3230809,0.18580848
ILMN_042,cg087,-4.51805,13.459848,-0.33566874,0.7371207
ILMN_042,cg088,11.425023,13.170646,0.86746114,0.38568938
ILMN_042,cg089,3.5452304,14.657421,0.24187273,0.8088788
ILMN_042,cg090,-13.331701,16.098543,-0.8281309,0.4075964
ILMN_042,cg091,-4.033525,13.275916,-0.30382273,0.76126295
ILMN_042,cg092,-3.513977,13.328378,-0.26364627,0.7920525
ILMN_042,cg093,-5.065226,14.067766,-0.36005902,0.71880305
ILMN_042,cg094,-8.367266,15.168457,-0.55162275,0.5812068
ILMN_042,cg095,-4.6959324,14.616889,-0.32126758,0.74800766
ILMN_042,cg096,10.423936,13.086583,0.7965361,0.4257205
ILMN_042,cg097,-28.191847,13.838361,-2.0372245,0.041627526
ILMN_042,cg098,-11.016345,13.204326,-0.8342982,0.40411294
ILMN_042,cg099,15.58981,13.252707,1.1763492,0.2394554
ILMN_042,cg100,-18.652431,15.227975,-1.2248793,0.22062075
ILMN_043,cg001,6.0278177,13.103273,0.46002382,0.6454991
ILMN_043,cg002,-18.247105,14.902284,-1.2244502,0.2207824
ILMN_043,cg003,-8.740649,14.432737,-0.6056127,0.54477197
ILMN_043,cg004,4.931218,15.71413,0.3138079,0.75366694
ILMN_043,cg005,0.65776914,14.582136,0.04510787,0.9640213
ILMN_043,cg006,10.712678,14.162461,0.7564136,0.44940132
ILMN_043,cg007,-5.6715074,13.30805,-0.42617118,0.66998315
ILMN_043,cg008,26.302202,13.781518,1.9085127,0.05632502
ILMN_043,cg009,11.605138,13.989683,0.82954973,0.40679342
ILMN_043,cg010,9.8953085,14.785695,0.66924876,0.5033368
ILMN_043,cg011,-6.948037,13.73961,-0.5056939,0.61307156
ILMN_043,cg012,-3.1067119,15.149079,-0.20507595,0.8375128
ILMN_043,cg013,-23.498137,13.613579,-1.7260808,0.08433288
ILMN_043,cg014,-12.3104105,12.755404,-0.9651133,0.3344881
ILMN_043,cg015,-23.531754,13.847044,-1.6994063,0.08924264
ILMN_043,cg016,16.167288,14.03087,1.1522655,0.24921197
ILMN_043,cg017,-3.902865,13.545618,-0.28812748,0.77324915
ILMN_043,cg018,3.4162753,15.549434,0.21970417,0.82610154
ILMN_043,cg019,-10.136448,12.631647,-0.8024645,0.42228436
ILMN_043,cg020,6.4843493,14.990239,0.43257144,0.6653261
ILMN_043,cg021,-13.798211,14.570544,-0.9469935,0.34364212
ILMN_043,cg022,4.478335,14.258687,0.31407765,0.7534621
ILMN_043,cg023,22.233677,12.929226,1.7196449,0.08549702
ILMN_043,cg024,9.717894,13.388702,0.7258279,0.46794432
ILMN_043,cg025,-7.134759,13.031721,-0.54749167,0.584041
ILMN_043,cg026,21.872835,13.900792,1.5734956,0.1156041
ILMN_043,cg027,-4.662991,13.177182,-0.3538686,0.72343737
ILMN_043,cg028,1.6251063,15.680487,0.10363877,0.91745603
ILMN_043,cg029,11.258722,16.432695,0.68514156,0.4932546
ILMN_043,cg030,-3.6975026,13.605586,-0.27176356,0.7858038
ILMN_043,cg031,6.5317397,14.522315,0.44977263,0.6528744
ILMN_043,cg032,-5.0158396,13.685835,-0.36649862,0.7139931
ILMN_043,cg033,17.783884,13.345558,1.3325695,0.18267316
ILMN_043,cg034,4.764504,15.624364,0.30494067,0.7604113
ILMN_043,cg035,-8.104469,12.740206,-0.6361333,0.52468956
ILMN_043,cg036,-33.61687,13.022979,-2.5813503,0.009841442
ILMN_043,cg037,-1.8293035,13.630571,-0.13420592,0.89323974
ILMN_043,cg038,34.487038,13.805588,2.4980493,0.012487888
ILMN_043,cg039,5.0154085,14.667177,0.34194776,0.7323902
ILMN_043,cg040,-14.506257,14.833494,-0.9779393,0.32810432
ILMN_043,cg041,12.100306,14.647724,0.8260878,0.4087543
ILMN_043,cg042,21.554726,12.812523,1.682317,0.09250742
ILMN_043,cg043,22.034533,14.3209,1.5386276,0.12389523
ILMN_043,cg044,-16.812378,13.86016,-1.2130003,0.22512972
ILMN_043,cg045,18.496199,13.840126,1.3364184,0.18141258
ILMN_043,cg046,12.299535,12.105131,1.0160596,0.309601
ILMN_043,cg047,-20.961529,14.382977,-1.4573846,0.14501023
ILMN_043,cg048,-13.236065,13.252533,-0.99875736,0.31791228
ILMN_043,cg049,7.977943,14.034972,0.5684331,0.5697409
ILMN_043,cg050,-12.181679,13.096074,-0.9301779,0.35227895
ILMN_043,cg051,28.127987,13.704432,2.0524738,0.04012364
ILMN_043,cg052,8.687473,13.444496,0.64617324,0.51816714
ILMN_043,cg053,-16.768404,14.322723,-1.1707553,0.24169719
ILMN_043,cg054,-6.9903636,14.64244,-0.4774043,0.6330743
ILMN_043,cg055,-11.460139,12.77478,-0.8970909,0.36967045
ILMN_043,cg056,-20.473803,14.863621,-1.3774438,0.16837507
ILMN_043,cg057,19.95134,16.503946,1.2088829,0.22670782
ILMN_043,cg058,-29.053555,12.356249,-2.3513248,0.01870668
ILMN_043,cg059,-18.668863,12.919908,-1.4449688,0.14846665
ILMN_043,cg060,-0.5040303,13.495485,-0.037348066,0.97020745
ILMN_043,cg061,-13.146545,13.056142,-1.0069243,0.31397116
ILMN_043,cg062,12.467851,14.353527,0.8686263,0.38505155
ILMN_043,cg063,11.392087,13.861708,0.8218386,0.41116875
ILMN_043,cg064,-6.15979,13.866704,-0.44421443,0.65688753
ILMN_043,cg065,-1.4551041,14.531685,-0.1001332,0.92023855
ILMN_043,cg066,3.7675693,14.548078,0.2589737,0.79565555
ILMN_043,cg067,23.011456,12.963843,1.7750489,0.075889826
ILMN_043,cg068,4.534414,13.145821,0.34493196,0.7301455
ILMN_043,cg069,-4.190905,14.081619,-0.2976153,0.7659968
ILMN_043,cg070,-13.426053,13.547951,-0.9910025,0.32168436
ILMN_043,cg071,-2.3591843,13.227307,-0.17835711,0.85844254
ILMN_043,cg072,7.9179535,14.489123,0.54647565,0.584739
ILMN_043,cg073,-3.187469,13.009925,-0.24500288,0.8064542
ILMN_043,cg074,0.3035994,16.114965,0.018839592,0.9849691
ILMN_043,cg075,3.93623,14.188336,0.27742717,0.7814521
ILMN_043,cg076,16.543468,16.494026,1.0029976,0.315862
ILMN_043,cg077,-25.152403,13.513756,-1.8612444,0.06270969
ILMN_043,cg078,-7.21606,14.988044,-0.48145443,0.6301936
ILMN_043,cg079,17.406044,13.404382,1.2985339,0.19410396
ILMN_043,cg080,-2.6298816,12.791288,-0.20559943,0.83710384
ILMN_043,cg081,-3.4046366,14.705879,-0.23151533,0.81691444
ILMN_043,cg082,-13.209595,13.424692,-0.9839775,0.3251266
ILMN_043,cg083,-10.741995,13.995845,-0.76751316,0.44277644
ILMN_043,cg084,-12.395848,14.847733,-0.83486474,0.40379387
ILMN_043,cg085,-30.547691,14.163024,-2.1568623,0.03101641
ILMN_043,cg086,-9.287226,14.215592,-0.6533126,0.51355475
ILMN_043,cg087,-6.3498573,13.532038,-0.4692462,0.63889366
ILMN_043,cg088,22.21584,12.957083,1.7145711,0.086423874
ILMN_043,cg089,-21.764988,14.409569,-1.5104538,0.13092768
ILMN_043,cg090,-7.006763,16.291359,-0.43009076,0.66712964
ILMN_043,cg091,18.17114,13.105008,1.3865799,0.1655699
ILMN_043,cg092,2.5233634,13.420448,0.18802378,0.85085803
ILMN_043,cg093,42.56993,12.714809,3.348059,0.0008137822
ILMN_043,cg094,37.854572,14.26497,2.6536734,0.007962108
ILMN_043,cg095,-15.740801,14.544902,-1.0822212,0.2791543
ILMN_043,cg096,10.055281,13.179503,0.7629484,0.44549417
ILMN_043,cg097,-22.810549,14.149355,-1.6121265,0.10693443
ILMN_043,cg098,21.523252,13.009326,1.6544479,0.09803653
ILMN_043,cg099,12.786388,13.406557,0.9537414,0.34021455
ILMN_043,cg100,7.831908,15.532574,0.5042248,0.61410344
ILMN_044,cg001,-20.172823,13.120504,-1.5375036,0.124170065
ILMN_044,cg002,1.8210546,15.509872,0.11741261,0.9065331
ILMN_044,cg003,-12.799011,14.722802,-0.86933255,0.38466525
ILMN_044,cg004,-9.924421,16.047693,-0.6184329,0.53629005
ILMN_044,cg005,-24.162437,14.506758,-1.6655988,0.09579337
ILMN_044,cg006,15.550321,14.416332,1.07866,0.2807393
ILMN_044,cg007,24.239227,13.183387,1.8386191,0.065971255
ILMN_044,cg008,4.446271,14.650962,0.3034798,0.76152426
ILMN_044,cg009,-3.0747845,14.430253,-0.21307905,0.83126533
ILMN_044,cg010,-9.448116,15.155658,-0.6234052,0.5330183
ILMN_044,cg011,-0.37776077,14.113369,-0.026766166,0.9786462
ILMN_044,cg012,9.143343,15.466678,0.591164,0.5544106
ILMN_044,cg013,-10.553526,14.305457,-0.7377273,0.4606802
ILMN_044,cg014,-4.5999374,13.180409,-0.34899807,0.7270908
ILMN_044,cg015,1.7532264,14.620667,0.11991425,0.9045511
ILMN_044,cg016,12.959058,14.452965,0.89663666,0.3699128
ILMN_044,cg017,15.045219,13.709905,1.0973978,0.27246755
ILMN_044,cg018,-16.652617,15.746418,-1.0575495,0.2902609
ILMN_044,cg019,8.235351,12.973004,0.63480675,0.5255545
ILMN_044,cg020,-11.875828,15.28676,-0.77687013,0.43723541
ILMN_044,cg021,12.360892,14.959777,0.82627517,0.408648
ILMN_044,cg022,1.0599906,14.620956,0.07249804,0.94220555
ILMN_044,cg023,-3.9010985,13.651253,-0.28576854,0.7750554
ILMN_044,cg024,-17.295744,13.555484,-1.2759223,0.20198303
ILMN_044,cg025,-1.2507875,13.391428,-0.0934021,0.92558414
ILMN_044,cg026,-44.475895,13.064272,-3.4043913,0.0006631017
ILMN_044,cg027,8.053373,13.464382,0.59812427,0.549757
ILMN_044,cg028,12.161744,15.964068,0.76181984,0.4461676
ILMN_044,cg029,2.3045301,16.91538,0.13623874,0.89163256
ILMN_044,cg030,-2.3830009,13.943881,-0.17089939,0.8643029
ILMN_044,cg031,-9.589789,14.841666,-0.6461397,0.5181889
ILMN_044,cg032,-25.366613,13.532444,-1.8745035,0.06086105
ILMN_044,cg033,-2.829985,13.925877,-0.20321772,0.8389649
ILMN_044,cg034,32.892376,15.269613,2.1541066,0.03123182
ILMN_044,cg035,-27.453672,12.4672785,-2.202058,0.027661204
ILMN_044,cg036,12.159705,14.160824,0.85868627,0.39051366
ILMN_044,cg037,-18.576097,13.694241,-1.3564898,0.17494339
ILMN_044,cg038,16.632647,14.869871,1.1185468,0.2633335
ILMN_044,cg039,-4.0495715,15.031812,-0.2694001,0.78762186
ILMN_044,cg040,4.145987,15.33992,0.27027437,0.78694916
ILMN_044,cg041,-20.42858,14.812404,-1.3791536,0.1678474
ILMN_044,cg042,28.198874,12.867423,2.1914935,0.028416097
ILMN_044,cg043,14.11867,14.897888,0.9476961,0.3432842
ILMN_044,cg044,4.3740625,14.408755,0.30356976,0.7614557
ILMN_044,cg045,-0.094462425,14.449977,-0.0065372023,0.9947841
ILMN_044,cg046,-12.758636,12.396564,-1.0292075,0.30338222
ILMN_044,cg047,9.366915,15.006346,0.6241969,0.5324983
ILMN_044,cg048,11.1261425,13.623457,0.8166901,0.41410553
ILMN_044,cg049,-7.2855897,14.387332,-0.5063892,0.61258346
ILMN_044,cg050,18.580942,13.260735,1.4012,0.16115427
ILMN_044,cg051,5.6154847,14.643723,0.38347384,0.70136845
ILMN_044,cg052,4.1117606,13.821181,0.29749703,0.76608706
ILMN_044,cg053,10.355338,14.810225,0.69920194,0.48442584
ILMN_044,cg054,26.222338,14.530788,1.8046052,0.071136475
ILMN_044,cg055,9.677712,13.122696,0.737479,0.4608311
ILMN_044,cg056,2.7691057,15.53128,0.17829219,0.8584935
ILMN_044,cg057,14.652388,17.036125,0.8600775,0.3897463
ILMN_044,cg058,10.471014,13.307148,0.7868714,0.43135715
ILMN_044,cg059,9.687998,13.456161,0.7199675,0.47154504
ILMN_044,cg060,-10.581964,13.736223,-0.77036923,0.44108093
ILMN_044,cg061,-8.950615,13.45632,-0.6651607,0.5059477
ILMN_044,cg062,27.797508,14.24552,1.9513159,0.05101949
ILMN_044,cg063,4.052379,14.290867,0.28356427,0.7767443
ILMN_044,cg064,15.205817,14.057375,1.0816967,0.2793873
ILMN_044,cg065,-13.954325,14.744553,-0.9464054,0.34394187
ILMN_044,cg066,-6.530299,14.882326,-0.4387956,0.66080964
ILMN_044,cg067,6.0854225,13.697658,0.4442674,0.65684927
ILMN_044,cg068,-16.097094,13.27303,-1.212767,0.22521895
ILMN_044,cg069,6.9591684,14.402132,0.48320404,0.6289509
ILMN_044,cg070,-17.945997,13.773592,-1.3029279,0.19259942
ILMN_044,cg071,0.6010011,13.554021,0.044341166,0.96463245
ILMN_044,cg072,-10.200852,14.814135,-0.68858916,0.49108183
ILMN_044,cg073,0.3819682,13.335521,0.028642915,0.97714937
ILMN_044,cg074,5.65827,16.486618,0.34320378,0.7314452
ILMN_044,cg075,-10.8215065,14.458456,-0.74845517,0.45418566
ILMN_044,cg076,11.1152115,17.000895,0.65380156,0.5132396
ILMN_044,cg077,-12.965024,14.227,-0.9112971,0.36213887
ILMN_044,cg078,-23.08539,15.010833,-1.5379153,0.12406927
ILMN_044,cg079,-1.4582396,13.978761,-0.10431823,0.9169168
ILMN_044,cg080,-6.8676314,13.069836,-0.5254566,0.5992658
ILMN_044,cg081,-13.468173,14.941622,-0.90138626,0.367383
ILMN_044,cg082,10.331469,13.812046,0.7480042,0.45445764
ILMN_044,cg083,5.3794436,14.40658,0.37340185,0.7088494
ILMN_044,cg084,-15.196908,15.1596365,-1.0024586,0.31612217
ILMN_044,cg085,11.628412,15.127242,0.7687067,0.44206744
ILMN_044,cg086,-12.031571,14.521442,-0.8285383,0.40736574
ILMN_044,cg087,18.838093,13.614483,1.3836803,0.1664564
ILMN_044,cg088,-4.406917,13.674938,-0.32226232,0.747254
ILMN_044,cg089,-9.373833,15.059022,-0.6224729,0.53363097
ILMN_044,cg090,-19.841917,16.463959,-1.2051729,0.2281366
ILMN_044,cg091,-8.880027,13.6393175,-0.65106094,0.51500714
ILMN_044,cg092,25.2399,13.239687,1.906382,0.05660069
ILMN_044,cg093,1.8090905,14.522708,0.12456977,0.9008642
ILMN_044,cg094,13.970674,15.555464,0.89812005,0.36912155
ILMN_044,cg095,-1.1756707,15.086814,-0.07792704,0.9378861
ILMN_044,cg096,-6.210572,13.5549135,-0.45817864,0.6468241
ILMN_044,cg097,16.963232,14.686523,1.1550202,0.24808216
ILMN_044,cg098,-5.9210205,13.6892805,-0.43252972,0.66535646
ILMN_044,cg099,-16.92837,13.64191,-1.2409091,0.2146393
ILMN_044,cg100,17.900341,15.735169,1.1376008,0.25528723
ILMN_045,cg001,20.12322,15.173709,1.32619,0.18477678
ILMN_045,cg002,23.96494,17.473404,1.3715094,0.1702162
ILMN_045,cg003,-4.680837,17.044348,-0.27462694,0.7836029
ILMN_045,cg004,-31.357801,17.932575,-1.7486502,0.08035153
ILMN_045,cg005,7.2635427,17.133537,0.42393714,0.67161167
ILMN_045,cg006,-17.179003,16.58359,-1.0359038,0.300247
ILMN_045,cg007,-14.554482,15.550221,-0.93596625,0.34929055
ILMN_045,cg008,-12.259512,16.75697,-0.7316067,0.46440864
ILMN_045,cg009,-14.520417,16.453163,-0.88253045,0.37749004
ILMN_045,cg010,-24.087923,17.126389,-1.40648,0.15958166
ILMN_045,cg011,6.770358,16.188892,0.4182101,0.6757935
ILMN_045,cg012,13.648974,17.728315,0.76989686,0.44136113
ILMN_045,cg013,-22.840168,16.190722,-1.4106948,0.15833461
ILMN_045,cg014,-1.6888936,15.165326,-0.11136546,0.9113265
ILMN_045,cg015,-7.4684515,16.769026,-0.4453718,0.65605104
ILMN_045,cg016,-2.4001503,16.750568,-0.14328769,0.886063
ILMN_045,cg017,-24.777428,15.537035,-1.5947334,0.110771894
ILMN_045,cg018,-1.0670633,18.314257,-0.05826408,0.9535383
ILMN_045,cg019,-7.4958935,14.93329,-0.5019586,0.61569667
ILMN_045,cg020,-7.3364305,17.649767,-0.41566727,0.6776535
ILMN_045,cg021,-9.912724,17.257565,-0.57439876,0.565698
ILMN_045,cg022,2.0831015,16.801,0.12398675,0.90132576
ILMN_045,cg023,-30.2236,15.05676,-2.007311,0.044716537
ILMN_045,cg024,-3.7085042,15.842211,-0.23409007,0.81491506
ILMN_045,cg025,9.536961,15.326926,0.6222357,0.5337869
ILMN_045,cg026,-12.145445,16.703402,-0.72712404,0.46714997
ILMN_045,cg027,-9.572432,15.469482,-0.61879456,0.53605175
ILMN_045,cg028,-7.8751817,18.425217,-0.42741325,0.66907835
ILMN_045,cg029,9.7408085,19.390478,0.5023501,0.6154213
ILMN_045,cg030,22.507523,15.682548,1.4351956,0.15123135
ILMN_045,cg031,20.203236,16.872791,1.1973855,0.23115629
ILMN_045,cg032,9.844838,16.069519,0.6126405,0.54011405
ILMN_045,cg033,3.9905293,16.000408,0.24940172,0.80305004
ILMN_045,cg034,-10.881504,18.342089,-0.59325325,0.55301166
ILMN_045,cg035,-0.38845024,15.063927,-0.025786785,0.9794274
ILMN_045,cg036,14.930478,16.255579,0.9184833,0.3583659
ILMN_045,cg037,11.340077,15.962189,0.7104337,0.47743523
ILMN_045,cg038,8.311406,17.27634,0.48108605,0.6304554
ILMN_045,cg039,-16.987885,17.106237,-0.99308133,0.3206703
ILMN_045,cg040,25.11693,17.250057,1.4560491,0.14537907
ILMN_045,cg041,-19.797815,17.124231,-1.1561286,0.24762857
ILMN_045,cg042,3.5892985,15.531413,0.2310993,0.8172377
ILMN_045,cg043,-1.3538811,17.286285,-0.078321114,0.9375726
ILMN_045,cg044,34.64146,15.769006,2.196807,0.02803427
ILMN_045,cg045,6.5023913,16.578665,0.39221442,0.6948998
ILMN_045,cg046,-12.006987,14.300441,-0.8396235,0.40111953
ILMN_045,cg047,27.062843,16.852694,1.6058468,0.1083076
ILMN_045,cg048,11.708435,15.674813,0.7469585,0.45508862
ILMN_045,cg049,29.354832,16.005508,1.8340455,0.06664723
ILMN_045,cg050,-3.049496,15.554973,-0.19604637,0.84457386
ILMN_045,cg051,-8.413596,16.810179,-0.50050604,0.61671877
ILMN_045,cg052,2.4275346,15.894966,0.15272348,0.87861633
ILMN_045,cg053,-6.707661,17.081963,-0.3926751,0.69455945
ILMN_045,cg054,3.6488562,17.271856,0.21126021,0.8326842
ILMN_045,cg055,0.7135679,15.169528,0.04703956,0.9624817
ILMN_045,cg056,-7.9017253,17.817137,-0.44349018,0.6574112
ILMN_045,cg057,9.227629,19.688274,0.46868652,0.63929373
ILMN_045,cg058,13.929108,15.25796,0.9129076,0.36129117
ILMN_045,cg059,30.701649,14.877704,2.0636013,0.039055526
ILMN_045,cg060,2.0473096,15.884724,0.12888545,0.8974483
ILMN_045,cg061,19.690434,15.264983,1.2899086,0.1970824
ILMN_045,cg062,-25.22297,16.624598,-1.5172077,0.12921429
ILMN_045,cg063,18.432112,16.211636,1.136968,0.2555517
ILMN_045,cg064,2.387271,16.35555,0.1459609,0.88395226
ILMN_045,cg065,-10.473411,17.039234,-0.6146644,0.5387764
ILMN_045,cg066,-3.8394022,17.12963,-0.22413808,0.82264984
ILMN_045,cg067,-14.174752,15.636448,-0.90651995,0.36466068
ILMN_045,cg068,-0.36210018,15.495622,-0.023367902,0.9813568
ILMN_045,cg069,16.275854,16.418879,0.991289,0.32154447
ILMN_045,cg070,20.869293,15.822043,1.3190011,0.18716878
ILMN_045,cg071,15.014743,15.41891,0.97378755,0.33016205
ILMN_045,cg072,-26.878506,16.647156,-1.6146005,0.10639721
ILMN_045,cg073,-1.0093752,15.325,-0.065864615,0.9474856
ILMN_045,cg074,36.031967,18.212116,1.9784613,0.047876716
ILMN_045,cg075,6.5082374,16.689404,0.38996226,0.69656444
ILMN_045,cg076,-28.466198,19.174536,-1.4845834,0.13765424
ILMN_045,cg077,7.1720796,16.463102,0.4356457,0.6630938
ILMN_045,cg078,1.2332294,17.687908,0.06972161,0.9444152
ILMN_045,cg079,-21.85101,15.740382,-1.3882134,0.16507208
ILMN_045,cg080,6.1704516,15.037766,0.41033033,0.6815636
ILMN_045,cg081,-27.43993,16.84326,-1.6291342,0.1032846
ILMN_045,cg082,-0.65974545,15.969169,-0.0413137,0.9670458
ILMN_045,cg083,42.563026,15.348128,2.7731738,0.005551219
ILMN_045,cg084,-2.8859982,17.606047,-0.16392085,0.8697935
ILMN_045,cg085,6.009123,17.473543,0.34389836,0.7309227
ILMN_045,cg086,5.0658937,16.795946,0.30161408,0.76294625
ILMN_045,cg087,-27.36905,15.4501705,-1.7714399,0.0764876
ILMN_045,cg088,-0.5110144,15.733206,-0.032479994,0.97408926
ILMN_045,cg089,15.561929,17.226887,0.9033512,0.36633956
ILMN_045,cg090,27.217512,18.793598,1.4482331,0.14755183
ILMN_045,cg091,-11.342605,15.657714,-0.72441,0.46881407
ILMN_045,cg092,16.339783,15.620391,1.0460547,0.2955358
ILMN_045,cg093,-31.344698,16.040247,-1.9541281,0.05068606
ILMN_045,cg094,-16.538437,17.867237,-0.92562926,0.3546387
ILMN_045,cg095,-3.1989512,17.332952,-0.18455893,0.853575
ILMN_045,cg096,3.8982265,15.602641,0.24984401,0.80270797
ILMN_045,cg097,19.592442,16.875738,1.1609828,0.24564886
ILMN_045,cg098,-14.586623,15.616701,-0.93403995,0.35028332
ILMN_045,cg099,-11.941338,15.840396,-0.7538535,0.4509372
ILMN_045,cg100,-7.0748763,18.306248,-0.38647333,0.69914615
ILMN_046,cg001,13.587117,13.154066,1.0329214,0.3016407
ILMN_046,cg002,-3.8286898,15.33154,-0.24972637,0.802799
ILMN_046,cg003,21.776934,14.324892,1.5202162,0.12845665
ILMN_046,cg004,-24.654621,15.517291,-1.5888482,0.1120947
ILMN_046,cg005,-19.738304,14.484361,-1.3627322,0.17296696
ILMN_046,cg006,-8.865625,14.377991,-0.6166109,0.53749144
ILMN_046,cg007,16.724546,13.282332,1.2591573,0.20797354
ILMN_046,cg008,-6.021281,14.477452,-0.41590747,0.6774777
ILMN_046,cg009,0.40090224,14.278782,0.028076781,0.97760093
ILMN_046,cg010,-4.677684,15.036681,-0.31108487,0.7557361
ILMN_046,cg011,-27.134542,13.372934,-2.0290642,0.04245174
ILMN_046,cg012,34.87245,14.468467,2.4102383,0.015942097
ILMN_046,cg013,-13.862487,14.084355,-0.98424715,0.32499403
ILMN_046,cg014,-5.9894958,13.023078,-0.459914,0.64557797
ILMN_046,cg015,5.5166945,14.439556,0.3820543,0.70242107
ILMN_046,cg016,-7.5898547,14.375206,-0.52798235,0.5975116
ILMN_046,cg017,13.869822,13.5826845,1.02114,0.3071881
ILMN_046,cg018,13.500783,15.635564,0.8634663,0.38788116
ILMN_046,cg019,-8.485859,12.825805,-0.6616239,0.5082123
ILMN_046,cg020,-19.320292,14.9488325,-1.2924281,0.1962089
ILMN_046,cg021,18.139996,14.663034,1.2371242,0.21604097
ILMN_046,cg022,-3.3648171,14.452785,-0.23281446,0.8159055
ILMN_046,cg023,-6.8556113,13.475534,-0.508745,0.610931
ILMN_046,cg024,-21.005264,13.285663,-1.5810475,0.11386716
ILMN_046,cg025,-8.326958,13.188673,-0.6313719,0.5277974
ILMN_046,cg026,1.0516765,14.456431,0.072748005,0.94200665
ILMN_046,cg027,18.336946,13.092026,1.4006195,0.1613279
ILMN_046,cg028,-16.42436,15.702497,-1.0459713,0.2955743
ILMN_046,cg029,-1.891479,16.730762,-0.11305396,0.9099878
ILMN_046,cg030,-25.92474,13.255075,-1.955835,0.050484598
ILMN_046,cg031,-12.792815,14.624082,-0.8747773,0.3816951
ILMN_046,cg032,-5.088274,13.865394,-0.36697653,0.7136365
ILMN_046,cg033,16.657906,13.558544,1.228591,0.21922523
ILMN_046,cg034,-12.418141,15.739269,-0.788991,0.4301173
ILMN_046,cg035,-4.6033015,12.946277,-0.35556954,0.72216296
ILMN_046,cg036,14.463182,13.955201,1.0364009,0.30001515
ILMN_046,cg037,-0.44153714,13.812006,-0.031967632,0.97449785
ILMN_046,cg038,1.1242166,14.904394,0.07542853,0.93987375
ILMN_046,cg039,-2.5174594,14.873911,-0.16925336,0.86559737
ILMN_046,cg040,-1.7636184,15.181358,-0.11617,0.9075178
ILMN_046,cg041,-6.6702724,14.917246,-0.44715172,0.6547655
ILMN_046,cg042,-1.7638059,13.371509,-0.13190778,0.89505726
ILMN_046,cg043,-15.738496,14.695425,-1.0709792,0.2841788
ILMN_046,cg044,-12.959177,14.136322,-0.91672903,0.35928464
ILMN_046,cg045,-24.974154,13.808859,-1.8085603,0.07051933
ILMN_046,cg046,-11.690093,12.280488,-0.95192415,0.34113544
ILMN_046,cg047,2.464361,14.899924,0.16539419,0.86863375
ILMN_046,cg048,-21.837063,13.183796,-1.6563562,0.09764969
ILMN_046,cg049,-23.295942,13.8494425,-1.6820852,0.092552364
ILMN_046,cg050,-33.343338,12.457146,-2.6766436,0.0074363947
ILMN_046,cg051,-12.070924,14.396525,-0.8384609,0.4017719
ILMN_046,cg052,23.689178,13.229307,1.7906591,0.073348045
ILMN_046,cg053,-6.618065,14.692929,-0.45042515,0.65240395
ILMN_046,cg054,13.175115,14.74389,0.89359826,0.3715369
ILMN_046,cg055,14.0212555,12.890435,1.0877255,0.2767163
ILMN_046,cg056,1.9881477,15.363315,0.12940878,0.89703417
ILMN_046,cg057,14.873753,16.841888,0.88314044,0.37716043
ILMN_046,cg058,0.8395587,13.248785,0.06336873,0.9494729
ILMN_046,cg059,-2.01672,13.379932,-0.15072723,0.8801909
ILMN_046,cg060,4.540415,13.656407,0.33247507,0.73953056
ILMN_046,cg061,-24.127731,12.890599,-1.8717308,0.06124389
ILMN_046,cg062,-3.7414823,14.650294,-0.25538614,0.7984249
ILMN_046,cg063,13.199118,14.011851,0.9419967,0.3461944
ILMN_046,cg064,14.756221,13.909661,1.0608612,0.28875297
ILMN_046,cg065,-5.9759912,14.697615,-0.406596,0.6843047
ILMN_046,cg066,-5.6645813,14.726082,-0.38466316,0.700487
ILMN_046,cg067,-16.18701,13.364915,-1.211157,0.22583526
ILMN_046,cg068,-2.1133735,13.331917,-0.15851985,0.87404716
ILMN_046,cg069,3.1816704,14.272447,0.22292396,0.8235947
ILMN_046,cg070,4.037809,13.858718,0.29135516,0.7707797
ILMN_046,cg071,-11.730013,13.293502,-0.882387,0.3775676
ILMN_046,cg072,-7.6432624,14.683667,-0.5205282,0.60269547
ILMN_046,cg073,-21.17117,12.814554,-1.652119,0.098510265
ILMN_046,cg074,-14.423329,16.187428,-0.8910205,0.3729182
ILMN_046,cg075,2.0929923,14.383253,0.14551592,0.88430357
ILMN_046,cg076,7.5651674,16.855364,0.4488285,0.6535554
ILMN_046,cg077,11.209144,14.100764,0.79493165,0.42665327
ILMN_046,cg078,-8.569655,15.170428,-0.5648921,0.57214713
ILMN_046,cg079,8.413391,13.771203,0.6109409,0.5412387
ILMN_046,cg080,-5.451515,12.940173,-0.4212861,0.6735462
ILMN_046,cg081,20.201996,14.606951,1.38304,0.16665262
ILMN_046,cg082,-10.959456,13.647943,-0.8030116,0.42196804
ILMN_046,cg083,-12.154937,14.157043,-0.85857874,0.39057297
ILMN_046,cg084,5.4216638,15.135033,0.3582195,0.7201791
ILMN_046,cg085,4.673522,15.041214,0.31071442,0.75601774
ILMN_046,cg086,-2.3122182,14.464802,-0.15985136,0.8729982
ILMN_046,cg087,1.2665826,13.741135,0.09217453,0.9265594
ILMN_046,cg088,-12.817175,13.40757,-0.9559656,0.33908963
ILMN_046,cg089,-13.804449,14.817184,-0.9316513,0.35151678
ILMN_046,cg090,-38.57481,15.529577,-2.4839575,0.012993157
ILMN_046,cg091,-41.170418,12.116041,-3.398009,0.0006787777
ILMN_046,cg092,0.48081663,13.601617,0.03534996,0.9718007
ILMN_046,cg093,5.1451387,14.345681,0.3586542,0.71985376
ILMN_046,cg094,3.3499296,15.511161,0.21596898,0.8290119
ILMN_046,cg095,6.435277,14.892006,0.43212962,0.6656472
ILMN_046,cg096,-10.71724,13.343449,-0.8031837,0.42186862
ILMN_046,cg097,14.7969885,14.572028,1.0154378,0.30989718
ILMN_046,cg098,-4.41791,13.550881,-0.32602382,0.74440634
ILMN_046,cg099,-19.138918,13.422723,-1.4258596,0.15390891
ILMN_046,cg100,1.5024482,15.778295,0.09522247,0.9241381
ILMN_047,cg001,13.306354,13.820502,0.9627981,0.33564883
ILMN_047,cg002,-3.8799105,16.085058,-0.24121208,0.8093908
ILMN_047,cg003,-4.252246,15.388374,-0.27632847,0.78229576
ILMN_047,cg004,-11.4211645,16.634912,-0.686578,0.49234873
ILMN_047,cg005,35.683617,14.578945,2.447613,0.014380574
ILMN_047,cg006,22.086496,14.791948,1.4931432,0.1353997
ILMN_047,cg007,2.7675736,14.166734,0.19535722,0.8451133
ILMN_047,cg008,36.99238,14.205756,2.6040416,0.00921315
ILMN_047,cg009,-4.812724,14.963191,-0.32163754,0.7477273
ILMN_047,cg010,3.413029,15.783558,0.21623951,0.82880104
ILMN_047,cg011,31.739191,13.876076,2.2873318,0.022176445
ILMN_047,cg012,-0.59155667,16.10861,-0.03672301,0.97070587
ILMN_047,cg013,-15.738362,14.749257,-1.0670613,0.28594416
ILMN_047,cg014,7.5090756,13.649065,0.55015314,0.58221436
ILMN_047,cg015,12.912452,15.052643,0.85781956,0.3909921
ILMN_047,cg016,-2.8977962,15.120629,-0.1916452,0.84802014
ILMN_047,cg017,9.758556,14.338192,0.6805988,0.4961254
ILMN_047,cg018,0.39234725,16.535578,0.02372746,0.98107
ILMN_047,cg019,-3.7803915,13.507935,-0.27986452,0.7795814
ILMN_047,cg020,2.5201955,15.960707,0.15789999,0.8745356
ILMN_047,cg021,-30.619724,14.9709015,-2.0452826,0.040827036
ILMN_047,cg022,-0.36422825,15.171262,-0.024007775,0.9808464
ILMN_047,cg023,14.2344055,14.020698,1.0152423,0.30999035
ILMN_047,cg024,4.043764,14.29927,0.28279516,0.77733386
ILMN_047,cg025,1.4553517,13.89441,0.10474368,0.9165792
ILMN_047,cg026,17.25263,14.95229,1.1538454,0.24856353
ILMN_047,cg027,-7.579479,13.980072,-0.5421631,0.5877062
ILMN_047,cg028,-6.9564123,16.636662,-0.41813752,0.6758466
ILMN_047,cg029,-3.4011157,17.54753,-0.19382305,0.84631443
ILMN_047,cg030,-16.683815,14.261974,-1.169811,0.24207705
ILMN_047,cg031,-5.229904,15.449989,-0.33850536,0.7349824
ILMN_047,cg032,-13.234201,14.436195,-0.9167375,0.35928023
ILMN_047,cg033,-2.0898545,14.452487,-0.14460172,0.8850253
ILMN_047,cg034,3.585003,16.615023,0.21576877,0.82916796
ILMN_047,cg035,-5.3559747,13.577656,-0.39446977,0.6932342
ILMN_047,cg036,11.119655,14.719328,0.75544584,0.4499815
ILMN_047,cg037,14.43613,14.333166,1.0071836,0.3138466
ILMN_047,cg038,-7.043588,15.602653,-0.4514353,0.6516759
ILMN_047,cg039,0.3124823,15.609019,0.020019341,0.9840279
ILMN_047,cg040,-43.167248,14.602315,-2.956192,0.0031146407
ILMN_047,cg041,11.38677,15.593547,0.73022324,0.46525377
ILMN_047,cg042,-20.139683,13.712889,-1.4686681,0.14192283
ILMN_047,cg043,20.194506,15.321363,1.318062,0.1874829
ILMN_047,cg044,-7.904368,14.919835,-0.5297892,0.59625804
ILMN_047,cg045,-3.5458982,14.983975,-0.23664603,0.8129314
ILMN_047,cg046,2.2589793,13.005483,0.17369439,0.86210567
ILMN_047,cg047,-14.5044565,15.489231,-0.936422,0.34905595
ILMN_047,cg048,-11.961824,14.127953,-0.84667784,0.39717472
ILMN_047,cg049,-8.310159,14.919409,-0.5570032,0.57752526
ILMN_047,cg050,-4.6200204,14.033185,-0.3292211,0.7419886
ILMN_047,cg051,12.964109,15.097861,0.8586719,0.39052153
ILMN_047,cg052,12.986679,14.226164,0.91287285,0.3613094
ILMN_047,cg053,-30.333796,14.786732,-2.05142,0.040226042
ILMN_047,cg054,-1.1202725,15.600626,-0.071809456,0.94275355
ILMN_047,cg055,12.791261,13.565704,0.9429116,0.34572613
ILMN_047,cg056,-9.255745,16.062729,-0.5762249,0.56446314
ILMN_047,cg057,9.426817,17.763702,0.53067863,0.5956415
ILMN_047,cg058,-30.306284,13.162101,-2.3025415,0.021304667
ILMN_047,cg059,-24.473175,13.568765,-1.8036406,0.07128769
ILMN_047,cg060,3.73663,14.333565,0.2606909,0.7943309
ILMN_047,cg061,-2.0544276,14.025796,-0.14647494,0.8835465
ILMN_047,cg062,10.898371,15.296356,0.7124815,0.47616667
ILMN_047,cg063,1.9603044,14.838134,0.13211259,0.89489526
ILMN_047,cg064,2.0302393,14.767033,0.13748458,0.89064777
ILMN_047,cg065,-21.163395,15.12851,-1.398908,0.16184056
ILMN_047,cg066,11.353798,15.38315,0.73806715,0.46047366
ILMN_047,cg067,35.876312,13.224254,2.7129178,0.0066693425
ILMN_047,cg068,-13.870961,13.840051,-1.0022334,0.3162309
ILMN_047,cg069,2.8413928,14.97546,0.18973659,0.84951556
ILMN_047,cg070,-28.32262,13.940575,-2.0316682,0.042187274
ILMN_047,cg071,24.978464,13.572975,1.8403087,0.06572294
ILMN_047,cg072,15.800266,15.2733,1.0345024,0.30090135
ILMN_047,cg073,-27.490984,13.229866,-2.0779488,0.037714064
ILMN_047,cg074,19.789146,16.877815,1.1724945,0.24099857
ILMN_047,cg075,4.011403,15.08136,0.26598418,0.7902514
ILMN_047,cg076,31.022604,17.12119,1.8119421,0.069995165
ILMN_047,cg077,3.1219945,14.887267,0.20970903,0.8338948
ILMN_047,cg078,-3.9666696,15.959702,-0.24854285,0.80371445
ILMN_047,cg079,-14.825534,14.340229,-1.0338422,0.30120993
ILMN_047,cg080,6.06636,13.5722685,0.44696727,0.65489864
ILMN_047,cg081,-36.615715,14.678178,-2.494568,0.0126110315
ILMN_047,cg082,-21.141209,14.07709,-1.5018166,0.1331445
ILMN_047,cg083,-9.666636,14.902694,-0.6486503,0.5165645
ILMN_047,cg084,-15.841901,15.727806,-1.0072544,0.31381255
ILMN_047,cg085,-11.754768,15.700932,-0.74866694,0.454058
ILMN_047,cg086,6.0702133,15.152839,0.4005991,0.68871534
ILMN_047,cg087,22.79536,14.019928,1.6259257,0.10396546
ILMN_047,cg088,5.33427,14.183135,0.3760995,0.7068429
ILMN_047,cg089,6.7544847,15.659052,0.43134698,0.6662161
ILMN_047,cg090,-53.153866,15.479493,-3.4338248,0.0005951524
ILMN_047,cg091,20.66146,13.886795,1.4878495,0.13679057
ILMN_047,cg092,4.598429,14.253543,0.32261658,0.7469857
ILMN_047,cg093,9.835615,15.001159,0.65565705,0.5120448
ILMN_047,cg094,4.147773,16.269527,0.2549412,0.7987685
ILMN_047,cg095,-0.16423382,15.654873,-0.010490907,0.9916296
ILMN_047,cg096,-0.03175974,14.0964365,-0.0022530332,0.9982023
ILMN_047,cg097,-26.520334,14.95518,-1.7733209,0.07617557
ILMN_047,cg098,12.676029,14.109405,0.8984099,0.36896706
ILMN_047,cg099,-4.358587,14.375254,-0.3032007,0.7617369
ILMN_047,cg100,6.0000606,16.530996,0.3629582,0.71663606
ILMN_048,cg001,6.872584,14.91367,0.46082446,0.6449245
ILMN_048,cg002,-2.1654093,17.23261,-0.12565765,0.90000296
ILMN_048,cg003,-5.2346725,16.474236,-0.31774905,0.7506753
ILMN_048,cg004,-37.237637,17.041943,-2.185058,0.02888459
ILMN_048,cg005,7.0961323,16.564348,0.42839792,0.6683614
ILMN_048,cg006,-9.027167,16.164564,-0.5584541,0.5765344
ILMN_048,cg007,30.654352,14.488103,2.1158292,0.034359336
ILMN_048,cg008,2.6440904,16.290277,0.16231094,0.87106097
ILMN_048,cg009,-22.074148,15.707693,-1.4053081,0.1599297
ILMN_048,cg010,1.9356838,16.907995,0.11448334,0.90885466
ILMN_048,cg011,-20.001225,15.401669,-1.2986401,0.19406748
ILMN_048,cg012,-0.8668557,17.249678,-0.050253443,0.9599204
ILMN_048,cg013,3.555887,15.979917,0.22252224,0.8239074
ILMN_048,cg014,6.3124466,14.634537,0.431339,0.6662219
ILMN_048,cg015,25.033077,15.822749,1.5820941,0.11362809
ILMN_048,cg016,-45.827644,14.721808,-3.1129086,0.0018525124
ILMN_048,cg017,1.8174024,15.428833,0.1177926,0.906232
ILMN_048,cg018,-7.7219114,17.670586,-0.43699238,0.6621169
ILMN_048,cg019,0.0056568915,14.477278,0.00039074276,0.9996882
ILMN_048,cg020,19.389763,16.85542,1.1503578,0.24999648
ILMN_048,cg021,20.823013,16.460802,1.265006,0.2058692
ILMN_048,cg022,0.8329714,16.245777,0.051273104,0.9591079
ILMN_048,cg023,-8.6029215,15.128253,-0.5686659,0.5695829
ILMN_048,cg024,17.709497,15.101597,1.1726904,0.24092
ILMN_048,cg025,-0.32370922,14.880522,-0.021753889,0.98264426
ILMN_048,cg026,4.4057503,16.228714,0.2714787,0.7860229
ILMN_048,cg027,23.295406,14.62027,1.5933636,0.11107862
ILMN_048,cg028,-41.211823,16.783072,-2.455559,0.014066577
ILMN_048,cg029,-29.230778,18.297716,-1.5975096,0.110152185
ILMN_048,cg030,9.31109,15.437009,0.60316676,0.5463978
ILMN_048,cg031,18.033176,16.350433,1.1029173,0.2700631
ILMN_048,cg032,11.367272,15.5092745,0.7329339,0.4635988
ILMN_048,cg033,15.762616,15.304501,1.0299333,0.30304128
ILMN_048,cg034,-14.761464,17.667639,-0.8355086,0.40343142
ILMN_048,cg035,11.879706,14.4584875,0.8216424,0.41128045
ILMN_048,cg036,-5.5735607,15.838357,-0.3519027,0.7249112
ILMN_048,cg037,5.837368,15.4930935,0.37677228,0.7063428
ILMN_048,cg038,3.8767128,16.735306,0.23164876,0.81681085
ILMN_048,cg039,6.9548163,16.683502,0.41686788,0.6767751
ILMN_048,cg040,-14.290116,16.927055,-0.8442175,0.3985479
ILMN_048,cg041,7.4062705,16.75931,0.44191977,0.6585473
ILMN_048,cg042,4.41577,15.010668,0.29417545,0.7686238
ILMN_048,cg043,-15.351336,16.559856,-0.927021,0.35391563
ILMN_048,cg044,-17.765453,15.810051,-1.123681,0.2611484
ILMN_048,cg045,-1.05154,16.0546,-0.06549774,0.9477777
ILMN_048,cg046,22.515936,13.530156,1.6641297,0.0960865
ILMN_048,cg047,32.966995,16.022932,2.0574882,0.039639294
ILMN_048,cg048,15.818415,15.066894,1.049879,0.29377377
ILMN_048,cg049,-3.419121,16.0223,-0.21339764,0.83101684
ILMN_048,cg050,-9.000692,14.986483,-0.60058737,0.5481149
ILMN_048,cg051,-14.892393,16.147993,-0.9222442,0.3564012
ILMN_048,cg052,-15.377415,15.2033205,-1.011451,0.3118006
ILMN_048,cg053,0.18747015,16.5428,0.011332431,0.9909582
ILMN_048,cg054,-9.7971,16.644297,-0.5886161,0.55611885
ILMN_048,cg055,2.4792879,14.661987,0.1690963,0.86572087
ILMN_048,cg056,13.394969,17.149385,0.7810757,0.434758
ILMN_048,cg057,29.40766,18.581205,1.5826561,0.11349988
ILMN_048,cg058,-11.826677,14.7822275,-0.8000606,0.42367572
ILMN_048,cg059,6.2050233,15.007254,0.41346827,0.6792636
ILMN_048,cg060,14.4914255,15.211098,0.9526877,0.3407483
ILMN_048,cg061,8.903271,14.965556,0.5949175,0.5518986
ILMN_048,cg062,13.719983,16.34553,0.8393722,0.4012605
ILMN_048,cg063,8.411723,15.843955,0.53091055,0.5954808
ILMN_048,cg064,-2.8737183,15.8108425,-0.18175617,0.8557741
ILMN_048,cg065,36.381172,15.647468,2.3250518,0.020069182
ILMN_048,cg066,-21.044577,16.27719,-1.2928877,0.19604993
ILMN_048,cg067,-17.87915,15.022516,-1.1901568,0.23398477
ILMN_048,cg068,-11.595932,14.883674,-0.7791042,0.4359184
ILMN_048,cg069,9.071498,15.986887,0.56743366,0.5704196
ILMN_048,cg070,9.30541,15.5231285,0.5994546,0.5488698
ILMN_048,cg071,-10.182905,14.985142,-0.6795335,0.4967999
ILMN_048,cg072,-1.0534102,16.54384,-0.06367386,0.9492299
ILMN_048,cg073,-11.947952,14.712107,-0.81211704,0.4167245
ILMN_048,cg074,-19.444227,18.116245,-1.0733033,0.28313506
ILMN_048,cg075,7.3992057,16.125422,0.45885348,0.6463394
ILMN_048,cg076,6.395424,18.95378,0.3374221,0.7357987
ILMN_048,cg077,-16.548393,15.761913,-1.0498976,0.29376525
ILMN_048,cg078,-30.319237,16.507317,-1.8367151,0.06625193
ILMN_048,cg079,1.8480499,15.531219,0.11898937,0.9052838
ILMN_048,cg080,-17.21526,14.342514,-1.2002958,0.23002446
ILMN_048,cg081,-7.368682,16.712303,-0.44091362,0.65927553
ILMN_048,cg082,-11.377318,15.348186,-0.74128103,0.45852304
ILMN_048,cg083,-2.9727285,16.02537,-0.1855014,0.8528358
ILMN_048,cg084,-15.668698,16.869377,-0.92882496,0.35297984
ILMN_048,cg085,-1.6947877,16.913614,-0.100202575,0.9201835
ILMN_048,cg086,6.825686,16.223507,0.42072815,0.67395365
ILMN_048,cg087,-5.0783,15.420448,-0.32932246,0.741912
ILMN_048,cg088,-40.204933,14.008743,-2.8699887,0.0041048527
ILMN_048,cg089,33.017303,16.081692,2.053099,0.040062964
ILMN_048,cg090,-14.780153,18.451382,-0.8010323,0.42311293
ILMN_048,cg091,-19.127659,14.960783,-1.2785199,0.2010662
ILMN_048,cg092,17.970398,15.049191,1.1941105,0.23243475
ILMN_048,cg093,17.790722,15.924275,1.1172076,0.26390558
ILMN_048,cg094,2.7529204,17.429796,0.15794335,0.87450147
ILMN_048,cg095,20.997293,16.475689,1.274441,0.2025072
ILMN_048,cg096,-1.1864239,15.094151,-0.07860157,0.93734956
ILMN_048,cg097,-0.36198992,16.553015,-0.02186852,0.9825528
ILMN_048,cg098,-16.174131,15.053306,-1.0744572,0.28261787
ILMN_048,cg099,31.300806,14.701766,2.1290507,0.033250034
ILMN_048,cg100,-44.614693,16.461912,-2.7101767,0.0067247152
ILMN_049,cg001,-0.32154217,12.371502,-0.025990553,0.97926486
ILMN_049,cg002,0.98471105,14.26409,0.06903427,0.9449623
ILMN_049,cg003,-17.7485,13.396476,-1.3248634,0.18521643
ILMN_049,cg004,-20.776596,14.498396,-1.4330273,0.15185004
ILMN_049,cg005,-11.391882,13.633546,-0.8355773,0.40339273
ILMN_049,cg006,-18.011284,13.158394,-1.3688056,0.17106003
ILMN_049,cg007,0.9235848,12.560117,0.07353314,0.9413819
ILMN_049,cg008,-9.629741,13.411383,-0.7180274,0.4727404
ILMN_049,cg009,9.467737,13.202843,0.7170984,0.4733134
ILMN_049,cg010,-1.3215435,13.994354,-0.094434045,0.9247644
ILMN_049,cg011,-10.368324,12.888239,-0.80447954,0.4211201
ILMN_049,cg012,9.359152,14.2100525,0.65862894,0.5101341
ILMN_049,cg013,-8.35278,13.175284,-0.6339734,0.5260982
ILMN_049,cg014,4.4756746,12.118629,0.36932185,0.71188784
ILMN_049,cg015,-3.3063438,13.4382515,-0.24603973,0.8056515
ILMN_049,cg016,-11.509406,13.298579,-0.86546135,0.38678563
ILMN_049,cg017,18.689058,12.470618,1.4986473,0.13396513
ILMN_049,cg018,17.50523,14.426123,1.2134397,0.22496176
ILMN_049,cg019,-10.0385895,11.890191,-0.8442749,0.39851582
ILMN_049,cg020,-5.91876,14.122502,-0.41910136,0.67514205
ILMN_049,cg021,9.431191,13.788604,0.6839845,0.49398494
ILMN_049,cg022,-9.517838,13.372592,-0.71174216,0.47662443
ILMN_049,cg023,10.356908,12.471527,0.8304442,0.40628767
ILMN_049,cg024,-9.36163,12.608797,-0.7424682,0.45780373
ILMN_049,cg025,-1.1271611,12.314641,-0.09153017,0.92707133
ILMN_049,cg026,7.7846127,13.393181,0.581237,0.56108075
ILMN_049,cg027,23.271025,11.946789,1.9478896,0.0514282
ILMN_049,cg028,-28.18396,14.176177,-1.9881214,0.04679829
ILMN_049,cg029,4.9082365,15.541479,0.31581527,0.7521427
ILMN_049,cg030,-1.93385,12.823525,-0.15080486,0.88012964
ILMN_049,cg031,-7.314706,13.667527,-0.5351887,0.5925194
ILMN_049,cg032,13.34596,12.759978,1.0459234,0.29559642
ILMN_049,cg033,18.61552,12.514359,1.4875329,0.13687414
ILMN_049,cg034,-16.086092,14.540799,-1.1062729,0.2686084
ILMN_049,cg035,2.6962943,12.04734,0.22380826,0.8229065
ILMN_049,cg036,2.6297796,13.120347,0.20043522,0.8411402
ILMN_049,cg037,1.3628552,12.840885,0.10613406,0.91547596
ILMN_049,cg038,1.7443447,13.856481,0.12588656,0.8998217
ILMN_049,cg039,1.7418181,13.83159,0.12593043,0.899787
ILMN_049,cg040,-6.516602,14.0848675,-0.4626669,0.64360315
ILMN_049,cg041,-2.9590666,13.893222,-0.21298635,0.83133763
ILMN_049,cg042,9.915272,12.348861,0.80293006,0.4220152
ILMN_049,cg043,-16.535473,13.616473,-1.2143726,0.2246055
ILMN_049,cg044,-4.2885675,13.248303,-0.32370692,0.7461599
ILMN_049,cg045,-2.9937885,13.280699,-0.22542402,0.82164943
ILMN_049,cg046,7.4334736,11.478027,0.6476264,0.5172266
ILMN_049,cg047,-3.1419342,13.850229,-0.2268507,0.82053983
ILMN_049,cg048,0.7105263,12.618031,0.056310397,0.9550945
ILMN_049,cg049,-1.1699451,13.266121,-0.088190444,0.9297253
ILMN_049,cg050,-25.397882,11.87551,-2.1386771,0.032461822
ILMN_049,cg051,9.484902,13.415001,0.70703703,0.47954345
ILMN_049,cg052,-8.354848,12.662232,-0.65982425,0.50936663
ILMN_049,cg053,18.483728,13.417512,1.3775824,0.16833228
ILMN_049,cg054,-4.2307353,13.81317,-0.3062827,0.7593894
ILMN_049,cg055,-0.44333,12.138429,-0.036522847,0.9708655
ILMN_049,cg056,-6.730485,14.252808,-0.4722217,0.6367686
ILMN_049,cg057,-10.362862,15.717588,-0.65931624,0.5096927
ILMN_049,cg058,9.25072,12.243435,0.75556576,0.44990963
ILMN_049,cg059,-3.8427033,12.430742,-0.30912903,0.75722337
ILMN_049,cg060,4.4320645,12.696082,0.34908915,0.7270224
ILMN_049,cg061,2.8717296,12.426426,0.23109859,0.8172382
ILMN_049,cg062,10.185503,13.548427,0.7517849,0.45218045
ILMN_049,cg063,6.7819433,13.115126,0.5171085,0.6050804
ILMN_049,cg064,18.522308,12.802326,1.4467924,0.14795506
ILMN_049,cg065,-1.8109691,13.687678,-0.13230652,0.89474183
ILMN_049,cg066,-15.828867,13.514179,-1.1712785,0.24148685
ILMN_049,cg067,1.7087818,12.620681,0.13539538,0.8922993
ILMN_049,cg068,1.6911476,12.396809,0.13641798,0.8914909
ILMN_049,cg069,19.724613,12.955182,1.5225269,0.12787712
ILMN_049,cg070,7.398899,12.851413,0.5757265,0.5648
ILMN_049,cg071,3.1654224,12.45564,0.25413567,0.7993908
ILMN_049,cg072,-34.99531,12.683574,-2.759105,0.0057960153
ILMN_049,cg073,-8.985892,12.191513,-0.73706126,0.46108514
ILMN_049,cg074,-1.5678525,15.1785345,-0.10329406,0.9177296
ILMN_049,cg075,-8.406939,13.318981,-0.63119984,0.5279099
ILMN_049,cg076,13.445885,15.580669,0.8629851,0.3881457
ILMN_049,cg077,-4.873523,13.180976,-0.36973917,0.7115768
ILMN_049,cg078,-27.124077,13.577474,-1.9977263,0.045746326
ILMN_049,cg079,11.91378,12.735651,0.93546695,0.34954774
ILMN_049,cg080,2.5752063,12.048899,0.2137296,0.8307579
ILMN_049,cg081,-4.800138,13.842871,-0.34675884,0.7287725
ILMN_049,cg082,-13.696862,12.617815,-1.0855178,0.27769244
ILMN_049,cg083,-21.396545,12.887675,-1.6602331,0.09686756
ILMN_049,cg084,-14.86073,13.92069,-1.0675282,0.28573334
ILMN_049,cg085,4.784538,13.982108,0.34219003,0.7322079
ILMN_049,cg086,9.45686,13.380563,0.706761,0.479715
ILMN_049,cg087,-5.598652,12.750908,-0.4390787,0.66060454
ILMN_049,cg088,-18.615448,12.286662,-1.515094,0.12974858
ILMN_049,cg089,0.82773787,13.905761,0.059524816,0.9525341
ILMN_049,cg090,-12.871923,15.259656,-0.8435264,0.39893407
ILMN_049,cg091,-0.75484383,12.599716,-0.05990959,0.95222765
ILMN_049,cg092,10.524801,12.551303,0.8385425,0.40172607
ILMN_049,cg093,37.48073,12.160365,3.082204,0.002054751
ILMN_049,cg094,14.940109,14.260359,1.0476671,0.294792
ILMN_049,cg095,32.684692,13.010764,2.512127,0.01200062
ILMN_049,cg096,3.1847975,12.484519,0.25509974,0.7986461
ILMN_049,cg097,1.3553362,13.698536,0.09894022,0.92118573
ILMN_049,cg098,-37.894115,11.309209,-3.350731,0.000805974
ILMN_049,cg099,7.9946356,12.698588,0.6295688,0.52897674
ILMN_049,cg100,-17.6509,14.439349,-1.2224166,0.2215501
ILMN_050,cg001,-18.662685,14.353506,-1.3002179,0.19352633
ILMN_050,cg002,1.3667468,16.850206,0.08111157,0.9353532
ILMN_050,cg003,18.238478,15.898901,1.1471534,0.25131828
ILMN_050,cg004,28.169287,17.005615,1.6564697,0.097626746
ILMN_050,cg005,5.264372,16.20885,0.32478377,0.74534476
ILMN_050,cg006,-25.277117,15.41359,-1.639924,0.10102093
ILMN_050,cg007,5.640284,14.815142,0.38071078,0.7034179
ILMN_050,cg008,-22.350067,15.587219,-1.4338714,0.151609
ILMN_050,cg009,-1.1736839,15.68284,-0.074838735,0.940343
ILMN_050,cg010,6.4910054,16.505772,0.3932567,0.69412994
ILMN_050,cg011,-4.980238,15.314344,-0.32520086,0.7450291
ILMN_050,cg012,11.880755,16.77445,0.70826495,0.47878075
ILMN_050,cg013,6.120421,15.606083,0.39218175,0.69492394
ILMN_050,cg014,-12.4716,14.21885,-0.87711734,0.38042295
ILMN_050,cg015,-16.723274,15.692867,-1.0656608,0.286577
ILMN_050,cg016,-5.252551,15.818397,-0.33205333,0.739849
ILMN_050,cg017,0.93739367,15.086586,0.062134247,0.9504559
ILMN_050,cg018,-11.04536,17.235788,-0.6408387,0.52162755
ILMN_050,cg019,25.627579,13.64093,1.8787266,0.060281813
ILMN_050,cg020,-30.984808,16.07867,-1.9270753,0.053970277
ILMN_050,cg021,-14.739564,16.226572,-0.9083597,0.36368823
ILMN_050,cg022,-8.393679,15.83585,-0.5300428,0.5960822
ILMN_050,cg023,3.4466496,14.834263,0.23234384,0.81627095
ILMN_050,cg024,5.5885224,14.961411,0.37352908,0.7087547
ILMN_050,cg025,1.081647,14.548055,0.07434994,0.94073194
ILMN_050,cg026,-20.600475,15.586511,-1.3216861,0.18627268
ILMN_050,cg027,-6.5628657,14.651652,-0.44792667,0.65420616
ILMN_050,cg028,10.392414,17.383953,0.5978165,0.5499624
ILMN_050,cg029,-3.7488596,18.37113,-0.20406255,0.83830464
ILMN_050,cg030,-19.10818,14.888284,-1.2834374,0.19933891
ILMN_050,cg031,-7.5711365,16.157475,-0.46858415,0.63936687
ILMN_050,cg032,3.9308763,15.24086,0.25791696,0.796471
ILMN_050,cg033,-3.9964008,15.123454,-0.26425186,0.79158586
ILMN_050,cg034,-18.967035,17.178284,-1.1041286,0.2695374
ILMN_050,cg035,6.63664,14.20592,0.46717423,0.64037526
ILMN_050,cg036,3.696465,15.496591,0.23853408,0.8114669
ILMN_050,cg037,3.4951699,15.162373,0.23051603,0.8176908
ILMN_050,cg038,-20.553328,16.088928,-1.2774827,0.20143187
ILMN_050,cg039,-22.877766,15.990526,-1.4307075,0.15251404
ILMN_050,cg040,22.832256,16.334192,1.3978198,0.16216719
ILMN_050,cg041,4.7339573,16.405672,0.28855613,0.7729211
ILMN_050,cg042,6.596786,14.657662,0.45005718,0.6526692
ILMN_050,cg043,-2.4523704,16.337296,-0.15010871,0.88067883
ILMN_050,cg044,-5.914604,15.644091,-0.37807274,0.70537657
ILMN_050,cg045,-7.907317,15.654141,-0.50512624,0.6134702
ILMN_050,cg046,-19.169333,13.324503,-1.4386528,0.15024894
ILMN_050,cg047,-1.2151669,16.369802,-0.07423223,0.9408256
ILMN_050,cg048,10.313294,14.828758,0.6954928,0.48674655
ILMN_050,cg049,20.248497,15.3859625,1.316037,0.18816161
ILMN_050,cg050,-2.4848452,14.705226,-0.168977,0.86581475
ILMN_050,cg051,-8.080853,15.888757,-0.5085894,0.61104006
ILMN_050,cg052,1.0730768,15.028009,0.07140512,0.94307536
ILMN_050,cg053,19.716888,15.910704,1.2392217,0.21526343
ILMN_050,cg054,-8.595988,16.285242,-0.5278391,0.597611
ILMN_050,cg055,8.371328,14.286427,0.5859638,0.55789983
ILMN_050,cg056,9.799893,16.816008,0.5827717,0.560047
ILMN_050,cg057,-28.101578,18.189175,-1.5449617,0.12235552
ILMN_050,cg058,20.420345,14.238104,1.434204,0.15151405
ILMN_050,cg059,2.401678,14.695737,0.16342686,0.87018234
ILMN_050,cg060,-24.094719,14.591828,-1.6512474,0.098688066
ILMN_050,cg061,18.24585,14.439715,1.263588,0.20637798
ILMN_050,cg062,-23.370275,15.730147,-1.4856998,0.1373586
ILMN_050,cg063,-12.748907,15.424085,-0.8265584,0.40848744
ILMN_050,cg064,8.239748,15.416193,0.5344866,0.59300494
ILMN_050,cg065,-21.72329,15.85235,-1.3703513,0.17057729
ILMN_050,cg066,-8.675175,16.150393,-0.5371495,0.59116435
ILMN_050,cg067,-22.329803,14.544119,-1.5353149,0.12470651
ILMN_050,cg068,-5.4654546,14.62545,-0.3736948,0.7086314
ILMN_050,cg069,-6.959232,15.651571,-0.4446347,0.6565838
ILMN_050,cg070,5.099006,15.217747,0.33506972,0.73757255
ILMN_050,cg071,-13.561227,14.588104,-0.9296086,0.35257375
ILMN_050,cg072,-1.4039537,16.174488,-0.0868005,0.9308301
ILMN_050,cg073,5.7753897,14.461897,0.39935216,0.6896337
ILMN_050,cg074,27.667053,17.462742,1.5843476,0.113114655
ILMN_050,cg075,21.494888,15.480974,1.3884712,0.16499358
ILMN_050,cg076,-6.2822156,18.53111,-0.33900914,0.73460287
ILMN_050,cg077,9.418652,15.53219,0.6063956,0.5442521
ILMN_050,cg078,25.295004,16.29949,1.5518893,0.12068874
ILMN_050,cg079,25.981539,14.696322,1.7678939,0.07707864
ILMN_050,cg080,14.650504,14.075962,1.0408173,0.29796034
ILMN_050,cg081,11.514562,16.286049,0.70702,0.47955406
ILMN_050,cg082,12.809259,14.976847,0.8552708,0.39240122
ILMN_050,cg083,-10.085739,15.603344,-0.64638317,0.51803124
ILMN_050,cg084,23.51841,16.282177,1.4444267,0.148619
ILMN_050,cg085,22.13735,16.213154,1.3653945,0.1721291
ILMN_050,cg086,12.544217,15.784404,0.79472226,0.4267751
ILMN_050,cg087,-4.379538,15.08069,-0.290407,0.7715049
ILMN_050,cg088,-1.4647982,14.87073,-0.0985021,0.9215336
ILMN_050,cg089,11.03805,16.347054,0.67523175,0.49952853
ILMN_050,cg090,15.3821945,18.023376,0.853458,0.39340538
ILMN_050,cg091,-27.062384,14.340175,-1.8871726,0.059137106
ILMN_050,cg092,-4.5689054,14.924878,-0.3061268,0.75950813
ILMN_050,cg093,-16.201298,15.597299,-1.0387245,0.29893285
ILMN_050,cg094,-21.469652,16.74942,-1.2818147,0.19990766
ILMN_050,cg095,12.601684,16.284735,0.7738341,0.43902892
ILMN_050,cg096,-16.841728,14.548313,-1.1576413,0.24701047
ILMN_050,cg097,34.28521,15.37443,2.230015,0.025746465
ILMN_050,cg098,-35.33502,13.960907,-2.5309973,0.0113738775
ILMN_050,cg099,-6.308021,15.036925,-0.41950205,0.6748493
ILMN_050,cg100,-15.284588,17.185286,-0.8893997,0.37378836
ILMN_051,cg001,-22.751629,12.976395,-1.7533089,0.079549015
ILMN_051,cg002,-19.182993,15.193016,-1.2626191,0.20672607
ILMN_051,cg003,8.251386,14.737476,0.55989134,0.57555354
ILMN_051,cg004,-7.0909777,16.019777,-0.44263896,0.65802693
ILMN_051,cg005,11.854833,14.778799,0.80215126,0.4224655
ILMN_051,cg006,-6.9999595,14.506122,-0.4825521,0.6294138
ILMN_051,cg007,6.8805637,13.570148,0.50703675,0.61212903
ILMN_051,cg008,14.316166,14.457367,0.9902333,0.3220601
ILMN_051,cg009,-3.7843347,14.372426,-0.26330522,0.79231536
ILMN_051,cg010,26.78379,14.639196,1.8295944,0.06731063
ILMN_051,cg011,6.949317,14.02319,0.49555895,0.62020564
ILMN_051,cg012,-2.4713418,15.462826,-0.15982473,0.87301916
ILMN_051,cg013,-5.0364046,14.316645,-0.35178667,0.72499824
ILMN_051,cg014,-19.168383,12.841035,-1.4927443,0.13550413
ILMN_051,cg015,-7.080014,14.530686,-0.48724568,0.6260842
ILMN_051,cg016,1.1543849,14.523068,0.07948629,0.93664587
ILMN_051,cg017,-6.6599507,13.801255,-0.48256123,0.6294073
ILMN_051,cg018,22.716854,15.51963,1.4637496,0.14326239
ILMN_051,cg019,-18.446472,12.692734,-1.4533097,0.14613777
ILMN_051,cg020,-0.40521976,15.328918,-0.026434988,0.9789104
ILMN_051,cg021,8.900667,14.956425,0.5951066,0.55177224
ILMN_051,cg022,-17.57242,14.334714,-1.2258648,0.2202496
ILMN_051,cg023,-3.608233,13.601745,-0.2652772,0.7907959
ILMN_051,cg024,-0.4448215,13.741404,-0.03237089,0.9741763
ILMN_051,cg025,18.76464,13.052489,1.4376293,0.15053928
ILMN_051,cg026,0.3712857,14.56281,0.025495471,0.97965974
ILMN_051,cg027,-3.4666164,13.4562645,-0.25762102,0.7966994
ILMN_051,cg028,-16.520012,15.8178,-1.0443938,0.29630327
ILMN_051,cg029,-7.6062236,16.818018,-0.45226634,0.65107715
ILMN_051,cg030,7.1767097,13.855672,0.51796186,0.6044849
ILMN_051,cg031,-3.3815184,14.844605,-0.22779442,0.8198061
ILMN_051,cg032,24.49603,13.512796,1.8128024,0.069862306
ILMN_051,cg033,0.65111494,13.879565,0.04691177,0.96258354
ILMN_051,cg034,-24.505823,15.546862,-1.5762553,0.11496699
ILMN_051,cg035,24.791311,12.536787,1.9774852,0.047986805
ILMN_051,cg036,3.6050694,14.21042,0.25369197,0.7997335
ILMN_051,cg037,-9.473335,13.842804,-0.6843509,0.4937536
ILMN_051,cg038,-11.643094,14.915777,-0.78058916,0.43504417
ILMN_051,cg039,24.76754,14.535571,1.7039262,0.08839488
ILMN_051,cg040,-13.855017,15.157507,-0.91406965,0.36068028
ILMN_051,cg041,-0.9488484,15.058229,-0.06301195,0.949757
ILMN_051,cg042,-12.843188,13.33802,-0.96290064,0.3355974
ILMN_051,cg043,-10.757195,14.902064,-0.7218594,0.47038096
ILMN_051,cg044,-4.1956463,14.355791,-0.2922616,0.77008665
ILMN_051,cg045,8.071364,14.346541,0.5626,0.57370734
ILMN_051,cg046,23.180845,12.014802,1.9293573,0.0536865
ILMN_051,cg047,-7.859534,14.968482,-0.5250722,0.59953296
ILMN_051,cg048,-14.587442,13.500174,-1.0805374,0.27990294
ILMN_051,cg049,-6.197717,14.344214,-0.43207088,0.66568995
ILMN_051,cg050,-2.6592774,13.484314,-0.19721267,0.8436611
ILMN_051,cg051,14.870511,14.446695,1.0293366,0.30332154
ILMN_051,cg052,-1.8705775,13.77985,-0.1357473,0.89202106
ILMN_051,cg053,-10.279278,14.755272,-0.6966512,0.4860211
ILMN_051,cg054,-5.3403516,14.959276,-0.35699263,0.72109735
ILMN_051,cg055,-7.377045,13.105503,-0.5628967,0.5735052
ILMN_051,cg056,-0.6992825,15.47806,-0.045178954,0.9639647
ILMN_051,cg057,-2.4243903,17.104448,-0.14174034,0.8872851
ILMN_051,cg058,-24.910156,12.830871,-1.9414237,0.052206933
ILMN_051,cg059,-17.774542,13.223849,-1.3441277,0.1789071
ILMN_051,cg060,14.891711,13.59658,1.0952542,0.2734053
ILMN_051,cg061,6.2469435,13.438664,0.46484855,0.6420399
ILMN_051,cg062,-3.9646873,14.756239,-0.26867872,0.7881769
ILMN_051,cg063,-13.978917,14.099887,-0.9914205,0.32148027
ILMN_051,cg064,11.825833,14.074076,0.84025645,0.40076464
ILMN_051,cg065,-0.5193211,14.831403,-0.03501497,0.97206783
ILMN_051,cg066,-10.106199,14.782624,-0.68365395,0.49419373
ILMN_051,cg067,-7.36835,13.632334,-0.5405054,0.58884853
ILMN_051,cg068,2.387809,13.428396,0.17781788,0.858866
ILMN_051,cg069,13.23586,14.251515,0.9287335,0.35302722
ILMN_051,cg070,-4.7027407,13.955653,-0.33697748,0.7361339
ILMN_051,cg071,13.234178,13.3617735,0.9904507,0.3219539
ILMN_051,cg072,-0.67485744,14.834135,-0.045493547,0.96371394
ILMN_051,cg073,12.072191,13.165874,0.9169305,0.35917908
ILMN_051,cg074,12.250948,16.346333,0.7494616,0.45357907
ILMN_051,cg075,1.2034165,14.490611,0.083048016,0.93381333
ILMN_051,cg076,12.392549,16.917288,0.73253757,0.46384054
ILMN_051,cg077,20.1977,13.987538,1.4439782,0.14874512
ILMN_051,cg078,4.3349533,15.320876,0.28294423,0.7772196
ILMN_051,cg079,28.928131,13.258854,2.1817973,0.029124498
ILMN_051,cg080,6.1225486,13.028623,0.46993062,0.6384046
ILMN_051,cg081,-1.841735,15.014042,-0.1226675,0.9023704
ILMN_051,cg082,-22.331556,13.446441,-1.6607783,0.09675801
ILMN_051,cg083,-34.122375,13.465107,-2.5341332,0.011272609
ILMN_051,cg084,-2.9332116,15.26076,-0.19220613,0.84758073
ILMN_051,cg085,12.978582,15.045822,0.8626037,0.38835537
ILMN_051,cg086,8.732033,14.517576,0.60148007,0.5475203
ILMN_051,cg087,-10.770276,13.751445,-0.7832105,0.4335035
ILMN_051,cg088,-33.570232,12.709226,-2.6414065,0.008256257
ILMN_051,cg089,8.457196,15.013928,0.56329006,0.5732374
ILMN_051,cg090,5.8366485,16.636934,0.35082477,0.7257198
ILMN_051,cg091,-6.5039043,13.616925,-0.47763383,0.63291085
ILMN_051,cg092,5.3168545,13.678756,0.38869432,0.6975023
ILMN_051,cg093,16.017906,14.276683,1.1219628,0.26187825
ILMN_051,cg094,1.2290399,15.631383,0.07862643,0.93732977
ILMN_051,cg095,6.616477,14.999559,0.44111142,0.65913236
ILMN_051,cg096,2.3797503,13.53033,0.17588265,0.86038613
ILMN_051,cg097,-0.74669635,14.841711,-0.050310664,0.9598748
ILMN_051,cg098,-10.457933,13.578399,-0.770189,0.4411878
ILMN_051,cg099,13.866155,13.664274,1.0147743,0.31021345
ILMN_051,cg100,-30.413527,15.249523,-1.9943919,0.04610926
ILMN_052,cg001,3.6338465,12.549515,0.2895607,0.77215236
ILMN_052,cg002,5.966084,14.456421,0.4126944,0.67983055
ILMN_052,cg003,-12.366612,13.738118,-0.9001679,0.36803097
ILMN_052,cg004,-5.398529,15.0242195,-0.35932177,0.7193544
ILMN_052,cg005,19.424198,13.64965,1.4230547,0.1547203
ILMN_052,cg006,-9.471804,13.557416,-0.69864374,0.4847747
ILMN_052,cg007,4.591014,12.735128,0.3605,0.71847326
ILMN_052,cg008,1.23488,13.691534,0.09019296,0.92813385
ILMN_052,cg009,-1.0293552,13.478783,-0.076368555,0.9391259
ILMN_052,cg010,9.179964,14.145311,0.64897573,0.5163541
ILMN_052,cg011,12.140337,13.055087,0.9299315,0.35240656
ILMN_052,cg012,-11.130175,14.402219,-0.77280974,0.43963498
ILMN_052,cg013,-8.282966,13.379632,-0.61907274,0.53586847
ILMN_052,cg014,11.658726,12.201849,0.95548844,0.33933073
ILMN_052,cg015,13.734672,13.501886,1.0172409,0.30903888
ILMN_052,cg016,-5.302157,13.589137,-0.39017612,0.69640636
ILMN_052,cg017,-8.03911,12.912615,-0.622578,0.5335618
ILMN_052,cg018,3.1910453,14.872054,0.21456654,0.8301053
ILMN_052,cg019,-1.8131725,12.162412,-0.14908001,0.88149047
ILMN_052,cg020,9.005831,14.304506,0.62957996,0.5289694
ILMN_052,cg021,4.946442,14.051741,0.35201633,0.72482604
ILMN_052,cg022,21.691729,13.271897,1.6344105,0.10217267
ILMN_052,cg023,9.333856,12.682527,0.73596185,0.4617539
ILMN_052,cg024,-19.400318,12.556575,-1.5450326,0.122338355
ILMN_052,cg025,12.363043,12.370686,0.9993822,0.3176096
ILMN_052,cg026,3.981552,13.635382,0.2920015,0.7702855
ILMN_052,cg027,-5.0742373,12.597785,-0.40278804,0.68710417
ILMN_052,cg028,-22.428917,14.629683,-1.5331103,0.12524873
ILMN_052,cg029,6.2737336,15.76934,0.39784378,0.69074535
ILMN_052,cg030,10.697443,12.927148,0.8275176,0.40794373
ILMN_052,cg031,-2.1637292,13.916195,-0.15548281,0.8764407
ILMN_052,cg032,12.312169,12.982112,0.94839495,0.3429284
ILMN_052,cg033,-1.4663222,13.00611,-0.11274102,0.9102359
ILMN_052,cg034,5.660096,14.935158,0.37897798,0.7047042
ILMN_052,cg035,-7.1126213,12.193375,-0.58331853,0.5596789
ILMN_052,cg036,22.382084,12.911929,1.7334423,0.08301711
ILMN_052,cg037,-5.4729033,13.014026,-0.42053884,0.6740918
ILMN_052,cg038,8.484833,14.015261,0.60539955,0.54491353
ILMN_052,cg039,3.0858722,14.038339,0.21981747,0.8260133
ILMN_052,cg040,-1.537869,14.331886,-0.107304014,0.9145478
ILMN_052,cg041,3.6306353,14.102663,0.25744325,0.7968366
ILMN_052,cg042,27.646479,11.9492855,2.313651,0.020686865
ILMN_052,cg043,-0.7129342,14.044341,-0.050763093,0.9595143
ILMN_052,cg044,5.322735,13.4435,0.39593372,0.69215393
ILMN_052,cg045,21.609684,13.109786,1.6483629,0.09927821
ILMN_052,cg046,4.909631,11.684311,0.42019,0.6743467
ILMN_052,cg047,21.933928,13.693371,1.6017917,0.10920167
ILMN_052,cg048,15.356268,12.6099415,1.2177906,0.22330356
ILMN_052,cg049,23.233362,13.027454,1.7834153,0.07451874
ILMN_052,cg050,6.492265,12.606225,0.5150047,0.60654974
ILMN_052,cg051,21.542128,13.320697,1.6171923,0.10583681
ILMN_052,cg052,21.154745,12.534477,1.6877246,0.0914641
ILMN_052,cg053,10.794641,13.809627,0.78167504,0.43440557
ILMN_052,cg054,-1.5773418,14.036955,-0.112370655,0.9105295
ILMN_052,cg055,-5.1705737,12.300789,-0.4203449,0.67423356
ILMN_052,cg056,6.9952655,14.4692745,0.48345655,0.6287716
ILMN_052,cg057,25.643295,15.581207,1.6457835,0.099808335
ILMN_052,cg058,2.7186615,12.501301,0.21747029,0.8278419
ILMN_052,cg059,14.0632925,12.462789,1.1284226,0.2591415
ILMN_052,cg060,-3.2299063,12.898677,-0.25040603,0.8022734
ILMN_052,cg061,19.250418,12.300724,1.5649825,0.11758703
ILMN_052,cg062,0.015796458,13.840039,0.0011413593,0.9990893
ILMN_052,cg063,3.7482696,13.343064,0.2809152,0.77877545
ILMN_052,cg064,-3.240982,13.282129,-0.24401073,0.8072225
ILMN_052,cg065,9.927301,13.822538,0.7181967,0.47263598
ILMN_052,cg066,18.505495,13.654179,1.355299,0.1753223
ILMN_052,cg067,9.141803,12.745324,0.7172672,0.47320926
ILMN_052,cg068,2.02226,12.585562,0.16068095,0.8723447
ILMN_052,cg069,22.547737,13.064465,1.725883,0.08436847
ILMN_052,cg070,-9.243343,13.023923,-0.7097204,0.47787756
ILMN_052,cg071,12.973623,12.509752,1.0370808,0.29969823
ILMN_052,cg072,-10.981998,13.807893,-0.7953421,0.42641455
ILMN_052,cg073,-5.8436527,12.421143,-0.47046015,0.6380263
ILMN_052,cg074,53.5425,13.237357,4.0448027,5.2392483e-05
ILMN_052,cg075,21.235477,13.215435,1.6068693,0.10808301
ILMN_052,cg076,6.4806867,15.918028,0.40712875,0.68391347
ILMN_052,cg077,4.3193097,13.387448,0.32263875,0.74696887
ILMN_052,cg078,-18.243626,14.11686,-1.2923288,0.19624329
ILMN_052,cg079,-9.577063,12.976389,-0.7380376,0.4604916
ILMN_052,cg080,22.57017,11.778301,1.91625,0.055333316
ILMN_052,cg081,-16.323738,13.865765,-1.1772692,0.23908806
ILMN_052,cg082,-10.611356,12.8793,-0.8239078,0.40999198
ILMN_052,cg083,5.2739697,13.448794,0.39215186,0.69494605
ILMN_052,cg084,-4.3933563,14.293087,-0.3073763,0.75855696
ILMN_052,cg085,7.137876,14.175155,0.5035484,0.6145788
ILMN_052,cg086,14.951777,13.479845,1.1091951,0.26734602
ILMN_052,cg087,7.554484,12.9252615,0.5844744,0.5589012
ILMN_052,cg088,-18.961239,12.472707,-1.5202185,0.12845606
ILMN_052,cg089,24.70978,13.640994,1.8114355,0.070073485
ILMN_052,cg090,10.958344,15.528749,0.7056811,0.4803865
ILMN_052,cg091,1.4109253,12.791369,0.11030291,0.91216916
ILMN_052,cg092,4.3459344,12.824437,0.33887914,0.7347008
ILMN_052,cg093,1.7046276,13.559269,0.12571678,0.8999561
ILMN_052,cg094,-17.434814,14.42305,-1.208816,0.2267335
ILMN_052,cg095,9.7281885,14.013713,0.6941907,0.48756266
ILMN_052,cg096,9.892687,12.600422,0.7851076,0.43239045
ILMN_052,cg097,16.140694,13.704584,1.1777587,0.2388928
ILMN_052,cg098,-3.1224864,12.798859,-0.243966,0.8072572
ILMN_052,cg099,25.650776,12.383732,2.0713284,0.03832811
ILMN_052,cg100,-4.621892,14.880971,-0.31059074,0.75611174
ILMN_053,cg001,6.2289166,12.873857,0.4838423,0.6284978
ILMN_053,cg002,-7.188859,14.8438835,-0.48429772,0.6281746
ILMN_053,cg003,1.4415524,14.238336,0.10124445,0.9193564
ILMN_053,cg004,-15.325593,15.293242,-1.0021154,0.31628788
ILMN_053,cg005,-0.80207074,14.33014,-0.055970892,0.955365
ILMN_053,cg006,14.30384,13.8444605,1.0331814,0.30151898
ILMN_053,cg007,-32.82081,12.17776,-2.6951432,0.0070358515
ILMN_053,cg008,-27.819809,13.458321,-2.0671084,0.038723946
ILMN_053,cg009,-28.219625,13.210814,-2.1361003,0.032671273
ILMN_053,cg010,-9.692729,14.530813,-0.66704655,0.5047424
ILMN_053,cg011,2.6664238,13.534105,0.19701515,0.8438157
ILMN_053,cg012,31.225403,14.164851,2.2044287,0.027494192
ILMN_053,cg013,-4.4916167,13.789042,-0.3257381,0.7446225
ILMN_053,cg014,-8.72885,12.59582,-0.6929958,0.48831218
ILMN_053,cg015,10.166097,13.948273,0.7288427,0.4660979
ILMN_053,cg016,-3.2518365,13.977922,-0.2326409,0.8160403
ILMN_053,cg017,-16.876171,13.089292,-1.2893113,0.19728988
ILMN_053,cg018,-1.0832647,15.288085,-0.070856795,0.9435117
ILMN_053,cg019,-9.188692,12.4264555,-0.7394459,0.45963627
ILMN_053,cg020,-35.9126,13.778919,-2.6063437,0.009151459
ILMN_053,cg021,3.8993132,14.446388,0.26991612,0.78722477
ILMN_053,cg022,-30.010775,13.311292,-2.2545352,0.02416253
ILMN_053,cg023,-25.662743,12.550007,-2.044839,0.040870726
ILMN_053,cg024,-1.0899901,13.231643,-0.08237754,0.9343465
ILMN_053,cg025,7.328839,12.802809,0.5724399,0.567024
ILMN_053,cg026,-3.2374494,14.015425,-0.23099189,0.8173211
ILMN_053,cg027,12.196437,12.841939,0.94973487,0.342247
ILMN_053,cg028,-4.661567,15.39616,-0.30277467,0.7620616
ILMN_053,cg029,16.185085,16.054718,1.0081202,0.31339675
ILMN_053,cg030,-5.513462,13.356641,-0.41278806,0.6797619
ILMN_053,cg031,14.820492,14.134962,1.0484989,0.2944088
ILMN_053,cg032,1.6337677,13.466955,0.12131678,0.9034401
ILMN_053,cg033,21.953386,12.967971,1.6928929,0.09047586
ILMN_053,cg034,-15.830849,15.191786,-1.0420663,0.29738092
ILMN_053,cg035,8.089671,12.518446,0.6462201,0.51813686
ILMN_053,cg036,18.787085,13.410592,1.4009138,0.16123986
ILMN_053,cg037,0.09956122,13.397792,0.0074311667,0.9940708
ILMN_053,cg038,-18.141573,14.208579,-1.2768042,0.20167136
ILMN_053,cg039,-20.213463,14.121115,-1.4314353,0.15230548
ILMN_053,cg040,-6.0156856,14.701353,-0.40919265,0.6823983
ILMN_053,cg041,-11.602372,14.399891,-0.8057264,0.42040062
ILMN_053,cg042,-8.960916,12.905366,-0.6943558,0.48745912
ILMN_053,cg043,-13.8760195,14.285429,-0.9713408,0.33137858
ILMN_053,cg044,11.274485,13.736711,0.8207558,0.41178542
ILMN_053,cg045,-1.5944707,13.860647,-0.11503581,0.90841675
ILMN_053,cg046,1.3685788,12.027142,0.11379086,0.90940356
ILMN_053,cg047,-2.538818,14.452382,-0.17566778,0.86055493
ILMN_053,cg048,-24.266088,12.668589,-1.9154532,0.055434704
ILMN_053,cg049,-16.32106,13.6301565,-1.1974227,0.2311418
ILMN_053,cg050,-12.011533,12.869099,-0.9333624,0.35063285
ILMN_053,cg051,-14.8017845,13.900664,-1.0648257,0.28695482
ILMN_053,cg052,-0.48340133,13.271955,-0.036422767,0.97094524
ILMN_053,cg053,2.8721116,14.277264,0.20116681,0.8405682
ILMN_053,cg054,-11.47973,14.325529,-0.8013477,0.42293042
ILMN_053,cg055,8.059374,12.607634,0.63924557,0.52266324
ILMN_053,cg056,-10.3517885,14.826782,-0.69818175,0.48506355
ILMN_053,cg057,-21.768261,16.158886,-1.3471388,0.17793554
ILMN_053,cg058,20.464352,12.492674,1.6381083,0.10139912
ILMN_053,cg059,-3.4316924,12.97188,-0.26454857,0.7913573
ILMN_053,cg060,-0.34235904,13.262531,-0.025814004,0.9794057
ILMN_053,cg061,-5.552747,12.945438,-0.42893463,0.6679708
ILMN_053,cg062,0.19816408,14.220832,0.013934773,0.988882
ILMN_053,cg063,-7.5378766,13.676886,-0.55113983,0.58153784
ILMN_053,cg064,23.101448,13.22484,1.7468225,0.08066815
ILMN_053,cg065,-6.0040483,14.254826,-0.4211941,0.6736133
ILMN_053,cg066,8.5628605,14.251447,0.60084146,0.5479456
ILMN_053,cg067,-28.412085,12.484999,-2.275698,0.022864103
ILMN_053,cg068,-5.514602,12.909916,-0.4271602,0.66926265
ILMN_053,cg069,27.55579,13.242514,2.080858,0.037446916
ILMN_053,cg070,10.3302765,13.368875,0.772711,0.43969345
ILMN_053,cg071,7.697317,12.953752,0.5942153,0.55236816
ILMN_053,cg072,-11.010774,14.1925,-0.7758164,0.43785745
ILMN_053,cg073,-10.17937,12.705249,-0.8011941,0.4230193
ILMN_053,cg074,-8.197095,15.790545,-0.51911414,0.60368115
ILMN_053,cg075,-20.213686,13.633004,-1.4827023,0.13815355
ILMN_053,cg076,-11.235802,16.30151,-0.68924916,0.4906665
ILMN_053,cg077,22.202347,13.376641,1.6597849,0.09695774
ILMN_053,cg078,-4.403094,14.751996,-0.29847443,0.7653411
ILMN_053,cg079,9.498875,13.338834,0.71212184,0.47638935
ILMN_053,cg080,-25.058485,12.021203,-2.084524,0.037112534
ILMN_053,cg081,-17.152376,14.237469,-1.2047349,0.2283057
ILMN_053,cg082,-17.390566,13.082059,-1.3293447,0.18373424
ILMN_053,cg083,-13.593598,13.696056,-0.99251914,0.32094437
ILMN_053,cg084,-11.168715,14.608932,-0.7645128,0.44456178
ILMN_053,cg085,6.4518905,14.574273,0.44269037,0.65798974
ILMN_053,cg086,-17.37987,13.798839,-1.2595168,0.20784372
ILMN_053,cg087,-16.942259,13.093989,-1.2938958,0.19570142
ILMN_053,cg088,-28.02201,12.467117,-2.2476735,0.024597049
ILMN_053,cg089,-6.4508176,14.476429,-0.44560835,0.6558802
ILMN_053,cg090,-4.9946036,16.025265,-0.31167057,0.75529087
ILMN_053,cg091,-17.355211,12.893606,-1.3460324,0.1782921
ILMN_053,cg092,12.594109,13.062429,0.9641475,0.33497196
ILMN_053,cg093,-6.628993,13.900439,-0.4768909,0.63343984
ILMN_053,cg094,-20.682606,14.741345,-1.4030337,0.1606068
ILMN_053,cg095,3.7479815,14.463989,0.25912502,0.7955388
ILMN_053,cg096,-1.835306,13.030783,-0.14084388,0.8879933
ILMN_053,cg097,0.9533332,14.291725,0.06670526,0.9468163
ILMN_053,cg098,-5.7825856,13.131889,-0.4403468,0.65968597
ILMN_053,cg099,-17.928074,13.039428,-1.3749126,0.16915852
ILMN_053,cg100,-20.311815,15.010623,-1.3531628,0.17600363
ILMN_054,cg001,-5.236623,14.070002,-0.37218353,0.70975626
ILMN_054,cg002,-15.0590725,16.095127,-0.9356293,0.34946412
ILMN_054,cg003,-12.97635,15.428721,-0.8410515,0.4003191
ILMN_054,cg004,-12.415459,16.778603,-0.73995787,0.45932555
ILMN_054,cg005,1.6196336,15.644106,0.10352995,0.9175424
ILMN_054,cg006,7.9551353,15.244454,0.521838,0.60178316
ILMN_054,cg007,-14.55971,14.144766,-1.0293355,0.30332208
ILMN_054,cg008,-8.8449,15.305388,-0.5778945,0.56333536
ILMN_054,cg009,3.9295018,15.110675,0.26004806,0.7948267
ILMN_054,cg010,-25.07143,15.506505,-1.6168331,0.105914354
ILMN_054,cg011,11.9429,14.677279,0.81369984,0.41581696
ILMN_054,cg012,0.7415893,16.260933,0.04560558,0.9636246
ILMN_054,cg013,-22.505344,14.70218,-1.5307488,0.12583148
ILMN_054,cg014,-8.347483,13.768596,-0.6062697,0.5443357
ILMN_054,cg015,7.6235037,15.274855,0.49908847,0.6177171
ILMN_054,cg016,8.346913,15.220149,0.5484121,0.58340895
ILMN_054,cg017,-17.477112,14.316522,-1.2207652,0.22217494
ILMN_054,cg018,13.10555,16.579952,0.79044557,0.42926764
ILMN_054,cg019,30.425005,12.889046,2.360532,0.018248737
ILMN_054,cg020,-1.6624244,16.114262,-0.10316479,0.9178322
ILMN_054,cg021,-6.5287304,15.755418,-0.41438,0.6785958
ILMN_054,cg022,-9.638872,15.248856,-0.63210464,0.52731854
ILMN_054,cg023,11.364222,14.212652,0.79958487,0.42395133
ILMN_054,cg024,19.52178,14.157511,1.3788992,0.16792583
ILMN_054,cg025,-4.359079,14.012848,-0.3110773,0.75574183
ILMN_054,cg026,-13.560171,15.179563,-0.89331764,0.3716871
ILMN_054,cg027,4.9276376,14.138742,0.34852022,0.72744954
ILMN_054,cg028,-19.598124,16.576021,-1.1823177,0.23707968
ILMN_054,cg029,-4.506895,17.708366,-0.25450653,0.7991043
ILMN_054,cg030,6.802295,14.575062,0.46670783,0.6407089
ILMN_054,cg031,42.570908,14.298609,2.977276,0.0029082298
ILMN_054,cg032,9.385958,14.640077,0.641114,0.5214486
ILMN_054,cg033,18.454674,14.336654,1.2872372,0.19801164
ILMN_054,cg034,23.013899,16.434103,1.4003745,0.16140121
ILMN_054,cg035,-7.824598,13.680758,-0.5719418,0.5673614
ILMN_054,cg036,-3.29912,14.942604,-0.22078614,0.825259
ILMN_054,cg037,0.48659137,14.627307,0.033265956,0.9734625
ILMN_054,cg038,-12.89028,15.670331,-0.8225914,0.41074038
ILMN_054,cg039,-21.879763,15.423037,-1.4186417,0.15600353
ILMN_054,cg040,-9.059802,16.024284,-0.5653795,0.57181567
ILMN_054,cg041,12.281782,15.728195,0.78087676,0.434875
ILMN_054,cg042,-16.321999,13.95755,-1.1694028,0.24224138
ILMN_054,cg043,-23.543924,15.36855,-1.5319548,0.12553364
ILMN_054,cg044,8.540041,15.054349,0.56728065,0.5705235
ILMN_054,cg045,7.4233947,15.095361,0.49176663,0.62288433
ILMN_054,cg046,13.1708555,12.988501,1.0140398,0.3105638
ILMN_054,cg047,-9.238454,15.725264,-0.5874912,0.55687386
ILMN_054,cg048,-12.262155,14.258187,-0.86000794,0.38978463
ILMN_054,cg049,2.0785985,15.108202,0.1375808,0.8905717
ILMN_054,cg050,-19.2792,13.894896,-1.3875023,0.16528863
ILMN_054,cg051,-23.005264,14.983265,-1.5353973,0.1246863
ILMN_054,cg052,-5.2414603,14.469672,-0.36223766,0.7171744
ILMN_054,cg053,5.684248,15.571983,0.36503044,0.7150887
ILMN_054,cg054,9.104172,15.691842,0.580185,0.5617899
ILMN_054,cg055,-0.051805515,13.825793,-0.0037470195,0.9970103
ILMN_054,cg056,-20.410635,15.99248,-1.2762645,0.20186204
ILMN_054,cg057,-7.955483,17.948338,-0.44324344,0.6575897
ILMN_054,cg058,8.094885,13.980612,0.5790079,0.5625838
ILMN_054,cg059,17.850117,13.926738,1.2817156,0.19994241
ILMN_054,cg060,6.2802067,14.450266,0.43460837,0.66384673
ILMN_054,cg061,-24.883293,13.6783495,-1.8191737,0.06888497
ILMN_054,cg062,5.6701555,15.503562,0.36573243,0.71456474
ILMN_054,cg063,-42.793674,13.587921,-3.149391,0.0016360879
ILMN_054,cg064,28.420197,14.308907,1.9861892,0.04701233
ILMN_054,cg065,-14.628282,15.443266,-0.9472272,0.34352303
ILMN_054,cg066,14.907726,15.464994,0.96396583,0.3350631
ILMN_054,cg067,27.334639,13.801319,1.9805816,0.047638237
ILMN_054,cg068,10.742839,14.033641,0.7655062,0.44397014
ILMN_054,cg069,9.811867,15.053748,0.65178895,0.51453733
ILMN_054,cg070,4.5161037,14.675226,0.30773658,0.7582828
ILMN_054,cg071,12.721158,14.072409,0.9039787,0.36600673
ILMN_054,cg072,-4.070171,15.584615,-0.26116595,0.79396456
ILMN_054,cg073,-8.849466,13.906742,-0.6363436,0.5245525
ILMN_054,cg074,-6.77802,17.261358,-0.39267012,0.69456315
ILMN_054,cg075,3.549371,15.226804,0.2331002,0.8156836
ILMN_054,cg076,-56.74492,15.812331,-3.5886497,0.0003324151
ILMN_054,cg077,13.594416,14.90114,0.9123071,0.36160707
ILMN_054,cg078,1.1745443,16.120628,0.07285971,0.9419178
ILMN_054,cg079,8.358555,14.591205,0.57284886,0.56674707
ILMN_054,cg080,-1.9138489,13.727535,-0.13941678,0.8891208
ILMN_054,cg081,-32.460056,15.044628,-2.1575844,0.030960143
ILMN_054,cg082,-13.811867,14.411349,-0.95840204,0.33786005
ILMN_054,cg083,-7.0294867,15.076795,-0.46624544,0.64103985
ILMN_054,cg084,19.087132,15.802143,1.2078824,0.2270925
ILMN_054,cg085,20.756527,15.649358,1.3263501,0.18472373
ILMN_054,cg086,-3.4660535,15.31438,-0.22632673,0.8209473
ILMN_054,cg087,-16.645859,14.345172,-1.1603806,0.2458939
ILMN_054,cg088,-5.6643825,14.315019,-0.3956951,0.69233
ILMN_054,cg089,13.395782,15.71556,0.85238975,0.3939978
ILMN_054,cg090,27.01463,17.055645,1.5839113,0.1132139
ILMN_054,cg091,3.361872,14.3429985,0.23439115,0.81468135
ILMN_054,cg092,-15.342889,14.225966,-1.0785129,0.28080493
ILMN_054,cg093,3.6846976,15.204021,0.2423502,0.8085088
ILMN_054,cg094,-22.671282,16.09158,-1.4088911,0.15886736
ILMN_054,cg095,2.2001927,15.79972,0.13925517,0.8892485
ILMN_054,cg096,-13.696305,14.085827,-0.97234654,0.3308782
ILMN_054,cg097,-2.9379575,15.598195,-0.1883524,0.8506004
ILMN_054,cg098,-17.632513,14.130178,-1.247862,0.21208161
ILMN_054,cg099,10.952197,14.435757,0.75868535,0.44804078
ILMN_054,cg100,10.815396,16.635067,0.65015644,0.51559114
ILMN_055,cg001,-5.8215456,13.644539,-0.42665756,0.66962874
ILMN_055,cg002,-11.00389,15.679958,-0.70178056,0.48281604
ILMN_055,cg003,6.2465024,15.055739,0.41489178,0.6782211
ILMN_055,cg004,-10.53371,16.301687,-0.64617294,0.5181674
ILMN_055,cg005,-9.182004,15.119476,-0.6072964,0.5436542
ILMN_055,cg006,46.38007,13.163932,3.5232687,0.00042623281
ILMN_055,cg007,-6.481772,13.847719,-0.46807507,0.63973093
ILMN_055,cg008,3.9816754,14.891808,0.26737353,0.7891816
ILMN_055,cg009,-7.490173,14.629803,-0.5119804,0.60866475
ILMN_055,cg010,-0.49652138,15.466104,-0.032103844,0.97438926
ILMN_055,cg011,20.55161,14.018527,1.4660321,0.14263952
ILMN_055,cg012,5.4832687,15.756282,0.34800524,0.72783625
ILMN_055,cg013,-14.5415325,14.465084,-1.005285,0.3147596
ILMN_055,cg014,-33.324127,12.479395,-2.670332,0.0075776577
ILMN_055,cg015,-20.14324,14.560197,-1.3834456,0.16652828
ILMN_055,cg016,25.140003,14.343866,1.7526658,0.0796594
ILMN_055,cg017,-4.7074723,14.096281,-0.33395135,0.73841625
ILMN_055,cg018,23.538546,15.818812,1.4880097,0.13674837
ILMN_055,cg019,-25.337872,12.702981,-1.9946398,0.0460822
ILMN_055,cg020,-20.997562,15.326601,-1.3700078,0.17068446
ILMN_055,cg021,14.456696,15.165638,0.9532534,0.34046167
ILMN_055,cg022,-25.158247,14.388377,-1.7485118,0.08037543
ILMN_055,cg023,-24.988682,13.387119,-1.8666213,0.0619545
ILMN_055,cg024,5.9601364,13.989305,0.4260495,0.6700718
ILMN_055,cg025,24.148531,13.135823,1.8383721,0.066007614
ILMN_055,cg026,-16.181337,14.661844,-1.1036359,0.26975113
ILMN_055,cg027,-15.894241,13.534377,-1.1743608,0.24025059
ILMN_055,cg028,11.077228,16.242985,0.68196994,0.49525797
ILMN_055,cg029,-8.580676,17.146463,-0.50043416,0.61676943
ILMN_055,cg030,-2.0396445,14.17124,-0.14392844,0.885557
ILMN_055,cg031,-18.492277,14.903203,-1.2408257,0.21467018
ILMN_055,cg032,35.669872,13.262683,2.6894915,0.007156074
ILMN_055,cg033,-5.2491674,14.136818,-0.3713118,0.71040535
ILMN_055,cg034,4.357233,16.268312,0.2678356,0.78882587
ILMN_055,cg035,11.878895,13.204785,0.89959013,0.3683384
ILMN_055,cg036,-0.17819853,14.505244,-0.012285111,0.99019814
ILMN_055,cg037,-0.58343685,14.19159,-0.04111145,0.9672071
ILMN_055,cg038,-24.478174,14.883726,-1.6446267,0.10004681
ILMN_055,cg039,6.376565,15.258609,0.4178995,0.6760206
ILMN_055,cg040,4.712559,15.585498,0.30236822,0.76237136
ILMN_055,cg041,-11.793762,15.261847,-0.77276117,0.43966377
ILMN_055,cg042,-11.9306555,13.628629,-0.8754113,0.38135016
ILMN_055,cg043,4.7343507,15.270539,0.31003165,0.7565369
ILMN_055,cg044,25.074087,14.183095,1.7678854,0.07708007
ILMN_055,cg045,-1.0060273,14.683493,-0.06851417,0.94537634
ILMN_055,cg046,10.231961,12.652124,0.80871487,0.41867918
ILMN_055,cg047,-0.5758692,15.313833,-0.03760451,0.970003
ILMN_055,cg048,16.622267,13.727259,1.2108948,0.2259357
ILMN_055,cg049,-18.152107,14.414915,-1.2592587,0.20793688
ILMN_055,cg050,18.603176,13.484144,1.3796334,0.16769952
ILMN_055,cg051,-9.705899,14.836028,-0.65421146,0.5129756
ILMN_055,cg052,-14.532164,13.894513,-1.0458922,0.2956108
ILMN_055,cg053,-0.74979633,15.129683,-0.04955797,0.96047467
ILMN_055,cg054,4.2505593,15.267258,0.27841014,0.7806975
ILMN_055,cg055,-4.428349,13.398139,-0.3305197,0.7410073
ILMN_055,cg056,-27.269918,15.267976,-1.7860861,0.074085355
ILMN_055,cg057,-3.3100474,17.444126,-0.1897514,0.84950393
ILMN_055,cg058,-18.22675,13.345695,-1.3657401,0.17202055
ILMN_055,cg059,-16.466333,13.535116,-1.2165638,0.2237702
ILMN_055,cg060,-30.194464,13.324614,-2.2660668,0.023447275
ILMN_055,cg061,-1.0495975,13.739202,-0.07639436,0.9391054
ILMN_055,cg062,-6.6661015,15.031594,-0.44347268,0.65742385
ILMN_055,cg063,3.7242978,14.524855,0.2564086,0.7976353
ILMN_055,cg064,7.470368,14.423815,0.517919,0.60451484
ILMN_055,cg065,3.7154367,15.118837,0.24574883,0.8058767
ILMN_055,cg066,-5.655321,15.132256,-0.37372625,0.708608
ILMN_055,cg067,3.261235,13.941259,0.23392686,0.8150418
ILMN_055,cg068,-7.5580835,13.656755,-0.55343187,0.57996774
ILMN_055,cg069,4.0778775,14.660385,0.27815622,0.78089243
ILMN_055,cg070,-5.657724,14.228388,-0.39763632,0.6908983
ILMN_055,cg071,18.824518,13.491509,1.3952863,0.16292953
ILMN_055,cg072,-20.016787,14.841078,-1.3487421,0.17741978
ILMN_055,cg073,-6.150832,13.521452,-0.45489436,0.64918524
ILMN_055,cg074,4.767378,16.760597,0.28443962,0.7760735
ILMN_055,cg075,-27.350805,14.221339,-1.9232229,0.05445206
ILMN_055,cg076,-8.02135,17.31625,-0.46322674,0.6432018
ILMN_055,cg077,2.1595635,14.584089,0.14807668,0.88228226
ILMN_055,cg078,-31.830137,14.920762,-2.1332784,0.032901883
ILMN_055,cg079,18.509718,13.942471,1.3275781,0.18431753
ILMN_055,cg080,-14.694279,13.144158,-1.1179323,0.26359594
ILMN_055,cg081,-5.2050214,15.298121,-0.34023926,0.7336764
ILMN_055,cg082,-1.4118608,14.11953,-0.099993475,0.9203495
ILMN_055,cg083,-39.77853,13.438179,-2.960113,0.003075242
ILMN_055,cg084,-29.611956,14.948198,-1.9809716,0.047594488
ILMN_055,cg085,5.1310906,15.452392,0.332058,0.73984545
ILMN_055,cg086,-13.845552,14.725735,-0.9402283,0.3471005
ILMN_055,cg087,-18.691847,13.848613,-1.349727,0.17710358
ILMN_055,cg088,13.527985,13.768586,0.98252535,0.32584113
ILMN_055,cg089,-3.69101,15.357829,-0.2403341,0.8100713
ILMN_055,cg090,-1.5199155,16.991472,-0.08945166,0.928723
ILMN_055,cg091,14.117084,13.767694,1.0253775,0.30518508
ILMN_055,cg092,7.7964177,13.928354,0.5597515,0.57564896
ILMN_055,cg093,4.5830083,14.745158,0.31081444,0.7559417
ILMN_055,cg094,-10.947175,15.863734,-0.6900755,0.4901467
ILMN_055,cg095,17.733545,15.1078205,1.173799,0.24047554
ILMN_055,cg096,-5.7421722,13.780073,-0.41670114,0.67689705
ILMN_055,cg097,1.2535858,15.13836,0.08280856,0.9340038
ILMN_055,cg098,-6.6111646,13.905343,-0.4754406,0.63447297
ILMN_055,cg099,-8.193478,14.041318,-0.58352625,0.5595391
ILMN_055,cg100,3.9146361,16.203356,0.24159417,0.80909467
ILMN_056,cg001,-2.689912,14.78761,-0.1819031,0.85565877
ILMN_056,cg002,-7.1810393,17.023808,-0.42182335,0.673154
ILMN_056,cg003,-6.8976626,16.289434,-0.42344397,0.6719714
ILMN_056,cg004,-8.325795,17.676144,-0.47101876,0.63762736
ILMN_056,cg005,-20.944351,16.13221,-1.298294,0.19418633
ILMN_056,cg006,0.060354713,16.050943,0.0037601972,0.9969998
ILMN_056,cg007,-5.274878,14.999081,-0.3516801,0.7250782
ILMN_056,cg008,11.6546955,16.03402,0.726873,0.46730375
ILMN_056,cg009,23.725416,15.48465,1.5321894,0.1254757
ILMN_056,cg010,0.91498315,16.73437,0.054676883,0.95639586
ILMN_056,cg011,-24.980131,15.075319,-1.6570216,0.097515106
ILMN_056,cg012,12.788142,16.966686,0.7537207,0.45101696
ILMN_056,cg013,-17.321434,15.615119,-1.1092733,0.2673123
ILMN_056,cg014,10.511119,14.42893,0.7284753,0.46632272
ILMN_056,cg015,-44.65663,14.668985,-3.044289,0.0023323298
ILMN_056,cg016,-5.163358,16.012192,-0.32246417,0.74710107
ILMN_056,cg017,7.7636228,15.228056,0.5098236,0.610175
ILMN_056,cg018,9.515518,17.467209,0.54476464,0.58591545
ILMN_056,cg019,12.846848,14.20127,0.90462667,0.36566323
ILMN_056,cg020,6.9166756,16.887964,0.4095624,0.682127
ILMN_056,cg021,6.5759554,16.54251,0.39751863,0.6909851
ILMN_056,cg022,0.6198143,16.077381,0.03855194,0.96924764
ILMN_056,cg023,-5.111688,15.004873,-0.34066853,0.73335314
ILMN_056,cg024,2.4494045,15.162326,0.16154543,0.8716638
ILMN_056,cg025,-22.35161,14.352676,-1.5573131,0.11939615
ILMN_056,cg026,-3.492035,16.064907,-0.21737038,0.8279197
ILMN_056,cg027,8.75179,14.80633,0.59108436,0.5544639
ILMN_056,cg028,-13.862372,17.545305,-0.79009014,0.42947513
ILMN_056,cg029,40.015285,17.643,2.2680545,0.02332586
ILMN_056,cg030,-28.105274,14.766678,-1.9032903,0.057002664
ILMN_056,cg031,8.494919,16.34538,0.51971376,0.60326314
ILMN_056,cg032,11.973916,15.336399,0.78075147,0.43494868
ILMN_056,cg033,32.43976,14.553498,2.2290008,0.025813878
ILMN_056,cg034,-16.348843,17.450758,-0.93685573,0.3488328
ILMN_056,cg035,-7.282544,14.373001,-0.5066822,0.6123778
ILMN_056,cg036,-23.468603,15.308886,-1.5330054,0.12527454
ILMN_056,cg037,-6.0905113,15.32967,-0.39730218,0.69114465
ILMN_056,cg038,27.076452,16.083216,1.6835223,0.09227401
ILMN_056,cg039,-40.886024,15.403938,-2.6542578,0.007948279
ILMN_056,cg040,23.675098,16.5158,1.4334817,0.15172023
ILMN_056,cg041,0.6441309,16.620283,0.03875571,0.96908516
ILMN_056,cg042,23.250635,14.468272,1.6070085,0.10805255
ILMN_056,cg043,-11.571998,16.452137,-0.70337355,0.48182297
ILMN_056,cg044,-4.4800224,15.845495,-0.28273162,0.7773826
ILMN_056,cg045,10.001475,15.820149,0.6321985,0.5272572
ILMN_056,cg046,-24.517729,13.304545,-1.8428085,0.06535697
ILMN_056,cg047,12.875619,16.461111,0.78218406,0.4341064
ILMN_056,cg048,20.338789,14.787107,1.3754407,0.1689949
ILMN_056,cg049,33.26954,15.086423,2.2052636,0.0274356
ILMN_056,cg050,-6.7755494,14.855437,-0.45609894,0.6483188
ILMN_056,cg051,5.000052,16.110613,0.31035766,0.756289
ILMN_056,cg052,1.9454373,15.209225,0.12791167,0.89821887
ILMN_056,cg053,2.989821,16.365208,0.18269373,0.85503834
ILMN_056,cg054,-14.860239,16.38766,-0.9067945,0.36451548
ILMN_056,cg055,-16.099615,14.3189125,-1.1243602,0.26086026
ILMN_056,cg056,3.6108198,17.075287,0.21146466,0.8325247
ILMN_056,cg057,22.318748,18.593428,1.2003568,0.2300008
ILMN_056,cg058,-5.5548544,14.707461,-0.37768954,0.70566124
ILMN_056,cg059,1.8033335,14.876708,0.121218584,0.9035179
ILMN_056,cg060,-24.32385,14.7719,-1.6466298,0.09963417
ILMN_056,cg061,-7.0143723,14.8310995,-0.47295025,0.6362487
ILMN_056,cg062,-15.26223,16.143219,-0.9454267,0.34444106
ILMN_056,cg063,8.657163,15.675612,0.5522695,0.5807637
ILMN_056,cg064,-4.534071,15.638096,-0.28993753,0.77186406
ILMN_056,cg065,25.180624,15.943128,1.579403,0.11424363
ILMN_056,cg066,1.8004305,16.396181,0.109807916,0.9125617
ILMN_056,cg067,11.26747,15.0020685,0.75106114,0.45261586
ILMN_056,cg068,-13.990111,14.681883,-0.95288265,0.34064955
ILMN_056,cg069,-17.962265,15.653798,-1.1474701,0.25118738
ILMN_056,cg070,4.7053437,15.406307,0.3054167,0.7600488
ILMN_056,cg071,-12.255973,14.7939205,-0.82844657,0.40741765
ILMN_056,cg072,-8.198983,16.328184,-0.5021369,0.61557126
ILMN_056,cg073,-0.93579346,14.662782,-0.063821,0.9491128
ILMN_056,cg074,-0.12365405,18.15133,-0.006812396,0.99456453
ILMN_056,cg075,1.8479788,15.992232,0.11555478,0.9080054
ILMN_056,cg076,-10.805324,18.712584,-0.5774362,0.5636448
ILMN_056,cg077,-6.351552,15.756316,-0.4031115,0.6868662
ILMN_056,cg078,-3.9596884,16.914358,-0.2341022,0.81490564
ILMN_056,cg079,8.613978,15.319849,0.56227565,0.57392824
ILMN_056,cg080,1.3233244,14.412908,0.09181523,0.92684484
ILMN_056,cg081,-5.482786,16.55405,-0.33120513,0.74048954
ILMN_056,cg082,0.044137735,15.279355,0.0028887172,0.99769515
ILMN_056,cg083,15.542683,15.698609,0.9900675,0.3221411
ILMN_056,cg084,-4.573363,16.836636,-0.27163163,0.78590524
ILMN_056,cg085,-18.073664,16.526447,-1.0936207,0.2741214
ILMN_056,cg086,-5.110236,16.068346,-0.31803125,0.7504612
ILMN_056,cg087,-0.85270154,15.277879,-0.055812825,0.95549095
ILMN_056,cg088,21.12225,14.727806,1.4341749,0.1515224
ILMN_056,cg089,-18.533943,16.401913,-1.1299866,0.25848186
ILMN_056,cg090,-2.734993,18.382387,-0.14878334,0.8817246
ILMN_056,cg091,-14.290529,14.918224,-0.95792425,0.33810097
ILMN_056,cg092,0.36525542,15.121984,0.024153935,0.9807298
ILMN_056,cg093,-7.4108343,15.933965,-0.46509668,0.6418623
ILMN_056,cg094,13.021219,17.146442,0.7594123,0.44760597
ILMN_056,cg095,-1.947449,16.587578,-0.11740406,0.90653986
ILMN_056,cg096,17.231941,14.720863,1.1705796,0.24176782
ILMN_056,cg097,-16.729836,16.194536,-1.0330544,0.30157846
ILMN_056,cg098,4.7308946,15.066725,0.31399623,0.75352395
ILMN_056,cg099,-11.455702,15.155366,-0.75588423,0.4497186
ILMN_056,cg100,-13.72372,17.426485,-0.7875208,0.43097705
ILMN_057,cg001,5.299473,13.354876,0.39681932,0.69150066
ILMN_057,cg002,2.013182,15.422062,0.13053909,0.8961399
ILMN_057,cg003,-0.79853934,14.759267,-0.05410427,0.9568521
ILMN_057,cg004,-21.890232,15.695182,-1.3947103,0.16310322
ILMN_057,cg005,-8.690778,14.798379,-0.587279,0.5570164
ILMN_057,cg006,7.3977327,14.474343,0.5110928,0.60928607
ILMN_057,cg007,-3.6955884,13.571435,-0.27230638,0.78538644
ILMN_057,cg008,-20.924238,14.253039,-1.4680545,0.14208943
ILMN_057,cg009,14.275291,14.201012,1.0052305,0.3147859
ILMN_057,cg010,3.6484735,15.12435,0.24123177,0.8093755
ILMN_057,cg011,15.886504,13.837216,1.1480997,0.25092745
ILMN_057,cg012,-1.0860114,15.437138,-0.070350565,0.94391465
ILMN_057,cg013,-3.8818521,14.2974205,-0.27150717,0.78600097
ILMN_057,cg014,21.112972,12.74905,1.6560428,0.09771317
ILMN_057,cg015,-0.93952966,14.540016,-0.06461682,0.9484791
ILMN_057,cg016,10.722871,14.410222,0.7441156,0.45680654
ILMN_057,cg017,12.285405,13.690757,0.8973503,0.369532
ILMN_057,cg018,-9.2078905,15.788764,-0.5831926,0.55976367
ILMN_057,cg019,-8.919974,12.88947,-0.6920358,0.48891485
ILMN_057,cg020,19.81901,15.018501,1.3196397,0.18695533
ILMN_057,cg021,-1.2184715,14.984513,-0.08131539,0.93519115
ILMN_057,cg022,-4.7583313,14.522585,-0.32765043,0.743176
ILMN_057,cg023,-2.5825453,13.581152,-0.19015656,0.8491864
ILMN_057,cg024,0.28431183,13.715598,0.020729087,0.98346174
ILMN_057,cg025,-2.6686351,13.311529,-0.20047547,0.84110874
ILMN_057,cg026,-4.2736106,14.521803,-0.29428926,0.76853687
ILMN_057,cg027,-22.61525,13.020405,-1.7369083,0.08240336
ILMN_057,cg028,35.157253,15.109625,2.3268118,0.019975305
ILMN_057,cg029,2.402017,16.819874,0.14280827,0.8864416
ILMN_057,cg030,1.1684136,13.868758,0.084247895,0.93285936
ILMN_057,cg031,2.2875726,14.821143,0.15434521,0.8773376
ILMN_057,cg032,13.386093,13.820571,0.96856296,0.33276325
ILMN_057,cg033,-16.792233,13.630702,-1.2319418,0.21797085
ILMN_057,cg034,-19.984035,15.656271,-1.2764237,0.20180583
ILMN_057,cg035,18.83023,12.735057,1.4786137,0.13924354
ILMN_057,cg036,-32.848423,13.341665,-2.462093,0.0138129
ILMN_057,cg037,19.76564,13.577636,1.4557498,0.1454618
ILMN_057,cg038,-2.6451597,14.980866,-0.17656921,0.8598468
ILMN_057,cg039,10.662692,14.876182,0.7167627,0.47352052
ILMN_057,cg040,22.995886,14.88443,1.5449625,0.12235534
ILMN_057,cg041,19.999329,14.738411,1.3569528,0.17479622
ILMN_057,cg042,-17.004217,13.210579,-1.2871667,0.1980362
ILMN_057,cg043,-25.773994,14.467205,-1.7815462,0.07482326
ILMN_057,cg044,10.304191,14.261335,0.7225264,0.46997094
ILMN_057,cg045,-9.051833,14.306566,-0.6327048,0.52692646
ILMN_057,cg046,-16.454813,12.229607,-1.34549,0.1784671
ILMN_057,cg047,19.393131,14.7096405,1.318396,0.18737113
ILMN_057,cg048,13.870702,13.490527,1.0281808,0.30386478
ILMN_057,cg049,17.429466,14.11416,1.2348922,0.2168706
ILMN_057,cg050,4.854618,13.445549,0.36105764,0.7180563
ILMN_057,cg051,-9.823138,14.512493,-0.67687464,0.4984855
ILMN_057,cg052,-27.835629,13.130156,-2.119977,0.034007967
ILMN_057,cg053,-6.263299,14.776117,-0.4238799,0.6716534
ILMN_057,cg054,4.26441,14.938526,0.2854639,0.77528876
ILMN_057,cg055,-7.103042,13.083929,-0.542883,0.5872104
ILMN_057,cg056,-7.187507,15.41284,-0.46633244,0.6409776
ILMN_057,cg057,17.419579,16.88168,1.0318629,0.30213636
ILMN_057,cg058,-5.831949,13.293251,-0.43871504,0.66086805
ILMN_057,cg059,-2.5888002,13.450213,-0.1924728,0.8473719
ILMN_057,cg060,-9.446355,13.676026,-0.69072366,0.48973924
ILMN_057,cg061,25.345903,12.915,1.9625167,0.049702346
ILMN_057,cg062,9.391529,14.674795,0.63997686,0.52218765
ILMN_057,cg063,8.23296,14.170979,0.58097327,0.56125844
ILMN_057,cg064,-6.2853966,14.124573,-0.44499728,0.65632176
ILMN_057,cg065,25.183556,14.330414,1.7573502,0.07885814
ILMN_057,cg066,4.602125,14.813998,0.31066057,0.7560587
ILMN_057,cg067,-1.4471693,13.64811,-0.106034406,0.91555506
ILMN_057,cg068,-1.7464824,13.40522,-0.13028376,0.8963419
ILMN_057,cg069,-9.252944,14.292434,-0.6474016,0.51737213
ILMN_057,cg070,14.293927,13.786374,1.0368155,0.29982185
ILMN_057,cg071,-0.8988226,13.477395,-0.06669112,0.9468276
ILMN_057,cg072,-9.585359,14.738906,-0.65034395,0.51547
ILMN_057,cg073,20.232801,12.920697,1.5659218,0.11736691
ILMN_057,cg074,-2.20688,16.411608,-0.13447069,0.8930304
ILMN_057,cg075,-12.486891,14.346734,-0.87036467,0.38410115
ILMN_057,cg076,-10.451236,16.913551,-0.6179208,0.53662753
ILMN_057,cg077,11.513944,14.172773,0.8123988,0.41656286
ILMN_057,cg078,-10.112312,15.232504,-0.6638641,0.5067773
ILMN_057,cg079,5.6390886,13.876868,0.40636608,0.68447363
ILMN_057,cg080,1.0346248,13.034351,0.07937678,0.93673295
ILMN_057,cg081,2.557493,14.98345,0.17068785,0.86446923
ILMN_057,cg082,11.428248,13.714483,0.8332978,0.40467685
ILMN_057,cg083,33.800606,13.453851,2.512337,0.011993468
ILMN_057,cg084,-30.060944,14.579273,-2.0618958,0.03921765
ILMN_057,cg085,-2.035069,15.135462,-0.134457,0.8930412
ILMN_057,cg086,-6.2409453,14.517952,-0.42987782,0.66728455
ILMN_057,cg087,-20.806126,13.471879,-1.5444115,0.12248868
ILMN_057,cg088,20.199928,13.283548,1.5206727,0.12834203
ILMN_057,cg089,-4.969203,15.019366,-0.33085304,0.7407555
ILMN_057,cg090,8.905314,16.575855,0.53724617,0.5910976
ILMN_057,cg091,24.629719,13.132061,1.875541,0.060718358
ILMN_057,cg092,-22.563774,13.264541,-1.7010596,0.0889318
ILMN_057,cg093,-18.169367,14.19282,-1.2801802,0.20048177
ILMN_057,cg094,-6.5596404,15.572966,-0.42121974,0.6735946
ILMN_057,cg095,3.5999634,14.993527,0.24010117,0.81025183
ILMN_057,cg096,21.158329,13.144237,1.6097039,0.107462525
ILMN_057,cg097,-14.018978,14.669235,-0.955672,0.33923793
ILMN_057,cg098,21.773098,13.256748,1.6424162,0.1005038
ILMN_057,cg099,-26.763315,13.213708,-2.0254204,0.04282421
ILMN_057,cg100,11.614251,15.772519,0.73635995,0.46151167
ILMN_058,cg001,-21.345776,15.626611,-1.3659889,0.17194247
ILMN_058,cg002,-12.980251,18.279856,-0.710085,0.47765148
ILMN_058,cg003,-9.489513,17.53142,-0.54128605,0.5883105
ILMN_058,cg004,8.61977,19.050793,0.45246255,0.65093577
ILMN_058,cg005,-5.3629293,17.681519,-0.30330706,0.76165587
ILMN_058,cg006,-22.66779,16.970015,-1.3357555,0.18162924
ILMN_058,cg007,7.561583,16.145807,0.46833107,0.6395478
ILMN_058,cg008,0.09966943,17.376692,0.0057358113,0.9954235
ILMN_058,cg009,2.02924,17.103638,0.11864376,0.9055576
ILMN_058,cg010,-23.794376,17.688461,-1.345192,0.17856324
ILMN_058,cg011,8.247281,16.678219,0.4944941,0.62095726
ILMN_058,cg012,32.25633,17.769884,1.8152245,0.06948942
ILMN_058,cg013,17.730331,16.848324,1.0523499,0.29263902
ILMN_058,cg014,2.8894875,15.631789,0.18484688,0.85334915
ILMN_058,cg015,-5.814756,17.304914,-0.3360176,0.7368576
ILMN_058,cg016,6.17258,17.249737,0.35783616,0.7204659
ILMN_058,cg017,23.671284,16.081192,1.4719857,0.14102477
ILMN_058,cg018,-16.119976,18.73256,-0.8605325,0.38949555
ILMN_058,cg019,-10.459866,15.361142,-0.6809302,0.49591565
ILMN_058,cg020,-2.3714466,18.22774,-0.13010097,0.8964865
ILMN_058,cg021,5.231268,17.839619,0.2932388,0.7693396
ILMN_058,cg022,-16.506851,17.15296,-0.96233255,0.3358826
ILMN_058,cg023,1.3019798,16.188026,0.08042857,0.9358964
ILMN_058,cg024,15.806016,16.176071,0.9771233,0.32850814
ILMN_058,cg025,-5.164611,15.850181,-0.32583925,0.744546
ILMN_058,cg026,-21.554527,17.025862,-1.2659874,0.20551759
ILMN_058,cg027,4.405537,16.002136,0.27530932,0.7830786
ILMN_058,cg028,-6.6867266,19.008574,-0.35177425,0.72500753
ILMN_058,cg029,13.610378,19.945694,0.68237174,0.49500394
ILMN_058,cg030,11.9788,16.432135,0.7289862,0.4660101
ILMN_058,cg031,13.130283,17.5585,0.7478021,0.45457953
ILMN_058,cg032,1.4155524,16.633854,0.08510069,0.93218136
ILMN_058,cg033,20.638716,16.22471,1.2720544,0.20335376
ILMN_058,cg034,25.108578,18.618456,1.3485854,0.1774702
ILMN_058,cg035,-0.5284616,15.53086,-0.03402655,0.972856
ILMN_058,cg036,20.814388,16.631752,1.251485,0.21075761
ILMN_058,cg037,-42.037346,15.34243,-2.7399404,0.00614506
ILMN_058,cg038,6.8289776,17.828293,0.3830416,0.7016889
ILMN_058,cg039,-14.873349,17.68921,-0.8408147,0.40045172
ILMN_058,cg040,-7.1232386,18.159727,-0.3922547,0.69487
ILMN_058,cg041,-21.430656,17.628853,-1.2156581,0.2241152
ILMN_058,cg042,4.4503517,16.008774,0.27799454,0.7810165
ILMN_058,cg043,12.9796715,17.720348,0.7324727,0.46388012
ILMN_058,cg044,3.052268,17.083513,0.17866747,0.8581988
ILMN_058,cg045,20.994778,16.839039,1.246792,0.21247381
ILMN_058,cg046,5.850876,14.831268,0.394496,0.6932149
ILMN_058,cg047,-14.482463,17.727411,-0.81695306,0.41395527
ILMN_058,cg048,13.401747,16.13796,0.8304486,0.40628517
ILMN_058,cg049,-9.475088,17.03723,-0.5561402,0.578115
ILMN_058,cg050,19.78978,15.776351,1.2543952,0.20969838
ILMN_058,cg051,40.20728,16.33606,2.4612594,0.0138450265
ILMN_058,cg052,0.22339095,16.391867,0.013628158,0.9891266
ILMN_058,cg053,12.7540245,17.540524,0.72711766,0.46715385
ILMN_058,cg054,1.2105868,17.815067,0.067952976,0.9458231
ILMN_058,cg055,15.55896,15.47104,1.005683,0.31456816
ILMN_058,cg056,-21.430773,18.135529,-1.1817011,0.23732436
ILMN_058,cg057,-7.5810413,20.31634,-0.37314996,0.7090368
ILMN_058,cg058,19.628906,15.60678,1.2577165,0.2084943
ILMN_058,cg059,16.925615,15.8378315,1.0686827,0.2852127
ILMN_058,cg060,-8.269121,16.334707,-0.5062301,0.6126951
ILMN_058,cg061,-2.152088,16.017195,-0.1343611,0.8931171
ILMN_058,cg062,-6.6816125,17.53597,-0.38102326,0.70318604
ILMN_058,cg063,-4.067091,16.936846,-0.24013273,0.8102274
ILMN_058,cg064,7.866609,16.826588,0.46751067,0.6401346
ILMN_058,cg065,-18.448616,17.428497,-1.0585316,0.28981316
ILMN_058,cg066,-9.1742735,17.618479,-0.5207188,0.60256267
ILMN_058,cg067,-3.3286204,16.25717,-0.20474784,0.83776915
ILMN_058,cg068,15.363285,15.814715,0.97145504,0.33132172
ILMN_058,cg069,-7.0750976,17.075918,-0.41433188,0.67863107
ILMN_058,cg070,6.128459,16.593596,0.36932677,0.71188414
ILMN_058,cg071,-22.812332,15.703787,-1.4526644,0.146317
ILMN_058,cg072,1.559151,17.6414,0.08838024,0.9295745
ILMN_058,cg073,39.15592,14.708394,2.6621478,0.007764399
ILMN_058,cg074,8.98024,19.514448,0.46018416,0.6453841
ILMN_058,cg075,-0.63267016,17.23498,-0.036708497,0.97071743
ILMN_058,cg076,0.8766485,20.23663,0.043319885,0.96544653
ILMN_058,cg077,-2.7003794,17.003817,-0.1588102,0.8738184
ILMN_058,cg078,6.406991,18.212757,0.3517859,0.72499883
ILMN_058,cg079,6.1316266,16.540134,0.370712,0.710852
ILMN_058,cg080,0.41562593,15.532201,0.026758986,0.97865194
ILMN_058,cg081,12.52543,17.763643,0.70511603,0.48073804
ILMN_058,cg082,-4.6974163,16.449984,-0.2855575,0.77521706
ILMN_058,cg083,-11.919307,17.00505,-0.70092744,0.4833483
ILMN_058,cg084,-13.80426,18.042742,-0.7650866,0.44422
ILMN_058,cg085,19.748314,17.801853,1.1093403,0.26728344
ILMN_058,cg086,21.349148,17.045567,1.2524751,0.21039677
ILMN_058,cg087,-19.920662,16.199408,-1.2297155,0.21880364
ILMN_058,cg088,-16.233593,16.043598,-1.0118424,0.31161344
ILMN_058,cg089,-2.8751185,17.912796,-0.16050641,0.8724822
ILMN_058,cg090,34.123676,19.163597,1.7806509,0.07496947
ILMN_058,cg091,15.474297,16.073841,0.9627006,0.33569777
ILMN_058,cg092,13.088337,16.180408,0.8089003,0.4185725
ILMN_058,cg093,16.55637,17.036263,0.9718311,0.33113462
ILMN_058,cg094,42.687252,17.49419,2.4400816,0.014683962
ILMN_058,cg095,-15.272161,17.734549,-0.86115307,0.38915372
ILMN_058,cg096,-3.351716,16.089685,-0.20831458,0.83498335
ILMN_058,cg097,0.12445581,17.651985,0.0070505277,0.9943745
ILMN_058,cg098,-9.77224,16.18883,-0.6036409,0.5460824
ILMN_058,cg099,27.672834,15.917443,1.7385225,0.08211881
ILMN_058,cg100,8.4816475,18.862993,0.44964483,0.65296656
ILMN_059,cg001,16.60426,13.965348,1.1889614,0.23445487
ILMN_059,cg002,13.322833,16.229584,0.820898,0.41170442
ILMN_059,cg003,2.005249,15.640245,0.12821084,0.8979821
ILMN_059,cg004,-17.88772,16.776497,-1.0662369,0.28631657
ILMN_059,cg005,3.9900177,15.731687,0.25362936,0.7997819
ILMN_059,cg006,2.27425,15.380406,0.14786671,0.88244796
ILMN_059,cg007,0.02496249,14.39521,0.001734083,0.9986164
ILMN_059,cg008,7.337347,15.417932,0.47589698,0.63414776
ILMN_059,cg009,-18.02613,14.98136,-1.2032372,0.22888458
ILMN_059,cg010,1.7065212,16.037636,0.10640728,0.91525924
ILMN_059,cg011,-9.237743,14.811453,-0.62368923,0.53283167
ILMN_059,cg012,20.709349,16.07442,1.2883418,0.19762701
ILMN_059,cg013,0.2804911,15.165136,0.018495785,0.9852433
ILMN_059,cg014,-7.850855,13.860728,-0.56641,0.57111514
ILMN_059,cg015,2.3341007,15.407028,0.15149584,0.8795846
ILMN_059,cg016,-8.419896,15.314016,-0.5498163,0.5824454
ILMN_059,cg017,-16.245508,14.439214,-1.1250964,0.26054817
ILMN_059,cg018,-25.574572,16.366634,-1.5626042,0.118145704
ILMN_059,cg019,6.0254345,13.703007,0.43971622,0.66014266
ILMN_059,cg020,-21.47447,15.903669,-1.350284,0.17692494
ILMN_059,cg021,-20.20699,15.600461,-1.2952815,0.19522315
ILMN_059,cg022,7.323773,15.371765,0.4764432,0.63375866
ILMN_059,cg023,0.31161082,14.399506,0.021640383,0.9827348
ILMN_059,cg024,11.876539,14.430626,0.8230093,0.41050273
ILMN_059,cg025,10.33036,14.031903,0.7362052,0.46160585
ILMN_059,cg026,30.277412,14.744355,2.0534918,0.040024936
ILMN_059,cg027,-16.114384,14.045406,-1.1473063,0.25125504
ILMN_059,cg028,14.519997,16.794146,0.86458683,0.38726562
ILMN_059,cg029,10.11761,17.767904,0.56943184,0.5690631
ILMN_059,cg030,13.141456,14.571616,0.90185297,0.367135
ILMN_059,cg031,32.873016,14.94593,2.199463,0.027845025
ILMN_059,cg032,-24.553936,14.346544,-1.7114879,0.08699107
ILMN_059,cg033,6.5829372,14.650706,0.4493256,0.6531968
ILMN_059,cg034,-15.340936,16.732334,-0.9168437,0.35922456
ILMN_059,cg035,-14.730125,13.642426,-1.0797292,0.28026283
ILMN_059,cg036,2.2716858,15.039246,0.15105052,0.87993586
ILMN_059,cg037,30.310541,14.02303,2.161483,0.030658066
ILMN_059,cg038,4.5809145,15.868414,0.2886813,0.77282524
ILMN_059,cg039,-4.637813,15.839499,-0.2928005,0.76967466
ILMN_059,cg040,-5.6238527,16.15804,-0.34805292,0.7278005
ILMN_059,cg041,-28.930597,15.348284,-1.8849403,0.05943793
ILMN_059,cg042,18.202463,13.996093,1.3005389,0.19341636
ILMN_059,cg043,15.221754,15.693484,0.969941,0.3320759
ILMN_059,cg044,5.5429025,15.17835,0.36518478,0.71497345
ILMN_059,cg045,20.737604,14.918474,1.390062,0.16451007
ILMN_059,cg046,14.644556,13.036478,1.1233522,0.26128793
ILMN_059,cg047,-10.159304,15.810962,-0.64254814,0.52051735
ILMN_059,cg048,-19.897655,14.160524,-1.4051496,0.15997684
ILMN_059,cg049,11.399361,15.111576,0.75434625,0.45064133
ILMN_059,cg050,-5.8648434,14.24416,-0.4117367,0.68053246
ILMN_059,cg051,-3.6790366,15.447886,-0.23815793,0.81175864
ILMN_059,cg052,11.332807,14.483839,0.78244495,0.4339531
ILMN_059,cg053,-27.350906,15.163894,-1.8036863,0.07128054
ILMN_059,cg054,-16.598354,15.656429,-1.0601622,0.28907084
ILMN_059,cg055,-12.889585,13.780869,-0.93532455,0.34962106
ILMN_059,cg056,-33.913605,15.591611,-2.1751187,0.029621243
ILMN_059,cg057,-2.9225147,18.092726,-0.16152982,0.87167615
ILMN_059,cg058,20.48408,13.791406,1.4852786,0.13747007
ILMN_059,cg059,-4.0972013,14.248085,-0.28756154,0.77368236
ILMN_059,cg060,2.4054155,14.565129,0.16514893,0.86882675
ILMN_059,cg061,1.7174897,14.247166,0.120549574,0.9040478
ILMN_059,cg062,-6.9919558,15.588048,-0.44854596,0.65375924
ILMN_059,cg063,9.537465,15.008314,0.6354788,0.5251162
ILMN_059,cg064,0.29353786,15.00199,0.019566594,0.9843891
ILMN_059,cg065,-35.487297,14.791407,-2.3991833,0.01643169
ILMN_059,cg066,-20.113995,15.434682,-1.3031688,0.19251716
ILMN_059,cg067,-21.356577,14.1198015,-1.5125268,0.13039994
ILMN_059,cg068,-3.8669577,14.19864,-0.27234706,0.7853552
ILMN_059,cg069,8.065817,15.170081,0.5316924,0.5949391
ILMN_059,cg070,1.8533454,14.778644,0.125407,0.9002014
ILMN_059,cg071,3.4096358,14.275798,0.2388403,0.8112294
ILMN_059,cg072,5.847783,15.668906,0.3732094,0.7089926
ILMN_059,cg073,-2.827529,14.048009,-0.20127614,0.84048265
ILMN_059,cg074,-19.322498,17.16233,-1.1258668,0.26022196
ILMN_059,cg075,7.2770505,15.2924185,0.47586003,0.6341741
ILMN_059,cg076,-11.55145,17.919237,-0.6446396,0.51916075
ILMN_059,cg077,0.77136683,15.127895,0.0509897,0.9593337
ILMN_059,cg078,22.189297,15.887903,1.3966159,0.16252911
ILMN_059,cg079,-8.333848,14.682383,-0.5676087,0.5703007
ILMN_059,cg080,-21.861979,13.434047,-1.6273562,0.10366148
ILMN_059,cg081,-5.271402,15.866144,-0.33224216,0.7397064
ILMN_059,cg082,8.738201,14.587746,0.5990097,0.54916644
ILMN_059,cg083,24.488235,14.77095,1.6578646,0.097344816
ILMN_059,cg084,-12.655114,16.041891,-0.7888792,0.43018264
ILMN_059,cg085,-4.230348,16.032274,-0.26386452,0.7918843
ILMN_059,cg086,-33.861717,14.586907,-2.3213775,0.020266473
ILMN_059,cg087,-23.157051,14.240005,-1.6261969,0.103907764
ILMN_059,cg088,6.81113,14.393044,0.47322372,0.63605356
ILMN_059,cg089,-13.820724,15.806325,-0.87437934,0.3819117
ILMN_059,cg090,7.0836177,17.5919,0.4026636,0.6871958
ILMN_059,cg091,-19.02403,14.165272,-1.343005,0.17927039
ILMN_059,cg092,-10.737884,14.407057,-0.7453211,0.45607764
ILMN_059,cg093,-8.440272,15.257139,-0.5532015,0.58012545
ILMN_059,cg094,20.441528,16.259762,1.257185,0.20868665
ILMN_059,cg095,-27.744509,15.365572,-1.8056281,0.070976496
ILMN_059,cg096,-3.5823553,14.308099,-0.25037256,0.80229926
ILMN_059,cg097,14.812586,15.548064,0.95269644,0.3407439
ILMN_059,cg098,31.922766,13.668509,2.3354974,0.019517481
ILMN_059,cg099,-5.820062,14.590409,-0.39889643,0.68996954
ILMN_059,cg100,-9.046023,16.761686,-0.53968453,0.5894146
ILMN_060,cg001,10.405747,13.954895,0.7456701,0.45586675
ILMN_060,cg002,-20.699802,15.897058,-1.3021153,0.19287694
ILMN_060,cg003,-36.69274,14.513797,-2.5281284,0.011467218
ILMN_060,cg004,-12.13535,16.720192,-0.72579014,0.46796745
ILMN_060,cg005,-14.016816,15.450376,-0.90721524,0.36429298
ILMN_060,cg006,10.536521,15.15346,0.69532114,0.48685408
ILMN_060,cg007,4.37095,14.239175,0.30696654,0.7588688
ILMN_060,cg008,3.8667696,15.293335,0.2528402,0.80039173
ILMN_060,cg009,20.055021,14.772743,1.3575692,0.17460042
ILMN_060,cg010,-8.141754,15.836558,-0.51411134,0.60717416
ILMN_060,cg011,-1.003041,14.727039,-0.068108805,0.94569904
ILMN_060,cg012,-18.472563,15.970493,-1.1566683,0.24740791
ILMN_060,cg013,-8.730311,14.960893,-0.58354217,0.55952835
ILMN_060,cg014,-7.2201495,13.731093,-0.5258248,0.59901
ILMN_060,cg015,-4.7748556,15.243182,-0.31324533,0.7540943
ILMN_060,cg016,3.980508,15.201945,0.261842,0.79344326
ILMN_060,cg017,-18.887691,14.22263,-1.3280028,0.18417722
ILMN_060,cg018,7.822337,16.590311,0.47150034,0.63728344
ILMN_060,cg019,0.8244118,13.596292,0.06063505,0.95164984
ILMN_060,cg020,18.872229,15.813491,1.1934259,0.23270261
ILMN_060,cg021,4.0966487,15.714733,0.2606884,0.7943328
ILMN_060,cg022,-9.639244,15.191883,-0.6344996,0.5257548
ILMN_060,cg023,0.79742205,14.257591,0.055929646,0.95539784
ILMN_060,cg024,-1.1289574,14.392672,-0.078439735,0.93747824
ILMN_060,cg025,-13.679449,13.829323,-0.9891626,0.32258362
ILMN_060,cg026,4.274758,15.240935,0.28047872,0.77911025
ILMN_060,cg027,9.620175,14.0334635,0.68551683,0.49301785
ILMN_060,cg028,17.088667,16.573252,1.0310992,0.3024943
ILMN_060,cg029,-1.5333115,17.653751,-0.08685471,0.930787
ILMN_060,cg030,3.2493937,14.547533,0.2233639,0.8232523
ILMN_060,cg031,3.1080542,15.551036,0.19986156,0.84158885
ILMN_060,cg032,15.847774,14.463344,1.0957199,0.27320135
ILMN_060,cg033,0.5659459,14.538296,0.038927943,0.9689478
ILMN_060,cg034,-4.9889636,16.702414,-0.29869717,0.7651711
ILMN_060,cg035,14.330313,13.514296,1.0603818,0.28897095
ILMN_060,cg036,-15.518963,14.718351,-1.0543954,0.2917019
ILMN_060,cg037,-0.17328453,14.573287,-0.011890559,0.9905129
ILMN_060,cg038,4.269283,15.714102,0.27168483,0.78586435
ILMN_060,cg039,-19.93722,15.420776,-1.2928804,0.19605243
ILMN_060,cg040,3.5497386,16.011759,0.22169574,0.82455075
ILMN_060,cg041,5.161044,15.7550955,0.32757935,0.74322975
ILMN_060,cg042,5.739172,14.085647,0.40744823,0.68367887
ILMN_060,cg043,-35.292492,14.809792,-2.3830512,0.017169833
ILMN_060,cg044,-11.353656,14.9575815,-0.7590569,0.44781852
ILMN_060,cg045,11.86746,14.977069,0.7923753,0.42814183
ILMN_060,cg046,4.953572,13.06383,0.3791822,0.7045526
ILMN_060,cg047,18.77621,15.480094,1.2129261,0.2251581
ILMN_060,cg048,11.89442,14.211327,0.8369676,0.40261084
ILMN_060,cg049,4.653431,15.0397,0.30940983,0.7570098
ILMN_060,cg050,-22.001303,13.752749,-1.5997748,0.109648526
ILMN_060,cg051,-7.6609635,15.263773,-0.50190496,0.6157344
ILMN_060,cg052,-29.458433,13.767755,-2.1396687,0.032381535
ILMN_060,cg053,25.487461,15.075445,1.6906606,0.09090161
ILMN_060,cg054,-5.3848224,15.670724,-0.34362307,0.73112977
ILMN_060,cg055,3.9084694,13.76253,0.2839935,0.77641535
ILMN_060,cg056,11.347212,16.126337,0.7036447,0.4816541
ILMN_060,cg057,36.545803,17.090702,2.138344,0.032488823
ILMN_060,cg058,-5.319996,13.957474,-0.38115752,0.7030864
ILMN_060,cg059,-3.8653858,14.109242,-0.27396125,0.7841144
ILMN_060,cg060,-8.095608,14.37681,-0.5631018,0.57336557
ILMN_060,cg061,-1.7574289,14.107008,-0.12457843,0.9008573
ILMN_060,cg062,24.471016,15.041911,1.6268555,0.10376781
ILMN_060,cg063,-5.493143,14.903928,-0.36857015,0.7124481
ILMN_060,cg064,4.22594,14.841556,0.28473702,0.77584565
ILMN_060,cg065,30.233511,14.882124,2.031532,0.042201042
ILMN_060,cg066,39.88871,14.40847,2.768421,0.0056328773
ILMN_060,cg067,10.7009735,14.237337,0.75161344,0.45228356
ILMN_060,cg068,0.25128654,14.070394,0.017859241,0.98575115
ILMN_060,cg069,6.473673,15.036829,0.43052116,0.6668166
ILMN_060,cg070,-23.552067,14.217996,-1.656497,0.0976212
ILMN_060,cg071,-16.584265,13.93131,-1.1904311,0.233877
ILMN_060,cg072,5.0725255,15.520393,0.3268297,0.7437967
ILMN_060,cg073,6.885214,13.879007,0.49608836,0.6198321
ILMN_060,cg074,1.9081771,17.22393,0.11078639,0.9117857
ILMN_060,cg075,-14.353353,15.0311165,-0.95490927,0.33962357
ILMN_060,cg076,-22.721006,17.505447,-1.2979392,0.19430822
ILMN_060,cg077,5.442245,14.958151,0.3638314,0.71598387
ILMN_060,cg078,1.5437756,16.060236,0.09612409,0.92342204
ILMN_060,cg079,11.827863,14.484317,0.8165979,0.41415828
ILMN_060,cg080,3.6130226,13.669207,0.26431838,0.7915346
ILMN_060,cg081,-17.082253,15.526108,-1.1002276,0.27123296
ILMN_060,cg082,-21.140173,14.161658,-1.4927752,0.13549608
ILMN_060,cg083,12.477818,14.943584,0.834995,0.40372056
ILMN_060,cg084,-14.3251095,15.851241,-0.90372163,0.36614305
ILMN_060,cg085,-8.170149,15.841001,-0.51575965,0.6060223
ILMN_060,cg086,2.4419353,15.261908,0.16000198,0.8728795
ILMN_060,cg087,7.8405557,14.453551,0.5424657,0.5874977
ILMN_060,cg088,11.491755,14.18542,0.8101103,0.41787684
ILMN_060,cg089,31.279287,15.091571,2.072633,0.038206458
ILMN_060,cg090,-18.518791,17.234749,-1.0745031,0.2825973
ILMN_060,cg091,0.4522313,14.298252,0.03162843,0.9747684
ILMN_060,cg092,8.7251835,14.293582,0.61042666,0.54157925
ILMN_060,cg093,17.361153,14.93967,1.1620841,0.24520129
ILMN_060,cg094,-25.187563,15.9475355,-1.5794016,0.114243984
ILMN_060,cg095,0.097531244,15.744514,0.0061946176,0.99505746
ILMN_060,cg096,44.737724,12.549155,3.5649989,0.00036388636
ILMN_060,cg097,-24.91818,15.106055,-1.6495491,0.0990352
ILMN_060,cg098,7.3358583,14.273217,0.5139597,0.60728014
ILMN_060,cg099,29.879114,13.785167,2.1674829,0.030198038
ILMN_060,cg100,-1.5292292,16.647903,-0.091857165,0.9268115
ILMN_061,cg001,-0.38502324,14.29903,-0.026926529,0.9785183
ILMN_061,cg002,17.536861,16.28334,1.0769818,0.28148842
ILMN_061,cg003,8.04392,15.731713,0.51131874,0.6091279
ILMN_061,cg004,-19.943651,16.87296,-1.181989,0.2372101
ILMN_061,cg005,-11.346161,15.788468,-0.7186359,0.47236532
ILMN_061,cg006,-9.293098,15.45455,-0.60131794,0.5476283
ILMN_061,cg007,29.686012,13.842378,2.1445746,0.031986892
ILMN_061,cg008,14.758453,15.434929,0.9561724,0.33898515
ILMN_061,cg009,-5.2653446,15.325313,-0.34357175,0.7311684
ILMN_061,cg010,27.331501,15.666318,1.7446027,0.08105403
ILMN_061,cg011,5.3143682,14.980229,0.3547588,0.72277033
ILMN_061,cg012,24.060644,16.115456,1.4930167,0.13543284
ILMN_061,cg013,14.771474,15.138573,0.97575074,0.329188
ILMN_061,cg014,13.858149,13.877907,0.9985763,0.31800002
ILMN_061,cg015,12.819575,15.426847,0.83099127,0.40597856
ILMN_061,cg016,-16.318361,15.307259,-1.0660537,0.28639936
ILMN_061,cg017,7.0609775,14.724518,0.4795388,0.6315554
ILMN_061,cg018,1.4815011,16.937126,0.08747063,0.93029743
ILMN_061,cg019,14.657991,13.679128,1.071559,0.2839182
ILMN_061,cg020,-3.0369534,16.347855,-0.18577076,0.85262454
ILMN_061,cg021,-14.5761795,15.872935,-0.91830397,0.35845977
ILMN_061,cg022,18.607716,15.296888,1.2164379,0.22381818
ILMN_061,cg023,17.02211,14.303783,1.1900425,0.23402971
ILMN_061,cg024,6.002798,14.633628,0.41020572,0.68165505
ILMN_061,cg025,2.86153,14.228361,0.20111452,0.840609
ILMN_061,cg026,-32.953735,14.757357,-2.2330377,0.025546491
ILMN_061,cg027,-0.9972701,14.365596,-0.069420725,0.94465476
ILMN_061,cg028,-14.299423,16.943666,-0.8439391,0.3987034
ILMN_061,cg029,-42.293755,16.866526,-2.5075557,0.012156963
ILMN_061,cg030,-0.9855407,14.82444,-0.0664808,0.946995
ILMN_061,cg031,-14.6772995,15.697632,-0.9350009,0.34978783
ILMN_061,cg032,-18.685804,14.665841,-1.2741039,0.20262659
ILMN_061,cg033,-23.886042,14.3830595,-1.6607066,0.09677237
ILMN_061,cg034,-12.890389,16.922028,-0.76175207,0.446208
ILMN_061,cg035,5.8965044,13.9047985,0.42406255,0.67152023
ILMN_061,cg036,-5.7895446,15.147143,-0.38222024,0.70229805
ILMN_061,cg037,14.574736,14.686995,0.9923566,0.32102364
ILMN_061,cg038,-7.547417,15.979442,-0.47232047,0.63669807
ILMN_061,cg039,24.954594,15.560279,1.6037369,0.1087721
ILMN_061,cg040,-19.065695,16.073223,-1.1861775,0.23555225
ILMN_061,cg041,-15.065451,15.911467,-0.9468298,0.3437255
ILMN_061,cg042,-10.264459,14.292636,-0.71816415,0.47265607
ILMN_061,cg043,14.593513,15.842813,0.92114407,0.3569752
ILMN_061,cg044,6.058121,15.303835,0.3958564,0.692211
ILMN_061,cg045,-5.942736,15.333354,-0.38756922,0.6983348
ILMN_061,cg046,17.88105,13.063316,1.3687987,0.17106217
ILMN_061,cg047,15.672072,15.849554,0.9888021,0.32276
ILMN_061,cg048,2.4252102,14.580096,0.16633706,0.86789167
ILMN_061,cg049,-8.1215515,15.287513,-0.53125393,0.59524286
ILMN_061,cg050,14.544071,14.231346,1.0219743,0.30679303
ILMN_061,cg051,-13.240074,15.466433,-0.8560522,0.3919689
ILMN_061,cg052,-23.232262,14.299612,-1.6246778,0.10423124
ILMN_061,cg053,0.032477215,15.824681,0.002052314,0.9983625
ILMN_061,cg054,8.4938545,15.932453,0.5331166,0.5939529
ILMN_061,cg055,0.29507113,14.029786,0.021031762,0.98322034
ILMN_061,cg056,-7.301325,16.478214,-0.44308957,0.65770096
ILMN_061,cg057,15.215762,18.113695,0.8400143,0.40090042
ILMN_061,cg058,-5.990295,14.211138,-0.42152113,0.6733746
ILMN_061,cg059,0.36538002,14.382323,0.025404798,0.9797321
ILMN_061,cg060,14.925653,14.527883,1.0273799,0.30424166
ILMN_061,cg061,8.011742,14.322223,0.55939233,0.575894
ILMN_061,cg062,-11.192902,15.66857,-0.71435374,0.47500843
ILMN_061,cg063,-9.34536,15.139944,-0.61726516,0.53705984
ILMN_061,cg064,-6.223612,15.102055,-0.41210365,0.6802634
ILMN_061,cg065,-4.989077,15.806185,-0.3156408,0.75227517
ILMN_061,cg066,-5.3444333,15.83136,-0.33758524,0.7356758
ILMN_061,cg067,-22.287947,14.215049,-1.5679121,0.116901696
ILMN_061,cg068,-10.303001,14.250448,-0.7229949,0.46968305
ILMN_061,cg069,-15.213959,15.1814785,-1.0021394,0.31627625
ILMN_061,cg070,-12.36359,14.795264,-0.83564514,0.4033546
ILMN_061,cg071,-35.955368,13.395518,-2.6841342,0.0072717667
ILMN_061,cg072,3.9049087,15.815876,0.24689803,0.80498713
ILMN_061,cg073,14.80856,14.004792,1.0573924,0.29033256
ILMN_061,cg074,8.466645,17.500988,0.48378098,0.62854135
ILMN_061,cg075,-11.143559,15.373109,-0.72487354,0.46852964
ILMN_061,cg076,6.856086,18.125233,0.37826195,0.705236
ILMN_061,cg077,16.722294,15.056719,1.11062,0.26673192
ILMN_061,cg078,1.150173,16.35862,0.0703099,0.943947
ILMN_061,cg079,-11.390988,14.764056,-0.77153516,0.4403898
ILMN_061,cg080,-2.0423973,13.9298315,-0.14662038,0.8834317
ILMN_061,cg081,-1.648732,16.018707,-0.102925405,0.91802216
ILMN_061,cg082,7.372002,14.729285,0.50049967,0.6167233
ILMN_061,cg083,19.375484,15.066989,1.285956,0.19845843
ILMN_061,cg084,-4.811554,16.272223,-0.29569125,0.7674659
ILMN_061,cg085,6.1932487,16.155355,0.38335577,0.701456
ILMN_061,cg086,-16.826107,15.349868,-1.0961728,0.27300316
ILMN_061,cg087,-5.050096,14.749626,-0.34238806,0.7320589
ILMN_061,cg088,-19.744244,14.256819,-1.3848983,0.16608357
ILMN_061,cg089,10.624221,15.996445,0.6641614,0.506587
ILMN_061,cg090,-2.973658,17.767656,-0.16736355,0.867084
ILMN_061,cg091,-9.336044,14.4981785,-0.643946,0.51961046
ILMN_061,cg092,3.357156,14.608926,0.2298017,0.8182459
ILMN_061,cg093,-17.820328,15.2130375,-1.1713853,0.24144393
ILMN_061,cg094,22.084417,16.356712,1.3501745,0.17695999
ILMN_061,cg095,6.541646,16.007257,0.4086675,0.68278366
ILMN_061,cg096,-0.09091677,14.439859,-0.0062962365,0.99497634
ILMN_061,cg097,36.21497,14.90706,2.4293838,0.0151245
ILMN_061,cg098,-9.65459,14.509742,-0.66538674,0.50580317
ILMN_061,cg099,-11.659627,14.639591,-0.79644483,0.42577356
ILMN_061,cg100,-4.3659644,16.945745,-0.2576437,0.7966819
ILMN_062,cg001,-18.239882,13.1595745,-1.386054,0.16573042
ILMN_062,cg002,-3.5880642,15.477969,-0.2318175,0.8166798
ILMN_062,cg003,-0.4293649,14.819013,-0.02897392,0.9768854
ILMN_062,cg004,-17.863102,15.871049,-1.1255149,0.26037097
ILMN_062,cg005,17.606667,14.685869,1.1988848,0.23057276
ILMN_062,cg006,-17.65892,14.339347,-1.231501,0.21813554
ILMN_062,cg007,-11.532136,13.530624,-0.85229886,0.3940482
ILMN_062,cg008,-7.1327267,14.6039915,-0.4884094,0.6252599
ILMN_062,cg009,9.45956,14.346291,0.6593733,0.5096561
ILMN_062,cg010,-9.013244,15.136605,-0.59546006,0.55153596
ILMN_062,cg011,-7.3624735,14.048685,-0.52406853,0.6002309
ILMN_062,cg012,-1.237094,15.499037,-0.07981748,0.9363824
ILMN_062,cg013,0.49939293,14.36628,0.034761466,0.97226995
ILMN_062,cg014,-10.057439,13.0927105,-0.7681709,0.44238567
ILMN_062,cg015,-13.65391,14.459739,-0.94427085,0.34503126
ILMN_062,cg016,-7.9019074,14.50834,-0.54464585,0.5859971
ILMN_062,cg017,8.085158,13.814316,0.58527386,0.55836356
ILMN_062,cg018,-3.2315547,15.903677,-0.20319545,0.8389823
ILMN_062,cg019,4.233051,12.993566,0.32578054,0.7445904
ILMN_062,cg020,-0.30440727,15.361665,-0.019816034,0.9841901
ILMN_062,cg021,-13.446281,14.914722,-0.9015442,0.36729908
ILMN_062,cg022,-5.449869,14.575915,-0.3738955,0.7084821
ILMN_062,cg023,-2.0060213,13.637972,-0.14709088,0.8830603
ILMN_062,cg024,21.30948,13.407659,1.5893514,0.111981094
ILMN_062,cg025,7.2743583,13.327863,0.5458008,0.5852029
ILMN_062,cg026,4.321792,14.580057,0.29641804,0.76691085
ILMN_062,cg027,-9.549549,13.421035,-0.711536,0.47675216
ILMN_062,cg028,-9.537096,15.976612,-0.59694105,0.55054677
ILMN_062,cg029,-2.5466762,16.887146,-0.15080559,0.8801291
ILMN_062,cg030,-4.240815,13.9116125,-0.30483994,0.76048803
ILMN_062,cg031,19.304157,14.609993,1.3212982,0.18640196
ILMN_062,cg032,-11.478857,13.914429,-0.8249607,0.4093939
ILMN_062,cg033,4.229072,13.895519,0.3043479,0.7608628
ILMN_062,cg034,11.117301,15.911037,0.6987163,0.48472935
ILMN_062,cg035,-21.309593,12.703882,-1.677408,0.093462706
ILMN_062,cg036,9.389502,14.183284,0.6620118,0.50796366
ILMN_062,cg037,4.4636836,13.92723,0.32050046,0.748589
ILMN_062,cg038,-11.690601,14.947206,-0.78212625,0.43414038
ILMN_062,cg039,15.890236,14.835374,1.0711045,0.28412247
ILMN_062,cg040,16.240229,15.138971,1.0727432,0.28338635
ILMN_062,cg041,17.855291,14.859594,1.2016002,0.22951847
ILMN_062,cg042,6.316349,13.468346,0.46897736,0.6390858
ILMN_062,cg043,-12.966093,14.89602,-0.8704401,0.3840599
ILMN_062,cg044,-6.368994,14.369108,-0.44324213,0.6575906
ILMN_062,cg045,2.5985456,14.421432,0.18018638,0.85700625
ILMN_062,cg046,6.477715,12.481633,0.5189798,0.60377485
ILMN_062,cg047,1.6793422,15.043255,0.11163423,0.91111344
ILMN_062,cg048,-5.2684712,13.6775465,-0.38519126,0.7000957
ILMN_062,cg049,5.185063,14.383648,0.36048317,0.71848583
ILMN_062,cg050,-5.9961057,13.489847,-0.44449025,0.6566882
ILMN_062,cg051,7.898675,14.5969095,0.5411197,0.5884251
ILMN_062,cg052,3.7965143,13.800659,0.2750966,0.78324205
ILMN_062,cg053,-25.902508,14.365546,-1.8030994,0.07137263
ILMN_062,cg054,-17.317585,14.793198,-1.1706451,0.24174148
ILMN_062,cg055,-15.68623,12.974078,-1.2090439,0.226646
ILMN_062,cg056,-24.999569,15.067103,-1.6592153,0.09707242
ILMN_062,cg057,-23.722189,16.78411,-1.4133719,0.1575464
ILMN_062,cg058,0.44422477,13.374493,0.033214327,0.97350365
ILMN_062,cg059,0.77746683,13.509305,0.057550468,0.9541067
ILMN_062,cg060,2.9411135,13.795286,0.213197,0.8311733
ILMN_062,cg061,-12.345866,13.375628,-0.923012,0.35600096
ILMN_062,cg062,-25.424082,14.316697,-1.7758343,0.075760245
ILMN_062,cg063,12.900628,14.152881,0.9115196,0.36202168
ILMN_062,cg064,25.321568,13.712768,1.8465687,0.06480968
ILMN_062,cg065,-18.33101,14.615432,-1.254223,0.20976096
ILMN_062,cg066,-46.19112,13.240315,-3.4886723,0.00048542023
ILMN_062,cg067,3.9684536,13.692227,0.2898326,0.7719443
ILMN_062,cg068,-3.6859403,13.450687,-0.2740336,0.7840588
ILMN_062,cg069,-4.278541,14.4013815,-0.2970924,0.766396
ILMN_062,cg070,-0.54684097,14.0024395,-0.039053265,0.96884793
ILMN_062,cg071,16.997105,13.298221,1.2781488,0.20119697
ILMN_062,cg072,-8.372082,14.814772,-0.5651172,0.57199407
ILMN_062,cg073,-9.323638,13.242825,-0.7040521,0.48140037
ILMN_062,cg074,-25.73043,16.038324,-1.6043092,0.108645916
ILMN_062,cg075,3.1113102,14.51536,0.21434607,0.8302772
ILMN_062,cg076,-10.793167,16.97755,-0.6357317,0.52495134
ILMN_062,cg077,-6.6625495,14.297833,-0.46598315,0.6412276
ILMN_062,cg078,5.13474,15.3482485,0.33454892,0.73796535
ILMN_062,cg079,-2.6516378,13.952235,-0.19005111,0.8492691
ILMN_062,cg080,-24.64634,12.573107,-1.9602426,0.04996741
ILMN_062,cg081,0.87967974,15.047966,0.05845838,0.9533835
ILMN_062,cg082,16.439392,13.659845,1.203483,0.22878951
ILMN_062,cg083,-4.2007103,14.391647,-0.2918853,0.77037436
ILMN_062,cg084,19.599905,15.024043,1.3045692,0.19203961
ILMN_062,cg085,4.1263423,15.187191,0.27169886,0.78585356
ILMN_062,cg086,-8.077049,14.557008,-0.5548564,0.5789929
ILMN_062,cg087,-26.057749,13.329714,-1.9548619,0.050599396
ILMN_062,cg088,3.5345714,13.658198,0.25878754,0.7957992
ILMN_062,cg089,-14.237017,14.951116,-0.9522377,0.34097642
ILMN_062,cg090,10.574842,16.62174,0.6362055,0.52464247
ILMN_062,cg091,-6.8070507,13.642899,-0.4989446,0.6178184
ILMN_062,cg092,-0.83226335,13.729875,-0.060616966,0.95166427
ILMN_062,cg093,5.6504865,14.47762,0.39029112,0.6963213
ILMN_062,cg094,4.0665774,15.654298,0.25977385,0.7950382
ILMN_062,cg095,8.250635,15.014109,0.5495255,0.5826449
ILMN_062,cg096,-35.735233,12.4985695,-2.8591459,0.004247844
ILMN_062,cg097,-0.35790482,14.873682,-0.024062961,0.9808024
ILMN_062,cg098,-11.8098345,13.583667,-0.8694143,0.38462055
ILMN_062,cg099,-2.7116807,13.840069,-0.1959297,0.84466517
ILMN_062,cg100,-12.025282,15.830085,-0.75964737,0.44746542
ILMN_063,cg001,-4.1426616,15.550144,-0.26640663,0.78992605
ILMN_063,cg002,-21.929216,17.649914,-1.2424546,0.21406889
ILMN_063,cg003,10.384347,17.101423,0.6072212,0.54370415
ILMN_063,cg004,8.058381,18.60216,0.433196,0.6648724
ILMN_063,cg005,12.052629,17.18757,0.701241,0.48315263
ILMN_063,cg006,14.632596,16.747175,0.8737352,0.38226247
ILMN_063,cg007,4.381636,15.786993,0.27754724,0.7813599
ILMN_063,cg008,3.1740217,16.957897,0.18717071,0.8515268
ILMN_063,cg009,10.048173,16.634483,0.60405684,0.5458059
ILMN_063,cg010,18.28345,17.397486,1.0509248,0.29329318
ILMN_063,cg011,15.422754,16.166523,0.95399326,0.34008706
ILMN_063,cg012,1.3263289,17.957739,0.07385834,0.9411231
ILMN_063,cg013,0.20316067,16.645311,0.012205279,0.99026185
ILMN_063,cg014,-0.14510293,15.266502,-0.009504661,0.9924165
ILMN_063,cg015,-5.8762045,16.892792,-0.34785277,0.7279508
ILMN_063,cg016,3.8705084,16.85417,0.22964694,0.81836617
ILMN_063,cg017,-17.163519,15.864519,-1.0818808,0.27930552
ILMN_063,cg018,24.299788,18.083143,1.3437812,0.17901915
ILMN_063,cg019,-10.329219,14.994876,-0.6888499,0.49091774
ILMN_063,cg020,23.559345,17.456217,1.3496249,0.17713636
ILMN_063,cg021,11.002759,17.35691,0.63391227,0.52613807
ILMN_063,cg022,-11.968256,16.821346,-0.7114922,0.47677928
ILMN_063,cg023,17.252996,15.598944,1.1060362,0.26871085
ILMN_063,cg024,2.5994742,15.950661,0.1629697,0.8705423
ILMN_063,cg025,-14.119049,15.351403,-0.9197237,0.35771722
ILMN_063,cg026,35.754375,16.066154,2.225447,0.026051283
ILMN_063,cg027,-3.1715226,15.628283,-0.20293482,0.83918595
ILMN_063,cg028,14.369855,18.461271,0.7783784,0.43634593
ILMN_063,cg029,6.6937127,19.545792,0.3424631,0.7320024
ILMN_063,cg030,11.314338,16.048132,0.7050252,0.48079455
ILMN_063,cg031,-9.910643,17.183706,-0.5767465,0.56411076
ILMN_063,cg032,-3.7568843,16.230967,-0.231464,0.8169544
ILMN_063,cg033,-17.649673,15.904398,-1.1097354,0.2671131
ILMN_063,cg034,14.872113,18.4023,0.808166,0.41899502
ILMN_063,cg035,-26.133665,14.664738,-1.7820752,0.07473695
ILMN_063,cg036,2.9419332,16.505495,0.17823961,0.8585348
ILMN_063,cg037,-9.915632,16.088142,-0.6163317,0.5376756
ILMN_063,cg038,-33.5501,16.716417,-2.007015,0.044748068
ILMN_063,cg039,-1.5926802,17.400068,-0.09153298,0.9270691
ILMN_063,cg040,-7.044524,17.728027,-0.3973665,0.69109726
ILMN_063,cg041,25.86709,17.063772,1.5159069,0.12954289
ILMN_063,cg042,-25.231035,15.193201,-1.6606793,0.096777916
ILMN_063,cg043,-0.8426368,17.400002,-0.0484274,0.9613756
ILMN_063,cg044,14.123226,16.553452,0.85318923,0.3935544
ILMN_063,cg045,-8.69292,16.665703,-0.5216054,0.60194516
ILMN_063,cg046,-6.427895,14.472802,-0.44413617,0.65694416
ILMN_063,cg047,-13.776991,17.313086,-0.795756,0.42617393
ILMN_063,cg048,-6.352683,15.845015,-0.4009263,0.6884744
ILMN_063,cg049,7.6821365,16.650286,0.46138167,0.6445248
ILMN_063,cg050,-27.996141,15.109496,-1.8528838,0.06389898
ILMN_063,cg051,-19.033081,16.73238,-1.1374999,0.25532937
ILMN_063,cg052,-0.37451544,16.002829,-0.023403078,0.9813287
ILMN_063,cg053,-23.662096,16.865353,-1.4030004,0.16061676
ILMN_063,cg054,8.27614,17.350336,0.47700173,0.63336086
ILMN_063,cg055,3.7136009,15.25924,0.24336736,0.80772084
ILMN_063,cg056,1.5889958,17.970377,0.088423066,0.9295404
ILMN_063,cg057,31.084616,19.328278,1.6082455,0.10778141
ILMN_063,cg058,-7.295123,15.458823,-0.47190675,0.63699335
ILMN_063,cg059,-13.325951,15.528968,-0.858135,0.39081794
ILMN_063,cg060,4.876811,15.975275,0.30527243,0.76015866
ILMN_063,cg061,-10.047127,15.569867,-0.64529306,0.5187373
ILMN_063,cg062,-1.598326,17.145224,-0.09322281,0.92572653
ILMN_063,cg063,12.255892,16.446323,0.7452056,0.45614743
ILMN_063,cg064,-13.637405,16.34305,-0.8344468,0.4040293
ILMN_063,cg065,20.485832,16.953947,1.2083223,0.22692335
ILMN_063,cg066,18.314768,17.038355,1.0749141,0.28241318
ILMN_063,cg067,11.778267,15.783374,0.7462452,0.45551932
ILMN_063,cg068,11.31914,15.507463,0.7299157,0.46544176
ILMN_063,cg069,-1.4935815,16.70034,-0.0894342,0.92873687
ILMN_063,cg070,-21.233252,15.918911,-1.3338382,0.18225688
ILMN_063,cg071,31.513311,14.974562,2.1044564,0.03533864
ILMN_063,cg072,-0.19222617,17.224213,-0.01116023,0.9910956
ILMN_063,cg073,-22.656517,15.059862,-1.5044305,0.13247055
ILMN_063,cg074,3.661583,19.087545,0.19183101,0.8478746
ILMN_063,cg075,7.7567806,16.787333,0.46206152,0.64403725
ILMN_063,cg076,1.1888459,19.756046,0.060176305,0.9520152
ILMN_063,cg077,29.756916,16.014753,1.858094,0.06315571
ILMN_063,cg078,-12.992359,17.70112,-0.7339851,0.4629578
ILMN_063,cg079,-0.24967211,16.171703,-0.015438826,0.9876821
ILMN_063,cg080,2.6588345,15.158678,0.17540015,0.8607652
ILMN_063,cg081,9.832746,17.37521,0.5659066,0.57145727
ILMN_063,cg082,-10.194584,16.003424,-0.6370252,0.5241084
ILMN_063,cg083,-22.013533,16.371304,-1.3446414,0.17874104
ILMN_063,cg084,3.694239,17.717941,0.20850271,0.8348365
ILMN_063,cg085,-14.626289,17.477821,-0.83684856,0.4026777
ILMN_063,cg086,-1.2615567,16.921427,-0.0745538,0.94056976
ILMN_063,cg087,22.849848,15.715793,1.4539418,0.14596242
ILMN_063,cg088,-3.2513192,15.828977,-0.20540299,0.83725727
ILMN_063,cg089,18.34229,17.282305,1.0613337,0.28853828
ILMN_063,cg090,-26.348137,18.948767,-1.3904935,0.16437906
ILMN_063,cg091,20.723091,15.55241,1.3324682,0.18270642
ILMN_063,cg092,-5.5819483,15.8871,-0.351351,0.72532505
ILMN_063,cg093,22.012892,16.485413,1.3352952,0.18177974
ILMN_063,cg094,-13.113533,18.047474,-0.7266132,0.46746296
ILMN_063,cg095,24.793217,17.065586,1.4528196,0.14627385
ILMN_063,cg096,-5.689845,15.69288,-0.36257496,0.7169224
ILMN_063,cg097,-35.834583,16.403194,-2.1846101,0.028917432
ILMN_063,cg098,-0.7907558,15.866718,-0.049837388,0.960252
ILMN_063,cg099,-1.0665754,16.041359,-0.06648909,0.94698846
ILMN_063,cg100,-12.061735,18.369923,-0.6566024,0.5114366
ILMN_064,cg001,31.262539,12.229668,2.5562868,0.010579586
ILMN_064,cg002,-11.37822,14.975846,-0.7597714,0.44739127
ILMN_064,cg003,4.8859262,14.401658,0.33926138,0.73441285
ILMN_064,cg004,-20.506351,15.359655,-1.3350788,0.18185055
ILMN_064,cg005,21.690266,14.154734,1.5323683,0.1254316
ILMN_064,cg006,11.698266,14.075655,0.8310992,0.40591758
ILMN_064,cg007,-14.79264,13.08895,-1.1301625,0.25840777
ILMN_064,cg008,1.0512621,14.246262,0.07379214,0.94117576
ILMN_064,cg009,15.066193,13.848335,1.0879425,0.2766205
ILMN_064,cg010,-4.357312,14.7712555,-0.29498592,0.76800466
ILMN_064,cg011,0.62797904,13.710406,0.045803096,0.9634672
ILMN_064,cg012,9.161977,15.02165,0.6099181,0.5419161
ILMN_064,cg013,9.330708,13.911327,0.6707273,0.50239426
ILMN_064,cg014,-12.1421795,12.695611,-0.95640767,0.3388663
ILMN_064,cg015,18.750435,13.934042,1.3456565,0.17841333
ILMN_064,cg016,4.690458,14.145785,0.3315799,0.7402065
ILMN_064,cg017,2.4106963,13.487193,0.17873965,0.85814214
ILMN_064,cg018,0.5407391,15.481696,0.03492764,0.97213745
ILMN_064,cg019,-18.408527,12.36345,-1.4889474,0.13650125
ILMN_064,cg020,-5.147425,14.92834,-0.34480894,0.730238
ILMN_064,cg021,-27.972872,14.047361,-1.9913257,0.04644507
ILMN_064,cg022,-15.406611,14.021712,-1.0987682,0.27186918
ILMN_064,cg023,-4.23874,13.258728,-0.3196943,0.7492001
ILMN_064,cg024,-6.684125,13.363355,-0.50018317,0.6169461
ILMN_064,cg025,-0.25426707,13.010451,-0.019543294,0.9844077
ILMN_064,cg026,8.9401455,14.139251,0.63229275,0.5271956
ILMN_064,cg027,-1.1026081,13.129904,-0.08397686,0.93307483
ILMN_064,cg028,-16.750736,15.409356,-1.0870497,0.27701485
ILMN_064,cg029,-3.350203,16.42855,-0.20392565,0.83841157
ILMN_064,cg030,-25.558435,13.015714,-1.9636599,0.049569547
ILMN_064,cg031,-5.7830606,14.458284,-0.39998248,0.6891694
ILMN_064,cg032,13.17942,13.499987,0.97625434,0.32893842
ILMN_064,cg033,-14.577401,13.362792,-1.0908948,0.27531916
ILMN_064,cg034,-7.938395,15.519987,-0.51149493,0.60900456
ILMN_064,cg035,17.9791,12.454889,1.4435375,0.1488691
ILMN_064,cg036,30.068428,13.138722,2.288535,0.02210635
ILMN_064,cg037,8.496628,13.508949,0.6289629,0.5293734
ILMN_064,cg038,-7.616854,14.597522,-0.5217909,0.60181594
ILMN_064,cg039,2.0244899,14.61131,0.13855636,0.8898007
ILMN_064,cg040,3.1261885,14.906863,0.20971471,0.8338903
ILMN_064,cg041,-10.283992,14.60569,-0.7041086,0.48136514
ILMN_064,cg042,-23.423763,12.674453,-1.8481084,0.06458664
ILMN_064,cg043,-13.116654,14.48481,-0.9055455,0.3651765
ILMN_064,cg044,-12.637449,13.887137,-0.9100111,0.3628167
ILMN_064,cg045,-17.074253,13.8100395,-1.2363652,0.21632284
ILMN_064,cg046,7.758807,12.126829,0.6398051,0.52229935
ILMN_064,cg047,5.401667,14.618034,0.36952075,0.7117396
ILMN_064,cg048,-1.5435134,13.328341,-0.11580687,0.9078056
ILMN_064,cg049,-22.062613,13.632937,-1.6183316,0.10559118
ILMN_064,cg050,-6.3672447,13.120812,-0.48527825,0.62747896
ILMN_064,cg051,3.1938891,14.240767,0.2242779,0.82254106
ILMN_064,cg052,15.679271,13.239351,1.184293,0.23629713
ILMN_064,cg053,-7.9753175,14.415955,-0.55322856,0.5801069
ILMN_064,cg054,6.788821,14.57292,0.4658518,0.64132154
ILMN_064,cg055,-3.3525198,12.813821,-0.2616331,0.7936043
ILMN_064,cg056,-21.732584,14.749214,-1.473474,0.14062327
ILMN_064,cg057,-2.3770893,16.678818,-0.14252144,0.88666815
ILMN_064,cg058,-12.751362,12.877589,-0.9901979,0.3220774
ILMN_064,cg059,-16.475763,12.919203,-1.2752925,0.20220572
ILMN_064,cg060,-1.2497289,13.428768,-0.093063556,0.9258531
ILMN_064,cg061,-9.644724,13.057826,-0.73861635,0.46014
ILMN_064,cg062,-17.440466,14.168912,-1.2308966,0.21836156
ILMN_064,cg063,0.6328312,13.894858,0.045544274,0.9636735
ILMN_064,cg064,23.163565,13.400438,1.7285677,0.083886504
ILMN_064,cg065,-15.496185,14.280948,-1.085095,0.27787954
ILMN_064,cg066,15.007862,14.317869,1.0481911,0.2945506
ILMN_064,cg067,-0.28256956,13.335215,-0.021189727,0.98309433
ILMN_064,cg068,2.5530434,13.093362,0.19498761,0.84540266
ILMN_064,cg069,-3.5900137,14.016605,-0.25612575,0.7978537
ILMN_064,cg070,-16.449741,13.407592,-1.2268975,0.21986115
ILMN_064,cg071,-7.1386023,13.125372,-0.5438781,0.5865254
ILMN_064,cg072,4.256914,14.4517355,0.29456076,0.76832944
ILMN_064,cg073,-8.108508,12.899795,-0.6285765,0.52962637
ILMN_064,cg074,17.18673,15.835153,1.0853529,0.2777654
ILMN_064,cg075,9.126458,14.066904,0.6487894,0.5164745
ILMN_064,cg076,-6.014062,16.568584,-0.36297983,0.71661997
ILMN_064,cg077,-2.0503075,13.941923,-0.14706059,0.8830842
ILMN_064,cg078,30.532831,14.258879,2.1413207,0.0322482
ILMN_064,cg079,1.6605595,13.579243,0.12228661,0.90267205
ILMN_064,cg080,-12.654391,12.5974865,-1.0045172,0.3151294
ILMN_064,cg081,0.018228741,14.642858,0.0012448896,0.99900675
ILMN_064,cg082,-4.1659455,13.485262,-0.3089258,0.757378
ILMN_064,cg083,-25.154688,13.517056,-1.860959,0.06274998
ILMN_064,cg084,2.682518,14.881762,0.18025541,0.8569521
ILMN_064,cg085,8.295257,14.738978,0.56281084,0.5735637
ILMN_064,cg086,-3.7697287,14.201038,-0.26545444,0.7906594
ILMN_064,cg087,-4.8573103,13.479383,-0.3603511,0.7185846
ILMN_064,cg088,-7.667196,13.251549,-0.57858866,0.5628668
ILMN_064,cg089,-1.2246095,14.6896515,-0.083365455,0.93356097
ILMN_064,cg090,-11.582808,16.154646,-0.7169954,0.47337693
ILMN_064,cg091,-9.723389,13.233568,-0.7347518,0.46249068
ILMN_064,cg092,-10.383857,13.272277,-0.78237194,0.43399602
ILMN_064,cg093,4.501515,14.095031,0.31936893,0.74944675
ILMN_064,cg094,-23.523226,14.8436575,-1.5847324,0.113027155
ILMN_064,cg095,5.356012,14.635955,0.36594892,0.7144032
ILMN_064,cg096,-7.9924297,13.145391,-0.6080024,0.54318583
ILMN_064,cg097,-7.6277404,14.429058,-0.52863747,0.597057
ILMN_064,cg098,3.3861904,13.316284,0.25428945,0.79927194
ILMN_064,cg099,19.78222,13.153082,1.5039989,0.13258165
ILMN_064,cg100,8.752529,15.445848,0.56665903,0.57094586
ILMN_065,cg001,5.440497,14.292961,0.3806417,0.70346916
ILMN_065,cg002,36.34951,15.611844,2.328329,0.01989466
ILMN_065,cg003,-25.500036,15.340325,-1.6622878,0.0964551
ILMN_065,cg004,-3.7302785,17.137987,-0.21766141,0.8276929
ILMN_065,cg005,9.568165,15.83223,0.6043473,0.5456128
ILMN_065,cg006,-12.834255,15.417171,-0.83246505,0.40514648
ILMN_065,cg007,6.4167647,14.503627,0.44242483,0.6581818
ILMN_065,cg008,-19.634909,15.3344555,-1.2804438,0.20038909
ILMN_065,cg009,-9.0245695,15.304733,-0.58965874,0.55541945
ILMN_065,cg010,-7.1044436,16.160843,-0.43960848,0.6602207
ILMN_065,cg011,-1.0136495,15.017074,-0.0674998,0.9461838
ILMN_065,cg012,-6.4264355,16.49293,-0.3896479,0.6967969
ILMN_065,cg013,-5.0303016,15.293908,-0.32890883,0.7422246
ILMN_065,cg014,22.181913,13.657374,1.6241711,0.1043393
ILMN_065,cg015,29.476543,14.940658,1.972908,0.04850602
ILMN_065,cg016,13.213867,15.3900385,0.8585987,0.390562
ILMN_065,cg017,30.947886,14.056011,2.2017546,0.027682662
ILMN_065,cg018,-9.971407,16.894005,-0.59023345,0.55503416
ILMN_065,cg019,16.172613,13.658008,1.1841122,0.23636866
ILMN_065,cg020,-20.308065,16.096512,-1.2616439,0.20707697
ILMN_065,cg021,-4.1418586,16.024405,-0.2584719,0.79604274
ILMN_065,cg022,14.76989,15.405542,0.9587387,0.3376904
ILMN_065,cg023,21.681002,14.183079,1.5286527,0.12635058
ILMN_065,cg024,9.03076,14.616567,0.6178441,0.5366781
ILMN_065,cg025,-7.3201184,14.209921,-0.51514137,0.60645425
ILMN_065,cg026,1.3200697,15.553142,0.084874794,0.93236095
ILMN_065,cg027,4.300972,14.368747,0.29932827,0.76468956
ILMN_065,cg028,25.947315,16.660196,1.5574435,0.119365275
ILMN_065,cg029,-14.333737,17.878408,-0.8017345,0.4227066
ILMN_065,cg030,-27.054522,14.295975,-1.8924572,0.058430076
ILMN_065,cg031,1.3980453,15.862829,0.08813342,0.92977065
ILMN_065,cg032,-28.563059,14.333518,-1.9927459,0.046289265
ILMN_065,cg033,-9.381623,14.760171,-0.63560396,0.5250346
ILMN_065,cg034,19.244759,16.810047,1.1448367,0.25227684
ILMN_065,cg035,-23.755886,13.500886,-1.7595798,0.07847911
ILMN_065,cg036,4.944492,15.170976,0.32591787,0.74448645
ILMN_065,cg037,0.8746823,14.859742,0.05886255,0.9530616
ILMN_065,cg038,-0.43537068,16.036283,-0.027149102,0.9783408
ILMN_065,cg039,12.315685,15.904281,0.7743629,0.43871623
ILMN_065,cg040,-29.141935,15.760595,-1.8490378,0.06445235
ILMN_065,cg041,-14.310536,15.945092,-0.8974885,0.36945832
ILMN_065,cg042,25.71325,13.880494,1.8524736,0.06395787
ILMN_065,cg043,-7.0713215,15.972505,-0.4427184,0.6579695
ILMN_065,cg044,-10.890172,15.26314,-0.7134949,0.47553957
ILMN_065,cg045,22.249277,15.021861,1.4811265,0.13857287
ILMN_065,cg046,14.913036,13.159467,1.1332554,0.25710702
ILMN_065,cg047,-16.73434,15.844418,-1.0561663,0.29089224
ILMN_065,cg048,-4.4268804,14.586518,-0.30349123,0.7615155
ILMN_065,cg049,-10.887704,15.267668,-0.7131216,0.47577053
ILMN_065,cg050,6.0614448,14.380671,0.42149946,0.6733904
ILMN_065,cg051,1.0051502,15.606218,0.06440703,0.9486461
ILMN_065,cg052,-11.593194,14.621355,-0.79289466,0.42783922
ILMN_065,cg053,13.299039,15.720918,0.8459455,0.39758313
ILMN_065,cg054,2.9661326,15.993848,0.18545459,0.8528725
ILMN_065,cg055,-1.729679,14.043539,-0.123165466,0.9019761
ILMN_065,cg056,-14.844423,16.386656,-0.90588486,0.36499685
ILMN_065,cg057,-26.922445,17.836546,-1.5093979,0.13119715
ILMN_065,cg058,24.870022,13.775093,1.805434,0.071006835
ILMN_065,cg059,-1.6586217,14.396751,-0.11520805,0.9082802
ILMN_065,cg060,4.0676584,14.698143,0.27674642,0.78197485
ILMN_065,cg061,8.834331,14.328161,0.6165711,0.53751767
ILMN_065,cg062,0.9417794,15.772597,0.059709847,0.95238674
ILMN_065,cg063,-0.005711838,15.219856,-0.00037528857,0.99970055
ILMN_065,cg064,-12.780847,15.029488,-0.8503847,0.39511126
ILMN_065,cg065,-10.644815,15.763397,-0.6752869,0.49949354
ILMN_065,cg066,6.2232795,15.842486,0.39282215,0.69445086
ILMN_065,cg067,2.1346045,14.603197,0.14617378,0.88378423
ILMN_065,cg068,13.00003,14.218923,0.9142767,0.3605715
ILMN_065,cg069,5.604501,15.341572,0.36531463,0.71487653
ILMN_065,cg070,-24.353508,14.4857435,-1.6812053,0.09272307
ILMN_065,cg071,1.4074537,14.421326,0.097595304,0.92225367
ILMN_065,cg072,8.429759,15.795579,0.53367835,0.5935641
ILMN_065,cg073,11.604439,14.086608,0.8237923,0.4100576
ILMN_065,cg074,-11.865435,17.478128,-0.6788733,0.49721813
ILMN_065,cg075,-25.38912,15.018803,-1.6904889,0.090934455
ILMN_065,cg076,-1.6168826,18.17254,-0.08897394,0.9291026
ILMN_065,cg077,-27.3599,14.732343,-1.8571316,0.063292444
ILMN_065,cg078,0.56968445,16.377941,0.034783643,0.97225225
ILMN_065,cg079,-11.856714,14.77315,-0.80258536,0.42221445
ILMN_065,cg080,9.152691,13.883545,0.6592474,0.5097369
ILMN_065,cg081,-10.9600315,15.957208,-0.6868389,0.49218422
ILMN_065,cg082,-3.5334442,14.777,-0.23911782,0.81101424
ILMN_065,cg083,36.258762,14.392067,2.5193574,0.011756957
ILMN_065,cg084,-13.974369,16.17556,-0.8639187,0.38763255
ILMN_065,cg085,-11.227418,16.114794,-0.69671494,0.48598123
ILMN_065,cg086,-27.154068,15.043131,-1.8050809,0.07106203
ILMN_065,cg087,7.8604712,14.73976,0.53328353,0.5938373
ILMN_065,cg088,-10.534596,14.484552,-0.72729874,0.46704298
ILMN_065,cg089,5.77114,16.068779,0.35915238,0.7194811
ILMN_065,cg090,-13.034289,17.689247,-0.7368482,0.46121472
ILMN_065,cg091,-2.1222134,14.576631,-0.14559011,0.884245
ILMN_065,cg092,5.558756,14.6110115,0.38044977,0.7036116
ILMN_065,cg093,-8.421696,15.405915,-0.5466534,0.5846169
ILMN_065,cg094,9.218191,16.641281,0.55393517,0.5796232
ILMN_065,cg095,-18.408058,15.823498,-1.1633369,0.24469286
ILMN_065,cg096,6.6743636,14.422803,0.46276468,0.64353305
ILMN_065,cg097,4.9683,15.83564,0.31374165,0.7537173
ILMN_065,cg098,-1.8853469,14.593383,-0.1291919,0.8972058
ILMN_065,cg099,-11.57395,14.657995,-0.7895998,0.42976153
ILMN_065,cg100,-5.8917227,16.955072,-0.34749028,0.728223
ILMN_066,cg001,12.247201,12.531749,0.97729385,0.32842368
ILMN_066,cg002,2.2841885,14.594847,0.15650651,0.8756338
ILMN_066,cg003,-6.9193826,13.931875,-0.49665838,0.61942995
ILMN_066,cg004,18.575775,14.91598,1.2453606,0.21299922
ILMN_066,cg005,6.3399396,14.027048,0.4519796,0.6512837
ILMN_066,cg006,-3.651797,13.727356,-0.26602334,0.7902212
ILMN_066,cg007,23.608368,12.374626,1.9078045,0.05641651
ILMN_066,cg008,16.635693,13.582314,1.2248055,0.22064853
ILMN_066,cg009,-2.1838539,13.583385,-0.1607739,0.8722715
ILMN_066,cg010,-3.3800461,14.314641,-0.23612511,0.8133356
ILMN_066,cg011,0.21893431,13.282341,0.016483111,0.98684895
ILMN_066,cg012,-8.942758,14.551467,-0.61456054,0.538845
ILMN_066,cg013,14.004283,13.384125,1.0463353,0.29540628
ILMN_066,cg014,-8.623515,12.355419,-0.69795406,0.48520595
ILMN_066,cg015,-6.3634033,13.729833,-0.46347275,0.6430255
ILMN_066,cg016,0.4144867,13.720086,0.030210212,0.9758994
ILMN_066,cg017,-7.289579,13.026111,-0.5596129,0.57574356
ILMN_066,cg018,-21.239998,14.667637,-1.4480859,0.14759308
ILMN_066,cg019,22.941484,11.786668,1.9463928,0.05160761
ILMN_066,cg020,15.46299,14.300036,1.0813252,0.27955246
ILMN_066,cg021,-16.513073,13.972394,-1.1818357,0.23727089
ILMN_066,cg022,17.135931,13.526825,1.266811,0.20522285
ILMN_066,cg023,6.6524415,12.821309,0.5188582,0.60385966
ILMN_066,cg024,-2.9829233,12.973574,-0.22992302,0.8181516
ILMN_066,cg025,-7.6508374,12.553462,-0.60946035,0.5422194
ILMN_066,cg026,-3.5066798,13.747201,-0.25508317,0.79865885
ILMN_066,cg027,-10.694872,12.622573,-0.84728146,0.39683825
ILMN_066,cg028,0.86134386,15.117941,0.056974947,0.95456517
ILMN_066,cg029,-11.7965975,15.827215,-0.7453363,0.45606846
ILMN_066,cg030,-7.2853546,13.0829115,-0.5568603,0.5776229
ILMN_066,cg031,9.706164,13.957754,0.6953958,0.4868073
ILMN_066,cg032,-10.691577,13.118648,-0.8149908,0.41507757
ILMN_066,cg033,-22.988989,12.666013,-1.8150139,0.069521785
ILMN_066,cg034,9.222663,15.016378,0.6141736,0.53910065
ILMN_066,cg035,-15.438961,12.124204,-1.2734,0.20287615
ILMN_066,cg036,0.5220486,13.433101,0.03886285,0.96899974
ILMN_066,cg037,2.8002725,13.1365795,0.21316603,0.83119744
ILMN_066,cg038,10.569676,14.097392,0.7497611,0.4533986
ILMN_066,cg039,-20.473372,13.832242,-1.4801196,0.13884133
ILMN_066,cg040,5.030002,14.429012,0.34860337,0.7273871
ILMN_066,cg041,-1.5790192,14.22353,-0.11101458,0.91160476
ILMN_066,cg042,-2.456455,12.721013,-0.19310215,0.846879
ILMN_066,cg043,23.484507,13.726821,1.7108482,0.08710915
ILMN_066,cg044,-6.327644,13.541745,-0.46726945,0.6403071
ILMN_066,cg045,10.0313,13.518401,0.7420478,0.45805836
ILMN_066,cg046,1.8927511,11.79683,0.16044573,0.87253
ILMN_066,cg047,-4.648756,14.16578,-0.32816803,0.7427846
ILMN_066,cg048,8.763025,12.849033,0.6819988,0.49523973
ILMN_066,cg049,7.720044,13.529999,0.5705872,0.5682795
ILMN_066,cg050,-3.376508,12.733671,-0.26516375,0.7908833
ILMN_066,cg051,3.3754392,13.794435,0.24469572,0.80669206
ILMN_066,cg052,13.438843,12.868142,1.0443499,0.29632354
ILMN_066,cg053,-1.6142522,14.009947,-0.115221865,0.9082693
ILMN_066,cg054,16.090899,13.950612,1.1534188,0.24873859
ILMN_066,cg055,2.421571,12.417604,0.19501112,0.84538424
ILMN_066,cg056,1.895692,14.619069,0.12967256,0.8968255
ILMN_066,cg057,6.13693,16.135971,0.38032603,0.7037034
ILMN_066,cg058,-4.371168,12.591049,-0.34716472,0.7284676
ILMN_066,cg059,8.951054,12.666351,0.7066797,0.47976553
ILMN_066,cg060,-10.446798,12.918965,-0.8086405,0.41872197
ILMN_066,cg061,4.3193097,12.70873,0.3398695,0.7339548
ILMN_066,cg062,-17.00213,13.723399,-1.2389154,0.2153768
ILMN_066,cg063,-2.0923173,13.457537,-0.15547551,0.8764465
ILMN_066,cg064,-4.8863673,13.377393,-0.36527053,0.7149095
ILMN_066,cg065,-9.822447,13.935686,-0.70484126,0.48090905
ILMN_066,cg066,8.992221,13.972472,0.6435669,0.51985633
ILMN_066,cg067,19.547495,12.593072,1.5522419,0.120604336
ILMN_066,cg068,6.4183316,12.654217,0.50720894,0.6120082
ILMN_066,cg069,-11.976639,13.473163,-0.88892555,0.3740431
ILMN_066,cg070,-12.078666,13.078839,-0.92352736,0.3557325
ILMN_066,cg071,-13.7975855,12.592876,-1.0956659,0.273225
ILMN_066,cg072,28.816637,13.353821,2.157932,0.030933142
ILMN_066,cg073,6.7693253,12.510595,0.5410874,0.58844733
ILMN_066,cg074,11.352298,15.445194,0.7350052,0.4623363
ILMN_066,cg075,27.130846,13.092157,2.0722976,0.03823769
ILMN_066,cg076,-14.94471,15.922185,-0.93860924,0.34793144
ILMN_066,cg077,-9.06038,13.443326,-0.6739686,0.5003313
ILMN_066,cg078,26.888636,13.932444,1.9299296,0.05361557
ILMN_066,cg079,-3.770679,13.145399,-0.28684402,0.7742318
ILMN_066,cg080,11.794042,12.213885,0.9656257,0.3342315
ILMN_066,cg081,-7.241747,14.145157,-0.51195943,0.6086794
ILMN_066,cg082,-11.242123,12.972039,-0.86664265,0.38613784
ILMN_066,cg083,12.240608,13.4582815,0.90952235,0.36307448
ILMN_066,cg084,20.660957,14.096531,1.4656768,0.14273638
ILMN_066,cg085,8.87014,14.267779,0.62169033,0.5341455
ILMN_066,cg086,15.812866,13.569073,1.1653608,0.243873
ILMN_066,cg087,11.833378,12.959773,0.9130853,0.3611977
ILMN_066,cg088,16.245037,12.659589,1.2832199,0.19941503
ILMN_066,cg089,10.601498,14.145705,0.7494499,0.4535861
ILMN_066,cg090,15.937038,15.560747,1.0241821,0.3057493
ILMN_066,cg091,-6.3860874,12.8607235,-0.4965574,0.61950123
ILMN_066,cg092,-6.9986725,12.901699,-0.5424613,0.5875008
ILMN_066,cg093,-11.734972,13.559875,-0.8654189,0.38680893
ILMN_066,cg094,4.4095445,14.752927,0.29889286,0.7650218
ILMN_066,cg095,-2.8672984,14.193041,-0.20202142,0.8399
ILMN_066,cg096,0.74998325,12.785304,0.05865979,0.9532231
ILMN_066,cg097,7.4192123,13.977935,0.5307803,0.59557104
ILMN_066,cg098,9.376216,12.835097,0.7305138,0.4650762
ILMN_066,cg099,24.415142,12.545443,1.9461364,0.051638365
ILMN_066,cg100,1.6828068,15.013388,0.112087086,0.9107543
ILMN_067,cg001,-5.823005,13.914674,-0.41847947,0.6755966
ILMN_067,cg002,2.2495203,16.071138,0.13997269,0.8886816
ILMN_067,cg003,20.322554,15.086681,1.3470526,0.17796332
ILMN_067,cg004,-2.216268,16.695261,-0.13274834,0.89439243
ILMN_067,cg005,-8.594167,15.427391,-0.5570719,0.5774783
ILMN_067,cg006,21.25363,14.798571,1.4361948,0.15094692
ILMN_067,cg007,-10.791692,14.0646925,-0.7672896,0.44290942
ILMN_067,cg008,-5.9534483,15.171925,-0.392399,0.6947634
ILMN_067,cg009,22.670607,14.582583,1.5546359,0.12003279
ILMN_067,cg010,-8.620857,15.719996,-0.5484007,0.5834168
ILMN_067,cg011,-2.1017756,14.621853,-0.14374208,0.88570416
ILMN_067,cg012,10.72177,16.010303,0.6696794,0.5030622
ILMN_067,cg013,11.0248165,14.822645,0.743782,0.45700842
ILMN_067,cg014,16.849434,13.448779,1.2528597,0.21025676
ILMN_067,cg015,-9.28377,15.091129,-0.61518055,0.53843546
ILMN_067,cg016,-10.316949,15.030464,-0.68640256,0.4924593
ILMN_067,cg017,16.248903,14.1908865,1.1450238,0.2521993
ILMN_067,cg018,-51.304657,14.680118,-3.4948397,0.00047433376
ILMN_067,cg019,11.569245,13.393887,0.8637706,0.3877139
ILMN_067,cg020,10.815694,15.864584,0.6817509,0.4953965
ILMN_067,cg021,13.184983,15.495259,0.85090435,0.39482248
ILMN_067,cg022,-4.6959815,15.136048,-0.31025147,0.7563697
ILMN_067,cg023,-2.7526815,14.152886,-0.19449612,0.8457874
ILMN_067,cg024,5.583157,14.269592,0.39126256,0.69560313
ILMN_067,cg025,-6.0068088,13.849935,-0.43370664,0.6645015
ILMN_067,cg026,-11.336556,15.055143,-0.7530022,0.45144856
ILMN_067,cg027,1.2798777,14.005386,0.09138467,0.92718697
ILMN_067,cg028,-3.109822,16.64053,-0.18688239,0.8517529
ILMN_067,cg029,6.788787,17.503555,0.3878519,0.6981256
ILMN_067,cg030,-16.770397,14.240904,-1.1776217,0.23894745
ILMN_067,cg031,7.2622356,15.412207,0.47120026,0.6374978
ILMN_067,cg032,-5.047624,14.529717,-0.3474,0.7282908
ILMN_067,cg033,-9.841073,14.364108,-0.6851155,0.49327105
ILMN_067,cg034,13.053673,16.490143,0.7916046,0.4285913
ILMN_067,cg035,-15.477701,13.390062,-1.1559095,0.24771816
ILMN_067,cg036,1.4609452,14.789769,0.0987808,0.92131233
ILMN_067,cg037,-1.3830731,14.470303,-0.09558011,0.92385405
ILMN_067,cg038,29.993387,14.977887,2.0025113,0.045229793
ILMN_067,cg039,-9.397323,15.527348,-0.6052111,0.54503876
ILMN_067,cg040,15.769904,15.737821,1.0020386,0.31632495
ILMN_067,cg041,3.0331984,15.657142,0.19372618,0.8463903
ILMN_067,cg042,4.822784,13.994641,0.34461647,0.7303827
ILMN_067,cg043,26.266476,15.099211,1.7395927,0.08193058
ILMN_067,cg044,3.200995,14.938613,0.21427658,0.8303314
ILMN_067,cg045,-15.756926,14.792515,-1.0651959,0.28678727
ILMN_067,cg046,-8.497567,12.932492,-0.6570711,0.5111352
ILMN_067,cg047,-20.593737,15.318049,-1.3444098,0.1788159
ILMN_067,cg048,18.11592,13.966204,1.2971255,0.19458807
ILMN_067,cg049,27.517166,14.389377,1.9123251,0.05583453
ILMN_067,cg050,5.627789,14.007112,0.40178084,0.68784535
ILMN_067,cg051,-10.842036,15.114536,-0.7173251,0.4731735
ILMN_067,cg052,-0.48977482,14.335831,-0.034164384,0.9727461
ILMN_067,cg053,-16.035702,15.246243,-1.0517806,0.2929002
ILMN_067,cg054,-13.412919,15.455456,-0.8678436,0.38547993
ILMN_067,cg055,7.0541987,13.638989,0.51720834,0.60501075
ILMN_067,cg056,15.466545,15.937578,0.97044516,0.33182466
ILMN_067,cg057,-9.829903,17.735998,-0.5542345,0.57941836
ILMN_067,cg058,12.117576,13.766616,0.8802146,0.37874305
ILMN_067,cg059,18.646511,13.750173,1.3560929,0.17506963
ILMN_067,cg060,-24.593983,13.859197,-1.7745605,0.07597053
ILMN_067,cg061,-7.4689746,13.967708,-0.53473157,0.5928355
ILMN_067,cg062,-11.81036,15.261754,-0.77385336,0.43901753
ILMN_067,cg063,-3.4661062,14.813078,-0.2339896,0.8149931
ILMN_067,cg064,15.736454,14.567484,1.0802451,0.28003305
ILMN_067,cg065,-17.7528,15.203446,-1.1676826,0.24293482
ILMN_067,cg066,-2.9624503,15.447925,-0.19177012,0.84792227
ILMN_067,cg067,-2.4163313,14.220196,-0.1699225,0.86507106
ILMN_067,cg068,-11.710969,13.865275,-0.8446258,0.39831978
ILMN_067,cg069,3.1494164,14.954875,0.21059464,0.8332036
ILMN_067,cg070,-13.475812,14.39746,-0.9359854,0.34928071
ILMN_067,cg071,19.985106,13.7331295,1.4552478,0.14560068
ILMN_067,cg072,-16.38475,15.2398205,-1.0751275,0.28231764
ILMN_067,cg073,-11.308298,13.718144,-0.82433146,0.4097513
ILMN_067,cg074,-3.0376198,17.100306,-0.17763542,0.8590093
ILMN_067,cg075,-18.305231,14.829977,-1.2343398,0.2170763
ILMN_067,cg076,-7.328033,17.665884,-0.41481268,0.67827904
ILMN_067,cg077,-28.573076,14.266218,-2.0028486,0.045193553
ILMN_067,cg078,8.073849,15.90542,0.50761616,0.6117226
ILMN_067,cg079,-30.158375,13.787965,-2.187297,0.028720856
ILMN_067,cg080,2.194054,13.58039,0.16156045,0.871652
ILMN_067,cg081,-7.9837275,15.575024,-0.5125981,0.6082325
ILMN_067,cg082,20.975271,14.063529,1.4914657,0.13583928
ILMN_067,cg083,12.885783,14.830268,0.868884,0.38491058
ILMN_067,cg084,10.276201,15.807439,0.6500864,0.51563644
ILMN_067,cg085,-17.833185,15.555355,-1.1464338,0.2516157
ILMN_067,cg086,-2.1979868,15.156292,-0.14502141,0.884694
ILMN_067,cg087,8.013202,14.350097,0.5584075,0.57656616
ILMN_067,cg088,10.719572,14.098369,0.7603413,0.44705063
ILMN_067,cg089,-19.636414,15.400762,-1.2750287,0.20229912
ILMN_067,cg090,18.271688,17.11738,1.0674349,0.28577554
ILMN_067,cg091,11.769955,14.092307,0.83520424,0.40360272
ILMN_067,cg092,-12.821131,14.125405,-0.90766466,0.3640554
ILMN_067,cg093,-1.684864,15.049689,-0.11195341,0.91086036
ILMN_067,cg094,-13.927921,16.129913,-0.86348397,0.38787144
ILMN_067,cg095,-5.661792,15.612487,-0.3626451,0.71687
ILMN_067,cg096,-2.0655754,14.075041,-0.14675449,0.8833258
ILMN_067,cg097,-3.3093414,15.430352,-0.2144696,0.8301809
ILMN_067,cg098,5.210194,14.1936035,0.36708042,0.71355903
ILMN_067,cg099,-14.04543,14.221144,-0.9876442,0.32332695
ILMN_067,cg100,-0.14453173,16.533379,-0.008741815,0.9930251
ILMN_068,cg001,-11.041939,12.99704,-0.8495734,0.39556235
ILMN_068,cg002,15.318174,14.933273,1.0257747,0.3049978
ILMN_068,cg003,5.0377917,14.432696,0.3490541,0.7270487
ILMN_068,cg004,25.011292,15.249743,1.6401123,0.10098183
ILMN_068,cg005,24.200075,14.099371,1.716394,0.08608997
ILMN_068,cg006,-20.049753,13.901703,-1.4422516,0.14923143
ILMN_068,cg007,-2.7935698,13.292613,-0.21015957,0.8335431
ILMN_068,cg008,9.6974945,14.207086,0.68258154,0.49487132
ILMN_068,cg009,-26.39746,13.507046,-1.9543475,0.050660133
ILMN_068,cg010,-34.629444,13.910736,-2.4894042,0.012795746
ILMN_068,cg011,10.60825,13.651965,0.7770493,0.43712968
ILMN_068,cg012,-27.099453,14.578237,-1.8588979,0.06304163
ILMN_068,cg013,7.280255,13.969157,0.5211664,0.6022509
ILMN_068,cg014,8.086105,12.79436,0.63200545,0.5273833
ILMN_068,cg015,1.2364353,14.236143,0.08685184,0.9307893
ILMN_068,cg016,2.4998765,14.189454,0.17617849,0.86015373
ILMN_068,cg017,2.991446,13.514748,0.2213468,0.8248224
ILMN_068,cg018,-18.219288,15.2821,-1.1921979,0.23318368
ILMN_068,cg019,13.313011,12.533301,1.062211,0.28813988
ILMN_068,cg020,27.776924,14.410248,1.9275813,0.053907216
ILMN_068,cg021,-6.251168,14.643964,-0.42687675,0.6694691
ILMN_068,cg022,-1.4189297,14.23464,-0.09968146,0.9205972
ILMN_068,cg023,-5.698574,13.276469,-0.4292236,0.6677605
ILMN_068,cg024,-3.7708647,13.417994,-0.28103045,0.77868706
ILMN_068,cg025,32.415474,12.132017,2.6718948,0.0075424314
ILMN_068,cg026,16.999947,14.009751,1.2134367,0.22496289
ILMN_068,cg027,-27.241367,12.532266,-2.1736984,0.029727817
ILMN_068,cg028,-7.04251,15.606296,-0.45126083,0.6518016
ILMN_068,cg029,-12.230133,16.373608,-0.74694186,0.45509863
ILMN_068,cg030,16.68438,13.355797,1.2492238,0.2115832
ILMN_068,cg031,10.466416,14.433418,0.7251516,0.468359
ILMN_068,cg032,2.5816944,13.664216,0.18893835,0.85014117
ILMN_068,cg033,-11.328222,13.461477,-0.8415289,0.4000517
ILMN_068,cg034,-7.432262,15.560204,-0.47764555,0.6329025
ILMN_068,cg035,-1.3404996,12.760715,-0.10504895,0.91633695
ILMN_068,cg036,-7.570314,13.852532,-0.5464931,0.58472705
ILMN_068,cg037,-4.000485,13.584346,-0.29449227,0.7683818
ILMN_068,cg038,0.29289588,14.673221,0.019961255,0.9840743
ILMN_068,cg039,-5.5855308,14.623755,-0.38194913,0.70249915
ILMN_068,cg040,-21.203905,14.616615,-1.4506713,0.14687145
ILMN_068,cg041,20.734802,14.39587,1.4403299,0.14977407
ILMN_068,cg042,-16.452461,12.940441,-1.2713988,0.20358682
ILMN_068,cg043,13.816074,14.503552,0.95259935,0.34079307
ILMN_068,cg044,12.580767,13.919757,0.9038065,0.36609805
ILMN_068,cg045,6.7667365,14.033483,0.48218513,0.62967443
ILMN_068,cg046,24.394268,11.665937,2.091068,0.03652197
ILMN_068,cg047,31.352009,13.925122,2.251471,0.02435571
ILMN_068,cg048,-0.23308563,13.359946,-0.0174466,0.98608035
ILMN_068,cg049,18.473476,13.780286,1.3405728,0.1800592
ILMN_068,cg050,-0.4552803,13.183499,-0.0345341,0.97245127
ILMN_068,cg051,-3.0327187,14.2733,-0.21247494,0.83173656
ILMN_068,cg052,9.996271,13.388742,0.7466176,0.45529443
ILMN_068,cg053,5.6692076,14.471946,0.39173776,0.69525194
ILMN_068,cg054,12.1174,14.530379,0.83393556,0.40431726
ILMN_068,cg055,5.864922,12.8228035,0.4573822,0.6473963
ILMN_068,cg056,-12.45664,15.014995,-0.8296134,0.4067574
ILMN_068,cg057,-18.772026,16.488995,-1.1384579,0.25492936
ILMN_068,cg058,-5.799143,13.015054,-0.44557196,0.6559065
ILMN_068,cg059,-8.489532,13.115302,-0.6472998,0.51743793
ILMN_068,cg060,1.1677961,13.4588585,0.086767845,0.93085605
ILMN_068,cg061,2.8010285,13.15782,0.21287937,0.831421
ILMN_068,cg062,24.221418,13.983628,1.7321268,0.083251
ILMN_068,cg063,7.44216,13.882839,0.53606904,0.59191084
ILMN_068,cg064,5.988697,13.831468,0.43297625,0.665032
ILMN_068,cg065,-7.523317,14.452285,-0.52056247,0.6026716
ILMN_068,cg066,-2.104999,14.516819,-0.14500415,0.88470757
ILMN_068,cg067,17.90414,13.101698,1.3665512,0.17176604
ILMN_068,cg068,-4.7773256,13.109052,-0.36442953,0.7155373
ILMN_068,cg069,-10.695975,13.969117,-0.7656873,0.44386238
ILMN_068,cg070,36.289665,12.563646,2.888466,0.003871262
ILMN_068,cg071,16.90269,12.959396,1.3042808,0.1921379
ILMN_068,cg072,16.042818,14.303329,1.1216142,0.2620265
ILMN_068,cg073,10.992098,12.882399,0.85326487,0.39351243
ILMN_068,cg074,-6.9791193,16.03939,-0.4351237,0.66347265
ILMN_068,cg075,14.053784,14.010202,1.0031108,0.3158074
ILMN_068,cg076,2.3104715,16.62578,0.13896921,0.8894745
ILMN_068,cg077,-14.447107,13.813,-1.0459065,0.29560423
ILMN_068,cg078,-8.341528,14.935428,-0.55850613,0.5764988
ILMN_068,cg079,-15.052265,13.429571,-1.1208299,0.26236027
ILMN_068,cg080,-1.0261995,12.762387,-0.08040811,0.93591267
ILMN_068,cg081,-10.54653,14.592873,-0.7227179,0.46985322
ILMN_068,cg082,7.315068,13.486266,0.5424087,0.587537
ILMN_068,cg083,-10.018346,13.97001,-0.71713233,0.47329247
ILMN_068,cg084,16.743568,14.714538,1.137893,0.25516522
ILMN_068,cg085,-0.41808814,14.82247,-0.028206374,0.9774976
ILMN_068,cg086,13.765368,14.09824,0.97638917,0.32887167
ILMN_068,cg087,11.645006,13.41908,0.8677947,0.38550675
ILMN_068,cg088,0.31153917,13.329238,0.023372617,0.98135304
ILMN_068,cg089,-4.7797923,14.706622,-0.32500952,0.7451739
ILMN_068,cg090,-4.8056073,16.26544,-0.29544896,0.76765096
ILMN_068,cg091,2.8295076,13.334133,0.21220034,0.8319507
ILMN_068,cg092,-24.704094,12.885128,-1.9172564,0.055205405
ILMN_068,cg093,-16.326105,13.935725,-1.1715289,0.24138623
ILMN_068,cg094,-9.512368,15.212923,-0.6252821,0.53178596
ILMN_068,cg095,2.1511517,14.686483,0.14647153,0.88354915
ILMN_068,cg096,-1.3680458,13.225979,-0.10343626,0.9176167
ILMN_068,cg097,-15.903426,14.31429,-1.1110175,0.26656085
ILMN_068,cg098,-10.807028,13.259943,-0.8150132,0.41506475
ILMN_068,cg099,7.5383134,13.456797,0.5601863,0.5753523
ILMN_068,cg100,0.08679281,15.534198,0.005587209,0.99554205
ILMN_069,cg001,22.481052,14.518249,1.5484686,0.12150949
ILMN_069,cg002,-24.44871,16.788082,-1.4563135,0.14530599
ILMN_069,cg003,-17.010538,16.237709,-1.0475947,0.29482543
ILMN_069,cg004,-21.674864,17.548557,-1.2351365,0.21677971
ILMN_069,cg005,18.340857,16.312294,1.1243579,0.26086122
ILMN_069,cg006,-12.008102,16.060963,-0.7476577,0.45466667
ILMN_069,cg007,-10.2488,15.043941,-0.6812577,0.49570847
ILMN_069,cg008,-25.603153,15.788628,-1.6216199,0.10488474
ILMN_069,cg009,20.425169,15.6946745,1.3014076,0.19311899
ILMN_069,cg010,8.367468,16.80156,0.49801734,0.61847186
ILMN_069,cg011,-27.743378,15.077434,-1.8400596,0.06575948
ILMN_069,cg012,26.660185,16.729666,1.5935874,0.11102849
ILMN_069,cg013,14.91562,15.775822,0.94547343,0.3444172
ILMN_069,cg014,-1.1137699,14.608017,-0.07624374,0.9392252
ILMN_069,cg015,-28.865467,15.616869,-1.8483517,0.06455147
ILMN_069,cg016,15.484623,15.975131,0.9692955,0.33239776
ILMN_069,cg017,11.448909,15.280152,0.7492667,0.4536965
ILMN_069,cg018,-6.0850334,17.617785,-0.3453915,0.7298001
ILMN_069,cg019,-22.313896,14.042562,-1.589019,0.112056136
ILMN_069,cg020,-17.790361,16.828638,-1.057148,0.29044408
ILMN_069,cg021,-9.76094,16.619486,-0.587319,0.5569895
ILMN_069,cg022,-23.974226,15.794413,-1.5178928,0.12904143
ILMN_069,cg023,-3.3007443,15.116396,-0.21835524,0.8271524
ILMN_069,cg024,3.294069,15.260293,0.21585883,0.8290978
ILMN_069,cg025,-33.54099,13.975439,-2.3999953,0.01639527
ILMN_069,cg026,-0.7634092,16.180222,-0.04718163,0.9623685
ILMN_069,cg027,12.061978,14.855741,0.81194055,0.4168257
ILMN_069,cg028,1.6462983,17.780388,0.09259068,0.92622876
ILMN_069,cg029,36.1748,17.95214,2.015069,0.04389745
ILMN_069,cg030,-15.847273,15.26181,-1.0383613,0.2991019
ILMN_069,cg031,14.213954,16.369284,0.86833084,0.38521326
ILMN_069,cg032,-5.4627047,15.520002,-0.35197833,0.7248545
ILMN_069,cg033,-13.287697,15.296773,-0.86866015,0.38503307
ILMN_069,cg034,4.957518,17.719158,0.27978295,0.779644
ILMN_069,cg035,-5.3292985,14.488119,-0.36783922,0.71299314
ILMN_069,cg036,12.872276,15.685599,0.82064295,0.41184968
ILMN_069,cg037,8.886599,15.402982,0.5769401,0.5639799
ILMN_069,cg038,7.6981373,16.643414,0.46253356,0.64369875
ILMN_069,cg039,-3.8237429,16.642563,-0.22975685,0.8182807
ILMN_069,cg040,26.105257,16.551878,1.577178,0.11475462
ILMN_069,cg041,10.268901,16.663025,0.6162687,0.5377172
ILMN_069,cg042,-11.769484,14.8673315,-0.7916339,0.4285742
ILMN_069,cg043,-13.327585,16.534595,-0.80604243,0.4202184
ILMN_069,cg044,1.0553557,15.964524,0.066106305,0.94729316
ILMN_069,cg045,-32.01688,15.282477,-2.095006,0.036170483
ILMN_069,cg046,-29.290535,13.190068,-2.2206507,0.026374638
ILMN_069,cg047,-20.554462,16.40339,-1.2530618,0.21018326
ILMN_069,cg048,-2.555525,15.184313,-0.16830035,0.866347
ILMN_069,cg049,-4.660994,15.955134,-0.2921313,0.77018625
ILMN_069,cg050,-22.48078,14.617434,-1.537943,0.12406254
ILMN_069,cg051,1.2608457,16.234228,0.07766588,0.93809384
ILMN_069,cg052,4.973468,15.2960615,0.32514694,0.74506986
ILMN_069,cg053,-10.066996,16.413618,-0.6133319,0.5396569
ILMN_069,cg054,7.435997,16.607864,0.4477395,0.6543412
ILMN_069,cg055,5.111413,14.591923,0.35029057,0.72612065
ILMN_069,cg056,-9.033259,17.146145,-0.5268391,0.59830534
ILMN_069,cg057,0.17911619,19.0086,0.009422903,0.9924817
ILMN_069,cg058,1.7691715,14.826431,0.11932551,0.9050175
ILMN_069,cg059,-28.394976,14.381567,-1.9744006,0.048336208
ILMN_069,cg060,6.1181746,15.276034,0.40050805,0.68878233
ILMN_069,cg061,-8.124236,14.918495,-0.5445748,0.586046
ILMN_069,cg062,-40.953773,15.256811,-2.6842945,0.0072683096
ILMN_069,cg063,32.205814,15.103786,2.1323006,0.03298217
ILMN_069,cg064,3.126293,15.750278,0.19849128,0.8426607
ILMN_069,cg065,-10.53446,16.405783,-0.6421187,0.5207961
ILMN_069,cg066,5.194264,16.490185,0.31499127,0.7527683
ILMN_069,cg067,8.799862,15.139183,0.58126396,0.5610626
ILMN_069,cg068,15.204094,14.755885,1.0303749,0.30283403
ILMN_069,cg069,-14.833051,15.832048,-0.9369003,0.34880984
ILMN_069,cg070,-3.2996078,15.517397,-0.21263926,0.83160836
ILMN_069,cg071,-23.934795,14.582579,-1.6413281,0.10072935
ILMN_069,cg072,-30.937183,15.838578,-1.9532803,0.050786376
ILMN_069,cg073,-6.0645485,14.734357,-0.41159233,0.68063825
ILMN_069,cg074,2.4519749,18.269112,0.13421424,0.8932332
ILMN_069,cg075,-3.589457,16.092785,-0.2230476,0.8234985
ILMN_069,cg076,-10.695161,18.839954,-0.56768507,0.57024884
ILMN_069,cg077,12.069215,15.789686,0.7643733,0.4446448
ILMN_069,cg078,11.652469,16.950731,0.68743163,0.4918108
ILMN_069,cg079,27.932867,14.917077,1.872543,0.061131537
ILMN_069,cg080,-12.226822,14.398174,-0.8491925,0.3957742
ILMN_069,cg081,17.190777,16.49093,1.0424383,0.29720855
ILMN_069,cg082,18.42612,15.139676,1.217075,0.22357571
ILMN_069,cg083,-7.5010934,15.932717,-0.47079813,0.6377849
ILMN_069,cg084,25.778526,16.531475,1.5593603,0.11891115
ILMN_069,cg085,3.0245538,16.845926,0.17954215,0.857512
ILMN_069,cg086,-17.14974,15.99491,-1.0721998,0.2836303
ILMN_069,cg087,-5.105538,15.362107,-0.3323462,0.73962784
ILMN_069,cg088,-0.96939224,15.153443,-0.06397175,0.9489927
ILMN_069,cg089,-24.74107,16.33685,-1.5144334,0.12991595
ILMN_069,cg090,5.200305,18.493847,0.28119108,0.77856386
ILMN_069,cg091,-8.794801,15.111477,-0.5819948,0.56057024
ILMN_069,cg092,8.985459,15.165419,0.59249663,0.55351806
ILMN_069,cg093,27.377775,15.56319,1.7591364,0.07855433
ILMN_069,cg094,3.4479966,17.361496,0.1986002,0.8425755
ILMN_069,cg095,29.672174,16.117771,1.8409601,0.065627396
ILMN_069,cg096,-23.113195,14.647162,-1.5779982,0.11456603
ILMN_069,cg097,3.1413147,16.48433,0.1905637,0.8488674
ILMN_069,cg098,-6.0934253,15.157095,-0.402018,0.68767077
ILMN_069,cg099,-7.976493,15.306027,-0.5211341,0.60227334
ILMN_069,cg100,9.490412,17.605333,0.5390646,0.5898423
ILMN_070,cg001,-2.454842,13.4142885,-0.18300204,0.8547964
ILMN_070,cg002,-7.599734,15.432092,-0.49246296,0.6223921
ILMN_070,cg003,8.9759245,14.746207,0.6086938,0.5427275
ILMN_070,cg004,3.9614673,16.062641,0.24662614,0.8051976
ILMN_070,cg005,18.244785,14.65494,1.244958,0.21314716
ILMN_070,cg006,-6.7974014,14.525831,-0.46795267,0.63981843
ILMN_070,cg007,4.226274,13.610202,0.3105225,0.75616366
ILMN_070,cg008,22.307554,14.253743,1.5650313,0.117575586
ILMN_070,cg009,-5.7051206,14.376042,-0.3968492,0.6914787
ILMN_070,cg010,-12.481813,15.068848,-0.828319,0.40748984
ILMN_070,cg011,8.544672,14.021073,0.6094164,0.5422485
ILMN_070,cg012,18.805931,15.235548,1.2343456,0.21707416
ILMN_070,cg013,0.7009661,14.35284,0.048838146,0.9610483
ILMN_070,cg014,1.6086767,13.162124,0.12222014,0.9027247
ILMN_070,cg015,-2.2653165,14.581913,-0.15535112,0.87654454
ILMN_070,cg016,19.017237,14.268725,1.3327916,0.1826002
ILMN_070,cg017,4.9034495,13.833984,0.35444954,0.723002
ILMN_070,cg018,8.000065,15.852311,0.5046624,0.613796
ILMN_070,cg019,8.322834,12.938481,0.643262,0.5200541
ILMN_070,cg020,-3.0244246,15.341077,-0.19714552,0.84371364
ILMN_070,cg021,-6.7142377,14.999397,-0.44763383,0.6544175
ILMN_070,cg022,-2.4729528,14.580021,-0.16961244,0.86531496
ILMN_070,cg023,15.841412,13.426955,1.1798216,0.23807114
ILMN_070,cg024,-1.5018623,13.756384,-0.10917566,0.91306317
ILMN_070,cg025,7.6334305,13.311116,0.57346284,0.5663314
ILMN_070,cg026,-6.9280376,14.544685,-0.47632778,0.6338409
ILMN_070,cg027,-13.838361,13.326956,-1.0383737,0.2990961
ILMN_070,cg028,0.22169326,16.023542,0.013835471,0.9889612
ILMN_070,cg029,-3.826255,16.866304,-0.22685795,0.8205342
ILMN_070,cg030,-8.187783,13.860334,-0.5907349,0.55469805
ILMN_070,cg031,-1.6029822,14.869044,-0.10780667,0.91414905
ILMN_070,cg032,-6.048239,13.975628,-0.4327705,0.6651815
ILMN_070,cg033,-7.491219,13.852706,-0.5407766,0.58866155
ILMN_070,cg034,-13.955007,15.847476,-0.8805823,0.37854397
ILMN_070,cg035,-9.976223,12.99157,-0.7678997,0.44254678
ILMN_070,cg036,18.258043,13.980723,1.3059441,0.1915716
ILMN_070,cg037,-2.8799174,13.923433,-0.2068396,0.83613515
ILMN_070,cg038,-22.862844,14.649548,-1.5606519,0.11860591
ILMN_070,cg039,-1.9298446,15.002681,-0.12863332,0.8976478
ILMN_070,cg040,3.093181,15.3062315,0.20208637,0.83984923
ILMN_070,cg041,16.009666,14.891147,1.075113,0.28232414
ILMN_070,cg042,-8.347023,13.431786,-0.6214381,0.5343114
ILMN_070,cg043,-9.148147,14.943589,-0.6121787,0.5404196
ILMN_070,cg044,-6.3686695,14.355798,-0.4436305,0.6573098
ILMN_070,cg045,3.5495381,14.403706,0.24643229,0.8053476
ILMN_070,cg046,14.645904,12.318735,1.188913,0.23447394
ILMN_070,cg047,-0.3439147,15.031327,-0.022879861,0.9817461
ILMN_070,cg048,0.70203,13.686557,0.0512934,0.9590917
ILMN_070,cg049,2.5874443,14.385602,0.17986347,0.85725975
ILMN_070,cg050,-3.3377802,13.497344,-0.24729164,0.8046825
ILMN_070,cg051,-12.93932,14.504856,-0.8920681,0.37235647
ILMN_070,cg052,-14.541113,13.631692,-1.0667137,0.28610116
ILMN_070,cg053,8.107868,14.802634,0.54773146,0.5838763
ILMN_070,cg054,-5.277962,14.977883,-0.3523837,0.72455055
ILMN_070,cg055,40.579403,11.728509,3.4598944,0.0005403757
ILMN_070,cg056,-25.166441,15.046322,-1.6725975,0.094406545
ILMN_070,cg057,1.5048783,17.127419,0.0878637,0.929985
ILMN_070,cg058,9.489615,13.288857,0.71410316,0.4751634
ILMN_070,cg059,-1.5510502,13.495388,-0.11493187,0.9084991
ILMN_070,cg060,-0.623417,13.78906,-0.045210987,0.96393913
ILMN_070,cg061,-4.3061523,13.471515,-0.3196487,0.7492347
ILMN_070,cg062,-12.736966,14.66591,-0.8684743,0.38513476
ILMN_070,cg063,-7.4377246,14.224741,-0.5228724,0.6010631
ILMN_070,cg064,-7.5114107,14.15555,-0.5306336,0.5956727
ILMN_070,cg065,-13.121442,14.722956,-0.8912234,0.37280935
ILMN_070,cg066,-0.97290236,14.874795,-0.0654061,0.94785064
ILMN_070,cg067,3.9742985,13.679533,0.2905288,0.7714117
ILMN_070,cg068,16.30518,13.232633,1.2321947,0.21787637
ILMN_070,cg069,11.929547,14.294079,0.83457965,0.4039544
ILMN_070,cg070,5.480374,13.966396,0.39239714,0.6947648
ILMN_070,cg071,12.638392,13.390782,0.94381285,0.34526527
ILMN_070,cg072,15.2071,14.682176,1.0357525,0.30031765
ILMN_070,cg073,17.684013,13.0436535,1.3557562,0.1751768
ILMN_070,cg074,-0.5562851,16.465498,-0.033784892,0.9730487
ILMN_070,cg075,-37.236637,13.430352,-2.7725735,0.005561471
ILMN_070,cg076,-12.989751,16.928234,-0.7673423,0.442878
ILMN_070,cg077,23.206686,13.903474,1.6691287,0.09509188
ILMN_070,cg078,-25.64044,14.879999,-1.723148,0.084861755
ILMN_070,cg079,-3.7295744,13.93399,-0.2676602,0.7889609
ILMN_070,cg080,5.1352253,13.0536995,0.39339232,0.69402975
ILMN_070,cg081,-13.637317,14.899579,-0.915282,0.3600436
ILMN_070,cg082,-24.172344,13.394373,-1.8046641,0.071127236
ILMN_070,cg083,-15.190086,14.21634,-1.0684949,0.28529733
ILMN_070,cg084,2.9135394,15.279296,0.19068545,0.84877205
ILMN_070,cg085,-6.6096854,15.154046,-0.43616638,0.66271603
ILMN_070,cg086,36.1171,13.5857935,2.658446,0.00785017
ILMN_070,cg087,-12.066662,13.74489,-0.8779017,0.37999707
ILMN_070,cg088,10.108084,13.573955,0.7446676,0.4564727
ILMN_070,cg089,-8.199796,15.035296,-0.54536974,0.5854993
ILMN_070,cg090,-30.704548,16.053171,-1.912678,0.05578929
ILMN_070,cg091,-0.08519917,13.667138,-0.0062338705,0.9950261
ILMN_070,cg092,-14.9124775,13.540399,-1.1013322,0.27075213
ILMN_070,cg093,-14.625662,14.326811,-1.0208596,0.307321
ILMN_070,cg094,-36.581882,14.692577,-2.4898207,0.012780786
ILMN_070,cg095,16.989346,14.8394785,1.1448748,0.25226104
ILMN_070,cg096,-15.825652,13.348833,-1.1855457,0.23580176
ILMN_070,cg097,8.558155,14.806382,0.5780045,0.56326115
ILMN_070,cg098,-4.6186447,13.665223,-0.3379853,0.7353743
ILMN_070,cg099,-9.809955,13.757241,-0.7130757,0.4757989
ILMN_070,cg100,22.492018,15.565011,1.445037,0.14844751
ILMN_071,cg001,-11.363445,13.159867,-0.86349237,0.38786685
ILMN_071,cg002,13.402942,15.168025,0.8836313,0.3768953
ILMN_071,cg003,-23.442879,14.222604,-1.6482832,0.0992946
ILMN_071,cg004,31.116497,15.213166,2.0453663,0.04081875
ILMN_071,cg005,-16.274382,14.533058,-1.1198181,0.26279128
ILMN_071,cg006,12.466314,14.276433,0.8732093,0.38254905
ILMN_071,cg007,-1.5455177,13.467113,-0.114762366,0.9086335
ILMN_071,cg008,-5.2848344,14.44042,-0.3659751,0.7143836
ILMN_071,cg009,-0.30213895,14.236289,-0.021223154,0.98306763
ILMN_071,cg010,-25.115122,14.543619,-1.7268826,0.08418876
ILMN_071,cg011,2.7848463,13.910915,0.20019145,0.8413309
ILMN_071,cg012,-16.285604,15.119677,-1.0771133,0.28142965
ILMN_071,cg013,12.327269,14.072593,0.8759771,0.38104248
ILMN_071,cg014,10.370416,12.923957,0.802418,0.4223112
ILMN_071,cg015,10.380701,14.337893,0.7240047,0.46906286
ILMN_071,cg016,25.8979,13.859339,1.8686244,0.06167507
ILMN_071,cg017,-7.072841,13.655077,-0.5179642,0.60448325
ILMN_071,cg018,11.978554,15.61524,0.7671066,0.44301814
ILMN_071,cg019,9.981849,12.763718,0.7820487,0.43418598
ILMN_071,cg020,0.8251724,15.171994,0.054387867,0.9566261
ILMN_071,cg021,24.343843,14.420574,1.6881328,0.09138578
ILMN_071,cg022,6.534148,14.385985,0.45420235,0.64968324
ILMN_071,cg023,-9.112717,13.405965,-0.6797509,0.4966622
ILMN_071,cg024,-10.381902,13.514811,-0.768187,0.44237608
ILMN_071,cg025,-8.020797,13.153169,-0.60979956,0.5419946
ILMN_071,cg026,-5.7613482,14.3891325,-0.4003958,0.688865
ILMN_071,cg027,-4.0220675,13.315244,-0.3020649,0.76260257
ILMN_071,cg028,-8.045639,15.79631,-0.5093366,0.6105163
ILMN_071,cg029,-0.1745174,16.68321,-0.01046066,0.99165374
ILMN_071,cg030,19.186897,13.460027,1.4254725,0.15402067
ILMN_071,cg031,-9.796307,14.630157,-0.6695968,0.5031149
ILMN_071,cg032,7.264178,13.802809,0.5262826,0.5986919
ILMN_071,cg033,-12.381377,13.616317,-0.90930444,0.36318946
ILMN_071,cg034,32.59909,15.049277,2.1661565,0.030299246
ILMN_071,cg035,10.118395,12.839043,0.7880957,0.43064076
ILMN_071,cg036,18.760511,13.800652,1.3593931,0.17402208
ILMN_071,cg037,-10.798434,13.678657,-0.78943676,0.42985678
ILMN_071,cg038,-24.64153,14.409938,-1.7100371,0.087258995
ILMN_071,cg039,11.415235,14.738418,0.7745224,0.43862188
ILMN_071,cg040,-5.2421036,15.1186,-0.34673208,0.7287926
ILMN_071,cg041,-3.9961014,14.8934355,-0.26831293,0.78845847
ILMN_071,cg042,-27.151327,12.719063,-2.1346955,0.032785892
ILMN_071,cg043,16.961323,14.620846,1.160078,0.24601704
ILMN_071,cg044,13.967644,14.072471,0.9925509,0.32092887
ILMN_071,cg045,-3.497013,14.239462,-0.24558604,0.8060027
ILMN_071,cg046,-2.4370646,12.358682,-0.19719455,0.8436753
ILMN_071,cg047,-18.884298,14.596759,-1.2937323,0.19575793
ILMN_071,cg048,17.19651,13.291136,1.293833,0.19572312
ILMN_071,cg049,-14.99059,14.053759,-1.0666605,0.28612518
ILMN_071,cg050,25.794558,12.799142,2.0153348,0.043869555
ILMN_071,cg051,-10.633938,14.377659,-0.7396154,0.4595334
ILMN_071,cg052,8.837444,13.579477,0.65079415,0.5151794
ILMN_071,cg053,19.524393,14.396425,1.3561974,0.17503637
ILMN_071,cg054,11.30632,14.7329855,0.7674154,0.44283462
ILMN_071,cg055,-6.375633,12.982269,-0.4911031,0.62335354
ILMN_071,cg056,31.617903,14.593831,2.1665251,0.030271113
ILMN_071,cg057,-24.514746,16.5432,-1.4818624,0.13837689
ILMN_071,cg058,13.913198,13.04963,1.0661757,0.28634423
ILMN_071,cg059,16.6273,13.116213,1.2676907,0.20490843
ILMN_071,cg060,-14.74088,13.45769,-1.0953499,0.27336335
ILMN_071,cg061,16.462458,13.109817,1.2557352,0.209212
ILMN_071,cg062,11.827528,14.512593,0.8149838,0.41508162
ILMN_071,cg063,2.6027627,14.09898,0.18460645,0.85353774
ILMN_071,cg064,-15.06824,13.859902,-1.0871823,0.27695626
ILMN_071,cg065,1.2054842,14.679051,0.08212276,0.9345491
ILMN_071,cg066,13.534145,14.569778,0.9289191,0.35293102
ILMN_071,cg067,11.986974,13.420009,0.89321655,0.37174124
ILMN_071,cg068,-18.411734,13.015739,-1.4145745,0.1571933
ILMN_071,cg069,0.8148739,14.237097,0.057235956,0.95435727
ILMN_071,cg070,-2.5421872,13.825086,-0.1838822,0.85410583
ILMN_071,cg071,11.378147,13.259886,0.8580879,0.39084393
ILMN_071,cg072,-11.619191,14.582683,-0.7967801,0.42557877
ILMN_071,cg073,-17.863724,12.883491,-1.3865594,0.16557616
ILMN_071,cg074,-16.419756,16.096834,-1.0200613,0.30769944
ILMN_071,cg075,0.41707468,14.343565,0.029077478,0.9768028
ILMN_071,cg076,-17.240986,16.64895,-1.0355599,0.30040753
ILMN_071,cg077,-6.7911634,14.119523,-0.48097682,0.630533
ILMN_071,cg078,5.269221,15.157701,0.34762666,0.72812057
ILMN_071,cg079,-17.539957,13.541018,-1.2953205,0.19520968
ILMN_071,cg080,2.826417,12.919762,0.21876696,0.8268316
ILMN_071,cg081,-2.8791463,14.857072,-0.19378962,0.84634066
ILMN_071,cg082,0.14890118,13.702299,0.010866876,0.99132967
ILMN_071,cg083,-22.889002,13.821458,-1.6560483,0.09771204
ILMN_071,cg084,15.353149,14.94045,1.0276229,0.30412722
ILMN_071,cg085,21.966982,14.658571,1.4985759,0.13398367
ILMN_071,cg086,8.770271,14.367632,0.61041874,0.5415845
ILMN_071,cg087,20.745853,13.355657,1.5533383,0.120342314
ILMN_071,cg088,5.5117736,13.475269,0.40902883,0.6825185
ILMN_071,cg089,9.340523,14.848027,0.629075,0.5293
ILMN_071,cg090,17.166134,16.29363,1.0535487,0.29208958
ILMN_071,cg091,7.869157,13.461329,0.584575,0.55883354
ILMN_071,cg092,18.543245,13.282811,1.3960332,0.16270453
ILMN_071,cg093,-9.093961,14.260021,-0.6377242,0.5236532
ILMN_071,cg094,5.2237954,15.453602,0.33803093,0.7353399
ILMN_071,cg095,-5.2018013,14.857956,-0.35010207,0.7262621
ILMN_071,cg096,-20.91551,13.036879,-1.6043342,0.10864037
ILMN_071,cg097,-12.676161,14.571164,-0.8699484,0.3843286
ILMN_071,cg098,-1.7325082,13.523691,-0.12810913,0.8980626
ILMN_071,cg099,7.387736,13.63182,0.5419479,0.5878544
ILMN_071,cg100,20.182516,15.448847,1.3064092,0.1914134
ILMN_072,cg001,9.51151,14.06146,0.6764241,0.49877143
ILMN_072,cg002,-12.847457,16.183247,-0.7938739,0.42726886
ILMN_072,cg003,-0.002707226,15.591084,-0.00017363938,0.9998615
ILMN_072,cg004,9.769539,16.864733,0.57928807,0.5623948
ILMN_072,cg005,-8.1721945,15.644065,-0.52238303,0.60140365
ILMN_072,cg006,-2.815675,15.327346,-0.1837027,0.8542467
ILMN_072,cg007,2.947757,14.3408165,0.20555015,0.83714235
ILMN_072,cg008,-14.811135,15.248931,-0.97129005,0.33140385
ILMN_072,cg009,2.8802605,15.15881,0.19000572,0.8493047
ILMN_072,cg010,19.423101,15.727737,1.2349584,0.21684599
ILMN_072,cg011,8.616885,14.770003,0.5834044,0.5596211
ILMN_072,cg012,19.031414,16.064287,1.1847034,0.23613477
ILMN_072,cg013,18.503752,14.866562,1.2446557,0.21325833
ILMN_072,cg014,35.95287,12.809237,2.8067925,0.0050037503
ILMN_072,cg015,-5.614571,15.337363,-0.36607146,0.7143117
ILMN_072,cg016,-21.294724,14.98789,-1.4207953,0.15537632
ILMN_072,cg017,6.4841347,14.556564,0.44544402,0.65599895
ILMN_072,cg018,-30.856428,16.109514,-1.9154165,0.055439413
ILMN_072,cg019,17.13911,13.450849,1.274203,0.20259154
ILMN_072,cg020,14.069422,16.028248,0.87778914,0.38005817
ILMN_072,cg021,-2.0605261,15.826743,-0.13019268,0.896414
ILMN_072,cg022,1.9647774,15.355735,0.12795073,0.898188
ILMN_072,cg023,20.260067,14.037435,1.4432884,0.14893925
ILMN_072,cg024,8.247052,14.437085,0.5712408,0.5678364
ILMN_072,cg025,0.15172324,14.0674305,0.010785426,0.99139464
ILMN_072,cg026,-5.591201,15.332036,-0.3646744,0.71535444
ILMN_072,cg027,0.3349163,14.197549,0.023589727,0.9811799
ILMN_072,cg028,-11.003841,16.795639,-0.6551606,0.5123644
ILMN_072,cg029,1.8018905,17.76921,0.1014052,0.9192288
ILMN_072,cg030,-15.032206,14.482436,-1.0379611,0.29928815
ILMN_072,cg031,-22.667564,15.299208,-1.4816169,0.13844228
ILMN_072,cg032,1.6139365,14.7452135,0.109454945,0.9128417
ILMN_072,cg033,-3.3037257,14.625946,-0.22588116,0.82129383
ILMN_072,cg034,-14.689063,16.6885,-0.8801908,0.378756
ILMN_072,cg035,5.124922,13.747587,0.372787,0.70930696
ILMN_072,cg036,-13.132877,14.867447,-0.88333106,0.37705743
ILMN_072,cg037,-2.34145,14.664993,-0.15966253,0.8731469
ILMN_072,cg038,11.047539,15.746004,0.701609,0.48292303
ILMN_072,cg039,23.348972,15.422024,1.5140018,0.13002539
ILMN_072,cg040,-4.24166,16.113434,-0.2632375,0.7923675
ILMN_072,cg041,13.735095,15.747413,0.8722128,0.38309228
ILMN_072,cg042,6.4177117,14.1722,0.45283806,0.6506654
ILMN_072,cg043,9.850569,15.733605,0.6260846,0.5312594
ILMN_072,cg044,-21.428495,14.816741,-1.4462354,0.14811116
ILMN_072,cg045,9.969986,15.106652,0.6599732,0.509271
ILMN_072,cg046,-12.122537,13.048347,-0.92904764,0.35286438
ILMN_072,cg047,13.463391,15.704046,0.8573199,0.39126813
ILMN_072,cg048,16.634096,14.203007,1.1711673,0.24153155
ILMN_072,cg049,27.556364,14.599447,1.8874936,0.059093952
ILMN_072,cg050,5.161559,14.20261,0.3634233,0.7162887
ILMN_072,cg051,-3.2026138,15.39883,-0.20797773,0.8352463
ILMN_072,cg052,-16.682886,14.321784,-1.1648608,0.24407536
ILMN_072,cg053,2.510337,15.63446,0.16056436,0.8724365
ILMN_072,cg054,-28.721144,15.215619,-1.8876092,0.059078455
ILMN_072,cg055,2.1986685,13.861302,0.15861918,0.8739689
ILMN_072,cg056,20.849733,16.027258,1.3008921,0.19329542
ILMN_072,cg057,14.77698,17.905682,0.8252677,0.40921962
ILMN_072,cg058,-1.1549947,14.070313,-0.082087345,0.9345772
ILMN_072,cg059,-7.8471546,14.166352,-0.5539291,0.5796274
ILMN_072,cg060,8.444065,14.4675865,0.58365405,0.5594531
ILMN_072,cg061,19.786018,13.899236,1.4235328,0.15458179
ILMN_072,cg062,5.1624694,15.5515995,0.33195746,0.7399214
ILMN_072,cg063,18.386246,14.777382,1.2442154,0.21342033
ILMN_072,cg064,-0.09068648,14.95222,-0.0060650846,0.9951608
ILMN_072,cg065,13.183661,15.516183,0.8496717,0.39550763
ILMN_072,cg066,3.3955245,15.656808,0.21687208,0.82830805
ILMN_072,cg067,-11.878387,14.311847,-0.82996887,0.40655637
ILMN_072,cg068,-11.581031,14.059577,-0.8237112,0.41010368
ILMN_072,cg069,1.7643591,15.163854,0.11635295,0.90737283
ILMN_072,cg070,-12.120707,14.6232815,-0.8288637,0.40718156
ILMN_072,cg071,-14.457307,14.076726,-1.0270362,0.30440342
ILMN_072,cg072,-2.041293,15.637596,-0.13053751,0.8961412
ILMN_072,cg073,-12.238603,13.8908,-0.8810581,0.37828636
ILMN_072,cg074,-3.9683342,17.32953,-0.2289926,0.81887466
ILMN_072,cg075,-20.957598,14.963372,-1.4005933,0.16133577
ILMN_072,cg076,18.815079,17.72443,1.0615337,0.28844744
ILMN_072,cg077,0.16071989,15.078057,0.010659191,0.9914954
ILMN_072,cg078,-1.9353596,16.16486,-0.119726345,0.9046999
ILMN_072,cg079,-10.797742,14.598222,-0.73966146,0.45950544
ILMN_072,cg080,20.216597,13.442954,1.5038805,0.13261217
ILMN_072,cg081,-6.460763,15.803727,-0.4088126,0.6826772
ILMN_072,cg082,-0.42293513,14.595757,-0.028976582,0.9768833
ILMN_072,cg083,11.503911,15.060116,0.76386607,0.44494706
ILMN_072,cg084,8.051417,16.052568,0.5015657,0.61597306
ILMN_072,cg085,-11.018796,15.908373,-0.6926413,0.4885347
ILMN_072,cg086,31.102516,14.666228,2.1206894,0.033947945
ILMN_072,cg087,11.504186,14.496073,0.79360706,0.42742425
ILMN_072,cg088,-6.478446,14.348356,-0.45151138,0.651621
ILMN_072,cg089,17.740725,15.667352,1.1323372,0.25749272
ILMN_072,cg090,10.316345,17.49836,0.5895607,0.55548525
ILMN_072,cg091,8.414734,14.338774,0.5868517,0.5573033
ILMN_072,cg092,8.795004,14.387326,0.6113022,0.54099953
ILMN_072,cg093,-0.94150203,15.256333,-0.06171221,0.950792
ILMN_072,cg094,1.0547884,16.48108,0.06399996,0.94897026
ILMN_072,cg095,21.73506,15.520572,1.4004033,0.16139263
ILMN_072,cg096,7.4644036,14.227787,0.5246356,0.5998366
ILMN_072,cg097,9.856921,15.580925,0.6326275,0.52697694
ILMN_072,cg098,-5.4135056,14.386061,-0.37630215,0.7066923
ILMN_072,cg099,5.3217463,14.545932,0.36585805,0.714471
ILMN_072,cg100,-18.962875,16.523947,-1.1475997,0.25113386
ILMN_073,cg001,-19.115778,11.266664,-1.6966672,0.08975959
ILMN_073,cg002,2.9624736,13.384002,0.22134438,0.82482433
ILMN_073,cg003,-6.3757844,12.7791195,-0.49892205,0.6178343
ILMN_073,cg004,8.813326,13.850046,0.63633907,0.52455544
ILMN_073,cg005,-12.106601,12.771128,-0.94796646,0.34314656
ILMN_073,cg006,-11.10143,12.494758,-0.88848704,0.37427884
ILMN_073,cg007,15.937865,11.554993,1.3793055,0.1678006
ILMN_073,cg008,0.37303248,12.660191,0.029464997,0.9764937
ILMN_073,cg009,2.9113038,12.455875,0.23372936,0.8151951
ILMN_073,cg010,15.817365,12.929852,1.2233214,0.22120833
ILMN_073,cg011,-28.730396,11.423545,-2.5150158,0.01190269
ILMN_073,cg012,-18.582184,13.119426,-1.416387,0.15666223
ILMN_073,cg013,-22.206846,11.982959,-1.8532022,0.06385338
ILMN_073,cg014,-2.4837022,11.387345,-0.21811073,0.82734287
ILMN_073,cg015,7.6261015,12.5732975,0.60653156,0.54416186
ILMN_073,cg016,23.490923,12.099309,1.9415095,0.052196503
ILMN_073,cg017,21.477146,11.563443,1.8573314,0.06326401
ILMN_073,cg018,3.468776,13.748069,0.25231007,0.8008014
ILMN_073,cg019,0.21629424,11.2480345,0.019229515,0.984658
ILMN_073,cg020,-3.5340252,13.272579,-0.26626515,0.790035
ILMN_073,cg021,22.701586,12.57177,1.805759,0.07095599
ILMN_073,cg022,17.855024,12.344889,1.4463496,0.14807922
ILMN_073,cg023,-22.892181,11.301852,-2.0255249,0.04281348
ILMN_073,cg024,-11.829996,11.778792,-1.0043471,0.31521136
ILMN_073,cg025,5.105984,11.536901,0.44257846,0.6580707
ILMN_073,cg026,-0.34859568,12.618844,-0.02762501,0.97796124
ILMN_073,cg027,1.7198136,11.665678,0.14742509,0.8827965
ILMN_073,cg028,14.757443,13.696115,1.0774913,0.28126085
ILMN_073,cg029,1.4114971,14.603909,0.09665201,0.9230028
ILMN_073,cg030,-4.312248,12.024277,-0.35862848,0.7198731
ILMN_073,cg031,-18.60528,12.574549,-1.4795982,0.13898051
ILMN_073,cg032,-11.433409,12.0022335,-0.95260674,0.34078938
ILMN_073,cg033,-4.1824985,12.011287,-0.34821403,0.7276795
ILMN_073,cg034,18.974508,13.544679,1.4008828,0.1612491
ILMN_073,cg035,-3.0590425,11.306619,-0.27055326,0.78673464
ILMN_073,cg036,-10.941499,12.216059,-0.8956652,0.3704316
ILMN_073,cg037,-2.4330254,12.050535,-0.20190185,0.8399935
ILMN_073,cg038,17.405565,12.754408,1.3646706,0.1723566
ILMN_073,cg039,13.154389,12.841014,1.0244043,0.3056444
ILMN_073,cg040,8.946336,13.187111,0.6784151,0.49750853
ILMN_073,cg041,17.715944,12.784596,1.3857257,0.16583067
ILMN_073,cg042,21.54227,11.233042,1.9177593,0.05514151
ILMN_073,cg043,-15.067553,12.794314,-1.1776756,0.238926
ILMN_073,cg044,-11.694321,12.331054,-0.9483634,0.34294444
ILMN_073,cg045,6.8198543,12.433562,0.54850364,0.5833461
ILMN_073,cg046,-3.535847,10.811462,-0.32704613,0.74363303
ILMN_073,cg047,14.915988,12.821948,1.1633168,0.24470097
ILMN_073,cg048,-9.480397,11.762839,-0.8059616,0.42026496
ILMN_073,cg049,-10.240296,12.362784,-0.82831633,0.4074914
ILMN_073,cg050,1.7866882,11.686298,0.15288743,0.87848705
ILMN_073,cg051,22.74888,12.209246,1.8632503,0.062427044
ILMN_073,cg052,29.805769,11.104859,2.6840293,0.0072740912
ILMN_073,cg053,10.5820465,12.757848,0.8294539,0.40684766
ILMN_073,cg054,6.9980803,12.939273,0.5408403,0.5886177
ILMN_073,cg055,-17.415108,11.102064,-1.5686369,0.11673254
ILMN_073,cg056,-7.3984647,13.367799,-0.5534542,0.5799524
ILMN_073,cg057,-9.010329,14.764811,-0.610257,0.54169154
ILMN_073,cg058,-7.2563753,11.515043,-0.63016486,0.52858675
ILMN_073,cg059,-12.450403,11.536349,-1.0792325,0.28048414
ILMN_073,cg060,-19.32704,11.589038,-1.6677,0.0953753
ILMN_073,cg061,12.878728,11.516599,1.1182753,0.26344943
ILMN_073,cg062,7.194456,12.752456,0.56416243,0.57264364
ILMN_073,cg063,18.94703,12.027403,1.5753217,0.11518222
ILMN_073,cg064,-8.740183,12.220843,-0.71518654,0.4744938
ILMN_073,cg065,14.497082,12.672773,1.143955,0.25264233
ILMN_073,cg066,18.224463,12.590705,1.4474537,0.14776987
ILMN_073,cg067,17.332222,11.57121,1.4978746,0.13416582
ILMN_073,cg068,-0.6408279,11.639491,-0.05505635,0.95609355
ILMN_073,cg069,-19.102285,12.141982,-1.5732428,0.115662634
ILMN_073,cg070,11.4893875,11.988574,0.9583615,0.3378805
ILMN_073,cg071,-11.039858,11.587181,-0.95276475,0.34070927
ILMN_073,cg072,1.758823,12.85164,0.13685593,0.8911447
ILMN_073,cg073,3.9754512,11.497251,0.34577408,0.7295125
ILMN_073,cg074,-6.241439,14.220775,-0.43889585,0.66073704
ILMN_073,cg075,-0.59186363,12.556937,-0.047134396,0.9624061
ILMN_073,cg076,18.944227,14.47731,1.3085461,0.1906882
ILMN_073,cg077,-11.162028,12.282261,-0.9087926,0.3634596
ILMN_073,cg078,5.8818245,13.258948,0.44361168,0.65732336
ILMN_073,cg079,23.542019,11.558864,2.036707,0.041679442
ILMN_073,cg080,-4.9667172,11.292815,-0.43981215,0.66007316
ILMN_073,cg081,13.147041,12.86679,1.021781,0.3068846
ILMN_073,cg082,-1.4840697,11.993746,-0.12373696,0.90152353
ILMN_073,cg083,2.3121836,12.450854,0.18570481,0.8526763
ILMN_073,cg084,4.3459845,13.213421,0.32890683,0.7422261
ILMN_073,cg085,17.28469,12.892958,1.3406304,0.18004048
ILMN_073,cg086,-11.341694,12.517834,-0.9060429,0.36491317
ILMN_073,cg087,21.590809,11.564851,1.8669336,0.061910868
ILMN_073,cg088,16.188448,11.574871,1.3985856,0.1619373
ILMN_073,cg089,-20.180984,12.710924,-1.5876882,0.1123569
ILMN_073,cg090,5.374531,14.413622,0.37287858,0.7092388
ILMN_073,cg091,-13.853255,11.650771,-1.189042,0.23442316
ILMN_073,cg092,10.433402,11.77218,0.8862761,0.3754688
ILMN_073,cg093,-15.03089,12.341651,-1.2178994,0.22326219
ILMN_073,cg094,2.1998177,13.541819,0.16244625,0.87095445
ILMN_073,cg095,-18.829689,12.72544,-1.4796886,0.13895637
ILMN_073,cg096,9.716071,11.640324,0.8346908,0.40389186
ILMN_073,cg097,-1.0554043,12.859944,-0.08206912,0.93459177
ILMN_073,cg098,27.14261,11.144723,2.4354675,0.014872551
ILMN_073,cg099,-2.867857,11.964594,-0.23969531,0.8105665
ILMN_073,cg100,1.2844511,13.772059,0.093265,0.92569304
ILMN_074,cg001,-0.12122084,14.301403,-0.00847615,0.9932371
ILMN_074,cg002,-3.3383107,16.482624,-0.20253515,0.8394984
ILMN_074,cg003,1.5981253,15.777103,0.101293966,0.9193171
ILMN_074,cg004,3.8095248,17.12078,0.22250882,0.8239178
ILMN_074,cg005,-5.679931,15.857272,-0.35819092,0.7202004
ILMN_074,cg006,-8.890551,15.46217,-0.5749873,0.56529987
ILMN_074,cg007,1.4859513,14.518547,0.102348484,0.9184801
ILMN_074,cg008,-3.4561677,15.581705,-0.22180934,0.8244623
ILMN_074,cg009,22.312283,14.990667,1.4884115,0.1366424
ILMN_074,cg010,5.9723473,16.154894,0.36969274,0.71161145
ILMN_074,cg011,-21.324057,14.669956,-1.4535869,0.14606082
ILMN_074,cg012,-5.3603797,16.48499,-0.32516733,0.7450545
ILMN_074,cg013,-2.6479857,15.2918825,-0.17316283,0.86252344
ILMN_074,cg014,12.166636,13.914589,0.8743799,0.3819114
ILMN_074,cg015,-13.257533,15.421288,-0.8596904,0.3899597
ILMN_074,cg016,12.296375,15.391242,0.7989203,0.42433667
ILMN_074,cg017,-16.734354,14.5559845,-1.1496545,0.25028622
ILMN_074,cg018,-29.29425,16.38138,-1.7882651,0.07373321
ILMN_074,cg019,7.376096,13.808241,0.5341807,0.59321654
ILMN_074,cg020,13.825581,16.22906,0.8519028,0.39426804
ILMN_074,cg021,-6.7921352,15.988979,-0.42480105,0.67098176
ILMN_074,cg022,-17.517075,15.327361,-1.142863,0.25309545
ILMN_074,cg023,10.948121,14.4346285,0.75846225,0.44817436
ILMN_074,cg024,8.272625,14.611876,0.56615764,0.5712866
ILMN_074,cg025,-20.369143,13.916502,-1.4636682,0.14328462
ILMN_074,cg026,-1.8987736,15.536585,-0.12221306,0.9027303
ILMN_074,cg027,5.0403414,14.349399,0.351258,0.7253948
ILMN_074,cg028,-10.914958,17.001047,-0.6420168,0.5208622
ILMN_074,cg029,31.982748,17.356028,1.8427459,0.06536615
ILMN_074,cg030,22.078577,14.465752,1.5262655,0.12694377
ILMN_074,cg031,2.0674026,15.84568,0.13047105,0.89619374
ILMN_074,cg032,-20.328114,14.620696,-1.3903656,0.16441786
ILMN_074,cg033,-17.96068,14.5716305,-1.2325786,0.21773303
ILMN_074,cg034,0.36259085,17.031044,0.021289995,0.98301435
ILMN_074,cg035,8.659615,13.875543,0.624092,0.53256714
ILMN_074,cg036,-18.559374,14.924802,-1.2435256,0.21367425
ILMN_074,cg037,31.922934,14.079842,2.2672794,0.023373187
ILMN_074,cg038,25.547369,15.571575,1.6406413,0.10087192
ILMN_074,cg039,-14.673074,15.844896,-0.92604417,0.35442305
ILMN_074,cg040,15.282688,16.163471,0.9455078,0.3443997
ILMN_074,cg041,9.170597,16.011326,0.5727569,0.5668093
ILMN_074,cg042,-21.051212,14.03573,-1.4998302,0.13365841
ILMN_074,cg043,6.5872912,15.961277,0.41270453,0.67982316
ILMN_074,cg044,-22.139091,14.98081,-1.47783,0.13945329
ILMN_074,cg045,-0.9070267,15.360224,-0.05905036,0.952912
ILMN_074,cg046,5.795912,13.3013935,0.4357372,0.6630274
ILMN_074,cg047,-26.796055,15.524818,-1.726014,0.08434492
ILMN_074,cg048,-14.942421,14.419459,-1.0362678,0.30007726
ILMN_074,cg049,17.777105,15.111139,1.1764239,0.23942554
ILMN_074,cg050,-1.7719315,14.391913,-0.12311994,0.9020121
ILMN_074,cg051,21.067371,15.27907,1.3788387,0.16794449
ILMN_074,cg052,-3.4793024,14.697545,-0.23672678,0.8128688
ILMN_074,cg053,-13.10244,15.708854,-0.8340799,0.40423596
ILMN_074,cg054,25.188437,15.546705,1.6201785,0.10519397
ILMN_074,cg055,-2.3102903,14.027947,-0.16469197,0.8691864
ILMN_074,cg056,19.599588,16.261185,1.2052989,0.22808796
ILMN_074,cg057,-4.8086853,18.241219,-0.26361644,0.7920755
ILMN_074,cg058,-10.059249,14.163374,-0.7102297,0.4775617
ILMN_074,cg059,5.047493,14.365444,0.3513635,0.7253157
ILMN_074,cg060,10.956124,14.606895,0.7500652,0.45321542
ILMN_074,cg061,21.117134,14.031851,1.5049429,0.13233876
ILMN_074,cg062,8.153716,15.711814,0.51895446,0.60379255
ILMN_074,cg063,3.1333494,15.19791,0.20616975,0.8366583
ILMN_074,cg064,-14.587201,14.978685,-0.9738639,0.33012414
ILMN_074,cg065,-24.364702,15.412684,-1.5808214,0.1139189
ILMN_074,cg066,7.4691553,15.815179,0.47227764,0.63672864
ILMN_074,cg067,14.541335,14.433898,1.0074434,0.31372178
ILMN_074,cg068,15.828908,14.142182,1.1192691,0.26302534
ILMN_074,cg069,-8.638007,15.295813,-0.56473017,0.5722573
ILMN_074,cg070,4.8888083,14.892074,0.32828256,0.742698
ILMN_074,cg071,2.6703331,14.4032955,0.18539737,0.8529174
ILMN_074,cg072,6.135184,15.802996,0.38822916,0.6978464
ILMN_074,cg073,-11.901964,14.067186,-0.84607995,0.39750814
ILMN_074,cg074,13.382617,17.436954,0.7674859,0.44279265
ILMN_074,cg075,9.545829,15.39893,0.6199021,0.5353223
ILMN_074,cg076,-13.962974,18.039186,-0.77403563,0.4389097
ILMN_074,cg077,-3.8100376,15.249331,-0.24984948,0.80270374
ILMN_074,cg078,38.145775,15.365077,2.4826283,0.013041735
ILMN_074,cg079,23.360395,14.457006,1.6158528,0.10612613
ILMN_074,cg080,0.06374429,13.935294,0.0045743054,0.9963502
ILMN_074,cg081,-13.978379,15.889991,-0.87969714,0.37902343
ILMN_074,cg082,2.1808774,14.768182,0.14767407,0.8826
ILMN_074,cg083,10.226135,15.263571,0.66997004,0.5028769
ILMN_074,cg084,35.659725,15.418463,2.3127937,0.020734012
ILMN_074,cg085,10.093261,16.115143,0.6263215,0.5311041
ILMN_074,cg086,14.518136,15.4035015,0.9425218,0.34592557
ILMN_074,cg087,6.1840024,14.742585,0.41946527,0.67487615
ILMN_074,cg088,17.46717,14.323622,1.2194661,0.22266734
ILMN_074,cg089,10.629402,15.998934,0.6643819,0.5064459
ILMN_074,cg090,42.852867,16.615088,2.5791538,0.009904265
ILMN_074,cg091,16.531366,14.360304,1.151185,0.24965614
ILMN_074,cg092,7.191163,14.581132,0.49318278,0.62188345
ILMN_074,cg093,-3.8560748,15.430247,-0.24990363,0.8026619
ILMN_074,cg094,0.88207215,16.679811,0.052882623,0.9578254
ILMN_074,cg095,-3.2182705,16.031815,-0.20074275,0.8408997
ILMN_074,cg096,6.0212984,14.414846,0.41771507,0.67615545
ILMN_074,cg097,-8.377874,15.78878,-0.530622,0.5956807
ILMN_074,cg098,18.597431,14.32158,1.29856,0.19409496
ILMN_074,cg099,10.7506695,14.657063,0.7334805,0.46326542
ILMN_074,cg100,-2.9026418,16.955261,-0.17119417,0.86407113
ILMN_075,cg001,5.8135395,14.395462,0.40384528,0.6863265
ILMN_075,cg002,4.7432046,16.613096,0.28550997,0.7752535
ILMN_075,cg003,-2.6989257,15.905779,-0.16968209,0.8652602
ILMN_075,cg004,-22.623716,16.948038,-1.334887,0.18191332
ILMN_075,cg005,27.264753,15.49927,1.7590991,0.07856071
ILMN_075,cg006,-29.12786,15.046436,-1.9358643,0.05288434
ILMN_075,cg007,14.832559,14.477325,1.0245372,0.30558163
ILMN_075,cg008,8.294712,15.672708,0.5292456,0.5966351
ILMN_075,cg009,-38.485638,14.397852,-2.6730125,0.007517338
ILMN_075,cg010,-3.468784,16.306093,-0.21272932,0.8315381
ILMN_075,cg011,-4.0883684,15.116487,-0.2704576,0.78680825
ILMN_075,cg012,-14.691886,16.500294,-0.8904015,0.37325037
ILMN_075,cg013,0.40137708,15.424617,0.026021851,0.9792399
ILMN_075,cg014,-21.26936,13.79506,-1.5418098,0.12311983
ILMN_075,cg015,-11.230617,15.5869055,-0.7205161,0.47120732
ILMN_075,cg016,7.5311837,15.587698,0.4831492,0.6289898
ILMN_075,cg017,7.547449,14.845379,0.50840396,0.61117005
ILMN_075,cg018,-17.241398,16.892632,-1.0206461,0.30742216
ILMN_075,cg019,2.1383755,13.9632225,0.1531434,0.87828517
ILMN_075,cg020,-12.005671,16.39804,-0.73214054,0.46408284
ILMN_075,cg021,12.501823,16.048714,0.77899224,0.4359843
ILMN_075,cg022,-26.185804,15.1903925,-1.7238399,0.084736764
ILMN_075,cg023,-12.073607,14.537427,-0.8305189,0.40624547
ILMN_075,cg024,8.9278755,14.726546,0.60624367,0.544353
ILMN_075,cg025,30.608637,13.628065,2.2460003,0.02470398
ILMN_075,cg026,4.283324,15.656264,0.2735853,0.7844033
ILMN_075,cg027,-32.609802,13.667702,-2.3859024,0.017037272
ILMN_075,cg028,9.82515,17.15875,0.57260287,0.5669136
ILMN_075,cg029,-2.95652,18.13033,-0.16307041,0.870463
ILMN_075,cg030,0.7496284,14.951039,0.050138883,0.9600117
ILMN_075,cg031,21.11194,15.675005,1.3468539,0.17802733
ILMN_075,cg032,6.402207,15.019867,0.42624924,0.6699262
ILMN_075,cg033,-5.212721,14.914313,-0.3495113,0.7267055
ILMN_075,cg034,-27.548449,16.686237,-1.6509683,0.09874505
ILMN_075,cg035,-17.862242,13.801606,-1.2942147,0.19559127
ILMN_075,cg036,-7.078566,15.264785,-0.46371868,0.6428493
ILMN_075,cg037,18.483946,14.719657,1.255732,0.20921314
ILMN_075,cg038,1.9932628,16.151928,0.12340711,0.9017847
ILMN_075,cg039,17.100948,15.927241,1.0736918,0.28296083
ILMN_075,cg040,-11.898171,16.362421,-0.7271645,0.46712524
ILMN_075,cg041,-2.7850194,16.197428,-0.17194209,0.8634831
ILMN_075,cg042,20.663322,14.171184,1.4581226,0.14480674
ILMN_075,cg043,-9.231266,16.066917,-0.57455117,0.5655949
ILMN_075,cg044,6.8051763,15.427882,0.44109595,0.65914357
ILMN_075,cg045,34.785236,14.615434,2.3800344,0.017311037
ILMN_075,cg046,17.068218,13.202526,1.2927995,0.19608045
ILMN_075,cg047,28.535896,15.596005,1.8296926,0.06729591
ILMN_075,cg048,-1.4915181,14.707083,-0.101414956,0.91922104
ILMN_075,cg049,8.633737,15.412493,0.5601778,0.57535815
ILMN_075,cg050,-11.559852,14.414187,-0.80197734,0.42256606
ILMN_075,cg051,-1.5176963,15.720354,-0.09654339,0.923089
ILMN_075,cg052,2.5089693,14.824811,0.16924123,0.8656069
ILMN_075,cg053,-13.240135,15.839649,-0.83588564,0.40321922
ILMN_075,cg054,2.9256923,16.11197,0.181585,0.8559084
ILMN_075,cg055,-11.162798,14.053325,-0.79431725,0.42701077
ILMN_075,cg056,-20.68578,16.372358,-1.2634575,0.20642483
ILMN_075,cg057,11.710487,18.326427,0.6389946,0.52282643
ILMN_075,cg058,-26.322062,13.825466,-1.9038824,0.056925476
ILMN_075,cg059,-37.00176,13.439859,-2.753136,0.005902767
ILMN_075,cg060,8.556393,14.764992,0.57950544,0.56224823
ILMN_075,cg061,-8.496672,14.439035,-0.58845145,0.55622935
ILMN_075,cg062,2.4410405,15.885382,0.15366584,0.87787324
ILMN_075,cg063,28.875198,14.729069,1.9604225,0.049946427
ILMN_075,cg064,10.162427,15.185054,0.6692388,0.50334316
ILMN_075,cg065,-6.171465,15.932128,-0.38735974,0.6984899
ILMN_075,cg066,8.986218,15.930991,0.56407154,0.57270545
ILMN_075,cg067,3.618318,14.704565,0.24606767,0.80562985
ILMN_075,cg068,9.950768,14.378616,0.69205326,0.48890388
ILMN_075,cg069,-5.5899143,15.455083,-0.36168775,0.7175854
ILMN_075,cg070,0.83826834,15.033628,0.05575955,0.9555334
ILMN_075,cg071,18.900799,14.259354,1.3255018,0.18500477
ILMN_075,cg072,-4.4255543,15.947833,-0.2775019,0.7813947
ILMN_075,cg073,20.175829,13.981766,1.4430101,0.14901763
ILMN_075,cg074,3.9662986,17.685257,0.22427148,0.82254606
ILMN_075,cg075,-2.381355,15.588416,-0.1527644,0.8785841
ILMN_075,cg076,-5.2747965,18.291525,-0.2883738,0.7730606
ILMN_075,cg077,-8.270988,15.338829,-0.539219,0.58973575
ILMN_075,cg078,-15.704401,16.335577,-0.9613619,0.33637023
ILMN_075,cg079,7.579482,14.944139,0.5071876,0.61202323
ILMN_075,cg080,16.223127,13.846699,1.1716242,0.24134797
ILMN_075,cg081,2.730514,16.152014,0.16905099,0.8657565
ILMN_075,cg082,18.299751,14.648744,1.249237,0.21157843
ILMN_075,cg083,34.246223,14.618601,2.342647,0.019147456
ILMN_075,cg084,-19.079548,16.18376,-1.1789317,0.23842537
ILMN_075,cg085,-1.8715836,16.316656,-0.11470387,0.90867984
ILMN_075,cg086,-12.601378,15.571063,-0.8092818,0.41835308
ILMN_075,cg087,12.557194,14.7787,0.8496819,0.39550197
ILMN_075,cg088,6.8846664,14.639809,0.47027025,0.63816196
ILMN_075,cg089,-5.7095795,16.188013,-0.35270417,0.7243103
ILMN_075,cg090,-7.3043995,17.89209,-0.4082474,0.68309206
ILMN_075,cg091,-36.190826,13.6838455,-2.6447847,0.0081743
ILMN_075,cg092,-29.822905,14.070778,-2.1194923,0.034048915
ILMN_075,cg093,-13.835588,15.435571,-0.8963445,0.37006885
ILMN_075,cg094,-6.0341444,16.796202,-0.35925648,0.71940327
ILMN_075,cg095,-18.643044,15.9376,-1.1697522,0.24210072
ILMN_075,cg096,8.034921,14.514613,0.55357456,0.57987005
ILMN_075,cg097,14.004234,15.835359,0.88436484,0.3764993
ILMN_075,cg098,2.5953748,14.698624,0.17657264,0.8598441
ILMN_075,cg099,-17.884037,14.630026,-1.2224201,0.2215488
ILMN_075,cg100,3.7409866,17.093538,0.21885385,0.8267639
ILMN_076,cg001,2.4233758,13.225947,0.18322891,0.85461843
ILMN_076,cg002,-12.97056,15.135149,-0.85698265,0.39145446
ILMN_076,cg003,-6.7554727,14.563595,-0.46386024,0.6427479
ILMN_076,cg004,7.738901,15.806467,0.48960346,0.62441456
ILMN_076,cg005,30.127703,14.002913,2.151531,0.031434298
ILMN_076,cg006,2.162733,14.352404,0.15068787,0.88022196
ILMN_076,cg007,12.132969,13.313531,0.91132617,0.36212355
ILMN_076,cg008,-13.942728,14.275669,-0.9766777,0.32872874
ILMN_076,cg009,-36.49532,13.139314,-2.7775667,0.005476773
ILMN_076,cg010,-14.637005,14.811282,-0.98823345,0.32303834
ILMN_076,cg011,5.676672,13.854662,0.4097301,0.682004
ILMN_076,cg012,-20.112225,14.977665,-1.3428144,0.17933208
ILMN_076,cg013,-4.9647007,14.132758,-0.3512903,0.7253706
ILMN_076,cg014,-16.824158,12.740196,-1.3205572,0.18664908
ILMN_076,cg015,7.0198517,14.343668,0.48940423,0.6245555
ILMN_076,cg016,20.644245,14.010633,1.4734697,0.14062446
ILMN_076,cg017,-6.3477507,13.626272,-0.46584645,0.6413254
ILMN_076,cg018,3.049381,15.66651,0.19464329,0.8456722
ILMN_076,cg019,-19.811369,12.476708,-1.5878682,0.11231613
ILMN_076,cg020,7.636962,15.090134,0.50608975,0.6127937
ILMN_076,cg021,3.9379303,14.809611,0.26590368,0.7903134
ILMN_076,cg022,10.262425,14.29999,0.7176526,0.4729715
ILMN_076,cg023,-16.976646,13.202063,-1.2859087,0.19847494
ILMN_076,cg024,-5.489492,13.540841,-0.40540257,0.6851816
ILMN_076,cg025,8.078098,13.117104,0.61584467,0.53799707
ILMN_076,cg026,17.432123,14.144178,1.2324592,0.21777761
ILMN_076,cg027,-27.960209,12.637548,-2.212471,0.026934147
ILMN_076,cg028,20.596722,15.503998,1.3284781,0.18402022
ILMN_076,cg029,-16.54517,16.459013,-1.0052346,0.31478387
ILMN_076,cg030,15.035671,13.537159,1.1106962,0.26669914
ILMN_076,cg031,11.183968,14.56912,0.76764876,0.44269592
ILMN_076,cg032,5.098354,13.7869625,0.3697953,0.71153504
ILMN_076,cg033,-22.348581,13.299442,-1.6804149,0.09287661
ILMN_076,cg034,-7.7281275,15.714877,-0.49177143,0.62288094
ILMN_076,cg035,-2.266049,12.886683,-0.17584422,0.86041635
ILMN_076,cg036,-24.102612,13.580377,-1.7748117,0.075928986
ILMN_076,cg037,-6.959703,13.695951,-0.5081577,0.6113428
ILMN_076,cg038,-5.5190105,14.798981,-0.3729318,0.7091992
ILMN_076,cg039,25.352547,14.314699,1.7710848,0.07654661
ILMN_076,cg040,-10.307636,15.021354,-0.6861989,0.4925877
ILMN_076,cg041,10.635112,14.782466,0.719441,0.4718693
ILMN_076,cg042,-9.455676,13.225404,-0.71496314,0.47463185
ILMN_076,cg043,10.812432,14.707537,0.7351627,0.46224046
ILMN_076,cg044,18.74524,13.912626,1.3473545,0.1778661
ILMN_076,cg045,8.450163,14.156135,0.59692585,0.5505569
ILMN_076,cg046,3.2680554,12.3215685,0.26523048,0.7908319
ILMN_076,cg047,24.283981,14.3813715,1.688572,0.0913015
ILMN_076,cg048,8.472945,13.436841,0.63057566,0.52831805
ILMN_076,cg049,2.2628188,14.184701,0.1595253,0.873255
ILMN_076,cg050,4.6566014,13.298981,0.35014725,0.7262282
ILMN_076,cg051,1.127319,14.423431,0.07815886,0.9377017
ILMN_076,cg052,-20.420681,13.268198,-1.5390697,0.12378734
ILMN_076,cg053,4.4603806,14.627553,0.30493006,0.7604194
ILMN_076,cg054,8.697124,14.731816,0.59036326,0.55494714
ILMN_076,cg055,11.269336,12.874827,0.87529993,0.38141072
ILMN_076,cg056,-18.924477,15.022604,-1.2597334,0.20776558
ILMN_076,cg057,17.562805,16.688671,1.0523789,0.29262573
ILMN_076,cg058,-7.5048428,13.128162,-0.5716598,0.56755245
ILMN_076,cg059,-5.843393,13.279913,-0.4400174,0.6599245
ILMN_076,cg060,7.6215754,13.549251,0.562509,0.5737693
ILMN_076,cg061,9.097978,13.229291,0.6877147,0.49163246
ILMN_076,cg062,6.12706,14.550058,0.42110208,0.67368054
ILMN_076,cg063,26.591362,13.509215,1.9683869,0.04902357
ILMN_076,cg064,-18.831253,13.72137,-1.3724033,0.16993797
ILMN_076,cg065,31.595531,13.880147,2.276311,0.022827387
ILMN_076,cg066,-0.57328343,14.666399,-0.03908822,0.96882004
ILMN_076,cg067,1.6350061,13.497696,0.12113223,0.90358627
ILMN_076,cg068,17.849459,12.996639,1.3733903,0.16963106
ILMN_076,cg069,24.241932,13.742485,1.7640136,0.0777297
ILMN_076,cg070,8.727397,13.733191,0.6354967,0.5251045
ILMN_076,cg071,20.639816,12.977985,1.5903714,0.11175114
ILMN_076,cg072,-2.4752805,14.639325,-0.16908433,0.8657303
ILMN_076,cg073,13.262961,12.968342,1.0227183,0.30644107
ILMN_076,cg074,-1.5206274,16.232985,-0.09367516,0.92536724
ILMN_076,cg075,-17.694283,14.065607,-1.2579821,0.20839822
ILMN_076,cg076,8.06206,16.754942,0.48117507,0.6303921
ILMN_076,cg077,12.804612,13.990487,0.91523707,0.3600672
ILMN_076,cg078,-25.701708,14.655172,-1.7537636,0.07947105
ILMN_076,cg079,-17.084507,13.5163355,-1.2639896,0.2062338
ILMN_076,cg080,12.387793,12.762025,0.9706761,0.33170956
ILMN_076,cg081,16.556765,14.621176,1.1323825,0.25747365
ILMN_076,cg082,-8.471579,13.608632,-0.6225151,0.53360325
ILMN_076,cg083,10.730873,14.101141,0.76099324,0.4466611
ILMN_076,cg084,-7.9087834,15.025556,-0.52635545,0.5986413
ILMN_076,cg085,-15.510503,14.796472,-1.0482569,0.29452026
ILMN_076,cg086,23.546902,13.962125,1.6864841,0.09170258
ILMN_076,cg087,-6.683167,13.629402,-0.49034923,0.6238868
ILMN_076,cg088,5.5512652,13.438908,0.41307414,0.6795523
ILMN_076,cg089,1.6225158,14.870133,0.10911239,0.91311336
ILMN_076,cg090,-14.971725,16.296309,-0.9187188,0.3582427
ILMN_076,cg091,15.651494,13.276194,1.1789143,0.23843229
ILMN_076,cg092,3.0202396,13.517833,0.22342631,0.82320374
ILMN_076,cg093,11.555662,14.182814,0.81476516,0.41520673
ILMN_076,cg094,1.5049095,15.429992,0.09753145,0.92230433
ILMN_076,cg095,3.0856655,14.831151,0.208053,0.8351876
ILMN_076,cg096,5.983126,13.331827,0.44878516,0.6535866
ILMN_076,cg097,-12.325416,14.538287,-0.84779006,0.39655495
ILMN_076,cg098,9.777717,13.412837,0.728982,0.46601272
ILMN_076,cg099,-13.887901,13.484272,-1.0299333,0.30304128
ILMN_076,cg100,6.2622113,15.663753,0.39979,0.6893112
ILMN_077,cg001,6.319503,14.300836,0.44189745,0.65856344
ILMN_077,cg002,-0.37895548,16.524174,-0.0229334,0.9817034
ILMN_077,cg003,-21.17636,15.50034,-1.3661867,0.17188036
ILMN_077,cg004,50.02062,15.500512,3.22703,0.0012508035
ILMN_077,cg005,13.945933,15.778984,0.8838296,0.3767882
ILMN_077,cg006,-13.8485,15.41527,-0.8983625,0.36899233
ILMN_077,cg007,-1.5533192,14.548595,-0.10676764,0.9149733
ILMN_077,cg008,-0.32922557,15.622385,-0.021073963,0.98318666
ILMN_077,cg009,-20.953089,15.065832,-1.3907688,0.16429555
ILMN_077,cg010,-7.765617,16.17204,-0.4801878,0.63109386
ILMN_077,cg011,-6.4098387,15.0045595,-0.42719272,0.669239
ILMN_077,cg012,-28.203804,16.00691,-1.7619767,0.07807326
ILMN_077,cg013,-11.007837,15.242514,-0.72217995,0.47018385
ILMN_077,cg014,-14.122721,13.903865,-1.0157406,0.30975288
ILMN_077,cg015,-9.184799,15.51803,-0.5918792,0.5539315
ILMN_077,cg016,-1.2867739,15.528728,-0.08286409,0.9339596
ILMN_077,cg017,4.721345,14.777939,0.31948602,0.749358
ILMN_077,cg018,24.550491,16.586061,1.4801881,0.13882309
ILMN_077,cg019,-10.815441,13.787901,-0.78441536,0.43279648
ILMN_077,cg020,-31.830076,15.704353,-2.0268314,0.042679667
ILMN_077,cg021,-8.264981,16.007313,-0.51632535,0.6056272
ILMN_077,cg022,0.013248177,15.57577,0.0008505632,0.99932134
ILMN_077,cg023,16.187618,14.357788,1.1274451,0.2595544
ILMN_077,cg024,-0.21324159,14.693158,-0.014512986,0.9884207
ILMN_077,cg025,-11.213885,14.170353,-0.79136246,0.4287325
ILMN_077,cg026,24.993273,15.129099,1.6520001,0.098534524
ILMN_077,cg027,22.660135,14.005518,1.6179434,0.1056748
ILMN_077,cg028,27.06921,16.640633,1.6266936,0.103802204
ILMN_077,cg029,-19.736847,17.786148,-1.1096752,0.26713902
ILMN_077,cg030,9.044856,14.798377,0.61120594,0.54106325
ILMN_077,cg031,-27.252712,15.364846,-1.7737055,0.07611191
ILMN_077,cg032,-25.778006,14.464777,-1.7821226,0.074729264
ILMN_077,cg033,-1.2200278,14.840018,-0.082212016,0.9344781
ILMN_077,cg034,23.157001,16.721529,1.3848615,0.16609484
ILMN_077,cg035,-5.5948677,13.938753,-0.4013894,0.6881335
ILMN_077,cg036,15.294702,15.036988,1.0171386,0.3090875
ILMN_077,cg037,-15.471988,14.70066,-1.0524689,0.29258448
ILMN_077,cg038,-43.660122,14.706864,-2.9686902,0.0029907227
ILMN_077,cg039,16.564001,15.837978,1.0458406,0.29563463
ILMN_077,cg040,-12.240017,16.25384,-0.7530539,0.4514175
ILMN_077,cg041,-7.7849064,16.060772,-0.48471558,0.6278781
ILMN_077,cg042,5.0634813,14.385358,0.35198855,0.72484684
ILMN_077,cg043,15.837314,15.853005,0.99901015,0.3177898
ILMN_077,cg044,-10.903752,15.2798605,-0.7136029,0.4754728
ILMN_077,cg045,7.13412,15.356772,0.46455854,0.6422476
ILMN_077,cg046,4.965246,13.33646,0.37230617,0.70966494
ILMN_077,cg047,-15.173835,15.896305,-0.95455104,0.33980483
ILMN_077,cg048,-1.425166,14.615623,-0.097509764,0.92232156
ILMN_077,cg049,-19.879887,15.08657,-1.3177208,0.18759716
ILMN_077,cg050,1.8471363,14.421651,0.12808077,0.89808506
ILMN_077,cg051,9.90003,15.555711,0.6364242,0.5245
ILMN_077,cg052,3.3444965,14.728828,0.22707145,0.8203682
ILMN_077,cg053,10.252092,15.787914,0.64936334,0.51610357
ILMN_077,cg054,-0.4595105,16.017235,-0.028688503,0.977113
ILMN_077,cg055,-20.815136,13.722255,-1.5168889,0.12929475
ILMN_077,cg056,0.97011757,16.549694,0.05861846,0.953256
ILMN_077,cg057,-32.612545,17.649675,-1.8477702,0.064635634
ILMN_077,cg058,14.096499,14.11827,0.99845797,0.31805736
ILMN_077,cg059,-5.530684,14.391541,-0.38430104,0.70075536
ILMN_077,cg060,-14.569434,14.5689945,-1.0000302,0.3172959
ILMN_077,cg061,-5.2033324,14.382584,-0.36178008,0.7175164
ILMN_077,cg062,-3.3425694,15.782821,-0.2117853,0.83227456
ILMN_077,cg063,13.242793,15.110929,0.8763719,0.3808279
ILMN_077,cg064,-14.47775,15.012782,-0.96436155,0.33486468
ILMN_077,cg065,15.245519,15.6986065,0.97113836,0.33147943
ILMN_077,cg066,17.424713,15.677334,1.111459,0.26637083
ILMN_077,cg067,4.2111416,14.609425,0.28824827,0.7731567
ILMN_077,cg068,10.045133,14.286709,0.70311034,0.481987
ILMN_077,cg069,-6.4818187,15.350946,-0.42224228,0.6728482
ILMN_077,cg070,-17.095043,14.72637,-1.1608458,0.24570465
ILMN_077,cg071,6.5764503,14.406047,0.45650625,0.648026
ILMN_077,cg072,13.478513,15.736799,0.85649645,0.39172322
ILMN_077,cg073,-2.3073423,14.201631,-0.16247024,0.87093556
ILMN_077,cg074,-0.15149774,17.584723,-0.008615305,0.9931261
ILMN_077,cg075,3.5461204,15.486453,0.22898209,0.8188828
ILMN_077,cg076,31.152153,17.604727,1.7695334,0.07680488
ILMN_077,cg077,-6.3782105,15.262467,-0.41790166,0.6760191
ILMN_077,cg078,16.464926,16.215414,1.0153873,0.30992126
ILMN_077,cg079,7.58241,14.850526,0.5105819,0.6096439
ILMN_077,cg080,0.8093973,13.96377,0.057964094,0.95377725
ILMN_077,cg081,8.752566,16.004475,0.54688245,0.5844595
ILMN_077,cg082,6.396762,14.772326,0.43302333,0.6649978
ILMN_077,cg083,-7.8881717,15.325691,-0.5147025,0.6067609
ILMN_077,cg084,14.1566725,16.190153,0.87440014,0.38190043
ILMN_077,cg085,-17.818535,16.00315,-1.1134392,0.26551986
ILMN_077,cg086,-3.0078201,15.5775585,-0.19308674,0.84689105
ILMN_077,cg087,7.2344284,14.76299,0.49003816,0.6241069
ILMN_077,cg088,-4.3766704,14.569292,-0.30040377,0.76386917
ILMN_077,cg089,17.971144,15.889532,1.1310052,0.25805295
ILMN_077,cg090,-21.188921,17.53675,-1.208258,0.22694802
ILMN_077,cg091,-6.986233,14.559591,-0.47983718,0.6313431
ILMN_077,cg092,33.35968,13.799666,2.4174266,0.015630662
ILMN_077,cg093,15.439945,15.304448,1.0088534,0.3130449
ILMN_077,cg094,6.128222,16.69057,0.3671667,0.71349466
ILMN_077,cg095,-13.717398,15.944429,-0.8603254,0.3896097
ILMN_077,cg096,-8.757388,14.41448,-0.607541,0.54349196
ILMN_077,cg097,-19.173502,15.616147,-1.2277998,0.21952218
ILMN_077,cg098,-18.17816,14.364129,-1.2655246,0.20568335
ILMN_077,cg099,-4.850394,14.755865,-0.32870954,0.74237525
ILMN_077,cg100,0.0013619213,16.995935,8.013218e-05,0.99993604
ILMN_078,cg001,-3.8817785,12.537681,-0.30960897,0.75685835
ILMN_078,cg002,3.6434667,14.461414,0.251944,0.80108434
ILMN_078,cg003,-2.0527453,13.844019,-0.14827669,0.8821244
ILMN_078,cg004,-1.006743,15.0323305,-0.066971846,0.94660413
ILMN_078,cg005,-3.4072022,13.926475,-0.24465647,0.8067224
ILMN_078,cg006,33.40586,12.696152,2.63118,0.008508921
ILMN_078,cg007,-1.668481,12.740367,-0.1309602,0.8958068
ILMN_078,cg008,19.029108,13.390844,1.4210536,0.15530115
ILMN_078,cg009,7.9062347,13.418141,0.5892198,0.55571383
ILMN_078,cg010,13.0337715,14.06772,0.92650205,0.35418516
ILMN_078,cg011,21.442308,12.781322,1.6776284,0.09341967
ILMN_078,cg012,16.190289,14.28556,1.1333325,0.25707465
ILMN_078,cg013,-18.643015,13.139901,-1.4188094,0.1559546
ILMN_078,cg014,7.6049232,12.261161,0.620245,0.5350965
ILMN_078,cg015,2.595145,13.636442,0.19030954,0.84906656
ILMN_078,cg016,10.865894,13.505853,0.8045323,0.42108965
ILMN_078,cg017,7.1904964,12.912914,0.55684537,0.57763314
ILMN_078,cg018,11.517271,14.770105,0.77976906,0.43552685
ILMN_078,cg019,7.2466717,12.108412,0.59848243,0.5495181
ILMN_078,cg020,-8.204067,14.303269,-0.57357985,0.5662522
ILMN_078,cg021,-8.549609,14.002593,-0.6105733,0.5414821
ILMN_078,cg022,-9.1142235,13.574369,-0.67142886,0.5019474
ILMN_078,cg023,12.055744,12.62206,0.95513284,0.33951056
ILMN_078,cg024,-3.5026453,12.857427,-0.27242196,0.78529763
ILMN_078,cg025,6.426114,12.458121,0.5158173,0.60598207
ILMN_078,cg026,-4.7145905,13.619192,-0.34617254,0.72921306
ILMN_078,cg027,1.6678562,12.6073265,0.13229261,0.89475286
ILMN_078,cg028,12.349432,14.875573,0.83018196,0.40643597
ILMN_078,cg029,0.5480867,15.7834015,0.034725513,0.9722986
ILMN_078,cg030,-18.333723,12.72856,-1.440361,0.14976531
ILMN_078,cg031,-3.9757264,13.89618,-0.28610212,0.77479994
ILMN_078,cg032,9.917531,13.015884,0.761956,0.4460863
ILMN_078,cg033,1.0369844,12.996434,0.07978992,0.93640435
ILMN_078,cg034,16.777008,14.740182,1.1381819,0.25504452
ILMN_078,cg035,-4.139518,12.213201,-0.338938,0.73465645
ILMN_078,cg036,18.724646,13.026808,1.4373933,0.15060627
ILMN_078,cg037,-12.197788,12.903693,-0.9452943,0.34450865
ILMN_078,cg038,-3.5345047,14.049888,-0.25156817,0.80137485
ILMN_078,cg039,-31.167648,13.2606,-2.350395,0.018753529
ILMN_078,cg040,-17.701965,14.0822,-1.2570454,0.2087372
ILMN_078,cg041,-23.47122,13.670113,-1.7169734,0.08598405
ILMN_078,cg042,16.698765,12.372562,1.349661,0.17712474
ILMN_078,cg043,8.078501,13.982679,0.57775056,0.5634326
ILMN_078,cg044,13.924402,13.297893,1.0471134,0.29504728
ILMN_078,cg045,2.2131124,13.476498,0.16422014,0.86955786
ILMN_078,cg046,-0.17886819,11.697168,-0.01529158,0.9877996
ILMN_078,cg047,-2.607773,14.053383,-0.18556194,0.8527883
ILMN_078,cg048,19.167713,12.485326,1.5352193,0.12472993
ILMN_078,cg049,19.482798,13.149242,1.4816669,0.13842893
ILMN_078,cg050,18.859196,12.322401,1.5304806,0.12589782
ILMN_078,cg051,0.36967164,13.682895,0.027017064,0.9784461
ILMN_078,cg052,15.302931,12.707476,1.2042463,0.2284944
ILMN_078,cg053,1.9376466,13.886805,0.1395315,0.88903016
ILMN_078,cg054,-5.785061,14.001515,-0.4131739,0.67947924
ILMN_078,cg055,-11.120668,12.204726,-0.9111772,0.36220205
ILMN_078,cg056,-20.419182,14.178074,-1.4401944,0.1498124
ILMN_078,cg057,6.4759555,15.991867,0.40495306,0.685512
ILMN_078,cg058,7.042789,12.454346,0.56548846,0.5717416
ILMN_078,cg059,9.651069,12.54338,0.7694153,0.4416468
ILMN_078,cg060,-36.61667,11.712582,-3.126268,0.0017703772
ILMN_078,cg061,0.32747078,12.613588,0.025961746,0.97928786
ILMN_078,cg062,5.3793344,13.806028,0.38963664,0.69680524
ILMN_078,cg063,-28.247005,12.677048,-2.2282007,0.025867164
ILMN_078,cg064,6.023388,13.250192,0.45458874,0.6494051
ILMN_078,cg065,-0.57447284,13.888265,-0.041363902,0.9670058
ILMN_078,cg066,28.395119,13.267943,2.1401296,0.03234428
ILMN_078,cg067,5.521077,12.780085,0.4320063,0.66573685
ILMN_078,cg068,-14.796962,12.388221,-1.194438,0.23230672
ILMN_078,cg069,1.7706906,13.467332,0.13148043,0.8953953
ILMN_078,cg070,-19.47826,12.765323,-1.525873,0.12704152
ILMN_078,cg071,13.848493,12.478924,1.1097505,0.2671066
ILMN_078,cg072,3.9374363,13.879072,0.28369594,0.7766434
ILMN_078,cg073,-6.5108633,12.403777,-0.52490973,0.599646
ILMN_078,cg074,38.967587,14.288217,2.7272534,0.0063863993
ILMN_078,cg075,-9.089202,13.503898,-0.6730799,0.50089645
ILMN_078,cg076,-0.3144085,15.933654,-0.019732354,0.98425686
ILMN_078,cg077,7.9777036,13.339938,0.5980315,0.5498189
ILMN_078,cg078,5.8619237,14.333131,0.4089772,0.6825564
ILMN_078,cg079,10.913745,12.942736,0.8432332,0.39909804
ILMN_078,cg080,-7.62384,12.17767,-0.62605083,0.5312816
ILMN_078,cg081,-30.951904,13.30052,-2.3271198,0.019958913
ILMN_078,cg082,-17.879911,12.692553,-1.4086931,0.15892595
ILMN_078,cg083,-6.0650578,13.43057,-0.45158604,0.6515672
ILMN_078,cg084,-24.1703,13.844828,-1.7457999,0.08084571
ILMN_078,cg085,1.8917383,14.199878,0.13322215,0.8940177
ILMN_078,cg086,-40.36109,12.2820835,-3.2861762,0.0010156035
ILMN_078,cg087,7.1576853,12.919593,0.55401784,0.5795666
ILMN_078,cg088,-15.381466,12.568831,-1.2237785,0.22103578
ILMN_078,cg089,14.217552,13.951052,1.0191026,0.30815428
ILMN_078,cg090,-15.825912,15.42439,-1.0260316,0.3048767
ILMN_078,cg091,9.1507435,12.71126,0.71989274,0.47159106
ILMN_078,cg092,-6.3551903,12.795737,-0.49666464,0.61942554
ILMN_078,cg093,-5.2105255,13.52878,-0.3851438,0.70013094
ILMN_078,cg094,-6.454746,14.607464,-0.44188,0.658576
ILMN_078,cg095,-20.275612,13.754348,-1.4741238,0.14044827
ILMN_078,cg096,23.029585,12.210941,1.8859795,0.05929774
ILMN_078,cg097,-7.4518037,13.8548765,-0.537847,0.5906827
ILMN_078,cg098,3.144739,12.788324,0.24590704,0.8057542
ILMN_078,cg099,4.519389,12.92068,0.34977952,0.7265042
ILMN_078,cg100,1.6266274,14.882527,0.1092978,0.9129663
ILMN_079,cg001,13.984942,12.487096,1.1199516,0.2627344
ILMN_079,cg002,11.127011,14.500471,0.76735514,0.44287044
ILMN_079,cg003,-3.3325932,13.955032,-0.23880942,0.81125337
ILMN_079,cg004,2.4924908,15.1549225,0.16446741,0.8693632
ILMN_079,cg005,-7.9316435,14.00388,-0.566389,0.5711293
ILMN_079,cg006,-1.7122562,13.730184,-0.12470745,0.90075517
ILMN_079,cg007,3.9589825,12.836547,0.3084149,0.75776666
ILMN_079,cg008,-8.590462,13.738313,-0.62529236,0.53177917
ILMN_079,cg009,-10.877516,13.486828,-0.80652887,0.41993797
ILMN_079,cg010,-9.296852,14.251908,-0.6523233,0.51419264
ILMN_079,cg011,-8.782284,13.213859,-0.6646267,0.50628924
ILMN_079,cg012,-10.927524,14.5161915,-0.75278175,0.45158106
ILMN_079,cg013,-22.302118,13.131687,-1.6983438,0.08944291
ILMN_079,cg014,-16.897358,12.163248,-1.3892143,0.16476762
ILMN_079,cg015,-20.876736,13.407639,-1.5570778,0.11945206
ILMN_079,cg016,-15.110038,13.532665,-1.1165603,0.2641824
ILMN_079,cg017,-10.723538,12.969208,-0.82684606,0.4083243
ILMN_079,cg018,-15.393716,14.819526,-1.0387455,0.29892313
ILMN_079,cg019,4.147036,12.242338,0.33874542,0.73480153
ILMN_079,cg020,-21.34969,14.128517,-1.5111061,0.13076138
ILMN_079,cg021,-19.11739,13.894323,-1.3759137,0.16884834
ILMN_079,cg022,-5.216028,13.733827,-0.37979424,0.70409817
ILMN_079,cg023,2.7388465,12.847366,0.2131835,0.83118385
ILMN_079,cg024,19.553967,12.651572,1.545576,0.122206986
ILMN_079,cg025,-14.972683,12.404166,-1.2070689,0.22740561
ILMN_079,cg026,-12.953195,13.618238,-0.9511652,0.34152055
ILMN_079,cg027,10.2601595,12.625371,0.812662,0.41641188
ILMN_079,cg028,9.949571,15.041155,0.6614898,0.5082983
ILMN_079,cg029,-15.290743,15.755749,-0.9704866,0.33180404
ILMN_079,cg030,-3.3690572,13.112363,-0.25693744,0.7972271
ILMN_079,cg031,5.8175035,13.999152,0.41556114,0.67773116
ILMN_079,cg032,-16.159151,12.991152,-1.2438582,0.21355176
ILMN_079,cg033,3.5457487,13.096115,0.27074814,0.78658473
ILMN_079,cg034,-8.838007,15.015449,-0.58859426,0.5561335
ILMN_079,cg035,4.324246,12.314697,0.35114512,0.7254795
ILMN_079,cg036,-14.758186,13.250556,-1.1137786,0.26537418
ILMN_079,cg037,36.73534,11.969444,3.0690932,0.0021470785
ILMN_079,cg038,1.6025212,14.175715,0.11304694,0.90999335
ILMN_079,cg039,-21.204744,13.802552,-1.5362916,0.124466896
ILMN_079,cg040,1.391576,14.440913,0.09636344,0.92323196
ILMN_079,cg041,-26.97654,13.652232,-1.9759802,0.048157036
ILMN_079,cg042,4.260236,12.705642,0.33530268,0.7373968
ILMN_079,cg043,9.549857,14.081011,0.67820823,0.49763972
ILMN_079,cg044,2.639936,13.562919,0.19464365,0.8456719
ILMN_079,cg045,1.138793,13.592679,0.08377988,0.9332315
ILMN_079,cg046,-9.4956,11.712101,-0.8107512,0.41750854
ILMN_079,cg047,-26.501865,13.627632,-1.9447154,0.05180925
ILMN_079,cg048,5.899157,12.879411,0.45803005,0.6469309
ILMN_079,cg049,10.449154,13.484724,0.7748882,0.43840575
ILMN_079,cg050,-4.792459,12.71877,-0.3768021,0.70632064
ILMN_079,cg051,-4.7308226,13.780333,-0.3433025,0.7313709
ILMN_079,cg052,-24.902105,12.486034,-1.9943967,0.046108723
ILMN_079,cg053,-6.630732,13.972291,-0.47456297,0.63509846
ILMN_079,cg054,0.53101116,14.145121,0.037540235,0.97005427
ILMN_079,cg055,10.386205,12.323061,0.84282666,0.39932543
ILMN_079,cg056,26.865091,14.069015,1.9095219,0.056194782
ILMN_079,cg057,-34.865917,15.315219,-2.2765536,0.022812903
ILMN_079,cg058,-0.6951188,12.602155,-0.055158723,0.956012
ILMN_079,cg059,-1.8095345,12.727111,-0.14217952,0.8869382
ILMN_079,cg060,-12.049805,12.883417,-0.9352957,0.3496359
ILMN_079,cg061,2.6680892,12.713584,0.2098613,0.83377594
ILMN_079,cg062,6.49708,13.912046,0.4670111,0.64049196
ILMN_079,cg063,-5.314807,13.432936,-0.39565492,0.6923596
ILMN_079,cg064,-6.6179996,13.355908,-0.495511,0.6202395
ILMN_079,cg065,-17.438189,13.767192,-1.2666482,0.20528114
ILMN_079,cg066,-14.491777,13.866049,-1.0451267,0.29596442
ILMN_079,cg067,-9.489606,12.837564,-0.7392061,0.4597819
ILMN_079,cg068,-13.111237,12.536385,-1.0458547,0.29562813
ILMN_079,cg069,1.4377307,13.581387,0.105860375,0.91569316
ILMN_079,cg070,-4.1902204,13.179863,-0.31792593,0.75054115
ILMN_079,cg071,-4.7667217,12.731734,-0.3743969,0.708109
ILMN_079,cg072,-13.295172,13.870091,-0.9585497,0.33778566
ILMN_079,cg073,-16.793245,12.298636,-1.3654559,0.17210984
ILMN_079,cg074,-16.892124,15.328488,-1.1020085,0.27045798
ILMN_079,cg075,-3.7206557,13.673256,-0.2721119,0.785536
ILMN_079,cg076,-3.7873926,16.0579,-0.23585853,0.8135425
ILMN_079,cg077,-18.1135,13.237497,-1.3683478,0.17120326
ILMN_079,cg078,15.781558,14.2916355,1.1042514,0.2694841
ILMN_079,cg079,13.324098,13.004421,1.0245821,0.3055604
ILMN_079,cg080,1.4200035,12.330419,0.11516264,0.9083162
ILMN_079,cg081,-13.462888,14.040191,-0.9588821,0.3376181
ILMN_079,cg082,15.431465,12.872838,1.1987617,0.23062062
ILMN_079,cg083,22.16648,13.174061,1.6825851,0.09245545
ILMN_079,cg084,10.296276,14.336098,0.71820635,0.47263008
ILMN_079,cg085,9.218299,14.257316,0.6465662,0.51791275
ILMN_079,cg086,-4.241905,13.748279,-0.30854082,0.7576709
ILMN_079,cg087,-7.3070273,13.027069,-0.56091106,0.5748582
ILMN_079,cg088,18.015553,12.602218,1.4295541,0.15284508
ILMN_079,cg089,10.484479,14.141966,0.74137354,0.458467
ILMN_079,cg090,-10.707333,15.651551,-0.6841068,0.4939077
ILMN_079,cg091,-11.64108,12.775286,-0.91121876,0.3621801
ILMN_079,cg092,18.453772,12.648467,1.4589729,0.14457256
ILMN_079,cg093,1.867323,13.661662,0.13668345,0.891281
ILMN_079,cg094,14.466596,14.606517,0.99042064,0.32196856
ILMN_079,cg095,-9.491784,14.124585,-0.67200446,0.50158083
ILMN_079,cg096,-2.1510787,12.776814,-0.16835798,0.86630166
ILMN_079,cg097,9.616427,13.94325,0.6896834,0.49039334
ILMN_079,cg098,-11.059114,12.8008175,-0.86393815,0.38762188
ILMN_079,cg099,-8.126035,12.99143,-0.6254919,0.5316483
ILMN_079,cg100,-21.425585,14.673323,-1.4601727,0.14424264
ILMN_080,cg001,24.318659,13.159092,1.8480499,0.06459516
ILMN_080,cg002,-41.409428,14.492429,-2.8573146,0.0042724013
ILMN_080,cg003,-33.104843,14.234223,-2.3257217,0.02003342
ILMN_080,cg004,-27.63843,15.819963,-1.7470603,0.080626905
ILMN_080,cg005,7.1950264,15.106498,0.47628686,0.63387
ILMN_080,cg006,10.227761,14.72169,0.69474095,0.48721766
ILMN_080,cg007,-11.133531,13.749853,-0.80972,0.41810113
ILMN_080,cg008,-14.152667,14.720607,-0.96141875,0.33634168
ILMN_080,cg009,-22.26486,14.263479,-1.5609698,0.11853087
ILMN_080,cg010,-45.657673,13.883309,-3.2886736,0.0010066032
ILMN_080,cg011,-8.577452,14.252015,-0.60184133,0.5472798
ILMN_080,cg012,24.540258,15.317777,1.602077,0.10913861
ILMN_080,cg013,1.3077034,14.586906,0.089649126,0.92856604
ILMN_080,cg014,-11.656324,13.268927,-0.8784678,0.37968993
ILMN_080,cg015,23.512823,14.413453,1.6313109,0.10282475
ILMN_080,cg016,25.630312,14.288383,1.7937868,0.07284719
ILMN_080,cg017,-21.426958,13.720624,-1.5616606,0.11836797
ILMN_080,cg018,3.4812338,16.148205,0.21558024,0.82931495
ILMN_080,cg019,-15.673926,13.005575,-1.2051698,0.22813779
ILMN_080,cg020,-24.187246,15.185676,-1.5927672,0.11121243
ILMN_080,cg021,10.7387905,15.195843,0.70669264,0.47975755
ILMN_080,cg022,-15.883453,14.637172,-1.085145,0.27785748
ILMN_080,cg023,-14.030916,13.696344,-1.0244278,0.30563325
ILMN_080,cg024,-9.985165,13.905675,-0.718064,0.47271782
ILMN_080,cg025,-18.516481,13.299984,-1.3922184,0.16385633
ILMN_080,cg026,4.3943043,14.805028,0.2968116,0.7666103
ILMN_080,cg027,4.800725,13.684655,0.3508108,0.7257303
ILMN_080,cg028,-12.965328,16.173307,-0.80164975,0.4227556
ILMN_080,cg029,18.319921,16.937975,1.0815886,0.2794354
ILMN_080,cg030,10.517875,14.055274,0.7483223,0.45426577
ILMN_080,cg031,25.498652,14.639319,1.7417921,0.08154482
ILMN_080,cg032,-18.112568,13.980522,-1.2955574,0.19512802
ILMN_080,cg033,10.207675,14.043748,0.72684836,0.46731883
ILMN_080,cg034,-12.804636,16.131998,-0.79374146,0.42734593
ILMN_080,cg035,-22.813759,12.855842,-1.7745831,0.075966775
ILMN_080,cg036,3.949501,14.458892,0.27315378,0.784735
ILMN_080,cg037,-22.501755,13.763729,-1.6348588,0.10207862
ILMN_080,cg038,-6.7950644,15.245584,-0.44570708,0.6558088
ILMN_080,cg039,-3.252432,15.243483,-0.21336542,0.83104193
ILMN_080,cg040,13.452633,15.436797,0.87146527,0.38350016
ILMN_080,cg041,-13.302725,15.197851,-0.87530303,0.38140905
ILMN_080,cg042,-8.478868,13.651733,-0.62108356,0.53454465
ILMN_080,cg043,1.4053031,15.248558,0.09215974,0.92657113
ILMN_080,cg044,3.5269265,14.612738,0.24135974,0.80927634
ILMN_080,cg045,19.654533,14.359668,1.3687317,0.17108315
ILMN_080,cg046,-14.72067,12.524638,-1.175337,0.23985994
ILMN_080,cg047,3.3609478,15.2694435,0.22010939,0.825786
ILMN_080,cg048,-18.493776,13.6411495,-1.3557345,0.17518365
ILMN_080,cg049,-12.649333,14.5068445,-0.87195617,0.3832323
ILMN_080,cg050,-10.205389,13.6447,-0.747938,0.45449758
ILMN_080,cg051,-4.115657,14.85689,-0.2770201,0.7817647
ILMN_080,cg052,-8.43119,13.969963,-0.60352266,0.54616106
ILMN_080,cg053,-11.7913,14.993484,-0.78642833,0.4316166
ILMN_080,cg054,11.466778,15.149563,0.75690484,0.44910687
ILMN_080,cg055,11.781802,13.2687645,0.88793516,0.37457561
ILMN_080,cg056,-15.41923,15.585863,-0.9893087,0.32251215
ILMN_080,cg057,20.556015,17.143412,1.1990621,0.2305038
ILMN_080,cg058,14.903325,13.402116,1.1120129,0.26613265
ILMN_080,cg059,12.891587,13.585963,0.9488902,0.34267646
ILMN_080,cg060,25.611336,13.496798,1.8975861,0.057750642
ILMN_080,cg061,-12.022013,13.592156,-0.8844816,0.3764363
ILMN_080,cg062,11.037042,14.939335,0.7387907,0.46003413
ILMN_080,cg063,21.12443,14.162053,1.491622,0.13579828
ILMN_080,cg064,3.1490176,14.423779,0.21832126,0.82717884
ILMN_080,cg065,3.9782581,15.081212,0.26378903,0.7919425
ILMN_080,cg066,17.646906,14.893436,1.184878,0.23606569
ILMN_080,cg067,-6.232952,13.885846,-0.4488709,0.65352476
ILMN_080,cg068,11.433608,13.565062,0.8428718,0.39930016
ILMN_080,cg069,40.021313,13.39557,2.9876528,0.0028113127
ILMN_080,cg070,-3.1507313,14.21118,-0.22170794,0.8245413
ILMN_080,cg071,10.961459,13.645765,0.8032865,0.4218092
ILMN_080,cg072,-8.224664,15.046745,-0.5466075,0.58464843
ILMN_080,cg073,-0.9356693,13.51875,-0.069212705,0.9448203
ILMN_080,cg074,-24.473207,16.341612,-1.4976006,0.13423705
ILMN_080,cg075,-23.343271,14.339464,-1.627904,0.10354525
ILMN_080,cg076,-21.453552,17.023748,-1.2602131,0.20759249
ILMN_080,cg077,13.999022,14.405598,0.97177655,0.33116174
ILMN_080,cg078,-9.899454,15.535646,-0.637209,0.5239887
ILMN_080,cg079,-7.436166,14.130647,-0.52624387,0.59871876
ILMN_080,cg080,-0.8493909,13.289103,-0.06391635,0.94903684
ILMN_080,cg081,-13.273498,15.154922,-0.87585396,0.38110948
ILMN_080,cg082,-18.046051,13.833773,-1.3044924,0.19206578
ILMN_080,cg083,7.8248115,14.581706,0.53661835,0.5915313
ILMN_080,cg084,0.5552404,15.535345,0.03574046,0.9714893
ILMN_080,cg085,-11.498278,15.340546,-0.74953514,0.45353472
ILMN_080,cg086,20.811865,14.510131,1.4342989,0.151487
ILMN_080,cg087,-0.2680503,14.086389,-0.01902903,0.9848179
ILMN_080,cg088,-7.7656565,13.831762,-0.56143653,0.57449996
ILMN_080,cg089,-25.446293,14.864575,-1.7118748,0.086919725
ILMN_080,cg090,-2.454715,16.948488,-0.14483386,0.88484204
ILMN_080,cg091,-11.442463,13.788047,-0.8298828,0.40660506
ILMN_080,cg092,11.078892,13.846299,0.80013376,0.42363334
ILMN_080,cg093,8.952321,14.666092,0.61040944,0.54159063
ILMN_080,cg094,-3.60941,15.898636,-0.2270264,0.8204032
ILMN_080,cg095,-7.848573,15.251941,-0.51459503,0.6068361
ILMN_080,cg096,-9.778798,13.697398,-0.7139165,0.47527885
ILMN_080,cg097,-20.966743,14.783559,-1.4182473,0.15611857
ILMN_080,cg098,5.5805163,13.881801,0.40200233,0.6876823
ILMN_080,cg099,-31.607594,13.264686,-2.3828378,0.017179787
ILMN_080,cg100,25.939901,15.716216,1.6505183,0.09883696
ILMN_081,cg001,1.1750792,14.924615,0.07873431,0.93724394
ILMN_081,cg002,-8.364093,17.16546,-0.48726293,0.62607205
ILMN_081,cg003,1.544283,16.465979,0.09378629,0.9252789
ILMN_081,cg004,-10.062115,17.815994,-0.5647799,0.57222354
ILMN_081,cg005,14.421575,16.435472,0.8774664,0.3802334
ILMN_081,cg006,1.2795625,16.193827,0.07901545,0.93702036
ILMN_081,cg007,-1.9999671,15.151087,-0.13200156,0.89498305
ILMN_081,cg008,23.30905,15.903383,1.465666,0.1427393
ILMN_081,cg009,11.568039,15.92619,0.72635317,0.46762234
ILMN_081,cg010,5.3259277,16.866755,0.3157648,0.75218105
ILMN_081,cg011,8.912335,15.602687,0.57120514,0.5678606
ILMN_081,cg012,25.306454,16.815264,1.5049692,0.13233197
ILMN_081,cg013,3.8513002,15.954417,0.24139398,0.80924976
ILMN_081,cg014,29.470448,13.982501,2.1076665,0.03505987
ILMN_081,cg015,-0.700023,16.22282,-0.04315051,0.96558154
ILMN_081,cg016,-2.5689938,16.169636,-0.15887766,0.87376523
ILMN_081,cg017,26.865683,14.890128,1.8042613,0.07119036
ILMN_081,cg018,4.24381,17.669577,0.24017611,0.8101937
ILMN_081,cg019,-35.481335,13.4757185,-2.6329827,0.00846386
ILMN_081,cg020,-9.237607,17.016068,-0.5428755,0.58721554
ILMN_081,cg021,27.777536,16.210161,1.7135879,0.086604476
ILMN_081,cg022,-32.82724,15.482959,-2.1202176,0.0339877
ILMN_081,cg023,19.67754,14.878314,1.3225652,0.18598002
ILMN_081,cg024,1.9549828,15.299957,0.12777701,0.89832544
ILMN_081,cg025,-10.0175085,14.784672,-0.67756045,0.49805045
ILMN_081,cg026,17.313503,16.015163,1.0810694,0.27966624
ILMN_081,cg027,10.174799,14.920541,0.68193233,0.49528176
ILMN_081,cg028,-3.6165946,17.814423,-0.20301497,0.83912337
ILMN_081,cg029,4.6411195,18.757746,0.24742416,0.80458
ILMN_081,cg030,31.178272,14.776107,2.1100464,0.034854352
ILMN_081,cg031,-20.894562,16.250912,-1.285747,0.19853139
ILMN_081,cg032,17.62782,15.357782,1.1478102,0.25104696
ILMN_081,cg033,8.83299,15.40176,0.5735052,0.56630266
ILMN_081,cg034,-8.157479,17.733736,-0.45999777,0.6455178
ILMN_081,cg035,14.2984495,14.388717,0.99372655,0.320356
ILMN_081,cg036,25.96413,15.366175,1.6896938,0.09108657
ILMN_081,cg037,11.553693,15.39976,0.7502515,0.45310324
ILMN_081,cg038,-27.325125,16.227272,-1.6839013,0.092200756
ILMN_081,cg039,-17.0425,16.499657,-1.0329002,0.30165058
ILMN_081,cg040,-7.492158,16.996222,-0.44081315,0.65934825
ILMN_081,cg041,2.1012542,16.76678,0.12532246,0.90026826
ILMN_081,cg042,-2.1300037,14.998944,-0.14201024,0.8870719
ILMN_081,cg043,6.2023783,16.663668,0.37220967,0.70973676
ILMN_081,cg044,25.92171,15.538379,1.6682377,0.09526855
ILMN_081,cg045,-23.674875,15.6466055,-1.5130998,0.13025433
ILMN_081,cg046,-10.04681,13.831476,-0.72637296,0.46761018
ILMN_081,cg047,-34.02726,15.948334,-2.1335933,0.032876074
ILMN_081,cg048,13.914119,15.084594,0.92240596,0.35631686
ILMN_081,cg049,6.696721,15.975687,0.41918203,0.6750831
ILMN_081,cg050,-3.7819617,15.012194,-0.25192598,0.8010983
ILMN_081,cg051,-6.8921814,16.240376,-0.4243856,0.6712846
ILMN_081,cg052,-2.744915,15.343045,-0.17890288,0.858014
ILMN_081,cg053,13.829109,16.391666,0.8436671,0.3988555
ILMN_081,cg054,-8.806524,16.631178,-0.52951896,0.5964455
ILMN_081,cg055,16.616232,14.438149,1.150856,0.24979144
ILMN_081,cg056,3.3818393,17.229614,0.19628061,0.8443905
ILMN_081,cg057,4.877302,19.038181,0.2561853,0.79780775
ILMN_081,cg058,13.716163,14.724147,0.9315421,0.35157323
ILMN_081,cg059,-9.232462,14.950707,-0.61752677,0.5368873
ILMN_081,cg060,-13.327923,15.210965,-0.87620497,0.38091862
ILMN_081,cg061,10.66047,14.917897,0.71460944,0.47485042
ILMN_081,cg062,-1.1750787,16.4446,-0.07145682,0.9430342
ILMN_081,cg063,-0.0064192475,15.868573,-0.0004045258,0.99967724
ILMN_081,cg064,-9.343842,15.732577,-0.5939168,0.5525678
ILMN_081,cg065,5.362938,16.497606,0.3250737,0.7451253
ILMN_081,cg066,36.223206,15.659715,2.3131459,0.02071464
ILMN_081,cg067,-4.374087,15.215504,-0.28747565,0.77374816
ILMN_081,cg068,-6.4913597,14.928419,-0.43483236,0.6636841
ILMN_081,cg069,-5.574479,15.997563,-0.34845802,0.72749627
ILMN_081,cg070,-10.053852,15.489488,-0.6490758,0.51628935
ILMN_081,cg071,16.033918,14.850572,1.0796835,0.28028315
ILMN_081,cg072,-36.432877,15.62198,-2.332155,0.01969254
ILMN_081,cg073,-15.991951,14.6058655,-1.0948993,0.27356076
ILMN_081,cg074,22.72662,18.005003,1.2622391,0.20686275
ILMN_081,cg075,-13.150928,16.021118,-0.82084954,0.41173202
ILMN_081,cg076,34.818165,18.240076,1.9088826,0.056277275
ILMN_081,cg077,16.017769,15.74962,1.0170257,0.30914122
ILMN_081,cg078,-24.49482,16.68996,-1.467638,0.14220256
ILMN_081,cg079,0.27582526,15.510243,0.017783426,0.98581165
ILMN_081,cg080,-0.24754567,14.543479,-0.017021077,0.9864198
ILMN_081,cg081,9.229633,16.666983,0.5537675,0.579738
ILMN_081,cg082,15.817925,15.238981,1.037991,0.2992742
ILMN_081,cg083,-15.7049265,15.838936,-0.99153924,0.32142234
ILMN_081,cg084,-27.810036,16.49941,-1.685517,0.091888905
ILMN_081,cg085,-4.6440487,16.876186,-0.27518353,0.78317523
ILMN_081,cg086,-6.132209,16.205093,-0.37841243,0.70512426
ILMN_081,cg087,8.088702,15.369244,0.5262915,0.5986857
ILMN_081,cg088,-6.909252,15.154308,-0.4559266,0.64844275
ILMN_081,cg089,-0.8961359,16.776632,-0.053415723,0.9574007
ILMN_081,cg090,-28.930872,18.054684,-1.6024026,0.109066606
ILMN_081,cg091,8.774751,15.146277,0.57933384,0.5623639
ILMN_081,cg092,-3.928256,15.246729,-0.25764582,0.7966803
ILMN_081,cg093,31.206697,15.443807,2.0206609,0.043314874
ILMN_081,cg094,0.6757068,17.408072,0.03881572,0.9690373
ILMN_081,cg095,0.2734794,16.738827,0.016338026,0.9869647
ILMN_081,cg096,5.842239,15.047874,0.38824347,0.6978359
ILMN_081,cg097,-16.769976,16.342264,-1.0261722,0.30481046
ILMN_081,cg098,-7.134957,15.181752,-0.46996927,0.63837695
ILMN_081,cg099,-6.5531487,15.355616,-0.4267591,0.6695548
ILMN_081,cg100,7.079729,17.67013,0.40066084,0.68866986
ILMN_082,cg001,37.208885,14.518699,2.5628252,0.010382414
ILMN_082,cg002,28.49596,17.39559,1.6381141,0.10139787
ILMN_082,cg003,-9.171548,17.070574,-0.5372724,0.5910795
ILMN_082,cg004,2.6685245,18.586205,0.14357555,0.88583565
ILMN_082,cg005,8.327095,17.189337,0.48443377,0.62807804
ILMN_082,cg006,5.206722,16.823048,0.30949932,0.75694174
ILMN_082,cg007,-5.3196745,15.738552,-0.3380028,0.7353611
ILMN_082,cg008,12.076279,16.825174,0.7177506,0.47291106
ILMN_082,cg009,-28.75324,16.107235,-1.7851133,0.07424295
ILMN_082,cg010,-4.0724626,17.547895,-0.23207697,0.81647825
ILMN_082,cg011,13.247977,16.164553,0.8195697,0.41246146
ILMN_082,cg012,-25.458006,17.513191,-1.4536475,0.14604408
ILMN_082,cg013,-9.502249,16.541737,-0.57444084,0.56566954
ILMN_082,cg014,20.340412,14.927537,1.3626101,0.17300546
ILMN_082,cg015,-14.461264,16.734613,-0.86415285,0.38750392
ILMN_082,cg016,-25.447046,16.395035,-1.5521191,0.12063372
ILMN_082,cg017,14.358256,15.881782,0.9040709,0.3659578
ILMN_082,cg018,-33.180866,17.722664,-1.8722279,0.061175108
ILMN_082,cg019,-8.228839,14.982791,-0.54921937,0.58285487
ILMN_082,cg020,22.651802,17.434,1.2992889,0.1938448
ILMN_082,cg021,-46.743675,15.961721,-2.9284859,0.003406167
ILMN_082,cg022,18.43578,16.648113,1.1073796,0.2681299
ILMN_082,cg023,11.713503,15.667967,0.74760836,0.45469642
ILMN_082,cg024,-6.751605,15.881562,-0.42512223,0.6707476
ILMN_082,cg025,-13.180863,15.327894,-0.8599266,0.38982952
ILMN_082,cg026,19.524197,16.61634,1.1749998,0.23999476
ILMN_082,cg027,-12.76992,15.479506,-0.8249566,0.40939623
ILMN_082,cg028,45.742947,17.262138,2.6499004,0.008051574
ILMN_082,cg029,-6.870072,19.492218,-0.35245204,0.7244993
ILMN_082,cg030,-6.7880144,16.060436,-0.42265442,0.67254746
ILMN_082,cg031,5.6092296,17.17985,0.3265005,0.74404573
ILMN_082,cg032,-3.0834804,16.190737,-0.1904472,0.84895873
ILMN_082,cg033,-20.257624,15.792966,-1.2826991,0.19959748
ILMN_082,cg034,18.923222,18.271276,1.0356814,0.30035084
ILMN_082,cg035,3.3469293,15.114031,0.22144519,0.8247458
ILMN_082,cg036,0.87997675,16.466661,0.0534399,0.9573814
ILMN_082,cg037,30.09949,15.488089,1.943396,0.051968336
ILMN_082,cg038,-15.692627,17.23185,-0.9106757,0.36246628
ILMN_082,cg039,13.017623,17.248802,0.7546972,0.4504307
ILMN_082,cg040,1.9427141,17.708769,0.10970351,0.9126445
ILMN_082,cg041,2.703404,17.433626,0.15506837,0.8767674
ILMN_082,cg042,-15.659718,15.428502,-1.0149863,0.31011242
ILMN_082,cg043,-8.940759,17.303915,-0.51668996,0.60537267
ILMN_082,cg044,12.209665,16.541763,0.7381115,0.46044666
ILMN_082,cg045,-10.190479,16.602507,-0.6137916,0.539353
ILMN_082,cg046,27.852053,13.869975,2.0080824,0.04463452
ILMN_082,cg047,14.231881,17.258268,0.8246413,0.40957528
ILMN_082,cg048,9.927835,15.762537,0.6298374,0.52880096
ILMN_082,cg049,-10.929306,16.566084,-0.65973985,0.5094208
ILMN_082,cg050,-8.620707,15.56964,-0.553687,0.5797931
ILMN_082,cg051,-39.701176,15.876084,-2.5006907,0.0123951435
ILMN_082,cg052,-28.618082,15.39239,-1.8592358,0.062993705
ILMN_082,cg053,5.1231203,17.159887,0.2985521,0.7652818
ILMN_082,cg054,15.388094,17.197807,0.8947707,0.3709097
ILMN_082,cg055,1.4810262,15.226788,0.09726452,0.92251635
ILMN_082,cg056,5.91815,17.902739,0.33057234,0.7409675
ILMN_082,cg057,-25.27179,19.457716,-1.2988056,0.19401067
ILMN_082,cg058,3.8584058,15.44441,0.24982539,0.8027224
ILMN_082,cg059,-25.370998,15.156233,-1.6739646,0.09413755
ILMN_082,cg060,-8.373074,15.900963,-0.5265765,0.59848773
ILMN_082,cg061,3.1365116,15.591627,0.2011664,0.8405685
ILMN_082,cg062,-8.133188,17.05903,-0.47676733,0.6335278
ILMN_082,cg063,10.297194,16.431196,0.62668556,0.53086543
ILMN_082,cg064,-2.7188942,16.417484,-0.16560967,0.8684641
ILMN_082,cg065,8.782916,17.126104,0.51283795,0.6080647
ILMN_082,cg066,3.1870296,17.198606,0.18530743,0.8529879
ILMN_082,cg067,3.3585472,15.828547,0.21218292,0.8319643
ILMN_082,cg068,6.1973042,15.528566,0.39909056,0.6898265
ILMN_082,cg069,-28.985205,16.099703,-1.8003565,0.071804404
ILMN_082,cg070,-31.657524,15.492718,-2.043381,0.04101473
ILMN_082,cg071,-11.67575,15.542004,-0.7512384,0.45250916
ILMN_082,cg072,12.54054,17.078516,0.73428744,0.46277356
ILMN_082,cg073,18.37962,15.144231,1.2136384,0.22488582
ILMN_082,cg074,-22.521082,18.752552,-1.2009609,0.22976637
ILMN_082,cg075,1.000116,16.780739,0.059599046,0.95247495
ILMN_082,cg076,-13.821147,19.598494,-0.70521474,0.4806766
ILMN_082,cg077,-20.922525,16.270746,-1.2858983,0.19847852
ILMN_082,cg078,39.458996,16.776863,2.3519888,0.01867336
ILMN_082,cg079,-3.3016024,16.121283,-0.20479774,0.83773017
ILMN_082,cg080,-22.195362,14.765003,-1.5032413,0.13277686
ILMN_082,cg081,-13.558336,17.273815,-0.78490686,0.43250817
ILMN_082,cg082,14.57113,15.886394,0.91720814,0.35903358
ILMN_082,cg083,41.454464,15.482666,2.677476,0.0074179173
ILMN_082,cg084,-24.644148,17.30162,-1.4243838,0.15433544
ILMN_082,cg085,-29.902798,17.001024,-1.7588822,0.078597546
ILMN_082,cg086,4.2329235,16.86579,0.2509769,0.80183196
ILMN_082,cg087,-21.912062,15.701053,-1.3955791,0.16284126
ILMN_082,cg088,4.250299,15.781578,0.26932028,0.78768325
ILMN_082,cg089,18.271727,17.23673,1.060046,0.2891237
ILMN_082,cg090,-13.473146,19.188776,-0.7021368,0.4825939
ILMN_082,cg091,-1.7366152,15.80538,-0.10987494,0.91250855
ILMN_082,cg092,12.809813,15.753172,0.8131577,0.41612768
ILMN_082,cg093,-27.12953,16.27266,-1.6671848,0.09547764
ILMN_082,cg094,3.516618,18.09493,0.19434272,0.84590757
ILMN_082,cg095,-20.618835,17.138649,-1.2030607,0.22895283
ILMN_082,cg096,12.023668,15.572806,0.7720939,0.44005883
ILMN_082,cg097,4.909129,17.171928,0.28588107,0.7749692
ILMN_082,cg098,26.924469,15.318826,1.7576066,0.07881451
ILMN_082,cg099,11.520857,15.908932,0.7241754,0.46895808
ILMN_082,cg100,-9.75939,18.350271,-0.531839,0.59483755
ILMN_083,cg001,-14.930077,12.31328,-1.2125182,0.22531408
ILMN_083,cg002,-16.547237,14.214839,-1.1640819,0.24439085
ILMN_083,cg003,30.426723,13.051221,2.3313315,0.019735873
ILMN_083,cg004,-3.0831845,14.975579,-0.20588082,0.836884
ILMN_083,cg005,2.23795,13.884719,0.1611808,0.871951
ILMN_083,cg006,5.7651176,13.545609,0.42560783,0.67039365
ILMN_083,cg007,1.9045444,12.696756,0.15000243,0.8807627
ILMN_083,cg008,-0.766145,13.635109,-0.056189135,0.95519114
ILMN_083,cg009,10.179387,13.33919,0.76311886,0.44539255
ILMN_083,cg010,19.098433,13.867588,1.3771993,0.16845065
ILMN_083,cg011,14.553027,12.945593,1.1241684,0.26094162
ILMN_083,cg012,2.9024572,14.42855,0.2011607,0.84057295
ILMN_083,cg013,3.8193648,13.367304,0.2857244,0.7750892
ILMN_083,cg014,-8.728803,12.203217,-0.715287,0.47443175
ILMN_083,cg015,-4.6078124,13.578919,-0.3393357,0.7343569
ILMN_083,cg016,-4.0810027,13.541414,-0.30137196,0.7631309
ILMN_083,cg017,-3.689345,12.901303,-0.28596684,0.77490354
ILMN_083,cg018,-8.402974,14.765485,-0.56909573,0.56929123
ILMN_083,cg019,2.9083495,12.106968,0.24022113,0.81015885
ILMN_083,cg020,14.480053,14.145822,1.0236275,0.30601126
ILMN_083,cg021,-11.736099,13.904653,-0.84404117,0.3986464
ILMN_083,cg022,-6.323456,13.562817,-0.4662347,0.6410475
ILMN_083,cg023,1.6409675,12.70141,0.12919569,0.8972028
ILMN_083,cg024,12.182251,12.698087,0.9593769,0.33736897
ILMN_083,cg025,2.5679648,12.4463,0.20632356,0.8365382
ILMN_083,cg026,-12.703084,13.461357,-0.9436704,0.3453381
ILMN_083,cg027,-13.706628,12.403737,-1.1050402,0.26914215
ILMN_083,cg028,6.481139,14.905568,0.4348133,0.66369796
ILMN_083,cg029,-5.1983786,15.711812,-0.330858,0.74075174
ILMN_083,cg030,3.8368747,12.956299,0.29613972,0.7671234
ILMN_083,cg031,18.02895,13.604468,1.3252226,0.18509734
ILMN_083,cg032,8.448397,12.994123,0.65017056,0.5155821
ILMN_083,cg033,-9.841658,12.872067,-0.76457477,0.44452482
ILMN_083,cg034,-5.7651324,14.871733,-0.38765708,0.69826984
ILMN_083,cg035,8.984649,12.115083,0.7416085,0.45832455
ILMN_083,cg036,-26.57511,12.679725,-2.0958743,0.036093354
ILMN_083,cg037,10.9268465,12.884246,0.8480781,0.3963945
ILMN_083,cg038,0.67267686,14.011888,0.048007585,0.9617102
ILMN_083,cg039,-13.713379,13.840155,-0.99084,0.3217637
ILMN_083,cg040,16.266941,14.070889,1.1560706,0.24765229
ILMN_083,cg041,6.1773953,14.024352,0.44047636,0.65959215
ILMN_083,cg042,-17.334538,12.310187,-1.4081457,0.15908796
ILMN_083,cg043,13.373064,13.846412,0.9658144,0.33413702
ILMN_083,cg044,28.383375,12.740452,2.2278154,0.025892854
ILMN_083,cg045,-18.592112,13.152453,-1.4135851,0.15748376
ILMN_083,cg046,-13.257133,11.492803,-1.153516,0.24869865
ILMN_083,cg047,-18.943403,13.730125,-1.3796962,0.1676802
ILMN_083,cg048,21.564209,12.355579,1.7453014,0.08093244
ILMN_083,cg049,28.890865,12.719745,2.2713401,0.023126423
ILMN_083,cg050,-2.637348,12.583727,-0.20958401,0.83399236
ILMN_083,cg051,-3.5679097,13.626811,-0.26183012,0.79345244
ILMN_083,cg052,-4.8746724,12.842707,-0.37956738,0.70426655
ILMN_083,cg053,-11.891622,13.73152,-0.8660091,0.38648516
ILMN_083,cg054,-8.020863,13.9301605,-0.5757911,0.5647564
ILMN_083,cg055,-1.5516213,12.270804,-0.12644821,0.8993771
ILMN_083,cg056,-5.4122634,14.423367,-0.37524274,0.70747995
ILMN_083,cg057,16.747507,15.77434,1.0616931,0.28837508
ILMN_083,cg058,-19.779425,12.109281,-1.6334103,0.10238272
ILMN_083,cg059,10.121488,12.4925375,0.8102027,0.41782367
ILMN_083,cg060,6.8828998,12.813452,0.537162,0.5911557
ILMN_083,cg061,17.566017,12.301546,1.4279519,0.15330571
ILMN_083,cg062,-12.03486,13.667552,-0.88054246,0.37856555
ILMN_083,cg063,-21.394007,12.919238,-1.6559806,0.09772575
ILMN_083,cg064,11.88769,13.118664,0.9061662,0.3648479
ILMN_083,cg065,-0.90232694,13.841148,-0.06519163,0.9480214
ILMN_083,cg066,-20.538683,13.531272,-1.5178679,0.12904769
ILMN_083,cg067,-8.497615,12.701245,-0.66903794,0.50347126
ILMN_083,cg068,5.297595,12.512178,0.4233951,0.672007
ILMN_083,cg069,-7.6544986,13.377009,-0.572213,0.5671777
ILMN_083,cg070,9.341718,12.967419,0.7203992,0.4712792
ILMN_083,cg071,30.885979,11.750768,2.6284223,0.008578181
ILMN_083,cg072,-16.06977,13.64021,-1.1781175,0.2387498
ILMN_083,cg073,2.9946685,12.391142,0.24167816,0.8090296
ILMN_083,cg074,25.678926,14.873972,1.7264338,0.084269404
ILMN_083,cg075,17.59841,13.273329,1.3258475,0.18489021
ILMN_083,cg076,4.112284,15.868524,0.25914726,0.7955216
ILMN_083,cg077,12.913567,13.210125,0.9775507,0.3282966
ILMN_083,cg078,-0.85983896,14.310286,-0.060085382,0.95208764
ILMN_083,cg079,-16.472511,12.769578,-1.2899809,0.1970573
ILMN_083,cg080,9.25804,12.111607,0.7643941,0.4446324
ILMN_083,cg081,1.1619778,14.013297,0.08291966,0.93391544
ILMN_083,cg082,5.4228115,12.895052,0.42053428,0.6740952
ILMN_083,cg083,6.986531,13.375406,0.52234155,0.60143256
ILMN_083,cg084,-25.75356,13.732726,-1.8753421,0.060745656
ILMN_083,cg085,17.136444,13.927498,1.2304037,0.21854597
ILMN_083,cg086,8.672813,13.541653,0.6404546,0.5218771
ILMN_083,cg087,-14.32871,12.745092,-1.1242532,0.26090568
ILMN_083,cg088,1.8417517,12.725924,0.1447244,0.88492846
ILMN_083,cg089,4.014028,14.0477295,0.28574213,0.7750757
ILMN_083,cg090,13.095864,15.42703,0.84889084,0.39594203
ILMN_083,cg091,24.044048,12.236459,1.9649515,0.04941988
ILMN_083,cg092,-20.657623,12.418777,-1.6634184,0.09622872
ILMN_083,cg093,17.46536,13.257194,1.3174251,0.18769616
ILMN_083,cg094,21.962648,14.225258,1.5439192,0.12260795
ILMN_083,cg095,3.9501443,14.016018,0.2818307,0.7780733
ILMN_083,cg096,-2.079728,12.627883,-0.16469331,0.8691854
ILMN_083,cg097,-5.356265,13.829073,-0.38731918,0.69851995
ILMN_083,cg098,-13.137285,12.605717,-1.0421689,0.29733342
ILMN_083,cg099,-5.4101925,12.8696165,-0.4203849,0.67420435
ILMN_083,cg100,-18.895163,14.570421,-1.2968165,0.19469434
ILMN_084,cg001,8.038974,14.225315,0.5651175,0.5719939
ILMN_084,cg002,11.889488,16.365448,0.7264994,0.4675327
ILMN_084,cg003,5.74356,15.726505,0.36521527,0.71495074
ILMN_084,cg004,4.163116,17.086866,0.24364421,0.8075064
ILMN_084,cg005,-5.022215,15.832301,-0.3172132,0.7510818
ILMN_084,cg006,9.129424,15.429951,0.591669,0.55407226
ILMN_084,cg007,-8.739314,14.435592,-0.6054005,0.54491293
ILMN_084,cg008,27.101263,15.039021,1.802063,0.07153547
ILMN_084,cg009,20.054422,15.030555,1.3342437,0.18212402
ILMN_084,cg010,-0.45430177,16.148415,-0.028132902,0.97755617
ILMN_084,cg011,-7.8570886,14.930095,-0.52625847,0.5987086
ILMN_084,cg012,23.67735,16.098824,1.4707502,0.14135867
ILMN_084,cg013,10.619614,15.187697,0.6992247,0.4844116
ILMN_084,cg014,-5.0336685,13.98377,-0.35996506,0.71887326
ILMN_084,cg015,-15.493153,15.346461,-1.0095587,0.31270677
ILMN_084,cg016,-5.503566,15.447311,-0.35627985,0.72163105
ILMN_084,cg017,-6.197176,14.707594,-0.4213589,0.673493
ILMN_084,cg018,-19.24217,16.66977,-1.1543154,0.24837089
ILMN_084,cg019,21.208418,13.46676,1.5748717,0.11528611
ILMN_084,cg020,0.1133116,16.325918,0.0069405963,0.99446225
ILMN_084,cg021,-22.135551,15.653672,-1.4140804,0.15733832
ILMN_084,cg022,-19.171537,15.254628,-1.2567686,0.20883745
ILMN_084,cg023,11.07909,14.405061,0.769111,0.44182748
ILMN_084,cg024,15.626611,14.452716,1.0812231,0.27959788
ILMN_084,cg025,-5.2715173,14.188921,-0.37152347,0.7102477
ILMN_084,cg026,-14.238241,15.367253,-0.9265313,0.35416996
ILMN_084,cg027,0.382233,14.341591,0.026652064,0.97873724
ILMN_084,cg028,-8.46685,16.999266,-0.49807152,0.6184336
ILMN_084,cg029,-1.0178777,17.950895,-0.056703452,0.9547814
ILMN_084,cg030,1.6721087,14.797663,0.11299816,0.91003203
ILMN_084,cg031,13.999953,15.683654,0.89264613,0.3720467
ILMN_084,cg032,5.9248166,14.87114,0.3984104,0.69032764
ILMN_084,cg033,6.9515343,14.746973,0.4713872,0.63736427
ILMN_084,cg034,7.1074414,16.966877,0.418901,0.6752885
ILMN_084,cg035,9.604198,13.835771,0.6941571,0.4875837
ILMN_084,cg036,15.712708,14.966908,1.04983,0.2937963
ILMN_084,cg037,8.887476,14.759851,0.6021386,0.5470819
ILMN_084,cg038,10.365244,15.917463,0.65118694,0.51492584
ILMN_084,cg039,-19.99841,15.687229,-1.274821,0.20237261
ILMN_084,cg040,14.831643,16.141737,0.9188381,0.35818028
ILMN_084,cg041,-8.130049,15.993343,-0.5083395,0.61121523
ILMN_084,cg042,7.0057554,14.310651,0.48954836,0.62445354
ILMN_084,cg043,3.2982438,15.95342,0.20674212,0.83621126
ILMN_084,cg044,-22.03819,14.9546385,-1.4736693,0.14057064
ILMN_084,cg045,-11.232569,15.242307,-0.73693365,0.46116275
ILMN_084,cg046,-13.196389,13.160787,-1.0027052,0.31600308
ILMN_084,cg047,-21.530445,15.671337,-1.3738742,0.16948074
ILMN_084,cg048,0.845054,14.558925,0.058043707,0.95371383
ILMN_084,cg049,2.2517068,15.304431,0.14712778,0.8830312
ILMN_084,cg050,10.705605,14.280336,0.74967456,0.45345074
ILMN_084,cg051,-16.848972,15.362835,-1.0967358,0.27275687
ILMN_084,cg052,6.7356677,14.645299,0.45992014,0.6455735
ILMN_084,cg053,2.9990306,15.791342,0.18991613,0.8493749
ILMN_084,cg054,-5.419765,15.934153,-0.34013513,0.73375475
ILMN_084,cg055,-3.9892306,13.993427,-0.28507888,0.77558374
ILMN_084,cg056,-13.945598,16.356274,-0.8526146,0.3938731
ILMN_084,cg057,0.90961653,18.220285,0.049923286,0.9601835
ILMN_084,cg058,14.725131,14.04734,1.0482504,0.29452324
ILMN_084,cg059,9.163456,14.29404,0.64106834,0.5214783
ILMN_084,cg060,-4.826658,14.651131,-0.32943928,0.7418237
ILMN_084,cg061,-27.3602,13.767349,-1.9873253,0.046886384
ILMN_084,cg062,2.3290203,15.724459,0.1481145,0.8822524
ILMN_084,cg063,-26.342793,14.671006,-1.7955682,0.07256323
ILMN_084,cg064,14.564618,14.950511,0.9741886,0.3299629
ILMN_084,cg065,-40.32346,14.634571,-2.7553566,0.005862832
ILMN_084,cg066,4.0921073,15.812257,0.25879338,0.79579467
ILMN_084,cg067,-8.016792,14.516873,-0.5522396,0.5807842
ILMN_084,cg068,3.985899,14.294523,0.278841,0.7803669
ILMN_084,cg069,-15.71347,15.143779,-1.0376189,0.29944754
ILMN_084,cg070,3.3600283,14.873317,0.22590981,0.82127154
ILMN_084,cg071,-15.9044895,14.189202,-1.1208868,0.26233608
ILMN_084,cg072,8.341573,15.751254,0.5295815,0.59640217
ILMN_084,cg073,-6.8349853,14.113718,-0.48427957,0.6281875
ILMN_084,cg074,-6.0112243,17.492912,-0.3436377,0.7311188
ILMN_084,cg075,9.079337,15.375973,0.5904886,0.5548631
ILMN_084,cg076,-9.635633,18.06648,-0.53334314,0.5937961
ILMN_084,cg077,-21.181906,14.907445,-1.4208945,0.1553474
ILMN_084,cg078,24.17127,15.937834,1.5165969,0.12936848
ILMN_084,cg079,6.1733932,14.805832,0.41695687,0.67670995
ILMN_084,cg080,-12.9968405,13.776544,-0.9434036,0.34547448
ILMN_084,cg081,-12.28788,15.890111,-0.77330357,0.43934274
ILMN_084,cg082,16.803017,14.534358,1.1560893,0.2476446
ILMN_084,cg083,-13.361334,15.181829,-0.8800872,0.37881213
ILMN_084,cg084,20.783598,15.968363,1.3015485,0.19307077
ILMN_084,cg085,9.3005,16.095068,0.57784784,0.5633669
ILMN_084,cg086,-21.027216,15.209617,-1.3824948,0.16681981
ILMN_084,cg087,-9.924985,14.670267,-0.67653745,0.4986995
ILMN_084,cg088,0.8962665,14.525432,0.06170326,0.95079917
ILMN_084,cg089,-2.3659606,16.041592,-0.14748915,0.8827459
ILMN_084,cg090,13.32718,17.633427,0.7557907,0.44977468
ILMN_084,cg091,-20.951136,14.206422,-1.4747652,0.14027572
ILMN_084,cg092,-17.209358,14.369929,-1.1975952,0.23107463
ILMN_084,cg093,0.88805574,15.4112215,0.057623968,0.95404816
ILMN_084,cg094,-15.075607,16.500011,-0.9136725,0.36088896
ILMN_084,cg095,-0.6502889,16.00849,-0.0406215,0.96759766
ILMN_084,cg096,-20.159437,14.105319,-1.4292082,0.15294445
ILMN_084,cg097,15.4450245,15.642453,0.98737866,0.32345706
ILMN_084,cg098,-9.387632,14.488421,-0.64794034,0.51702356
ILMN_084,cg099,6.0841093,14.687525,0.41423652,0.6787009
ILMN_084,cg100,33.81908,16.177858,2.0904548,0.036576986
ILMN_085,cg001,6.1044335,14.344737,0.42555213,0.67043424
ILMN_085,cg002,-21.72388,16.259975,-1.336034,0.18153816
ILMN_085,cg003,22.069187,15.5203495,1.4219517,0.15504032
ILMN_085,cg004,-9.968214,17.15282,-0.5811414,0.5611452
ILMN_085,cg005,-1.7235329,15.956772,-0.10801263,0.91398567
ILMN_085,cg006,-9.837151,15.527657,-0.6335245,0.5263912
ILMN_085,cg007,21.842934,14.233007,1.5346675,0.12486553
ILMN_085,cg008,15.590656,15.498468,1.0059482,0.3144405
ILMN_085,cg009,2.1219218,15.42099,0.13759959,0.8905569
ILMN_085,cg010,-14.105746,16.126236,-0.87470794,0.38173282
ILMN_085,cg011,-9.121362,15.018035,-0.60736054,0.54361165
ILMN_085,cg012,-0.39585772,16.586369,-0.023866449,0.9809591
ILMN_085,cg013,-20.169167,15.0830145,-1.3372105,0.18115395
ILMN_085,cg014,4.6935964,14.082925,0.33328277,0.73892087
ILMN_085,cg015,-3.5226467,15.613791,-0.22561122,0.8215038
ILMN_085,cg016,-5.505523,15.554001,-0.35396186,0.72336745
ILMN_085,cg017,0.6634078,14.83714,0.044712648,0.96433634
ILMN_085,cg018,0.145349,17.025948,0.008536911,0.9931886
ILMN_085,cg019,-9.628128,13.847708,-0.69528675,0.48687565
ILMN_085,cg020,28.02313,15.910661,1.7612801,0.07819104
ILMN_085,cg021,-0.11776854,16.10043,-0.007314621,0.9941638
ILMN_085,cg022,6.896087,15.58806,0.44239545,0.65820307
ILMN_085,cg023,-1.610677,14.595321,-0.11035571,0.91212726
ILMN_085,cg024,28.570946,14.121086,2.0232825,0.04304403
ILMN_085,cg025,23.727917,13.87378,1.7102705,0.08721584
ILMN_085,cg026,-8.957152,15.560885,-0.5756197,0.56487226
ILMN_085,cg027,10.782582,14.3527155,0.7512573,0.45249784
ILMN_085,cg028,5.8231397,17.140972,0.3397205,0.7340671
ILMN_085,cg029,0.20746496,18.075163,0.0114779025,0.99084216
ILMN_085,cg030,-4.2376533,14.888564,-0.28462473,0.77593166
ILMN_085,cg031,-9.26245,15.869226,-0.5836737,0.5594399
ILMN_085,cg032,-12.473103,14.886226,-0.8378956,0.40208936
ILMN_085,cg033,8.472467,14.831869,0.571234,0.56784105
ILMN_085,cg034,12.746522,17.012821,0.7492303,0.45371842
ILMN_085,cg035,-10.3729725,13.92009,-0.74518,0.45616293
ILMN_085,cg036,-4.781163,15.233178,-0.31386513,0.7536235
ILMN_085,cg037,-12.022076,14.814314,-0.81151754,0.41706854
ILMN_085,cg038,37.419006,15.126056,2.4738111,0.0133680105
ILMN_085,cg039,15.388048,15.910945,0.967136,0.33347607
ILMN_085,cg040,-20.38829,16.123573,-1.2645019,0.20604992
ILMN_085,cg041,-15.108643,15.9943,-0.9446267,0.34484947
ILMN_085,cg042,11.4209385,14.348246,0.7959815,0.4260428
ILMN_085,cg043,2.4447725,16.066738,0.15216358,0.87905794
ILMN_085,cg044,-13.797778,15.274117,-0.90334374,0.3663435
ILMN_085,cg045,7.707571,15.395752,0.5006297,0.61663175
ILMN_085,cg046,0.61014706,13.395182,0.045549743,0.9636691
ILMN_085,cg047,20.751097,15.806385,1.31283,0.18924028
ILMN_085,cg048,8.487022,14.606251,0.58105415,0.56120396
ILMN_085,cg049,13.5429735,15.283595,0.8861118,0.3755573
ILMN_085,cg050,-5.3476667,14.4447775,-0.37021455,0.71122265
ILMN_085,cg051,-2.3275607,15.665844,-0.1485755,0.8818886
ILMN_085,cg052,9.237442,14.717166,0.62766445,0.5302238
ILMN_085,cg053,-28.353151,15.347184,-1.8474498,0.06468201
ILMN_085,cg054,-13.020528,15.9489565,-0.8163875,0.41427857
ILMN_085,cg055,28.543947,13.459636,2.1207073,0.033946455
ILMN_085,cg056,-15.270131,16.445166,-0.92854834,0.3531232
ILMN_085,cg057,23.145205,18.02612,1.2839816,0.19914842
ILMN_085,cg058,-31.42933,13.541075,-2.3210366,0.020284891
ILMN_085,cg059,-11.077136,14.364101,-0.77116805,0.4406073
ILMN_085,cg060,31.696316,14.01058,2.262313,0.023678064
ILMN_085,cg061,-23.037954,14.039972,-1.6408832,0.100821674
ILMN_085,cg062,2.8800166,15.830863,0.18192416,0.85564226
ILMN_085,cg063,12.535787,15.168789,0.8264198,0.408566
ILMN_085,cg064,-9.878038,15.138095,-0.6525285,0.51406026
ILMN_085,cg065,-5.8574553,15.8814945,-0.36882266,0.7122599
ILMN_085,cg066,-30.89664,15.267643,-2.023668,0.043004334
ILMN_085,cg067,13.363083,14.532293,0.919544,0.35781115
ILMN_085,cg068,5.49267,14.382372,0.38190293,0.70253336
ILMN_085,cg069,-13.270387,15.30092,-0.8672934,0.3857813
ILMN_085,cg070,18.982704,14.720366,1.2895539,0.1972056
ILMN_085,cg071,-8.284378,14.429135,-0.5741424,0.5658715
ILMN_085,cg072,22.687538,15.5523615,1.4587841,0.14462459
ILMN_085,cg073,1.5529404,14.245285,0.10901434,0.91319114
ILMN_085,cg074,-37.216335,16.760637,-2.2204607,0.026387513
ILMN_085,cg075,-31.004532,14.852892,-2.0874407,0.036848307
ILMN_085,cg076,7.483199,18.213705,0.4108554,0.68117857
ILMN_085,cg077,-4.0592327,15.324317,-0.26488832,0.7910955
ILMN_085,cg078,-16.405132,16.265066,-1.0086114,0.31316102
ILMN_085,cg079,-5.8335075,14.911185,-0.3912169,0.69563687
ILMN_085,cg080,0.012331646,14.004997,0.00088051753,0.99929744
ILMN_085,cg081,5.2653975,16.08451,0.32735828,0.74339694
ILMN_085,cg082,-8.206499,14.796173,-0.5546366,0.5791433
ILMN_085,cg083,8.767258,15.360278,0.5707747,0.5681524
ILMN_085,cg084,30.40921,15.745839,1.9312537,0.053451717
ILMN_085,cg085,-5.2684603,16.246096,-0.32429084,0.7457179
ILMN_085,cg086,14.761305,15.477031,0.9537556,0.34020734
ILMN_085,cg087,7.4977107,14.803413,0.5064853,0.61251605
ILMN_085,cg088,9.596521,14.557499,0.659215,0.50975776
ILMN_085,cg089,3.4173858,16.148056,0.21162832,0.832397
ILMN_085,cg090,-27.441618,17.400587,-1.5770513,0.114783704
ILMN_085,cg091,5.2308507,14.618213,0.35783106,0.7204698
ILMN_085,cg092,4.308387,14.679014,0.29350656,0.769135
ILMN_085,cg093,-5.151397,15.499349,-0.33236217,0.7396158
ILMN_085,cg094,-9.269167,16.707947,-0.55477595,0.5790479
ILMN_085,cg095,5.69678,16.097158,0.35389975,0.723414
ILMN_085,cg096,0.15070593,14.514379,0.010383217,0.99171555
ILMN_085,cg097,-3.7028766,15.906874,-0.23278469,0.8159286
ILMN_085,cg098,8.593341,14.599774,0.5885941,0.5561336
ILMN_085,cg099,26.552288,14.2896805,1.8581443,0.0631485
ILMN_085,cg100,-11.885202,16.955177,-0.70097774,0.4833169
ILMN_086,cg001,-23.611027,14.112201,-1.6730932,0.09430897
ILMN_086,cg002,14.310175,16.626242,0.8606981,0.38940436
ILMN_086,cg003,-2.354275,16.03309,-0.1468385,0.8832595
ILMN_086,cg004,-8.030481,17.369762,-0.46232533,0.64384806
ILMN_086,cg005,-4.046129,16.12797,-0.25087655,0.80190957
ILMN_086,cg006,22.391735,15.421924,1.4519417,0.14651781
ILMN_086,cg007,9.577809,14.689885,0.6520003,0.51440096
ILMN_086,cg008,8.028314,15.800658,0.5081,0.6113832
ILMN_086,cg009,-2.6967413,15.593264,-0.17294271,0.86269647
ILMN_086,cg010,11.423332,16.356915,0.6983794,0.48493993
ILMN_086,cg011,25.839273,14.764789,1.7500606,0.08010787
ILMN_086,cg012,30.985416,16.139626,1.9198349,0.05487877
ILMN_086,cg013,-16.173828,15.362991,-1.0527786,0.2924425
ILMN_086,cg014,-8.545322,14.203361,-0.6016409,0.54741323
ILMN_086,cg015,-32.31581,15.063227,-2.1453445,0.03192532
ILMN_086,cg016,36.675983,14.793695,2.4791632,0.01316911
ILMN_086,cg017,-9.466112,14.939956,-0.6336104,0.5263351
ILMN_086,cg018,-1.3399329,17.217083,-0.07782578,0.93796664
ILMN_086,cg019,10.422606,13.9933405,0.7448262,0.4563768
ILMN_086,cg020,15.990317,16.455984,0.9717023,0.3311987
ILMN_086,cg021,0.16295639,16.282228,0.010008236,0.9920147
ILMN_086,cg022,0.86316043,15.797067,0.05464055,0.95642483
ILMN_086,cg023,-22.616997,14.3805065,-1.5727538,0.11577582
ILMN_086,cg024,-2.2098687,14.89887,-0.14832458,0.88208663
ILMN_086,cg025,13.265809,14.3368435,0.92529494,0.3548125
ILMN_086,cg026,-36.27393,14.860015,-2.4410427,0.014644921
ILMN_086,cg027,-42.4717,13.192797,-3.2193098,0.0012850165
ILMN_086,cg028,-1.5868498,17.354683,-0.0914364,0.92714584
ILMN_086,cg029,-4.395668,18.2678,-0.24062385,0.80984664
ILMN_086,cg030,-11.049841,14.981612,-0.7375602,0.46078175
ILMN_086,cg031,10.225668,16.037024,0.6376288,0.5237154
ILMN_086,cg032,49.58425,13.290739,3.730737,0.00019091368
ILMN_086,cg033,-0.97929645,15.051764,-0.065061904,0.9481247
ILMN_086,cg034,-8.424482,17.264965,-0.48795247,0.6255835
ILMN_086,cg035,8.907309,14.100961,0.63168097,0.5275954
ILMN_086,cg036,-21.02391,15.106929,-1.3916733,0.16402131
ILMN_086,cg037,-18.834667,14.830704,-1.2699779,0.2040925
ILMN_086,cg038,29.913404,15.673912,1.9084836,0.056328714
ILMN_086,cg039,5.4047627,16.233831,0.33293205,0.7391856
ILMN_086,cg040,-8.66819,16.537298,-0.52415997,0.6001673
ILMN_086,cg041,14.58073,16.18892,0.9006612,0.36776853
ILMN_086,cg042,1.425142,14.608341,0.09755673,0.9222843
ILMN_086,cg043,11.620549,16.161686,0.7190184,0.47212958
ILMN_086,cg044,18.433065,15.344165,1.2013078,0.22963184
ILMN_086,cg045,7.054882,15.577267,0.45289603,0.65062356
ILMN_086,cg046,-9.160045,13.479253,-0.6795662,0.4967792
ILMN_086,cg047,13.183095,16.165134,0.8155265,0.41477102
ILMN_086,cg048,-8.703668,14.769647,-0.58929425,0.55566394
ILMN_086,cg049,8.173484,15.540877,0.5259345,0.5989337
ILMN_086,cg050,12.110514,14.520257,0.83404267,0.40425694
ILMN_086,cg051,-16.784073,15.6521225,-1.0723193,0.28357667
ILMN_086,cg052,-0.071159355,14.946944,-0.004760796,0.99620146
ILMN_086,cg053,7.5237813,16.047676,0.46883932,0.6391845
ILMN_086,cg054,20.98005,15.948255,1.3155075,0.18833941
ILMN_086,cg055,-4.224182,14.247901,-0.2964775,0.76686543
ILMN_086,cg056,-19.092058,16.548286,-1.1537181,0.2486158
ILMN_086,cg057,15.8003235,18.406628,0.85840404,0.3906694
ILMN_086,cg058,-7.048435,14.4363,-0.48824388,0.62537706
ILMN_086,cg059,-3.2455914,14.612067,-0.2221172,0.8242227
ILMN_086,cg060,-13.447727,14.804039,-0.9083823,0.3636763
ILMN_086,cg061,1.1458244,14.607162,0.07844264,0.937476
ILMN_086,cg062,-15.550799,15.850406,-0.9810979,0.32654446
ILMN_086,cg063,0.46321908,15.4533825,0.029975254,0.9760868
ILMN_086,cg064,7.815301,15.336497,0.50958836,0.6103399
ILMN_086,cg065,-14.259793,15.946552,-0.8942242,0.37120193
ILMN_086,cg066,6.4715014,16.084404,0.40234634,0.6874292
ILMN_086,cg067,6.876612,14.796151,0.46475682,0.64210564
ILMN_086,cg068,-19.129713,14.292164,-1.3384756,0.18074143
ILMN_086,cg069,7.6428585,15.558944,0.4912196,0.6232711
ILMN_086,cg070,-8.07041,15.10649,-0.5342346,0.5931792
ILMN_086,cg071,-23.31647,14.235017,-1.6379657,0.10142887
ILMN_086,cg072,-4.5787587,16.073498,-0.28486386,0.7757485
ILMN_086,cg073,10.672278,14.321821,0.7451761,0.45616525
ILMN_086,cg074,13.354588,17.726131,0.75338423,0.45121908
ILMN_086,cg075,1.6680838,15.714015,0.10615262,0.9154613
ILMN_086,cg076,-29.551695,17.931358,-1.6480455,0.09934336
ILMN_086,cg077,1.3762761,15.507847,0.088747084,0.9292829
ILMN_086,cg078,-2.6506395,16.625027,-0.1594367,0.8733248
ILMN_086,cg079,26.592047,14.586885,1.8230106,0.0683018
ILMN_086,cg080,8.687421,14.105102,0.6159063,0.53795636
ILMN_086,cg081,-5.2813225,16.266445,-0.3246759,0.7454264
ILMN_086,cg082,-20.878422,14.694214,-1.42086,0.15535748
ILMN_086,cg083,-14.500852,15.44132,-0.939094,0.34768248
ILMN_086,cg084,15.643562,16.395166,0.954157,0.3400042
ILMN_086,cg085,4.3957543,16.435543,0.26745415,0.7891195
ILMN_086,cg086,-14.717529,15.656129,-0.94004905,0.3471924
ILMN_086,cg087,-13.532338,14.879076,-0.9094878,0.36309272
ILMN_086,cg088,-1.9828322,14.788369,-0.13408051,0.8933389
ILMN_086,cg089,-9.641982,16.276382,-0.59239095,0.55358887
ILMN_086,cg090,37.49964,17.199688,2.1802514,0.02923882
ILMN_086,cg091,-14.130908,14.656493,-0.96413976,0.33497584
ILMN_086,cg092,1.9891273,14.855768,0.13389595,0.89348483
ILMN_086,cg093,-20.607443,15.396231,-1.3384732,0.18074226
ILMN_086,cg094,0.019312028,16.953045,0.001139148,0.9990911
ILMN_086,cg095,11.509793,16.2125,0.7099333,0.47774553
ILMN_086,cg096,4.3142486,14.6645,0.29419675,0.76860756
ILMN_086,cg097,27.390875,15.581082,1.7579571,0.07875484
ILMN_086,cg098,8.868131,14.762337,0.6007268,0.548022
ILMN_086,cg099,-8.817341,14.92706,-0.5906951,0.55472475
ILMN_086,cg100,7.3255343,17.204102,0.42580163,0.6702524
ILMN_087,cg001,6.263662,12.720577,0.4924039,0.62243384
ILMN_087,cg002,20.636208,14.387618,1.4343033,0.15148574
ILMN_087,cg003,6.388614,14.040089,0.45502663,0.6490901
ILMN_087,cg004,4.9628577,15.259061,0.32524005,0.7449994
ILMN_087,cg005,7.60508,14.116822,0.53872466,0.59007686
ILMN_087,cg006,-11.388367,13.736443,-0.8290623,0.4070692
ILMN_087,cg007,15.960378,12.733553,1.2534112,0.21005613
ILMN_087,cg008,-22.299477,13.5089,-1.6507249,0.09879476
ILMN_087,cg009,17.982162,13.427619,1.3391922,0.18050814
ILMN_087,cg010,18.440788,14.169885,1.3014071,0.19311917
ILMN_087,cg011,3.56046,13.3695135,0.26631185,0.789999
ILMN_087,cg012,3.984334,14.706535,0.2709227,0.7864505
ILMN_087,cg013,-10.967445,13.545625,-0.809667,0.4181316
ILMN_087,cg014,-4.4878,12.494273,-0.35918856,0.71945405
ILMN_087,cg015,-7.03534,13.823942,-0.5089243,0.6108053
ILMN_087,cg016,6.981956,13.782478,0.506582,0.6124481
ILMN_087,cg017,0.7745705,13.165759,0.058832195,0.9530858
ILMN_087,cg018,23.438608,14.707702,1.5936282,0.11101937
ILMN_087,cg019,10.667347,12.251837,0.8706733,0.38393253
ILMN_087,cg020,-3.5702767,14.577363,-0.24491924,0.806519
ILMN_087,cg021,9.497142,14.218189,0.6679572,0.50416094
ILMN_087,cg022,16.864305,13.636866,1.2366703,0.21620953
ILMN_087,cg023,-9.344009,12.879624,-0.7254877,0.46815288
ILMN_087,cg024,10.533951,12.983684,0.8113222,0.41718066
ILMN_087,cg025,0.6484121,12.696142,0.051071584,0.95926845
ILMN_087,cg026,30.764626,13.0944395,2.349442,0.01880157
ILMN_087,cg027,-3.034465,12.806188,-0.23695303,0.81269324
ILMN_087,cg028,24.272223,14.802922,1.6396912,0.10106939
ILMN_087,cg029,17.230743,15.836819,1.088018,0.2765872
ILMN_087,cg030,-9.508855,13.148695,-0.7231786,0.46957016
ILMN_087,cg031,-3.4655085,14.124616,-0.2453524,0.8061836
ILMN_087,cg032,3.1497993,13.301843,0.23679422,0.81281644
ILMN_087,cg033,13.450728,13.058148,1.030064,0.30297995
ILMN_087,cg034,2.0957103,15.185282,0.13800931,0.89023304
ILMN_087,cg035,-0.57649124,12.4262495,-0.04639302,0.962997
ILMN_087,cg036,14.606987,13.359378,1.0933883,0.27422333
ILMN_087,cg037,-3.1568801,13.231296,-0.23859191,0.81142205
ILMN_087,cg038,-16.947493,14.067103,-1.2047607,0.22829568
ILMN_087,cg039,8.730891,14.203431,0.61470294,0.5387509
ILMN_087,cg040,6.342259,14.5239725,0.43667522,0.66234696
ILMN_087,cg041,3.0067608,14.32293,0.20992638,0.83372515
ILMN_087,cg042,-12.477627,12.686827,-0.98351043,0.3253563
ILMN_087,cg043,-27.767683,13.660326,-2.0327249,0.042080343
ILMN_087,cg044,3.1919472,13.665317,0.23358019,0.81531096
ILMN_087,cg045,-2.4704282,13.693985,-0.18040243,0.8568367
ILMN_087,cg046,-2.6615343,11.880211,-0.2240309,0.8227333
ILMN_087,cg047,-0.70880044,14.286008,-0.04961501,0.9604292
ILMN_087,cg048,-3.5413928,12.998079,-0.2724551,0.7852721
ILMN_087,cg049,5.1886597,13.655984,0.37995502,0.7039788
ILMN_087,cg050,-11.42751,12.725826,-0.8979779,0.3691973
ILMN_087,cg051,-7.81226,13.8568735,-0.56378233,0.57290226
ILMN_087,cg052,15.088738,12.925247,1.1673849,0.24305499
ILMN_087,cg053,-0.19040139,14.114726,-0.0134895565,0.9892372
ILMN_087,cg054,0.012353337,14.254714,0.00086661417,0.9993085
ILMN_087,cg055,2.7978196,12.507063,0.22369917,0.8229914
ILMN_087,cg056,-4.569534,14.713583,-0.31056568,0.7561308
ILMN_087,cg057,21.617857,15.964803,1.3540949,0.17570609
ILMN_087,cg058,15.48044,12.49323,1.2391063,0.21530616
ILMN_087,cg059,-22.80108,12.379997,-1.8417678,0.06550914
ILMN_087,cg060,-11.533556,12.995111,-0.8875304,0.3747934
ILMN_087,cg061,7.5838203,12.769155,0.5939172,0.5525675
ILMN_087,cg062,-14.109919,13.89797,-1.0152503,0.30998653
ILMN_087,cg063,30.467136,12.794114,2.38134,0.017249763
ILMN_087,cg064,-23.683441,13.035447,-1.8168491,0.06924021
ILMN_087,cg065,6.3912363,14.08202,0.45385793,0.6499311
ILMN_087,cg066,-3.4992187,14.128776,-0.24766609,0.80439276
ILMN_087,cg067,7.947812,12.960569,0.61323017,0.5397242
ILMN_087,cg068,7.572431,12.733786,0.59467244,0.55206245
ILMN_087,cg069,-17.975803,13.429025,-1.3385785,0.18070793
ILMN_087,cg070,19.8881,12.968983,1.5335127,0.12514955
ILMN_087,cg071,-1.9262576,12.846574,-0.14994329,0.88080937
ILMN_087,cg072,-6.1585503,14.087009,-0.4371794,0.6619812
ILMN_087,cg073,-10.794143,12.541835,-0.860651,0.38943028
ILMN_087,cg074,2.4456174,15.645434,0.15631509,0.87578464
ILMN_087,cg075,16.377653,13.577,1.2062793,0.22770983
ILMN_087,cg076,-21.088326,15.890502,-1.3271025,0.18447477
ILMN_087,cg077,27.17875,13.005258,2.0898278,0.036633253
ILMN_087,cg078,-10.433513,14.510467,-0.7190336,0.47212023
ILMN_087,cg079,0.926791,13.252962,0.06993086,0.9442487
ILMN_087,cg080,7.761166,12.374758,0.62717724,0.5305431
ILMN_087,cg081,17.701572,14.049084,1.2599806,0.20767641
ILMN_087,cg082,14.410473,13.000971,1.1084151,0.2676826
ILMN_087,cg083,-8.285982,13.623695,-0.6082037,0.54305243
ILMN_087,cg084,2.0723794,14.524511,0.14268152,0.8865417
ILMN_087,cg085,-2.2532048,14.428872,-0.15615946,0.8759073
ILMN_087,cg086,-7.0119114,13.830324,-0.50699544,0.61215806
ILMN_087,cg087,-13.59154,13.019292,-1.0439539,0.2965067
ILMN_087,cg088,6.259343,12.945845,0.48350212,0.62873924
ILMN_087,cg089,4.1896143,14.322891,0.29251176,0.7698954
ILMN_087,cg090,-5.707325,15.830256,-0.3605327,0.7184488
ILMN_087,cg091,-10.454755,12.897955,-0.8105746,0.41761
ILMN_087,cg092,-7.1315603,12.995373,-0.5487769,0.58315855
ILMN_087,cg093,-3.145904,13.7622795,-0.22858888,0.8191885
ILMN_087,cg094,-7.8624783,14.830334,-0.5301619,0.59599966
ILMN_087,cg095,22.446865,13.915334,1.6131029,0.106722176
ILMN_087,cg096,-22.72876,12.43596,-1.8276643,0.06759995
ILMN_087,cg097,4.5305524,14.107718,0.32114,0.74810433
ILMN_087,cg098,4.8211184,12.98459,0.3712954,0.7104175
ILMN_087,cg099,-5.181592,13.125224,-0.39478123,0.69300437
ILMN_087,cg100,-10.829201,15.041076,-0.7199752,0.47154027
ILMN_088,cg001,-0.18944947,12.551381,-0.015093914,0.98795724
ILMN_088,cg002,6.967086,14.435663,0.4826301,0.6293584
ILMN_088,cg003,20.772371,13.50514,1.5381085,0.124022126
ILMN_088,cg004,48.05011,13.259928,3.6237082,0.00029039383
ILMN_088,cg005,-9.85114,13.860384,-0.71074075,0.4772449
ILMN_088,cg006,-8.864012,13.555955,-0.6538832,0.51318705
ILMN_088,cg007,25.673056,12.168259,2.109838,0.034872293
ILMN_088,cg008,-10.999937,13.585888,-0.80965906,0.41813612
ILMN_088,cg009,0.12644294,13.469391,0.009387428,0.99251
ILMN_088,cg010,22.051172,13.821892,1.5953802,0.110627234
ILMN_088,cg011,-8.274674,13.110584,-0.6311446,0.527946
ILMN_088,cg012,9.387144,14.418132,0.65106523,0.5150044
ILMN_088,cg013,0.9805458,13.424275,0.073042735,0.9417721
ILMN_088,cg014,6.167757,12.279358,0.5022866,0.61546594
ILMN_088,cg015,-22.657093,13.227219,-1.7129143,0.086728275
ILMN_088,cg016,8.781683,13.539504,0.6485971,0.5165988
ILMN_088,cg017,10.217801,12.869179,0.7939746,0.42721027
ILMN_088,cg018,10.408062,14.788795,0.70378023,0.48156965
ILMN_088,cg019,23.58338,11.648192,2.0246387,0.042904496
ILMN_088,cg020,-6.9640393,14.318328,-0.48637238,0.62670314
ILMN_088,cg021,-3.6249638,14.049813,-0.25800797,0.7964008
ILMN_088,cg022,0.71106136,13.641055,0.052126564,0.95842785
ILMN_088,cg023,14.509323,12.566501,1.1546032,0.24825293
ILMN_088,cg024,-2.8250225,12.861744,-0.21964537,0.8261473
ILMN_088,cg025,-10.407788,12.40018,-0.8393256,0.40128666
ILMN_088,cg026,17.780031,13.383318,1.328522,0.18400574
ILMN_088,cg027,11.023119,12.505228,0.8814809,0.3780576
ILMN_088,cg028,33.391872,14.155661,2.358906,0.018328905
ILMN_088,cg029,7.459216,15.746094,0.47371852,0.63570064
ILMN_088,cg030,5.7543526,12.985441,0.44313878,0.6576654
ILMN_088,cg031,-5.309617,13.887237,-0.3823379,0.7022108
ILMN_088,cg032,0.13899608,13.0984535,0.01061164,0.9915333
ILMN_088,cg033,-3.2732935,12.98907,-0.2520037,0.8010382
ILMN_088,cg034,7.563928,14.905438,0.50746095,0.6118314
ILMN_088,cg035,11.959377,12.101305,0.9882717,0.32301962
ILMN_088,cg036,-23.824612,12.845209,-1.8547469,0.06363237
ILMN_088,cg037,-0.86000293,13.028504,-0.066009335,0.9473704
ILMN_088,cg038,-9.487177,13.990551,-0.67811316,0.49769992
ILMN_088,cg039,-7.1928086,13.994923,-0.51395845,0.6072811
ILMN_088,cg040,3.6595209,14.312632,0.2556847,0.7981943
ILMN_088,cg041,22.598953,13.702808,1.6492206,0.0991025
ILMN_088,cg042,-16.738037,12.3721,-1.3528857,0.17609215
ILMN_088,cg043,7.693355,13.988158,0.5499906,0.5823258
ILMN_088,cg044,-9.245552,13.386939,-0.69063973,0.489792
ILMN_088,cg045,-29.320354,12.76923,-2.2961724,0.02166605
ILMN_088,cg046,-11.305959,11.578444,-0.9764662,0.32883352
ILMN_088,cg047,-2.5872967,14.054221,-0.18409392,0.8539398
ILMN_088,cg048,5.152144,12.779316,0.40316275,0.6868285
ILMN_088,cg049,12.742828,13.328308,0.95607245,0.33903563
ILMN_088,cg050,-9.412115,12.556466,-0.7495831,0.4535058
ILMN_088,cg051,-13.549844,13.537114,-1.0009403,0.31685567
ILMN_088,cg052,8.76971,12.841994,0.6828931,0.49467438
ILMN_088,cg053,18.945152,13.60673,1.3923368,0.16382045
ILMN_088,cg054,12.246877,13.911525,0.88034034,0.37867498
ILMN_088,cg055,-3.5658958,12.303808,-0.2898205,0.7719536
ILMN_088,cg056,-11.385651,14.397439,-0.7908108,0.42905438
ILMN_088,cg057,13.669259,15.893936,0.8600298,0.3897726
ILMN_088,cg058,14.372669,12.3172655,1.1668718,0.24326217
ILMN_088,cg059,-0.6392908,12.624163,-0.050640255,0.9596122
ILMN_088,cg060,-14.287977,12.72446,-1.122875,0.26149058
ILMN_088,cg061,15.320174,12.410466,1.234456,0.21703309
ILMN_088,cg062,-5.2683673,13.807703,-0.38155276,0.7027931
ILMN_088,cg063,3.454346,13.334646,0.25905043,0.79559636
ILMN_088,cg064,-25.42589,12.740543,-1.9956676,0.045970142
ILMN_088,cg065,3.9719198,13.876917,0.28622493,0.7747059
ILMN_088,cg066,0.023561323,13.913554,0.0016934079,0.9986489
ILMN_088,cg067,6.9634333,12.7654505,0.5454906,0.58541614
ILMN_088,cg068,20.303692,12.218144,1.6617656,0.09655976
ILMN_088,cg069,-25.51045,12.934805,-1.972233,0.04858303
ILMN_088,cg070,40.571224,11.637723,3.4861825,0.0004899502
ILMN_088,cg071,-12.245377,12.515996,-0.9783781,0.32788736
ILMN_088,cg072,14.224929,13.732718,1.0358422,0.3002758
ILMN_088,cg073,9.491244,12.362586,0.7677394,0.44264203
ILMN_088,cg074,22.57232,15.037041,1.5011146,0.13332593
ILMN_088,cg075,19.7904,13.253552,1.4932147,0.13538104
ILMN_088,cg076,-4.368471,15.921555,-0.27437466,0.7837967
ILMN_088,cg077,21.647331,13.006525,1.664344,0.096043706
ILMN_088,cg078,1.2990067,14.35866,0.09046852,0.9279149
ILMN_088,cg079,29.384392,12.302501,2.3884892,0.016917825
ILMN_088,cg080,11.087283,12.120351,0.91476583,0.3603146
ILMN_088,cg081,21.641132,13.695631,1.5801486,0.11407286
ILMN_088,cg082,0.89440763,12.963464,0.06899449,0.94499403
ILMN_088,cg083,-17.834433,13.201699,-1.3509195,0.17672122
ILMN_088,cg084,10.617977,14.210925,0.74717003,0.45496094
ILMN_088,cg085,-1.732644,14.201082,-0.122007884,0.90289277
ILMN_088,cg086,2.613998,13.64311,0.19159839,0.8480568
ILMN_088,cg087,-0.15998282,12.9633,-0.012341211,0.9901534
ILMN_088,cg088,11.120994,12.666796,0.87796426,0.37996316
ILMN_088,cg089,17.588282,13.868043,1.2682598,0.20470524
ILMN_088,cg090,8.583944,15.549307,0.5520468,0.5809163
ILMN_088,cg091,10.976683,12.680487,0.86563575,0.38668996
ILMN_088,cg092,-13.882202,12.666377,-1.0959884,0.27308387
ILMN_088,cg093,-0.97033715,13.550549,-0.0716087,0.9429133
ILMN_088,cg094,4.6716924,14.623006,0.31947553,0.7493659
ILMN_088,cg095,17.34008,13.842104,1.2527056,0.2103129
ILMN_088,cg096,0.06794062,12.674932,0.005360236,0.9957232
ILMN_088,cg097,10.298471,13.81593,0.74540555,0.4560266
ILMN_088,cg098,-12.953461,12.654097,-1.0236574,0.30599713
ILMN_088,cg099,-5.818063,12.910077,-0.4506606,0.6522342
ILMN_088,cg100,20.278402,14.58189,1.3906566,0.16432959
ILMN_089,cg001,9.802976,14.275118,0.6867177,0.49226063
ILMN_089,cg002,12.299091,16.444122,0.7479324,0.45450097
ILMN_089,cg003,-17.64008,15.615254,-1.1296697,0.25861543
ILMN_089,cg004,-34.94656,16.395325,-2.1314955,0.03304833
ILMN_089,cg005,21.249765,15.620089,1.3604126,0.17369938
ILMN_089,cg006,13.632503,15.437997,0.88304865,0.37721002
ILMN_089,cg007,-0.68367976,14.567255,-0.04693264,0.9625669
ILMN_089,cg008,11.003707,15.556561,0.7073354,0.47935808
ILMN_089,cg009,-13.358652,15.271009,-0.874772,0.38169795
ILMN_089,cg010,0.2109601,16.231665,0.012996825,0.98963034
ILMN_089,cg011,-9.686222,14.984166,-0.6464305,0.5180006
ILMN_089,cg012,-6.3998036,16.530897,-0.38714194,0.69865113
ILMN_089,cg013,-16.555685,15.151434,-1.092681,0.27453387
ILMN_089,cg014,-15.828242,13.880732,-1.1403031,0.25416005
ILMN_089,cg015,12.661418,15.483291,0.81774724,0.41350156
ILMN_089,cg016,19.346704,15.284346,1.2657856,0.20558989
ILMN_089,cg017,0.72359306,14.811436,0.048853673,0.9610359
ILMN_089,cg018,0.33930546,16.99646,0.019963302,0.9840726
ILMN_089,cg019,-22.99623,13.476231,-1.7064289,0.087928295
ILMN_089,cg020,8.217006,16.365196,0.5021025,0.61559546
ILMN_089,cg021,-9.641211,16.009626,-0.6022133,0.5470321
ILMN_089,cg022,25.123518,15.147842,1.6585542,0.09720564
ILMN_089,cg023,-47.41368,12.785659,-3.7083488,0.00020861626
ILMN_089,cg024,-16.897507,14.498058,-1.1655014,0.24381614
ILMN_089,cg025,-3.5722902,14.273642,-0.25027183,0.80237716
ILMN_089,cg026,2.5274117,15.585382,0.16216552,0.8711755
ILMN_089,cg027,-30.831688,13.680011,-2.2537766,0.024210215
ILMN_089,cg028,-5.755028,17.111774,-0.33631974,0.7366298
ILMN_089,cg029,10.1505995,17.981773,0.5644938,0.5724181
ILMN_089,cg030,1.5402408,14.874181,0.1035513,0.9175254
ILMN_089,cg031,24.696144,15.477808,1.595584,0.110581696
ILMN_089,cg032,29.848549,14.312118,2.0855439,0.037019968
ILMN_089,cg033,-9.696539,14.789718,-0.6556271,0.5120641
ILMN_089,cg034,1.3257296,17.085611,0.077593334,0.93815154
ILMN_089,cg035,7.4927893,13.935933,0.5376597,0.590812
ILMN_089,cg036,10.935765,15.137493,0.7224291,0.47003073
ILMN_089,cg037,14.106097,14.748267,0.9564579,0.33884096
ILMN_089,cg038,22.759556,15.718785,1.4479208,0.14763921
ILMN_089,cg039,11.542567,15.953601,0.7235086,0.4693675
ILMN_089,cg040,10.908463,16.29387,0.6694826,0.50318766
ILMN_089,cg041,-9.726639,16.056858,-0.60576224,0.5446726
ILMN_089,cg042,-18.074526,14.17339,-1.2752436,0.20222306
ILMN_089,cg043,-2.5880048,16.038467,-0.16136235,0.87180805
ILMN_089,cg044,34.712753,14.505937,2.3930032,0.016711116
ILMN_089,cg045,0.9919428,15.410261,0.064368986,0.9486764
ILMN_089,cg046,2.177401,13.368477,0.16287577,0.87061626
ILMN_089,cg047,3.1266842,16.065338,0.194623,0.8456881
ILMN_089,cg048,-12.676651,14.514571,-0.8733741,0.38245922
ILMN_089,cg049,-21.679638,15.051162,-1.4403963,0.1497553
ILMN_089,cg050,-3.7559743,14.430657,-0.26027742,0.7946498
ILMN_089,cg051,-6.2718444,15.615164,-0.40165088,0.68794096
ILMN_089,cg052,14.602555,14.596574,1.0004098,0.3171122
ILMN_089,cg053,0.44725886,15.878731,0.028167168,0.9775288
ILMN_089,cg054,23.592546,15.6545,1.5070776,0.13179076
ILMN_089,cg055,-11.403829,13.97712,-0.8158926,0.41456157
ILMN_089,cg056,-4.1234026,16.558725,-0.24901691,0.8033477
ILMN_089,cg057,-3.6686766,18.3066,-0.20040184,0.8411663
ILMN_089,cg058,-11.181127,14.19188,-0.7878538,0.43078226
ILMN_089,cg059,-14.354129,14.275642,-1.0054979,0.31465715
ILMN_089,cg060,-2.544932,14.73915,-0.17266476,0.8629149
ILMN_089,cg061,6.315346,14.389966,0.43887147,0.6607547
ILMN_089,cg062,-28.117828,15.255921,-1.8430763,0.06531787
ILMN_089,cg063,6.4350605,15.225037,0.42266306,0.67254114
ILMN_089,cg064,7.4735193,15.141672,0.49357292,0.62160784
ILMN_089,cg065,-1.413992,15.876103,-0.08906417,0.9290309
ILMN_089,cg066,19.33664,15.647621,1.2357558,0.21654934
ILMN_089,cg067,9.30167,14.575524,0.63817054,0.5233627
ILMN_089,cg068,1.1921761,14.379184,0.08290986,0.93392324
ILMN_089,cg069,5.2828374,15.379142,0.34350663,0.7312174
ILMN_089,cg070,-26.05283,14.456551,-1.802147,0.071522295
ILMN_089,cg071,-4.2754965,14.441965,-0.29604673,0.7671944
ILMN_089,cg072,-16.120848,15.701656,-1.0266973,0.30456305
ILMN_089,cg073,7.783244,14.176129,0.5490387,0.5829789
ILMN_089,cg074,0.92514807,17.605001,0.052550297,0.95809025
ILMN_089,cg075,21.986414,15.1711235,1.4492278,0.14727396
ILMN_089,cg076,-16.72762,18.047817,-0.92684996,0.35400444
ILMN_089,cg077,3.6768923,15.299892,0.24032144,0.81008106
ILMN_089,cg078,44.054863,15.075713,2.9222407,0.0034752488
ILMN_089,cg079,-12.200795,14.80124,-0.824309,0.409764
ILMN_089,cg080,-4.01838,13.968233,-0.2876799,0.77359176
ILMN_089,cg081,3.9283118,16.064968,0.24452658,0.806823
ILMN_089,cg082,-5.3302474,14.799054,-0.36017486,0.7187164
ILMN_089,cg083,24.13842,14.970702,1.6123773,0.10687989
ILMN_089,cg084,-8.225934,16.298388,-0.50470847,0.6137636
ILMN_089,cg085,1.4857923,16.235067,0.09151747,0.9270814
ILMN_089,cg086,-4.1522636,15.5902815,-0.26633668,0.78997993
ILMN_089,cg087,-9.393151,14.754118,-0.6366461,0.5243554
ILMN_089,cg088,-2.6704347,14.595511,-0.18296273,0.8548273
ILMN_089,cg089,-35.806194,15.239451,-2.3495724,0.018795013
ILMN_089,cg090,29.35331,17.300808,1.6966438,0.089764
ILMN_089,cg091,-23.36513,14.201369,-1.645273,0.09991354
ILMN_089,cg092,8.097111,14.618691,0.55388755,0.5796558
ILMN_089,cg093,-16.512136,15.298623,-1.0793217,0.28044432
ILMN_089,cg094,9.791692,16.672384,0.5873,0.55700225
ILMN_089,cg095,-30.453903,15.45202,-1.9708688,0.048738897
ILMN_089,cg096,5.1168666,14.469653,0.35362744,0.72361815
ILMN_089,cg097,5.303225,15.869481,0.33417758,0.7382456
ILMN_089,cg098,42.164074,13.242698,3.183949,0.0014528036
ILMN_089,cg099,-1.5895401,14.788796,-0.107482724,0.91440606
ILMN_089,cg100,3.399797,17.008648,0.19988638,0.8415694
ILMN_090,cg001,18.662699,12.403447,1.5046381,0.13241714
ILMN_090,cg002,-0.66338307,14.648936,-0.045285407,0.9638798
ILMN_090,cg003,-3.2076354,14.009551,-0.22896062,0.8188995
ILMN_090,cg004,13.268871,15.091561,0.87922454,0.37927955
ILMN_090,cg005,0.36915776,14.106715,0.026168939,0.9791226
ILMN_090,cg006,-21.056808,13.431313,-1.5677402,0.11694175
ILMN_090,cg007,0.5098032,12.899149,0.039522234,0.96847403
ILMN_090,cg008,11.115213,13.752479,0.80823344,0.41895622
ILMN_090,cg009,2.4492333,13.629448,0.17970158,0.8573868
ILMN_090,cg010,7.847242,14.326247,0.5477528,0.58386165
ILMN_090,cg011,0.8949171,13.327703,0.067147136,0.94646454
ILMN_090,cg012,-17.41886,14.434963,-1.2067131,0.22754264
ILMN_090,cg013,6.4854503,13.555655,0.47843137,0.6323432
ILMN_090,cg014,-5.351589,12.438661,-0.43023837,0.6670222
ILMN_090,cg015,-10.311378,13.725545,-0.7512545,0.4524995
ILMN_090,cg016,-12.083229,13.6519575,-0.8850913,0.3761074
ILMN_090,cg017,2.1455636,13.111801,0.16363607,0.87001765
ILMN_090,cg018,-11.903046,14.947469,-0.79632515,0.42584306
ILMN_090,cg019,-2.077958,12.301056,-0.16892518,0.8658555
ILMN_090,cg020,-7.5722384,14.487809,-0.52266276,0.601209
ILMN_090,cg021,-25.237413,13.736972,-1.837189,0.06618202
ILMN_090,cg022,-5.6122084,13.783574,-0.40716642,0.68388575
ILMN_090,cg023,23.900787,12.412745,1.9255037,0.054166377
ILMN_090,cg024,-18.857069,12.725777,-1.481801,0.13839322
ILMN_090,cg025,-26.687443,12.020005,-2.2202523,0.026401639
ILMN_090,cg026,3.9188733,13.79244,0.28413197,0.77630925
ILMN_090,cg027,17.626713,12.497346,1.4104365,0.15841085
ILMN_090,cg028,-11.972758,15.06775,-0.79459494,0.42684913
ILMN_090,cg029,-15.181187,15.820048,-0.95961696,0.33724803
ILMN_090,cg030,5.100099,13.150891,0.38781396,0.69815373
ILMN_090,cg031,-3.6602592,14.069148,-0.26016212,0.79473877
ILMN_090,cg032,-17.440525,13.007006,-1.3408563,0.1799671
ILMN_090,cg033,-25.22221,12.620598,-1.9984957,0.04566294
ILMN_090,cg034,-21.996141,14.778335,-1.4884046,0.13664418
ILMN_090,cg035,6.2050943,12.344892,0.5026447,0.6152141
ILMN_090,cg036,-22.065039,13.081342,-1.6867565,0.09165019
ILMN_090,cg037,27.274975,12.560489,2.17149,0.029894173
ILMN_090,cg038,7.4070215,14.190399,0.52197415,0.6016883
ILMN_090,cg039,14.51229,14.044739,1.0332901,0.30146813
ILMN_090,cg040,2.160763,14.494569,0.14907397,0.88149524
ILMN_090,cg041,-2.0920002,14.271343,-0.14658748,0.88345766
ILMN_090,cg042,-8.249113,12.712166,-0.6489148,0.5163934
ILMN_090,cg043,36.307003,13.158593,2.7591858,0.0057945848
ILMN_090,cg044,-11.713541,13.510894,-0.8669701,0.38595837
ILMN_090,cg045,-19.961987,13.324961,-1.4980897,0.13410997
ILMN_090,cg046,3.1636274,11.831783,0.2673838,0.78917366
ILMN_090,cg047,-14.99269,14.058714,-1.066434,0.28622746
ILMN_090,cg048,8.418041,12.898954,0.65261424,0.514005
ILMN_090,cg049,11.193286,13.52447,0.8276321,0.40787888
ILMN_090,cg050,-17.223995,12.532803,-1.3743131,0.16934454
ILMN_090,cg051,9.034494,13.786987,0.65529144,0.5122801
ILMN_090,cg052,-20.718418,12.702724,-1.6310216,0.10288572
ILMN_090,cg053,4.055224,14.04775,0.28867427,0.77283067
ILMN_090,cg054,4.3553405,14.185363,0.3070306,0.7588201
ILMN_090,cg055,10.347812,12.372018,0.83638835,0.40293646
ILMN_090,cg056,14.407013,14.517772,0.9923708,0.32101673
ILMN_090,cg057,-28.64567,15.6576185,-1.8295037,0.06732422
ILMN_090,cg058,-8.2574835,12.592454,-0.65574855,0.5119859
ILMN_090,cg059,7.2980204,12.733619,0.57313013,0.5665566
ILMN_090,cg060,1.0836145,13.05452,0.083006844,0.9338461
ILMN_090,cg061,6.843215,12.728794,0.5376169,0.59084153
ILMN_090,cg062,-4.7160983,13.981486,-0.33731022,0.73588306
ILMN_090,cg063,0.17318207,13.507642,0.012821044,0.9897706
ILMN_090,cg064,2.6760418,13.43736,0.19914937,0.8421459
ILMN_090,cg065,-18.269482,13.798771,-1.3239934,0.18550521
ILMN_090,cg066,3.1359925,14.076225,0.22278647,0.8237017
ILMN_090,cg067,6.7875743,12.924701,0.525163,0.5994699
ILMN_090,cg068,0.926063,12.732744,0.072730824,0.9420203
ILMN_090,cg069,14.217829,13.473319,1.055258,0.29130733
ILMN_090,cg070,-10.054889,13.161991,-0.7639337,0.44490677
ILMN_090,cg071,0.81170434,12.799733,0.06341572,0.9494355
ILMN_090,cg072,-27.40369,13.468973,-2.034579,0.041893244
ILMN_090,cg073,4.8388314,12.573563,0.3848417,0.7003547
ILMN_090,cg074,33.60294,14.781154,2.2733638,0.023004293
ILMN_090,cg075,-12.86358,13.60547,-0.9454712,0.34441835
ILMN_090,cg076,1.545186,16.12796,0.0958079,0.92367315
ILMN_090,cg077,-12.397493,13.432498,-0.9229477,0.35603446
ILMN_090,cg078,22.081175,14.166367,1.5587041,0.11906642
ILMN_090,cg079,7.353033,13.158105,0.55882156,0.5762835
ILMN_090,cg080,23.569645,11.8819895,1.9836446,0.04729545
ILMN_090,cg081,-3.0595012,14.227351,-0.21504362,0.8297333
ILMN_090,cg082,-7.436505,13.076892,-0.5686753,0.5695765
ILMN_090,cg083,6.6580024,13.590348,0.48990667,0.6242
ILMN_090,cg084,7.22168,14.432626,0.5003719,0.6168133
ILMN_090,cg085,-7.4302015,14.335389,-0.5183118,0.6042408
ILMN_090,cg086,32.178825,12.975349,2.479997,0.013138354
ILMN_090,cg087,15.208737,12.928933,1.1763335,0.2394616
ILMN_090,cg088,25.506397,12.369739,2.0619998,0.039207757
ILMN_090,cg089,11.322526,14.183157,0.7983079,0.42469186
ILMN_090,cg090,-5.3229065,15.772122,-0.3374883,0.7357488
ILMN_090,cg091,18.121407,12.660929,1.4312857,0.15234834
ILMN_090,cg092,0.31813127,12.987614,0.024494974,0.9804578
ILMN_090,cg093,19.28674,13.419138,1.4372562,0.1506452
ILMN_090,cg094,10.261344,14.740924,0.6961127,0.48635828
ILMN_090,cg095,-2.4442415,14.243929,-0.17159882,0.86375296
ILMN_090,cg096,12.858894,12.689181,1.0133746,0.31088132
ILMN_090,cg097,6.5949445,14.035562,0.46987393,0.6384451
ILMN_090,cg098,-25.69158,12.387797,-2.0739424,0.038084686
ILMN_090,cg099,-6.7653627,13.058834,-0.5180679,0.6044109
ILMN_090,cg100,18.487432,14.818798,1.2475662,0.21218997
ILMN_091,cg001,1.4720103,13.264445,0.110974126,0.9116369
ILMN_091,cg002,-17.741354,15.071039,-1.1771818,0.23912293
ILMN_091,cg003,14.810097,14.472921,1.023297,0.30616748
ILMN_091,cg004,-14.484004,15.745897,-0.91985893,0.35764647
ILMN_091,cg005,21.23545,14.39335,1.4753654,0.1401143
ILMN_091,cg006,-2.192321,14.390777,-0.1523421,0.8789171
ILMN_091,cg007,1.4305965,13.467517,0.10622571,0.91540325
ILMN_091,cg008,11.728013,14.357813,0.8168384,0.41402078
ILMN_091,cg009,-9.25622,14.170927,-0.6531838,0.5136378
ILMN_091,cg010,-6.4737816,14.977399,-0.4322367,0.6655694
ILMN_091,cg011,23.77088,13.468558,1.7649164,0.07757783
ILMN_091,cg012,-5.3268294,15.289144,-0.34840602,0.72753525
ILMN_091,cg013,-8.274729,14.137069,-0.58532137,0.55833167
ILMN_091,cg014,-19.978405,12.676472,-1.5760225,0.11502063
ILMN_091,cg015,31.628464,13.644588,2.3180225,0.020448089
ILMN_091,cg016,-14.411856,14.217962,-1.0136372,0.3107559
ILMN_091,cg017,-15.5890665,13.5007105,-1.1546849,0.24821949
ILMN_091,cg018,-7.4150124,15.676876,-0.47299042,0.63622004
ILMN_091,cg019,2.4172885,12.843467,0.18821153,0.8507108
ILMN_091,cg020,-12.423548,15.061651,-0.8248463,0.40945888
ILMN_091,cg021,11.945991,14.755947,0.80957127,0.41818666
ILMN_091,cg022,-4.5945625,14.402421,-0.3190132,0.7497165
ILMN_091,cg023,9.87865,13.394296,0.73752666,0.4608022
ILMN_091,cg024,6.2255983,13.570341,0.45876506,0.6464029
ILMN_091,cg025,15.755453,13.000438,1.2119172,0.2255441
ILMN_091,cg026,-3.9115021,14.4027815,-0.27157962,0.7859453
ILMN_091,cg027,-5.4420357,13.304397,-0.4090404,0.68251
ILMN_091,cg028,-11.00162,15.757672,-0.6981755,0.48506743
ILMN_091,cg029,-49.1699,15.025884,-3.2723465,0.0010665655
ILMN_091,cg030,19.053995,13.464263,1.4151533,0.15702355
ILMN_091,cg031,-2.998262,14.6947775,-0.20403588,0.8383255
ILMN_091,cg032,-1.902924,13.84159,-0.13747871,0.8906524
ILMN_091,cg033,-12.7350855,13.609354,-0.9357597,0.34939694
ILMN_091,cg034,-23.431528,15.415972,-1.5199515,0.12852317
ILMN_091,cg035,3.0545151,12.917704,0.23645961,0.813076
ILMN_091,cg036,18.67156,13.80341,1.3526775,0.17615867
ILMN_091,cg037,1.6558527,13.768971,0.120259725,0.90427744
ILMN_091,cg038,-35.74865,13.894919,-2.5727856,0.010088384
ILMN_091,cg039,9.847908,14.763119,0.6670615,0.50473285
ILMN_091,cg040,-5.734392,15.11486,-0.37938774,0.70439994
ILMN_091,cg041,-0.6511569,14.904918,-0.04368739,0.9651536
ILMN_091,cg042,-2.2414486,13.330218,-0.16814794,0.8664669
ILMN_091,cg043,-12.727231,14.714145,-0.86496574,0.3870576
ILMN_091,cg044,-9.943552,14.146734,-0.70288676,0.48212636
ILMN_091,cg045,7.4412546,14.206627,0.52378756,0.6004263
ILMN_091,cg046,13.027994,12.213899,1.0666533,0.28612846
ILMN_091,cg047,4.104893,14.847756,0.27646556,0.7821905
ILMN_091,cg048,-11.871546,13.417254,-0.884797,0.37626612
ILMN_091,cg049,-4.1153893,14.213692,-0.28953698,0.7721705
ILMN_091,cg050,-6.2270093,13.320766,-0.4674663,0.6401663
ILMN_091,cg051,-10.974886,14.372228,-0.7636176,0.44509518
ILMN_091,cg052,-6.040126,13.61288,-0.4437067,0.6572547
ILMN_091,cg053,-22.041407,14.31736,-1.5394882,0.12368518
ILMN_091,cg054,-3.9208186,14.8158655,-0.2646365,0.7912895
ILMN_091,cg055,11.235571,12.910535,0.87026376,0.3841563
ILMN_091,cg056,-7.741266,15.277895,-0.5066971,0.6123674
ILMN_091,cg057,-2.9441948,16.928059,-0.17392395,0.86192524
ILMN_091,cg058,5.797391,13.182325,0.43978515,0.6600927
ILMN_091,cg059,16.459536,13.120942,1.2544477,0.20967937
ILMN_091,cg060,10.110415,13.550446,0.7461316,0.45558792
ILMN_091,cg061,0.33280933,13.332662,0.024961958,0.9800853
ILMN_091,cg062,0.78418916,14.616674,0.053650312,0.95721376
ILMN_091,cg063,-22.539257,13.707239,-1.6443324,0.10010755
ILMN_091,cg064,19.416084,13.741954,1.4129057,0.15768349
ILMN_091,cg065,-2.8888104,14.674089,-0.19686471,0.8439334
ILMN_091,cg066,8.878397,14.647558,0.60613495,0.54442513
ILMN_091,cg067,-4.382271,13.520587,-0.32411838,0.7458484
ILMN_091,cg068,-3.5304866,13.285754,-0.26573476,0.7904435
ILMN_091,cg069,24.425785,13.774734,1.773231,0.07619041
ILMN_091,cg070,-8.063398,13.779104,-0.5851903,0.5584198
ILMN_091,cg071,29.739086,12.626006,2.3553834,0.018503606
ILMN_091,cg072,18.260887,14.434144,1.2651174,0.20582926
ILMN_091,cg073,-3.0164464,13.142566,-0.22951731,0.8184669
ILMN_091,cg074,15.049037,16.126093,0.9332104,0.35071135
ILMN_091,cg075,1.8191172,14.341326,0.12684442,0.8990635
ILMN_091,cg076,9.271681,16.786488,0.55233,0.5807223
ILMN_091,cg077,0.81126267,14.154613,0.057314366,0.9542948
ILMN_091,cg078,-5.961707,15.152267,-0.39345312,0.69398487
ILMN_091,cg079,-16.347609,13.573545,-1.2043728,0.22844553
ILMN_091,cg080,17.566196,12.664479,1.3870445,0.16542816
ILMN_091,cg081,-17.04636,14.649237,-1.1636347,0.2445721
ILMN_091,cg082,-10.336914,13.617423,-0.7590947,0.44779593
ILMN_091,cg083,0.29788858,14.227574,0.020937411,0.98329556
ILMN_091,cg084,-7.253792,15.073216,-0.48123714,0.63034797
ILMN_091,cg085,16.500319,14.8138275,1.1138457,0.2653454
ILMN_091,cg086,22.230001,14.048562,1.5823685,0.113565445
ILMN_091,cg087,-8.10034,13.649435,-0.59345603,0.552876
ILMN_091,cg088,-3.674033,13.48901,-0.27237234,0.7853358
ILMN_091,cg089,30.660578,14.210155,2.1576526,0.030954838
ILMN_091,cg090,-7.277493,16.454247,-0.4422866,0.6582818
ILMN_091,cg091,-3.8132262,13.499665,-0.2824682,0.77758455
ILMN_091,cg092,-1.675253,13.559153,-0.12355146,0.90167046
ILMN_091,cg093,-6.246438,14.293416,-0.43701506,0.66210043
ILMN_091,cg094,-48.420494,13.727462,-3.5272722,0.00041985512
ILMN_091,cg095,-1.625209,14.875951,-0.10925076,0.9130036
ILMN_091,cg096,-14.681507,13.2207365,-1.1104909,0.26678753
ILMN_091,cg097,-0.63559157,14.690382,-0.04326583,0.9654896
ILMN_091,cg098,-9.176907,13.458387,-0.68187267,0.4953195
ILMN_091,cg099,5.427421,13.651967,0.39755598,0.69095755
ILMN_091,cg100,-19.49807,15.468098,-1.2605344,0.20747668
ILMN_092,cg001,16.757545,14.88751,1.1256111,0.2603302
ILMN_092,cg002,-18.127182,17.194069,-1.0542694,0.29175955
ILMN_092,cg003,10.989534,16.57115,0.6631727,0.50722
ILMN_092,cg004,16.648989,17.90846,0.9296717,0.3525411
ILMN_092,cg005,-0.38470963,16.75614,-0.022959324,0.9816827
ILMN_092,cg006,29.96372,15.767282,1.9003732,0.057384133
ILMN_092,cg007,6.8489056,15.288699,0.44797176,0.6541736
ILMN_092,cg008,3.4630518,16.442999,0.2106095,0.833192
ILMN_092,cg009,-34.013165,15.3988495,-2.208812,0.027187705
ILMN_092,cg010,-1.5999032,17.07065,-0.093722455,0.9253296
ILMN_092,cg011,3.1793115,15.824627,0.2009091,0.84076965
ILMN_092,cg012,7.682274,17.378405,0.44205862,0.6584468
ILMN_092,cg013,1.2672095,16.140484,0.078511246,0.9374214
ILMN_092,cg014,-2.2218823,14.800848,-0.15011859,0.8806711
ILMN_092,cg015,-0.004978031,16.40306,-0.00030348182,0.9997579
ILMN_092,cg016,-8.932231,16.300325,-0.5479787,0.5837065
ILMN_092,cg017,-18.570946,15.336359,-1.2109097,0.22592998
ILMN_092,cg018,-14.255485,17.752735,-0.8030022,0.42197347
ILMN_092,cg019,-7.6442537,14.572339,-0.52457285,0.5998802
ILMN_092,cg020,19.02885,17.03024,1.1173567,0.26384187
ILMN_092,cg021,-23.119818,16.557703,-1.396318,0.16261876
ILMN_092,cg022,-10.79059,16.324411,-0.66100943,0.5086063
ILMN_092,cg023,1.317624,15.325429,0.08597632,0.93148524
ILMN_092,cg024,8.817337,15.417663,0.5718984,0.5673908
ILMN_092,cg025,18.003227,14.786676,1.2175304,0.2234025
ILMN_092,cg026,7.4695544,16.360155,0.4565699,0.6479802
ILMN_092,cg027,-2.9604566,15.1557865,-0.19533508,0.8451306
ILMN_092,cg028,15.541655,17.873758,0.8695236,0.38456082
ILMN_092,cg029,-13.119891,18.87954,-0.69492644,0.48710144
ILMN_092,cg030,16.810299,15.448726,1.088135,0.2765355
ILMN_092,cg031,12.152805,16.62751,0.73088545,0.4648491
ILMN_092,cg032,-17.39654,15.538618,-1.119568,0.2628979
ILMN_092,cg033,-6.5430818,15.598332,-0.41947317,0.6748704
ILMN_092,cg034,-5.5045605,17.953259,-0.3066051,0.75914395
ILMN_092,cg035,-3.086538,14.6965685,-0.2100176,0.8336539
ILMN_092,cg036,-26.371367,15.532192,-1.6978521,0.08953571
ILMN_092,cg037,2.6619508,15.660601,0.16997758,0.8650278
ILMN_092,cg038,23.712706,16.53987,1.4336694,0.15166664
ILMN_092,cg039,-24.081896,16.49721,-1.4597557,0.14435726
ILMN_092,cg040,-11.543094,17.13666,-0.67359066,0.5005716
ILMN_092,cg041,-25.55641,16.53162,-1.5459108,0.1221261
ILMN_092,cg042,-12.440792,15.057289,-0.8262305,0.40867335
ILMN_092,cg043,47.29434,15.365567,3.0779428,0.0020843744
ILMN_092,cg044,22.12506,15.846684,1.3961948,0.16265583
ILMN_092,cg045,17.2337,16.008633,1.0765254,0.28169233
ILMN_092,cg046,4.247061,14.050894,0.30226266,0.7624518
ILMN_092,cg047,-4.0520186,16.893703,-0.23985378,0.81044364
ILMN_092,cg048,6.326113,15.363998,0.41174915,0.6805233
ILMN_092,cg049,33.652195,15.404303,2.184597,0.028918386
ILMN_092,cg050,11.264311,15.098071,0.74607617,0.45562142
ILMN_092,cg051,11.4250555,16.366129,0.6980915,0.48512
ILMN_092,cg052,-16.92398,15.316666,-1.104939,0.26918602
ILMN_092,cg053,-13.706028,16.578466,-0.8267368,0.40838623
ILMN_092,cg054,-3.7474957,16.857733,-0.22230129,0.8240794
ILMN_092,cg055,-0.16300634,14.806918,-0.011008795,0.9912164
ILMN_092,cg056,-6.6638055,17.400265,-0.3829715,0.7017409
ILMN_092,cg057,28.207531,18.808714,1.4997054,0.13369071
ILMN_092,cg058,-18.144817,14.787141,-1.2270674,0.21979731
ILMN_092,cg059,10.532914,15.099385,0.6975724,0.48544466
ILMN_092,cg060,1.7824062,15.505238,0.114955105,0.9084807
ILMN_092,cg061,-1.5324035,15.165145,-0.10104773,0.91951257
ILMN_092,cg062,35.223267,15.79606,2.2298768,0.025755644
ILMN_092,cg063,-18.07029,15.821792,-1.142114,0.25340664
ILMN_092,cg064,-7.4315248,15.930285,-0.46650293,0.64085555
ILMN_092,cg065,19.157875,16.45909,1.1639693,0.24443644
ILMN_092,cg066,9.0542145,16.67556,0.54296315,0.5871552
ILMN_092,cg067,-25.336094,14.938051,-1.6960776,0.08987123
ILMN_092,cg068,18.589756,14.874539,1.2497702,0.21138352
ILMN_092,cg069,13.759393,16.06875,0.8562827,0.3918414
ILMN_092,cg070,13.954917,15.597695,0.8946781,0.37095916
ILMN_092,cg071,14.506812,15.053129,0.9637074,0.33519268
ILMN_092,cg072,22.993235,16.355276,1.4058604,0.1597656
ILMN_092,cg073,5.5650706,14.936518,0.37258154,0.7094599
ILMN_092,cg074,-7.430096,18.484827,-0.4019565,0.68771607
ILMN_092,cg075,-16.471432,16.135252,-1.0208352,0.30733258
ILMN_092,cg076,25.323906,18.791525,1.3476238,0.17777944
ILMN_092,cg077,27.716696,15.575122,1.7795492,0.075149775
ILMN_092,cg078,4.412106,17.253359,0.25572446,0.7981636
ILMN_092,cg079,-12.711179,15.569911,-0.8163938,0.41427493
ILMN_092,cg080,-11.126295,14.613017,-0.76139617,0.4464205
ILMN_092,cg081,-21.128567,16.618431,-1.2713935,0.20358872
ILMN_092,cg082,-10.786034,15.506042,-0.695602,0.48667812
ILMN_092,cg083,28.041578,15.647822,1.7920434,0.07312602
ILMN_092,cg084,-3.8298144,17.180546,-0.22291575,0.82360107
ILMN_092,cg085,-23.838879,16.711754,-1.4264737,0.15373164
ILMN_092,cg086,-7.1679215,16.37622,-0.43770304,0.66160154
ILMN_092,cg087,-8.328018,15.537958,-0.5359789,0.5919731
ILMN_092,cg088,-23.116941,14.973931,-1.5438124,0.122633755
ILMN_092,cg089,-12.610943,16.860994,-0.7479359,0.45449883
ILMN_092,cg090,-1.7462949,18.755713,-0.09310736,0.92581826
ILMN_092,cg091,22.171465,15.018354,1.4762912,0.13986576
ILMN_092,cg092,-18.724606,15.177888,-1.2336767,0.21732342
ILMN_092,cg093,13.536037,16.170668,0.8370735,0.40255123
ILMN_092,cg094,31.930502,16.960114,1.8826821,0.059743464
ILMN_092,cg095,-20.882101,16.642096,-1.2547759,0.20956016
ILMN_092,cg096,40.606968,14.014316,2.8975348,0.003761053
ILMN_092,cg097,-20.771938,16.428518,-1.264383,0.2060926
ILMN_092,cg098,12.807654,15.270608,0.8387128,0.40163052
ILMN_092,cg099,-11.204293,15.468651,-0.7243226,0.46886772
ILMN_092,cg100,-0.14536653,17.897223,-0.008122296,0.9935194
ILMN_093,cg001,-5.7509246,14.371339,-0.40016624,0.6890341
ILMN_093,cg002,-3.0280643,16.59341,-0.18248595,0.85520136
ILMN_093,cg003,18.690807,15.642693,1.1948587,0.23214227
ILMN_093,cg004,29.421455,16.689121,1.7629122,0.07791531
ILMN_093,cg005,-19.36814,15.72761,-1.2314738,0.21814573
ILMN_093,cg006,11.317858,15.531236,0.72871584,0.4661755
ILMN_093,cg007,-3.7371867,14.606179,-0.2558634,0.7980563
ILMN_093,cg008,3.676471,15.684142,0.23440689,0.81466913
ILMN_093,cg009,3.2126346,15.441998,0.20804527,0.83519363
ILMN_093,cg010,13.847574,16.157766,0.8570228,0.3914323
ILMN_093,cg011,-0.5194332,15.102471,-0.03439392,0.972563
ILMN_093,cg012,-2.4161053,16.60964,-0.14546403,0.8843445
ILMN_093,cg013,-18.49068,15.155121,-1.2200946,0.22242904
ILMN_093,cg014,26.794666,13.559037,1.9761481,0.048138022
ILMN_093,cg015,-13.167526,15.526941,-0.8480438,0.39641356
ILMN_093,cg016,-9.596593,15.536213,-0.6176919,0.53677845
ILMN_093,cg017,5.602444,14.838632,0.377558,0.7057589
ILMN_093,cg018,-9.162357,17.000072,-0.5389599,0.58991456
ILMN_093,cg019,-0.8009593,13.9424305,-0.05744761,0.95418864
ILMN_093,cg020,21.963629,16.14354,1.3605213,0.17366505
ILMN_093,cg021,13.6502075,16.000557,0.8531083,0.39359927
ILMN_093,cg022,11.139388,15.560163,0.7158915,0.4740584
ILMN_093,cg023,-1.1224236,14.620068,-0.07677281,0.93880427
ILMN_093,cg024,4.5182276,14.74497,0.306425,0.7592811
ILMN_093,cg025,33.61817,13.44689,2.5000703,0.01241684
ILMN_093,cg026,-0.59728134,15.641991,-0.038184483,0.9695406
ILMN_093,cg027,-1.8675151,14.461371,-0.12913817,0.8972483
ILMN_093,cg028,4.798006,17.175823,0.2793465,0.77997893
ILMN_093,cg029,-7.515956,18.070652,-0.4159206,0.6774681
ILMN_093,cg030,-11.71638,14.825611,-0.79027975,0.42936444
ILMN_093,cg031,-42.15248,14.693431,-2.8687978,0.00412035
ILMN_093,cg032,14.751491,14.865531,0.9923285,0.3210373
ILMN_093,cg033,7.52448,14.867265,0.50611055,0.612779
ILMN_093,cg034,39.883324,16.104109,2.476593,0.013264298
ILMN_093,cg035,15.117398,13.8484125,1.091634,0.27499402
ILMN_093,cg036,6.488145,15.2443075,0.425611,0.6703913
ILMN_093,cg037,-4.3039384,14.930781,-0.28825942,0.7731482
ILMN_093,cg038,5.469408,16.106838,0.33957055,0.73418
ILMN_093,cg039,4.0210867,16.087124,0.24995685,0.8026207
ILMN_093,cg040,-15.813399,16.2618,-0.9724261,0.33083862
ILMN_093,cg041,19.698069,15.91208,1.2379317,0.2157414
ILMN_093,cg042,21.763897,14.109938,1.5424516,0.122963905
ILMN_093,cg043,-3.8750384,16.086786,-0.24088332,0.80964553
ILMN_093,cg044,-1.0308373,15.433326,-0.06679294,0.9467465
ILMN_093,cg045,15.836073,15.285452,1.0360225,0.30019164
ILMN_093,cg046,18.956251,13.122944,1.4445121,0.14859498
ILMN_093,cg047,23.169016,15.759994,1.4701158,0.1415304
ILMN_093,cg048,18.935057,14.415758,1.3134971,0.18901551
ILMN_093,cg049,12.176323,15.333824,0.7940826,0.4271474
ILMN_093,cg050,6.4966187,14.458124,0.44934037,0.65318614
ILMN_093,cg051,2.4278414,15.691016,0.15472811,0.8770357
ILMN_093,cg052,29.010624,14.1727,2.046937,0.040664256
ILMN_093,cg053,25.184055,15.493498,1.6254597,0.10406464
ILMN_093,cg054,-28.598135,15.527904,-1.8417255,0.06551534
ILMN_093,cg055,-13.04441,13.993661,-0.9321656,0.35125095
ILMN_093,cg056,-2.6817107,16.620876,-0.16134593,0.8718209
ILMN_093,cg057,11.892333,18.292305,0.65012765,0.51560974
ILMN_093,cg058,-15.671347,14.147893,-1.1076806,0.26799983
ILMN_093,cg059,-13.658681,14.339455,-0.9525244,0.3408311
ILMN_093,cg060,-31.950935,14.023356,-2.2784085,0.022702277
ILMN_093,cg061,1.2411206,14.467373,0.08578756,0.9316353
ILMN_093,cg062,0.5551916,15.862113,0.03500111,0.97207886
ILMN_093,cg063,5.909169,15.281028,0.38669974,0.69897854
ILMN_093,cg064,5.582179,15.21049,0.36699533,0.7136225
ILMN_093,cg065,25.179321,15.492226,1.6252875,0.1041013
ILMN_093,cg066,36.78983,15.008538,2.45126,0.014235735
ILMN_093,cg067,-1.1252582,14.688174,-0.076609805,0.93893397
ILMN_093,cg068,-7.873363,14.381819,-0.5474525,0.58406794
ILMN_093,cg069,-31.466719,14.737581,-2.1351345,0.03275001
ILMN_093,cg070,-9.422164,14.94403,-0.63049686,0.52836955
ILMN_093,cg071,-13.583238,14.365372,-0.9455542,0.34437603
ILMN_093,cg072,7.2647343,15.897877,0.45696256,0.647698
ILMN_093,cg073,-21.601725,13.9103365,-1.5529261,0.12044078
ILMN_093,cg074,-0.3517274,17.66463,-0.019911392,0.98411405
ILMN_093,cg075,-14.732219,15.413442,-0.95580333,0.33917165
ILMN_093,cg076,19.963137,18.038216,1.1067135,0.26841778
ILMN_093,cg077,0.26409203,15.360904,0.01719248,0.98628306
ILMN_093,cg078,-4.8637767,16.45507,-0.2955792,0.7675515
ILMN_093,cg079,-1.8369745,14.95782,-0.12281031,0.9022573
ILMN_093,cg080,-15.483034,13.840787,-1.1186527,0.26328832
ILMN_093,cg081,-1.3925418,16.128132,-0.08634241,0.93119425
ILMN_093,cg082,-2.217931,14.866124,-0.14919363,0.8814008
ILMN_093,cg083,-12.762207,15.324563,-0.8327942,0.4049608
ILMN_093,cg084,14.318923,16.261913,0.880519,0.37857825
ILMN_093,cg085,6.791789,16.260313,0.41769117,0.676173
ILMN_093,cg086,-8.633681,15.602899,-0.5533383,0.5800318
ILMN_093,cg087,4.2390676,14.855644,0.28535065,0.7753755
ILMN_093,cg088,-5.6374903,14.6263,-0.38543516,0.69991505
ILMN_093,cg089,23.272615,15.814219,1.4716259,0.14112192
ILMN_093,cg090,-0.2109894,17.893839,-0.011791176,0.99059224
ILMN_093,cg091,-9.553253,14.594549,-0.6545768,0.51274025
ILMN_093,cg092,9.777682,14.645879,0.6676064,0.5043849
ILMN_093,cg093,-13.331959,15.418398,-0.8646786,0.3872152
ILMN_093,cg094,-18.094843,16.577715,-1.0915161,0.2750458
ILMN_093,cg095,-2.065108,16.142414,-0.12793055,0.8982039
ILMN_093,cg096,24.969728,14.064128,1.7754196,0.07582861
ILMN_093,cg097,5.9029994,15.918361,0.3708296,0.71076447
ILMN_093,cg098,22.459675,14.3000765,1.5705982,0.116275966
ILMN_093,cg099,41.497192,13.520406,3.0692267,0.0021461248
ILMN_093,cg100,-25.331366,16.6597,-1.5205175,0.12838095
ILMN_094,cg001,-9.426876,13.599477,-0.6931793,0.48819703
ILMN_094,cg002,-47.88073,14.092968,-3.3974907,0.000680089
ILMN_094,cg003,-11.663374,14.984213,-0.7783775,0.43634653
ILMN_094,cg004,-12.714105,16.266418,-0.78161675,0.43443984
ILMN_094,cg005,13.505604,15.047457,0.897534,0.36943406
ILMN_094,cg006,-6.449199,14.80236,-0.43568724,0.66306365
ILMN_094,cg007,-7.1447206,13.839415,-0.5162589,0.6056736
ILMN_094,cg008,16.24794,14.708258,1.1046815,0.26929766
ILMN_094,cg009,5.2110972,14.650012,0.355706,0.72206074
ILMN_094,cg010,2.33131,15.46111,0.15078542,0.880145
ILMN_094,cg011,4.014734,14.32881,0.28018615,0.7793347
ILMN_094,cg012,15.935833,15.599678,1.0215489,0.3069945
ILMN_094,cg013,23.281977,14.213183,1.6380551,0.10141021
ILMN_094,cg014,9.48113,13.33758,0.71085835,0.47717202
ILMN_094,cg015,5.8975563,14.833254,0.3975902,0.6909323
ILMN_094,cg016,3.2200084,14.80616,0.21747762,0.82783616
ILMN_094,cg017,2.9375105,14.10548,0.20825313,0.83503133
ILMN_094,cg018,-1.6469578,16.191818,-0.10171543,0.91898257
ILMN_094,cg019,-24.19001,12.750336,-1.8972057,0.05780083
ILMN_094,cg020,-7.6877217,15.593654,-0.49300325,0.6220103
ILMN_094,cg021,-7.51261,15.273251,-0.49188024,0.62280405
ILMN_094,cg022,-14.444715,14.704102,-0.9823595,0.3259228
ILMN_094,cg023,11.666711,13.776688,0.84684443,0.39708185
ILMN_094,cg024,-4.1590395,14.002236,-0.2970268,0.76644605
ILMN_094,cg025,-5.1264644,13.587621,-0.37728932,0.7059586
ILMN_094,cg026,-5.6976976,14.829618,-0.38421068,0.70082235
ILMN_094,cg027,-5.2225013,13.712967,-0.380844,0.703319
ILMN_094,cg028,-10.527955,16.249495,-0.6478943,0.51705337
ILMN_094,cg029,22.559143,16.86674,1.3374928,0.1810618
ILMN_094,cg030,14.216736,14.017335,1.0142254,0.31047523
ILMN_094,cg031,-4.552678,15.134361,-0.30081734,0.7635538
ILMN_094,cg032,-21.21294,13.919071,-1.5240198,0.12750375
ILMN_094,cg033,1.3337408,14.155388,0.09422143,0.92493325
ILMN_094,cg034,-20.434603,15.998342,-1.2772951,0.20149809
ILMN_094,cg035,-4.8591514,13.29999,-0.36535,0.7148502
ILMN_094,cg036,-5.933455,14.477595,-0.40983704,0.6819255
ILMN_094,cg037,-6.073716,14.162331,-0.42886418,0.6680221
ILMN_094,cg038,4.9768667,15.29613,0.3253677,0.74490285
ILMN_094,cg039,-13.223021,15.161375,-0.8721518,0.38312554
ILMN_094,cg040,2.091521,15.596569,0.13410136,0.8933224
ILMN_094,cg041,-4.936262,15.341998,-0.32174832,0.74764335
ILMN_094,cg042,5.9780564,13.712187,0.43596667,0.66286093
ILMN_094,cg043,21.362944,14.957097,1.4282814,0.15321088
ILMN_094,cg044,9.099435,14.59419,0.62349707,0.5329579
ILMN_094,cg045,12.194741,14.572457,0.8368349,0.4026854
ILMN_094,cg046,-23.98028,12.240211,-1.9591395,0.050096452
ILMN_094,cg047,-6.082571,15.28645,-0.39790604,0.69069946
ILMN_094,cg048,1.0960295,13.942171,0.07861254,0.9373408
ILMN_094,cg049,11.973737,14.553301,0.82275057,0.41064984
ILMN_094,cg050,5.777731,13.732696,0.4207281,0.67395365
ILMN_094,cg051,44.047993,13.414102,3.283708,0.0010244846
ILMN_094,cg052,-1.738848,14.055186,-0.12371575,0.90154034
ILMN_094,cg053,-10.378613,15.051179,-0.68955487,0.49047416
ILMN_094,cg054,-16.60432,15.081369,-1.1009823,0.27090436
ILMN_094,cg055,8.477916,13.354498,0.63483596,0.52553546
ILMN_094,cg056,-0.31649342,15.787075,-0.02004763,0.9840054
ILMN_094,cg057,28.771458,16.92593,1.699845,0.089160085
ILMN_094,cg058,-21.850857,13.225649,-1.6521577,0.0985024
ILMN_094,cg059,-9.843312,13.673129,-0.7199019,0.4715854
ILMN_094,cg060,25.938828,13.516807,1.9190056,0.054983616
ILMN_094,cg061,12.237986,13.619871,0.898539,0.36889827
ILMN_094,cg062,8.655918,15.008213,0.5767454,0.5641115
ILMN_094,cg063,1.857434,14.531384,0.12782224,0.8982897
ILMN_094,cg064,6.1146097,14.436425,0.42355427,0.6718909
ILMN_094,cg065,3.748788,15.117338,0.24797937,0.80415034
ILMN_094,cg066,5.3111854,15.133643,0.3509522,0.7256242
ILMN_094,cg067,-3.6507528,13.937944,-0.26192906,0.79337615
ILMN_094,cg068,-6.9783525,13.662264,-0.5107757,0.60950816
ILMN_094,cg069,2.9080844,14.665165,0.19829878,0.84281135
ILMN_094,cg070,-14.899583,14.081246,-1.0581154,0.29000288
ILMN_094,cg071,1.5192038,13.771025,0.11031886,0.9121565
ILMN_094,cg072,-3.755405,15.120231,-0.24836956,0.8038485
ILMN_094,cg073,10.03995,13.469551,0.74538124,0.45604128
ILMN_094,cg074,21.670963,16.466732,1.3160452,0.18815887
ILMN_094,cg075,-0.26914287,14.780704,-0.01820907,0.9854721
ILMN_094,cg076,47.344925,15.889294,2.9796746,0.0028855205
ILMN_094,cg077,27.397314,14.015786,1.9547468,0.050612986
ILMN_094,cg078,-6.6998496,15.608839,-0.42923433,0.6677527
ILMN_094,cg079,-14.727706,14.038876,-1.049066,0.2941478
ILMN_094,cg080,6.587568,13.2849,0.49586883,0.61998695
ILMN_094,cg081,1.7779362,15.313781,0.11610041,0.907573
ILMN_094,cg082,2.6589139,14.11439,0.18838319,0.8505763
ILMN_094,cg083,9.605677,14.59246,0.658263,0.5103692
ILMN_094,cg084,-26.368767,15.0782385,-1.7487962,0.08032626
ILMN_094,cg085,0.6568898,15.46925,0.04246423,0.96612865
ILMN_094,cg086,14.736164,14.705625,1.0020767,0.31630653
ILMN_094,cg087,15.301761,13.937525,1.0978823,0.2722559
ILMN_094,cg088,0.37129402,13.91099,0.026690697,0.9787064
ILMN_094,cg089,-27.655012,14.815256,-1.8666577,0.061949432
ILMN_094,cg090,-18.994822,16.759073,-1.1334052,0.25704414
ILMN_094,cg091,20.226765,13.599784,1.4872857,0.13693935
ILMN_094,cg092,2.544687,13.969454,0.18216081,0.85545653
ILMN_094,cg093,28.727964,14.138497,2.0318966,0.042164147
ILMN_094,cg094,40.577667,14.779191,2.7455945,0.006040156
ILMN_094,cg095,-10.94113,15.245964,-0.71764106,0.47297865
ILMN_094,cg096,15.305697,13.619152,1.1238363,0.26108247
ILMN_094,cg097,-23.86623,14.723506,-1.6209611,0.10502601
ILMN_094,cg098,3.6250212,13.928,0.2602686,0.79465663
ILMN_094,cg099,-9.719098,14.018913,-0.6932847,0.48813093
ILMN_094,cg100,4.4074106,16.19919,0.27207598,0.7855636
ILMN_095,cg001,-10.080767,13.83036,-0.7288868,0.46607095
ILMN_095,cg002,-28.731981,15.469075,-1.8573819,0.06325686
ILMN_095,cg003,-15.63987,15.172777,-1.030785,0.3026417
ILMN_095,cg004,-18.175182,16.44424,-1.1052613,0.26904637
ILMN_095,cg005,-1.5497582,15.443077,-0.10035294,0.92006415
ILMN_095,cg006,16.089653,14.90533,1.0794563,0.28038436
ILMN_095,cg007,-7.19718,14.0828705,-0.51105917,0.6093097
ILMN_095,cg008,-0.22283722,15.163317,-0.01469581,0.9882749
ILMN_095,cg009,15.09417,14.760523,1.022604,0.30649513
ILMN_095,cg010,-2.2540786,15.732564,-0.14327471,0.88607323
ILMN_095,cg011,7.8400803,14.546613,0.5389626,0.58991265
ILMN_095,cg012,18.884657,15.808895,1.194559,0.2322594
ILMN_095,cg013,-12.655127,14.760737,-0.8573506,0.39125115
ILMN_095,cg014,0.9994516,13.644969,0.073246896,0.9416096
ILMN_095,cg015,-22.203175,14.760564,-1.5042226,0.13252407
ILMN_095,cg016,25.21486,14.607835,1.7261189,0.08432603
ILMN_095,cg017,-15.21179,14.183312,-1.0725132,0.28348958
ILMN_095,cg018,-5.603567,16.456833,-0.34050095,0.73347926
ILMN_095,cg019,13.6434145,13.320882,1.0242126,0.30573487
ILMN_095,cg020,13.995476,15.774523,0.8872202,0.37496036
ILMN_095,cg021,-1.301351,15.580668,-0.08352344,0.9334353
ILMN_095,cg022,-20.731125,14.805805,-1.4002025,0.16145271
ILMN_095,cg023,12.145985,14.013112,0.8667585,0.3860743
ILMN_095,cg024,17.206402,14.03393,1.2260573,0.22017711
ILMN_095,cg025,12.088407,13.73204,0.88030666,0.37869322
ILMN_095,cg026,-16.941208,14.905978,-1.1365378,0.25573158
ILMN_095,cg027,-19.003824,13.691607,-1.3879907,0.16513985
ILMN_095,cg028,1.3933342,16.608395,0.083893366,0.93314123
ILMN_095,cg029,34.876694,16.720097,2.0859146,0.03698635
ILMN_095,cg030,-1.1577352,14.420683,-0.08028297,0.9360122
ILMN_095,cg031,17.40712,15.199686,1.1452289,0.25211436
ILMN_095,cg032,42.185886,13.116178,3.2163248,0.0012984276
ILMN_095,cg033,3.8484735,14.393783,0.26737055,0.78918386
ILMN_095,cg034,-20.703913,16.2813,-1.2716376,0.20350194
ILMN_095,cg035,5.294791,13.530293,0.39132863,0.6955543
ILMN_095,cg036,-0.7047506,14.757935,-0.047754012,0.9619123
ILMN_095,cg037,-4.501231,14.424155,-0.31206203,0.7549934
ILMN_095,cg038,12.048304,15.480624,0.7782828,0.43640232
ILMN_095,cg039,-19.715708,15.280173,-1.2902803,0.19695336
ILMN_095,cg040,-5.1721497,15.854794,-0.32621992,0.744258
ILMN_095,cg041,-0.40348774,15.62843,-0.025817547,0.97940284
ILMN_095,cg042,-1.6677208,13.979235,-0.119299866,0.90503776
ILMN_095,cg043,-18.559593,15.310525,-1.2122114,0.2254315
ILMN_095,cg044,9.630089,14.844934,0.6487121,0.5165245
ILMN_095,cg045,-1.2074168,14.939336,-0.08082131,0.93558407
ILMN_095,cg046,-1.4231592,12.962321,-0.109792,0.91257435
ILMN_095,cg047,-3.1094537,15.574464,-0.19965076,0.8417537
ILMN_095,cg048,1.8984466,14.184809,0.1338366,0.8935318
ILMN_095,cg049,26.922539,14.379169,1.8723292,0.06116104
ILMN_095,cg050,-4.5704284,13.984101,-0.32683033,0.7437962
ILMN_095,cg051,-28.581688,14.567597,-1.9620043,0.04976201
ILMN_095,cg052,-0.07532948,14.3039875,-0.0052663274,0.9957981
ILMN_095,cg053,-9.298261,15.33285,-0.60642743,0.54423094
ILMN_095,cg054,-0.19330579,15.546637,-0.01243393,0.9900794
ILMN_095,cg055,-4.9320955,13.628649,-0.36189175,0.717433
ILMN_095,cg056,-13.40863,15.941818,-0.84109795,0.40029305
ILMN_095,cg057,-0.6667957,17.755098,-0.037555166,0.97004235
ILMN_095,cg058,7.5464377,13.806297,0.5465939,0.5846578
ILMN_095,cg059,-3.8887038,13.9792595,-0.27817667,0.78087676
ILMN_095,cg060,-0.8042736,14.2932415,-0.056269504,0.9551271
ILMN_095,cg061,2.7153986,13.974023,0.1943176,0.84592724
ILMN_095,cg062,-3.2211685,15.319105,-0.21027133,0.8334559
ILMN_095,cg063,-16.473879,14.5879545,-1.1292796,0.25877988
ILMN_095,cg064,16.744549,14.509612,1.1540315,0.2484873
ILMN_095,cg065,-9.828917,15.324296,-0.6413943,0.5212665
ILMN_095,cg066,4.601405,15.404648,0.2987024,0.7651671
ILMN_095,cg067,24.250648,13.735116,1.7655947,0.077463865
ILMN_095,cg068,-5.8660245,13.914314,-0.421582,0.6733302
ILMN_095,cg069,12.649697,14.811698,0.85403425,0.39308602
ILMN_095,cg070,-3.3766205,14.492901,-0.23298445,0.8157735
ILMN_095,cg071,6.6053014,13.980442,0.47246727,0.63659334
ILMN_095,cg072,8.721457,15.341847,0.568475,0.56971246
ILMN_095,cg073,-3.6380365,13.777793,-0.26405075,0.79174083
ILMN_095,cg074,-1.82247,17.065845,-0.10679049,0.9149552
ILMN_095,cg075,-4.155659,15.027419,-0.27653846,0.78213453
ILMN_095,cg076,-29.673452,17.108812,-1.7343959,0.08284789
ILMN_095,cg077,13.999497,14.697801,0.95248926,0.34084892
ILMN_095,cg078,10.899419,15.832933,0.68840176,0.4911998
ILMN_095,cg079,29.729185,13.774259,2.1583147,0.030903399
ILMN_095,cg080,-0.047477283,13.553899,-0.0035028507,0.99720514
ILMN_095,cg081,-18.469757,15.344789,-1.2036501,0.22872484
ILMN_095,cg082,-19.34644,14.081385,-1.3739017,0.16947222
ILMN_095,cg083,-2.3673913,14.913992,-0.15873626,0.8738767
ILMN_095,cg084,15.542455,15.677822,0.9913657,0.32150704
ILMN_095,cg085,5.5053225,15.719834,0.35021505,0.72617733
ILMN_095,cg086,-4.2757998,15.112752,-0.28292662,0.7772331
ILMN_095,cg087,-12.590185,14.246057,-0.88376635,0.37682235
ILMN_095,cg088,-3.1064234,14.147586,-0.21957268,0.82620394
ILMN_095,cg089,8.000527,15.590979,0.51315105,0.60784566
ILMN_095,cg090,34.79645,16.510633,2.1075177,0.035072744
ILMN_095,cg091,7.9782395,14.11812,0.56510633,0.57200146
ILMN_095,cg092,-5.857087,14.193256,-0.4126669,0.6798507
ILMN_095,cg093,0.9034546,15.017529,0.060160007,0.9520282
ILMN_095,cg094,-29.70586,15.621396,-1.9016137,0.05722165
ILMN_095,cg095,14.228781,15.458158,0.92047065,0.35732687
ILMN_095,cg096,-1.6274486,14.044842,-0.11587518,0.90775144
ILMN_095,cg097,-1.1071671,15.402719,-0.07188128,0.9426964
ILMN_095,cg098,14.342623,14.024085,1.0227137,0.3064432
ILMN_095,cg099,22.362644,13.9548,1.6025056,0.10904384
ILMN_095,cg100,-13.647556,16.37328,-0.83352613,0.4045481
ILMN_096,cg001,2.3792684,14.179697,0.16779402,0.86674535
ILMN_096,cg002,-19.779558,16.092512,-1.2291156,0.21902847
ILMN_096,cg003,-10.106632,15.578249,-0.6487656,0.51648986
ILMN_096,cg004,-14.939052,16.846008,-0.8868007,0.3751862
ILMN_096,cg005,32.284054,15.012476,2.1504817,0.031517148
ILMN_096,cg006,-10.3229265,15.314827,-0.6740479,0.50028086
ILMN_096,cg007,-10.127118,14.323407,-0.70703274,0.47954613
ILMN_096,cg008,11.45795,15.369512,0.7454986,0.45597035
ILMN_096,cg009,-21.446535,14.889363,-1.440393,0.14975625
ILMN_096,cg010,-11.450461,15.957025,-0.7175812,0.47301555
ILMN_096,cg011,15.669443,14.699502,1.0659846,0.2864306
ILMN_096,cg012,6.782211,16.337894,0.41512147,0.678053
ILMN_096,cg013,-4.356537,15.157713,-0.28741387,0.7737955
ILMN_096,cg014,3.5516727,13.904739,0.25542894,0.7983918
ILMN_096,cg015,-15.442171,15.248046,-1.0127312,0.31118858
ILMN_096,cg016,-8.844862,15.315034,-0.57752806,0.5635828
ILMN_096,cg017,27.19285,14.082837,1.9309213,0.053492785
ILMN_096,cg018,-19.6388,16.550797,-1.1865773,0.23539436
ILMN_096,cg019,-38.728638,12.49429,-3.099707,0.001937151
ILMN_096,cg020,0.19408306,16.222311,0.011963959,0.9904544
ILMN_096,cg021,-12.829222,15.775827,-0.8132202,0.41609186
ILMN_096,cg022,5.5120053,15.394432,0.35805187,0.7203045
ILMN_096,cg023,-2.9971523,14.398615,-0.2081556,0.83510745
ILMN_096,cg024,-4.7658453,14.525366,-0.328105,0.7428323
ILMN_096,cg025,22.152594,13.737064,1.6126149,0.10682821
ILMN_096,cg026,-9.707384,15.344963,-0.63261044,0.5269881
ILMN_096,cg027,-23.092691,13.8379755,-1.6687912,0.095158756
ILMN_096,cg028,-3.4634402,16.929186,-0.20458397,0.8378972
ILMN_096,cg029,-20.919907,17.56891,-1.1907344,0.23375785
ILMN_096,cg030,3.9283879,14.6944,0.2673391,0.78920805
ILMN_096,cg031,-5.3550186,15.69869,-0.34111243,0.733019
ILMN_096,cg032,15.445059,14.626031,1.055998,0.29096913
ILMN_096,cg033,5.259221,14.668268,0.3585441,0.71993613
ILMN_096,cg034,-8.719456,16.84235,-0.51771015,0.6046605
ILMN_096,cg035,8.700027,13.760137,0.6322632,0.5272149
ILMN_096,cg036,16.049036,14.861847,1.0798817,0.28019488
ILMN_096,cg037,-21.161016,14.389517,-1.4705856,0.14140326
ILMN_096,cg038,4.2185316,15.877017,0.26570052,0.7904699
ILMN_096,cg039,9.20434,15.802489,0.5824614,0.56025594
ILMN_096,cg040,-7.4532733,16.148487,-0.46154624,0.6444068
ILMN_096,cg041,-0.6904806,15.936111,-0.043328047,0.96544003
ILMN_096,cg042,11.927372,14.147962,0.84304523,0.39920318
ILMN_096,cg043,0.78500134,15.859132,0.04949838,0.9605221
ILMN_096,cg044,28.232487,14.625634,1.9303428,0.05356437
ILMN_096,cg045,3.48218,15.226078,0.22869843,0.8191033
ILMN_096,cg046,9.763953,13.140799,0.74302584,0.457466
ILMN_096,cg047,25.813665,15.4255705,1.6734334,0.09424204
ILMN_096,cg048,-6.6374264,14.433937,-0.45984864,0.6456249
ILMN_096,cg049,-4.4272456,15.196885,-0.29132587,0.77080214
ILMN_096,cg050,16.53431,14.066456,1.1754425,0.23981774
ILMN_096,cg051,23.504152,15.070329,1.559631,0.11884713
ILMN_096,cg052,0.7765147,14.585341,0.05323939,0.95754117
ILMN_096,cg053,-5.916367,15.673037,-0.37748697,0.70581174
ILMN_096,cg054,4.5610166,15.838676,0.28796703,0.773372
ILMN_096,cg055,-0.65930635,13.9165745,-0.04737562,0.9622139
ILMN_096,cg056,-13.2176695,16.264065,-0.8126916,0.4163949
ILMN_096,cg057,-9.477203,18.05116,-0.52501905,0.5995699
ILMN_096,cg058,-6.162594,14.09468,-0.43722835,0.66194576
ILMN_096,cg059,-21.696308,13.903378,-1.5605063,0.1186403
ILMN_096,cg060,-2.7758632,14.569584,-0.19052453,0.8488981
ILMN_096,cg061,-8.423389,14.200965,-0.59315616,0.5530766
ILMN_096,cg062,-9.955361,15.559326,-0.63983244,0.5222815
ILMN_096,cg063,11.976052,14.9764,0.7996616,0.42390686
ILMN_096,cg064,23.051569,14.618199,1.576909,0.11481649
ILMN_096,cg065,15.565147,15.52723,1.002442,0.31613016
ILMN_096,cg066,9.231656,15.664332,0.5893425,0.5556316
ILMN_096,cg067,-0.6479546,14.472182,-0.044772416,0.9642887
ILMN_096,cg068,-8.902052,14.155098,-0.6288937,0.5294187
ILMN_096,cg069,-14.947901,15.06238,-0.9923997,0.3210026
ILMN_096,cg070,-9.744676,14.717173,-0.6621296,0.5078882
ILMN_096,cg071,-24.604866,13.822269,-1.7800888,0.07506144
ILMN_096,cg072,3.4100273,15.690896,0.21732521,0.8279549
ILMN_096,cg073,22.295084,13.670188,1.6309274,0.10290563
ILMN_096,cg074,4.6503906,17.390701,0.26740673,0.789156
ILMN_096,cg075,6.6745224,15.304596,0.43611228,0.66275525
ILMN_096,cg076,44.90507,16.745907,2.681555,0.007328093
ILMN_096,cg077,1.1107622,15.133546,0.07339735,0.94148993
ILMN_096,cg078,3.5328948,16.219442,0.21781851,0.8275705
ILMN_096,cg079,0.7353247,14.739263,0.049888838,0.960211
ILMN_096,cg080,-12.486985,13.697747,-0.9116087,0.36197478
ILMN_096,cg081,4.6171184,15.876998,0.2908055,0.77120006
ILMN_096,cg082,29.083961,14.008814,2.0761187,0.037882984
ILMN_096,cg083,13.030977,15.090153,0.8635418,0.38783962
ILMN_096,cg084,-5.572132,16.135662,-0.34533024,0.7298461
ILMN_096,cg085,-11.966786,15.95361,-0.75009894,0.45319515
ILMN_096,cg086,-1.7937952,15.421621,-0.1163169,0.9074014
ILMN_096,cg087,-32.892353,13.823488,-2.379454,0.017338336
ILMN_096,cg088,-28.653648,13.801735,-2.0760903,0.037885606
ILMN_096,cg089,-30.25793,15.306679,-1.9767796,0.048066556
ILMN_096,cg090,3.7962835,17.621105,0.21543957,0.8294246
ILMN_096,cg091,-10.4044075,14.364461,-0.7243159,0.46887183
ILMN_096,cg092,11.908471,14.39294,0.8273828,0.40802014
ILMN_096,cg093,9.029945,15.256003,0.59189457,0.5539212
ILMN_096,cg094,24.987015,16.12798,1.549296,0.12131059
ILMN_096,cg095,-19.246254,15.6520405,-1.2296323,0.21883488
ILMN_096,cg096,2.5890634,14.318539,0.18081897,0.8565097
ILMN_096,cg097,8.695641,15.654633,0.55546755,0.5785749
ILMN_096,cg098,14.191715,14.309861,0.99174374,0.32132256
ILMN_096,cg099,1.2525482,14.620359,0.08567151,0.9317275
ILMN_096,cg100,-10.103028,16.755371,-0.6029725,0.546527
ILMN_097,cg001,-2.5657587,11.354722,-0.22596402,0.8212294
ILMN_097,cg002,-3.1455927,13.091396,-0.24027939,0.81011367
ILMN_097,cg003,9.891583,12.449569,0.79453224,0.42688566
ILMN_097,cg004,19.903051,13.287859,1.4978373,0.13417554
ILMN_097,cg005,-8.947786,12.545371,-0.71323407,0.4757009
ILMN_097,cg006,-10.705384,12.225714,-0.8756449,0.38122308
ILMN_097,cg007,10.517732,11.430106,0.92017794,0.3574798
ILMN_097,cg008,4.5473695,12.366539,0.36771563,0.7130853
ILMN_097,cg009,-4.05112,12.177311,-0.3326777,0.7393776
ILMN_097,cg010,26.468857,12.245637,2.1614928,0.030657291
ILMN_097,cg011,-21.51743,11.48842,-1.8729669,0.061072946
ILMN_097,cg012,-15.906889,12.899209,-1.2331678,0.2175132
ILMN_097,cg013,-1.2705747,12.150362,-0.10457093,0.9167163
ILMN_097,cg014,5.0519824,11.12029,0.45430312,0.64961064
ILMN_097,cg015,-9.173498,12.274371,-0.7473701,0.45484018
ILMN_097,cg016,2.3674357,12.306363,0.19237493,0.8474485
ILMN_097,cg017,16.9691,11.45822,1.4809544,0.13861871
ILMN_097,cg018,30.607061,12.678919,2.414012,0.015777946
ILMN_097,cg019,-11.80046,10.864786,-1.0861199,0.27742594
ILMN_097,cg020,0.7175666,12.993213,0.055226266,0.9559582
ILMN_097,cg021,8.397131,12.666144,0.66295874,0.507357
ILMN_097,cg022,16.806393,12.096489,1.3893613,0.16472292
ILMN_097,cg023,-6.410319,11.499547,-0.557441,0.57722616
ILMN_097,cg024,-16.021917,11.405962,-1.4046967,0.16011149
ILMN_097,cg025,19.728651,10.929281,1.8051188,0.07105607
ILMN_097,cg026,-1.3269631,12.342691,-0.10751002,0.91438437
ILMN_097,cg027,9.49339,11.32827,0.83802646,0.40201586
ILMN_097,cg028,5.6619806,13.540271,0.4181586,0.6758312
ILMN_097,cg029,-18.304344,14.030229,-1.3046362,0.19201672
ILMN_097,cg030,-3.7774127,11.765774,-0.32105094,0.7481718
ILMN_097,cg031,-32.675438,11.631869,-2.8091304,0.0049675703
ILMN_097,cg032,8.2355585,11.793851,0.69829255,0.4849943
ILMN_097,cg033,-5.0251203,11.741932,-0.42796367,0.66867757
ILMN_097,cg034,14.413439,13.361557,1.0787245,0.28071058
ILMN_097,cg035,19.021507,10.708095,1.7763672,0.07567245
ILMN_097,cg036,-4.3169365,12.037057,-0.3586372,0.7198665
ILMN_097,cg037,6.002994,11.760165,0.5104515,0.6097352
ILMN_097,cg038,-5.643124,12.699582,-0.4443551,0.65678585
ILMN_097,cg039,42.435898,11.056326,3.8381555,0.00012397766
ILMN_097,cg040,2.3239114,12.95988,0.17931582,0.85768974
ILMN_097,cg041,28.746677,12.040415,2.3875155,0.016962707
ILMN_097,cg042,5.0963097,11.3945875,0.44725704,0.6546895
ILMN_097,cg043,-9.124311,12.63163,-0.7223384,0.47008646
ILMN_097,cg044,-0.6306246,12.179613,-0.05177706,0.9587063
ILMN_097,cg045,-10.1062,12.111281,-0.8344452,0.4040302
ILMN_097,cg046,6.5340924,10.544473,0.6196699,0.53547513
ILMN_097,cg047,19.811018,12.3862295,1.5994389,0.10972315
ILMN_097,cg048,10.563607,11.482578,0.91996825,0.35758936
ILMN_097,cg049,-13.241506,12.026065,-1.1010672,0.2708674
ILMN_097,cg050,-7.4259286,11.382259,-0.65241253,0.5141351
ILMN_097,cg051,3.409907,12.375749,0.27553138,0.782908
ILMN_097,cg052,16.19313,11.436251,1.4159474,0.15679085
ILMN_097,cg053,22.07906,12.144354,1.8180515,0.06905627
ILMN_097,cg054,-19.80261,12.35753,-1.6024733,0.10905099
ILMN_097,cg055,-23.61271,10.589437,-2.2298365,0.025758326
ILMN_097,cg056,1.95354,13.117094,0.14893085,0.8816082
ILMN_097,cg057,13.219257,14.370162,0.91991013,0.35761976
ILMN_097,cg058,-28.435257,10.507325,-2.7062318,0.0068051815
ILMN_097,cg059,-17.95546,11.116294,-1.615238,0.10625923
ILMN_097,cg060,-1.1450349,11.673218,-0.09809077,0.9218602
ILMN_097,cg061,6.5976105,11.376485,0.579934,0.56195915
ILMN_097,cg062,-17.966055,12.23444,-1.468482,0.14197332
ILMN_097,cg063,12.630853,11.934343,1.0583618,0.2898906
ILMN_097,cg064,-3.001451,12.012935,-0.2498516,0.8027021
ILMN_097,cg065,27.554081,11.897484,2.3159587,0.020560503
ILMN_097,cg066,8.419028,12.532653,0.6717675,0.50173175
ILMN_097,cg067,-6.214398,11.555803,-0.5377729,0.5907339
ILMN_097,cg068,5.4183016,11.358421,0.47702947,0.6333412
ILMN_097,cg069,-19.335445,11.855055,-1.6309874,0.102892995
ILMN_097,cg070,5.1446776,11.819777,0.43526015,0.6633736
ILMN_097,cg071,-9.744955,11.355691,-0.8581561,0.39080632
ILMN_097,cg072,-4.4425054,12.557355,-0.35377717,0.7235059
ILMN_097,cg073,6.6844573,11.218359,0.5958498,0.5512756
ILMN_097,cg074,-0.64056134,13.939976,-0.045951396,0.963349
ILMN_097,cg075,-8.659019,12.21735,-0.70874774,0.47848105
ILMN_097,cg076,27.810436,13.828188,2.011141,0.04431057
ILMN_097,cg077,16.265575,11.882667,1.3688489,0.1710465
ILMN_097,cg078,-15.932196,12.783993,-1.2462614,0.21266848
ILMN_097,cg079,-0.92193115,11.80528,-0.07809482,0.9377526
ILMN_097,cg080,1.0144662,11.069169,0.09164791,0.92697775
ILMN_097,cg081,22.517748,12.288106,1.8324832,0.06687945
ILMN_097,cg082,-0.16912569,11.734574,-0.014412597,0.98850083
ILMN_097,cg083,-9.023529,12.111516,-0.74503714,0.4562493
ILMN_097,cg084,4.387729,12.924783,0.33948186,0.73424673
ILMN_097,cg085,1.7018912,12.853866,0.13240306,0.8946655
ILMN_097,cg086,-0.34385988,12.354004,-0.02783388,0.97779465
ILMN_097,cg087,8.894055,11.6603565,0.76276016,0.4456064
ILMN_097,cg088,-1.3506508,11.559411,-0.11684426,0.9069835
ILMN_097,cg089,-3.992826,12.756786,-0.31299624,0.75428355
ILMN_097,cg090,-15.046039,13.945793,-1.0788944,0.28063482
ILMN_097,cg091,-15.438626,11.34485,-1.3608489,0.17356145
ILMN_097,cg092,2.6528668,11.607223,0.22855312,0.81921625
ILMN_097,cg093,-1.4338981,12.264261,-0.11691679,0.906926
ILMN_097,cg094,-0.043603003,13.250819,-0.0032905892,0.9973745
ILMN_097,cg095,7.238963,12.696444,0.57015675,0.5685714
ILMN_097,cg096,14.327403,11.276672,1.2705346,0.20389426
ILMN_097,cg097,13.636968,12.419202,1.0980551,0.27218044
ILMN_097,cg098,0.42751822,11.583522,0.036907446,0.9705588
ILMN_097,cg099,4.171482,11.695277,0.3566809,0.7213307
ILMN_097,cg100,11.298454,13.370144,0.84505105,0.39808232
ILMN_098,cg001,39.242847,14.559207,2.6953974,0.007030487
ILMN_098,cg002,8.479437,18.020994,0.47053102,0.6379757
ILMN_098,cg003,-2.626979,17.280968,-0.15201575,0.87917453
ILMN_098,cg004,-4.634716,18.752987,-0.24714549,0.8047956
ILMN_098,cg005,18.533731,17.179436,1.0788324,0.28066248
ILMN_098,cg006,30.538939,16.391958,1.8630439,0.06245607
ILMN_098,cg007,7.9087005,15.863678,0.4985414,0.6181025
ILMN_098,cg008,6.6166887,17.050568,0.38806266,0.6979697
ILMN_098,cg009,-30.561388,16.197561,-1.8867894,0.059188664
ILMN_098,cg010,4.7714868,17.709541,0.26943028,0.7875986
ILMN_098,cg011,5.454717,16.415783,0.33228493,0.7396741
ILMN_098,cg012,-14.748981,17.948332,-0.82174665,0.4112211
ILMN_098,cg013,-0.17362016,16.757275,-0.010360884,0.9917334
ILMN_098,cg014,-2.6547449,15.364215,-0.17278753,0.8628184
ILMN_098,cg015,-16.071726,16.863083,-0.95307165,0.34055376
ILMN_098,cg016,1.6104065,16.975594,0.09486599,0.92442125
ILMN_098,cg017,13.414717,16.05174,0.83571726,0.403314
ILMN_098,cg018,-22.510246,18.25946,-1.232799,0.21765077
ILMN_098,cg019,-10.571904,15.093114,-0.70044553,0.48364913
ILMN_098,cg020,9.509704,17.86324,0.5323616,0.59447557
ILMN_098,cg021,-15.57192,17.398975,-0.8949907,0.3707921
ILMN_098,cg022,11.078259,16.948887,0.6536276,0.5133518
ILMN_098,cg023,-17.42454,15.702523,-1.1096649,0.26714343
ILMN_098,cg024,-15.837964,15.891928,-0.9966043,0.3189566
ILMN_098,cg025,-6.4751735,15.566855,-0.415959,0.67744
ILMN_098,cg026,4.9071217,17.007278,0.28853068,0.7729406
ILMN_098,cg027,-9.934013,15.672142,-0.6338644,0.5261693
ILMN_098,cg028,12.043601,18.622967,0.6467069,0.51782167
ILMN_098,cg029,-4.744317,19.689901,-0.24095179,0.8095925
ILMN_098,cg030,-26.159037,15.778565,-1.6578844,0.09734082
ILMN_098,cg031,2.6037388,17.357471,0.1500068,0.88075924
ILMN_098,cg032,23.401619,15.981421,1.4643015,0.14311165
ILMN_098,cg033,-26.821468,15.7349415,-1.7045801,0.08827275
ILMN_098,cg034,-7.584883,18.623583,-0.40727305,0.6838075
ILMN_098,cg035,17.910976,15.034316,1.1913396,0.23352027
ILMN_098,cg036,-18.56488,16.39532,-1.1323279,0.25749665
ILMN_098,cg037,20.979982,15.966192,1.3140254,0.18883765
ILMN_098,cg038,11.9560175,17.461464,0.6847088,0.4935277
ILMN_098,cg039,3.3333914,17.511799,0.19035117,0.84903395
ILMN_098,cg040,-12.728595,17.77909,-0.7159306,0.47403425
ILMN_098,cg041,11.203359,17.524721,0.63928884,0.52263504
ILMN_098,cg042,-38.818745,14.670254,-2.6460855,0.008142948
ILMN_098,cg043,-1.6742239,17.51574,-0.09558397,0.923851
ILMN_098,cg044,11.37757,16.712145,0.6807965,0.4960003
ILMN_098,cg045,-27.182638,16.343084,-1.6632502,0.096262395
ILMN_098,cg046,21.730295,14.245493,1.5254154,0.12715554
ILMN_098,cg047,2.2921932,17.545834,0.13064031,0.8960599
ILMN_098,cg048,-5.845897,15.956169,-0.36637223,0.71408737
ILMN_098,cg049,-31.413046,16.149996,-1.9450808,0.051765263
ILMN_098,cg050,-7.9148235,15.725301,-0.5033178,0.61474085
ILMN_098,cg051,-30.200378,16.489552,-1.8314857,0.067028046
ILMN_098,cg052,-32.02737,15.40296,-2.0792997,0.037589848
ILMN_098,cg053,14.106861,17.213045,0.8195448,0.41247565
ILMN_098,cg054,33.501602,16.799025,1.9942588,0.046123803
ILMN_098,cg055,22.540348,15.008198,1.5018691,0.13313091
ILMN_098,cg056,4.9402385,18.078114,0.2732718,0.7846443
ILMN_098,cg057,-2.217559,19.995167,-0.11090475,0.9116919
ILMN_098,cg058,-17.284996,15.390848,-1.1230698,0.2614079
ILMN_098,cg059,-38.551968,14.697152,-2.623091,0.008713603
ILMN_098,cg060,5.2473307,16.080404,0.32631832,0.74418354
ILMN_098,cg061,-1.3211713,15.744169,-0.08391496,0.93312407
ILMN_098,cg062,-14.041001,17.13758,-0.8193106,0.41260922
ILMN_098,cg063,10.63823,16.582565,0.64153105,0.5211777
ILMN_098,cg064,-10.022263,16.511034,-0.6070039,0.5438483
ILMN_098,cg065,11.682201,17.250954,0.6771916,0.4982844
ILMN_098,cg066,15.517375,17.215683,0.9013511,0.36740172
ILMN_098,cg067,23.996239,15.588968,1.539309,0.12372887
ILMN_098,cg068,25.568813,15.242631,1.6774541,0.093453765
ILMN_098,cg069,-7.255553,16.78006,-0.43239135,0.665457
ILMN_098,cg070,-10.737153,16.25605,-0.66050196,0.50893176
ILMN_098,cg071,-9.935176,15.716186,-0.63216203,0.52728105
ILMN_098,cg072,9.540355,17.282936,0.55201006,0.58094144
ILMN_098,cg073,7.444921,15.490816,0.48060223,0.63079923
ILMN_098,cg074,-4.759048,19.2108,-0.24772774,0.8043451
ILMN_098,cg075,-18.052183,16.729,-1.0790951,0.28054535
ILMN_098,cg076,-5.0317116,19.875866,-0.25315684,0.80014706
ILMN_098,cg077,-7.277873,16.682076,-0.43626904,0.6626415
ILMN_098,cg078,2.878461,17.919199,0.16063558,0.87238044
ILMN_098,cg079,-2.947203,16.274714,-0.18109092,0.85629624
ILMN_098,cg080,7.1639414,15.229148,0.47040987,0.63806224
ILMN_098,cg081,-12.30996,17.458767,-0.7050876,0.48075575
ILMN_098,cg082,-5.613445,16.16079,-0.34734967,0.72832865
ILMN_098,cg083,9.046709,16.749172,0.5401287,0.5891083
ILMN_098,cg084,-9.971709,17.78487,-0.560685,0.5750123
ILMN_098,cg085,-29.403635,17.190567,-1.7104517,0.0871824
ILMN_098,cg086,24.141539,16.660269,1.4490485,0.14732409
ILMN_098,cg087,-3.6009371,16.17224,-0.22266163,0.8237989
ILMN_098,cg088,3.9692354,15.932004,0.24913599,0.80325556
ILMN_098,cg089,1.3112117,17.609217,0.07446167,0.940643
ILMN_098,cg090,-11.70838,19.396324,-0.6036391,0.54608357
ILMN_098,cg091,6.1715384,15.930345,0.38740772,0.6984544
ILMN_098,cg092,7.4235044,15.977955,0.46460918,0.6422114
ILMN_098,cg093,-6.8266907,16.884907,-0.40430728,0.68598676
ILMN_098,cg094,-8.116105,18.233603,-0.445118,0.6562345
ILMN_098,cg095,17.4646,17.380386,1.0048453,0.3149714
ILMN_098,cg096,16.914253,15.623196,1.0826372,0.27896953
ILMN_098,cg097,13.159619,17.240189,0.7633106,0.44527817
ILMN_098,cg098,20.967035,15.671873,1.3378768,0.18093663
ILMN_098,cg099,-6.1881347,16.124233,-0.38377854,0.7011426
ILMN_098,cg100,-0.1913791,18.579916,-0.0103003215,0.99178165
ILMN_099,cg001,5.3233128,12.562813,0.42373574,0.67175853
ILMN_099,cg002,-17.398813,14.285042,-1.2179743,0.22323376
ILMN_099,cg003,-14.370708,13.725086,-1.0470396,0.29508132
ILMN_099,cg004,3.0539148,15.07014,0.20264675,0.83941114
ILMN_099,cg005,-6.55675,13.942661,-0.4702653,0.6381655
ILMN_099,cg006,-20.243298,13.327634,-1.5188966,0.12878853
ILMN_099,cg007,-11.962204,12.65758,-0.94506246,0.34462702
ILMN_099,cg008,17.485235,13.477116,1.2974019,0.19449294
ILMN_099,cg009,15.79312,13.305707,1.1869433,0.23525
ILMN_099,cg010,-0.3131346,14.239668,-0.021990303,0.9824557
ILMN_099,cg011,14.617065,13.027823,1.1219883,0.2618674
ILMN_099,cg012,-3.0372605,14.518928,-0.20919317,0.8342974
ILMN_099,cg013,15.155811,13.276708,1.1415339,0.25364786
ILMN_099,cg014,-11.461633,12.232015,-0.9370192,0.34874868
ILMN_099,cg015,-5.3655877,13.658667,-0.39283392,0.69444215
ILMN_099,cg016,16.476784,13.422088,1.2275872,0.21960193
ILMN_099,cg017,-10.5965,12.899846,-0.8214439,0.41139346
ILMN_099,cg018,11.729055,14.810096,0.7919635,0.42838198
ILMN_099,cg019,-11.361602,12.075236,-0.940901,0.34675562
ILMN_099,cg020,6.8985,14.360175,0.4803911,0.6309493
ILMN_099,cg021,-1.496834,14.098457,-0.10617006,0.9154474
ILMN_099,cg022,-19.708904,13.368279,-1.4743037,0.14039987
ILMN_099,cg023,0.15287533,12.783728,0.011958588,0.99045867
ILMN_099,cg024,-10.290189,12.815792,-0.80293036,0.422015
ILMN_099,cg025,-3.4578798,12.520127,-0.27618566,0.7824055
ILMN_099,cg026,14.486033,13.50885,1.0723366,0.28356892
ILMN_099,cg027,8.427937,12.585268,0.6696668,0.50307024
ILMN_099,cg028,13.545208,14.896991,0.909258,0.36321396
ILMN_099,cg029,20.501177,15.538316,1.3193951,0.18703711
ILMN_099,cg030,16.657812,12.817147,1.2996505,0.19372076
ILMN_099,cg031,12.333185,13.830029,0.8917686,0.372517
ILMN_099,cg032,12.442922,13.007184,0.9566192,0.33875954
ILMN_099,cg033,14.23732,12.86507,1.1066648,0.26843894
ILMN_099,cg034,-25.070211,14.526946,-1.725773,0.084388256
ILMN_099,cg035,12.402246,12.12698,1.0226986,0.30645037
ILMN_099,cg036,9.133953,13.286868,0.6874421,0.49180418
ILMN_099,cg037,-4.262377,13.05126,-0.32658738,0.74398
ILMN_099,cg038,-9.661287,14.028377,-0.688696,0.4910146
ILMN_099,cg039,5.3947945,14.052692,0.38389757,0.70105433
ILMN_099,cg040,14.283541,14.208533,1.0052791,0.31476253
ILMN_099,cg041,9.2175045,14.076984,0.65479255,0.5126013
ILMN_099,cg042,0.36972195,12.651799,0.029222876,0.97668684
ILMN_099,cg043,-16.670404,13.8579235,-1.2029511,0.22899526
ILMN_099,cg044,2.292829,13.490413,0.16995989,0.8650417
ILMN_099,cg045,-17.008999,13.285093,-1.280307,0.20043719
ILMN_099,cg046,-14.433089,11.5366535,-1.2510638,0.21091121
ILMN_099,cg047,-8.967379,14.037476,-0.638817,0.52294195
ILMN_099,cg048,0.36242253,12.838373,0.02822963,0.977479
ILMN_099,cg049,-0.9484136,13.497849,-0.07026406,0.9439835
ILMN_099,cg050,-21.673307,12.259413,-1.7678912,0.07707912
ILMN_099,cg051,-6.2446785,13.69195,-0.45608395,0.6483296
ILMN_099,cg052,12.879344,12.803783,1.0059015,0.31446296
ILMN_099,cg053,-4.854886,13.911811,-0.34897587,0.7271074
ILMN_099,cg054,-21.975012,13.69016,-1.6051683,0.10845679
ILMN_099,cg055,8.464556,12.287035,0.6889014,0.49088532
ILMN_099,cg056,1.8451619,14.533884,0.12695587,0.8989753
ILMN_099,cg057,-14.185788,15.930305,-0.8904907,0.3732025
ILMN_099,cg058,7.086513,12.490348,0.56735915,0.5704702
ILMN_099,cg059,-2.5879061,12.654866,-0.20449889,0.83796364
ILMN_099,cg060,8.445565,12.874474,0.65599304,0.5118286
ILMN_099,cg061,4.194199,12.635309,0.33194274,0.73993254
ILMN_099,cg062,0.5130708,13.868878,0.036994398,0.9704895
ILMN_099,cg063,11.854151,13.267906,0.8934455,0.37161863
ILMN_099,cg064,2.4768586,13.313607,0.18603964,0.85241365
ILMN_099,cg065,-15.669953,13.736039,-1.1407913,0.2539568
ILMN_099,cg066,-1.5175451,13.951551,-0.1087725,0.91338295
ILMN_099,cg067,7.1574802,12.799867,0.55918396,0.5760362
ILMN_099,cg068,-10.8870125,12.512974,-0.87005794,0.3842687
ILMN_099,cg069,8.640663,13.448901,0.64248097,0.520561
ILMN_099,cg070,23.42645,12.659781,1.8504624,0.06424695
ILMN_099,cg071,3.8148947,12.669232,0.30111492,0.7633269
ILMN_099,cg072,-15.963955,13.73141,-1.1625867,0.24499726
ILMN_099,cg073,15.109017,12.276638,1.2307129,0.21843028
ILMN_099,cg074,-6.732433,15.413051,-0.4368008,0.6622558
ILMN_099,cg075,-5.7660775,13.583193,-0.42450088,0.6712006
ILMN_099,cg076,-17.764343,15.764037,-1.1268904,0.2597888
ILMN_099,cg077,5.0824037,13.409794,0.37900683,0.7046828
ILMN_099,cg078,-1.9737097,14.398065,-0.1370816,0.8909663
ILMN_099,cg079,21.935966,12.674221,1.7307546,0.08349556
ILMN_099,cg080,5.0525146,12.242427,0.4127053,0.67982256
ILMN_099,cg081,9.216961,14.0370035,0.65661883,0.51142603
ILMN_099,cg082,-17.643606,12.738294,-1.3850839,0.16602683
ILMN_099,cg083,-18.402014,13.224055,-1.391556,0.1640569
ILMN_099,cg084,-12.184652,14.224787,-0.8565789,0.39167768
ILMN_099,cg085,16.444216,14.036132,1.1715633,0.24137247
ILMN_099,cg086,21.031044,13.3317175,1.5775195,0.11467606
ILMN_099,cg087,12.146464,12.876448,0.94330865,0.34552306
ILMN_099,cg088,27.754133,12.137761,2.2865942,0.022219539
ILMN_099,cg089,-1.0400587,14.147938,-0.0735131,0.94139785
ILMN_099,cg090,-11.61904,15.551269,-0.74714416,0.45497656
ILMN_099,cg091,4.7763557,12.800551,0.37313673,0.7090467
ILMN_099,cg092,-14.111991,12.69804,-1.1113518,0.26641697
ILMN_099,cg093,9.695009,13.514672,0.7173692,0.47314632
ILMN_099,cg094,-11.406144,14.584444,-0.78207606,0.4341699
ILMN_099,cg095,-3.1654065,14.108772,-0.22435732,0.82247925
ILMN_099,cg096,-2.182839,12.7071085,-0.17178093,0.8636098
ILMN_099,cg097,-11.484607,13.835633,-0.83007455,0.40649664
ILMN_099,cg098,4.8996572,12.813664,0.38237754,0.70218134
ILMN_099,cg099,11.110847,12.8717165,0.8631986,0.38802832
ILMN_099,cg100,27.844484,14.352191,1.940086,0.052369237
ILMN_100,cg001,-4.7906713,13.456976,-0.3559991,0.7218412
ILMN_100,cg002,-3.1042984,15.530929,-0.19987848,0.8415756
ILMN_100,cg003,4.290943,14.854158,0.2888715,0.77267975
ILMN_100,cg004,7.358612,16.104223,0.45693678,0.6477165
ILMN_100,cg005,-20.167799,14.663874,-1.3753392,0.16902632
ILMN_100,cg006,5.002873,14.602868,0.34259522,0.731903
ILMN_100,cg007,-21.380713,13.313523,-1.6059395,0.108287215
ILMN_100,cg008,2.9716878,14.683169,0.20238735,0.8396139
ILMN_100,cg009,6.7080956,14.42722,0.46496105,0.64195937
ILMN_100,cg010,-2.3136458,15.240721,-0.15180685,0.8793393
ILMN_100,cg011,11.782034,14.029515,0.83980334,0.40101868
ILMN_100,cg012,9.644167,15.485668,0.62278014,0.533429
ILMN_100,cg013,-3.38768,14.404809,-0.23517703,0.81407136
ILMN_100,cg014,21.189882,12.845025,1.6496568,0.09901315
ILMN_100,cg015,-24.081785,14.210081,-1.6946973,0.09013283
ILMN_100,cg016,-10.930156,14.51346,-0.75310475,0.451387
ILMN_100,cg017,15.671964,13.717762,1.1424577,0.25326383
ILMN_100,cg018,-29.777887,15.347197,-1.9402819,0.052345455
ILMN_100,cg019,-13.921799,12.888671,-1.0801579,0.28007185
ILMN_100,cg020,15.350394,15.244892,1.0069205,0.313973
ILMN_100,cg021,-12.03454,14.990481,-0.8028121,0.42208338
ILMN_100,cg022,-23.724594,14.221938,-1.6681689,0.0952822
ILMN_100,cg023,-7.173432,13.644873,-0.52572364,0.5990802
ILMN_100,cg024,9.323538,13.74736,0.67820567,0.49764127
ILMN_100,cg025,28.203644,12.753886,2.2113764,0.027009785
ILMN_100,cg026,-15.494315,14.462396,-1.0713519,0.28401124
ILMN_100,cg027,18.151583,13.271679,1.3676931,0.17140818
ILMN_100,cg028,2.6413705,16.086128,0.16420175,0.86957234
ILMN_100,cg029,9.067825,16.893755,0.53675604,0.59143615
ILMN_100,cg030,-13.825844,13.821696,-1.0003,0.31716532
ILMN_100,cg031,-20.313673,14.629913,-1.3885026,0.16498405
ILMN_100,cg032,11.763394,13.955471,0.84292346,0.39927125
ILMN_100,cg033,23.229298,13.528183,1.7171041,0.08596015
ILMN_100,cg034,1.211101,16.04658,0.0754741,0.9398375
ILMN_100,cg035,23.206816,12.675763,1.8308022,0.06713009
ILMN_100,cg036,-19.75038,13.997608,-1.4109825,0.1582498
ILMN_100,cg037,-14.469993,13.824727,-1.0466747,0.29524964
ILMN_100,cg038,30.552664,14.407669,2.1205833,0.033956885
ILMN_100,cg039,-26.053106,14.5705185,-1.78807,0.07376474
ILMN_100,cg040,-3.9002972,15.36655,-0.25381735,0.79963666
ILMN_100,cg041,20.435972,14.837513,1.3773179,0.168414
ILMN_100,cg042,12.841919,13.411674,0.957518,0.3383059
ILMN_100,cg043,1.4133414,15.065883,0.09381073,0.92525953
ILMN_100,cg044,1.8178437,14.444382,0.12585126,0.89984965
ILMN_100,cg045,-3.8415146,14.462628,-0.26561663,0.7905345
ILMN_100,cg046,2.6726506,12.552889,0.21291119,0.8313962
ILMN_100,cg047,4.0482545,15.082706,0.2684037,0.7883886
ILMN_100,cg048,6.0325866,13.715592,0.4398342,0.6600572
ILMN_100,cg049,12.429118,14.334403,0.8670831,0.3858965
ILMN_100,cg050,4.58649,13.546142,0.33858278,0.7349241
ILMN_100,cg051,22.913927,14.297454,1.6026579,0.10901022
ILMN_100,cg052,2.2525012,13.853209,0.1625978,0.8708351
ILMN_100,cg053,0.41015497,14.913046,0.0275031,0.97805846
ILMN_100,cg054,-22.7613,14.682389,-1.5502449,0.12108278
ILMN_100,cg055,-13.06269,13.080692,-0.9986237,0.317977
ILMN_100,cg056,-1.4121604,15.560768,-0.09075133,0.9276902
ILMN_100,cg057,-7.9057693,17.161217,-0.4606765,0.64503074
ILMN_100,cg058,-13.476088,13.270482,-1.0154934,0.30987066
ILMN_100,cg059,-3.5906963,13.543642,-0.26512045,0.7909167
ILMN_100,cg060,-10.630463,13.758259,-0.7726605,0.43972337
ILMN_100,cg061,15.729855,13.343021,1.1788825,0.23844498
ILMN_100,cg062,18.378117,14.598372,1.2589154,0.20806086
ILMN_100,cg063,7.6182632,14.282739,0.5333895,0.593764
ILMN_100,cg064,13.599701,14.116715,0.96337575,0.33535904
ILMN_100,cg065,-10.977756,14.823753,-0.7405517,0.4589653
ILMN_100,cg066,2.5012772,14.933378,0.16749574,0.86698
ILMN_100,cg067,-8.628846,13.690567,-0.63027674,0.52851355
ILMN_100,cg068,-2.7263036,13.499716,-0.20195267,0.8399537
ILMN_100,cg069,-18.718687,14.196562,-1.3185366,0.1873241
ILMN_100,cg070,24.77002,13.565457,1.8259628,0.067855835
ILMN_100,cg071,-6.466219,13.543053,-0.47745654,0.6330371
ILMN_100,cg072,1.1326421,14.913808,0.07594587,0.9394622
ILMN_100,cg073,6.7537165,13.320371,0.50702167,0.6121396
ILMN_100,cg074,7.497285,16.497831,0.45444062,0.6495117
ILMN_100,cg075,-8.615338,14.514637,-0.59356207,0.55280507
ILMN_100,cg076,39.51892,16.084904,2.456895,0.014014363
ILMN_100,cg077,-35.13106,13.413009,-2.6191783,0.008814216
ILMN_100,cg078,-13.071299,15.296244,-0.85454303,0.3928042
ILMN_100,cg079,16.419369,13.792522,1.1904544,0.23386788
ILMN_100,cg080,-9.690974,13.052554,-0.7424581,0.4578098
ILMN_100,cg081,-32.439972,14.32009,-2.2653468,0.023491383
ILMN_100,cg082,0.20479606,13.918578,0.014713864,0.98826045
ILMN_100,cg083,-9.774117,14.380061,-0.6796993,0.49669492
ILMN_100,cg084,-15.760043,15.172592,-1.0387179,0.29893595
ILMN_100,cg085,-5.4974785,15.227538,-0.36102214,0.7180829
ILMN_100,cg086,-1.7215171,14.651221,-0.1174999,0.9064639
ILMN_100,cg087,3.595825,13.907636,0.2585504,0.7959821
ILMN_100,cg088,-19.022911,13.422946,-1.4171934,0.15642643
ILMN_100,cg089,4.5083013,15.132553,0.29792073,0.76576364
ILMN_100,cg090,10.123212,16.682684,0.60680956,0.5439773
ILMN_100,cg091,17.273794,13.486131,1.2808563,0.20024419
ILMN_100,cg092,11.211405,13.675799,0.8197989,0.4123308
ILMN_100,cg093,6.425885,14.518129,0.4426111,0.6580471
ILMN_100,cg094,8.942296,15.661625,0.5709686,0.56802094
ILMN_100,cg095,8.264633,15.06338,0.5486573,0.5832406
ILMN_100,cg096,38.74775,12.350791,3.1372685,0.0017052889
ILMN_100,cg097,-10.312944,14.84476,-0.6947195,0.48723114
ILMN_100,cg098,-10.254945,13.656167,-0.7509387,0.4526896
ILMN_100,cg099,7.498398,13.847072,0.54151505,0.58815265
ILMN_100,cg100,-19.099352,15.7311125,-1.2141132,0.2247045
